date,EW_红利银行,EW_电力公用,EW_创新药医美,EW_能源红利,EW_生猪养殖,EW_科技回调精选,EW_白酒消费,EW_新能源电池,Barbell_DefenseTech,AmbushPool_DualMom5,HS300
2022-01-04,1.0,1.0,1.0,1.0,1.0,1.0,1.0,1.0,1.0,1.0,1.0
2022-01-05,1.0237475544535672,0.960600006296113,1.0012916230008353,0.9884844704003045,1.0128875827179906,0.983240927113527,0.9871900205407197,0.9498926147919874,1.0,1.0,0.9899049669921193
2022-01-06,1.0136962812558956,0.9549846468271881,0.9793117757948538,0.9854584671184162,1.0062606338052058,0.9762480285146308,0.966666711654728,0.9417701666081697,1.0,1.0,0.9797605212937177
2022-01-07,1.0346626109598585,0.9355647023388715,0.9724295871211434,1.0194180883946369,0.9917854990885272,0.9652159396971833,0.9473925882910541,0.9337097269841436,1.0,1.0,0.9806017570990073
2022-01-10,1.0397149615864953,0.9378057840682194,0.9898407672679324,1.039562468151121,1.0709122714798218,0.9937183452682347,0.9422769140790179,0.9217386026461427,1.0,1.0,0.9850094504312427
2022-01-11,1.0548801315549967,0.9384110968528984,0.9821973637451497,1.026391796060439,1.038194051221981,0.9808309102578328,0.9314261517370329,0.9122349251859156,1.0,1.0,0.9756005014473038
2022-01-12,1.0485447893840845,0.9341149669158368,0.996225694100674,1.039858552772242,1.0404484535421883,0.9693407372016986,0.935478033515526,0.9575806031663449,1.0,1.0,0.9853213807491816
2022-01-13,1.049681569131133,0.9245254004023178,0.9702117916112234,1.0735177926071087,1.0042226550971347,0.9420045281617527,0.9017992749363951,0.9487633082375245,1.0,1.0,0.9691229654121332
2022-01-14,1.0233121982991729,0.918257283915088,0.9650010091464828,1.0170757959143581,0.9919623432157546,0.9494717629392955,0.8975512083090993,0.9638532919408872,1.0,1.0,0.9611545081963044
2022-01-17,1.0194558805273337,0.921958553562259,0.9600046916579645,1.0182802508185922,0.9954712124391443,0.9920359952791393,0.9046772885967086,0.9869854101715372,1.0,1.0,0.96939890377031
2022-01-18,1.041303266972066,0.9394442381582664,0.9660797695806671,1.0747369180653297,0.9893251019629015,0.9997222471983086,0.9222215993357259,0.9728888668715803,1.0,1.0,0.9787671838731616
2022-01-19,1.0474999884712168,0.935893261540813,0.9229393286433191,1.0846197416452759,0.9770636675325183,0.9910565001366658,0.9128571712752199,0.9251476668730385,1.0,1.0,0.9720631221703352
2022-01-20,1.0750091487080156,0.9439848094316492,0.9147170498758823,1.0882941793049885,1.0183490836019415,0.9898870073932224,0.9307795935672737,0.918274800003834,1.0,1.0,0.9808335697212045
2022-01-21,1.0682452949492405,0.9323744195430677,0.8742607583378745,1.0789596607472849,0.9762535448019636,0.9809173042876816,0.9405276697259961,0.9266836510059535,1.0,1.0,0.9718467637229513
2022-01-24,1.0684522984942797,0.9311565359947755,0.8620427076854731,1.092587494352583,0.975201595169747,0.9790623057045785,0.9238752931841507,0.9524552628006899,1.0,1.0,0.9733563925889096
2022-01-25,1.04474217569512,0.8925512156109923,0.8542874269296428,1.0470073508214772,0.9378003143187957,0.9599536700801112,0.9024473789577977,0.9188428878207412,1.0,1.0,0.9513368369574388
2022-01-26,1.04687099572058,0.9037941381375091,0.8433632057781265,1.0543356214068391,0.966329612868927,0.9665711205513967,0.918202908828891,0.9471050978351646,1.0,1.0,0.9582220785255088
2022-01-27,1.039750661711734,0.8985561241326125,0.8356894374045755,1.0579317819844565,0.9457810693821757,0.9374654808505489,0.9129475609422033,0.8891639883036832,1.0,1.0,0.9394261417534183
2022-01-28,1.0250210164366804,0.882931880344052,0.8369612554149493,1.0106449121164984,0.9892275115436443,0.9328409036214366,0.877316568708656,0.8840890899353576,1.0,1.0,0.9280175038864197
2022-02-07,1.0641617161607348,0.9135015844667198,0.8384522842115378,1.0934669614414283,1.0008119274534502,0.9489697200029669,0.8633022742762686,0.8969744438423726,1.0250429858329362,1.0,0.942316275787883
2022-02-08,1.0890600440015368,0.9484525884410595,0.823672952329117,1.1540874373556913,1.0108063007381585,0.9301314076528473,0.8352337444767072,0.8498658913539029,1.0450477903145454,1.0,0.9371682054754544
2022-02-09,1.08507196085838,0.9674613201298817,0.8303928559826881,1.1378131795140065,1.070147654188761,0.9645304342658791,0.8695758948502419,0.8646488578217095,1.0454446435076725,1.0,0.945970578097977
2022-02-10,1.0967573205442949,0.9790305343085624,0.817012613558321,1.1760840307459988,1.1154893052854977,0.9657213309073354,0.8610530242028019,0.8217696232588776,1.0552653707573472,1.0,0.9434901830404663
2022-02-11,1.108769892484713,0.9692740928272631,0.7968866434587566,1.2135361371274753,1.0890169590435084,0.9278511624862839,0.873802446506445,0.7877270408630098,1.061039809349585,1.0,0.9356679304521462
2022-02-14,1.0777402229466428,0.9343535683881307,0.7981939099999057,1.197921030940755,1.0494800352413558,0.9280621599516488,0.8935431308461361,0.7926708859704319,1.0474442437481422,1.0,0.9255602900911285
2022-02-15,1.0610775949063949,0.9192384353213788,0.844226013847861,1.1597880863386418,1.0469165116362642,0.9443328533482357,0.9092540528768046,0.8313034028239028,1.036363957087722,1.0,0.9354052094803226
2022-02-16,1.0745873449445207,0.9196859341769961,0.8468374971844884,1.1659438938145241,1.0175180677485791,0.9532675634368579,0.9144876497554859,0.8313148007344485,1.0395640104087425,1.0,0.9390422275159546
2022-02-17,1.0771667530230908,0.9130390203434905,0.8449460860119301,1.170990092218641,1.0473374668125246,0.9503179124209576,0.9079515372962621,0.8554770442333441,1.0394775518446924,1.0,0.9413148045911097
2022-02-18,1.094415588724127,0.9159582810376586,0.8550585016667354,1.1997784993641936,1.0610774954411974,0.9680696287480757,0.9145679538957756,0.8377790117480352,1.0470648935145455,1.0,0.9458028189634922
2022-02-21,1.08736046919405,0.915303678802695,0.8579235040188249,1.212216255206935,1.0591653452383099,1.0000686804320214,0.9075222590067188,0.8309895919433687,1.0476243008789357,1.0,0.9423618249347007
2022-02-22,1.0830075420526908,0.9010266483777039,0.8535745735931113,1.2387013903779394,1.0513169619169151,0.9787552811377755,0.8796966339349386,0.8272120845138934,1.0480166681365277,1.0,0.9301284221592528
2022-02-23,1.071935550723091,0.8992476743870833,0.8636975563990553,1.2024244498581882,1.0206938558296672,0.9874104458890182,0.8905318325428335,0.8640747761984918,1.0407706761045608,1.0,0.9400707435186507
2022-02-24,1.0530567212739999,0.8853270993531618,0.8496722654236093,1.222717720191654,0.9938470609909112,0.9616362601445432,0.8565346006547543,0.8536515846374516,1.0379579600163684,1.0,0.9210116790859258
2022-02-25,1.0470515146796564,0.9242292753132005,0.8831850316861994,1.1663811472691414,0.9961556680675032,0.9566203086560063,0.8672860675656757,0.8765503427446877,1.0366022998338078,1.0,0.9299803874320952
2022-02-28,1.0457058732375244,0.9308234051734959,0.8816584052905594,1.1883550518168131,1.0018128750215798,0.9627187326553037,0.8689218446217083,0.8883479006824971,1.0408677364727927,1.0,0.9316520817891861
2022-03-01,1.0544531788929419,0.9339413429926127,0.8869749673023251,1.2154113898937322,1.0797877622025172,0.9755977132045073,0.8912845521785325,0.8884073716207123,1.0468496941668133,1.0,0.9393873029719795
2022-03-02,1.0498008978905717,0.9340885624298686,0.8738142332640311,1.2348564213609998,1.072052368694032,0.9663865116733128,0.8803044220198856,0.8727648745354413,1.0488987846128095,1.0,0.9310328980746329
2022-03-03,1.0564701644316474,0.9565928017477988,0.8677694260625081,1.2631708291006554,1.0476925230274408,0.9431561315254235,0.8435965804752348,0.8516693568443935,1.058229506559017,1.0,0.925548089426802
2022-03-04,1.0420346210299172,0.9596029750015095,0.8649989532001299,1.261327571687228,1.058812179340911,0.937464749436214,0.8271562749343003,0.8268557001131126,1.056117209293295,1.0,0.9143238849355343
2022-03-07,1.0156065133669137,0.9459933678488286,0.8289852702344874,1.2642150648151147,1.0494862704955403,0.8961999497081704,0.7807075131304352,0.7955961450106427,1.049559546086633,1.0,0.885113054405812
2022-03-08,0.990649975341416,0.9111810535597061,0.8022033312128215,1.2108796383181417,1.019540835996606,0.886943892552268,0.7941351025607772,0.7846439246085313,1.0314439115208567,1.0,0.8673433968479579
2022-03-09,0.9701428895593455,0.9222698749788181,0.7854618382563737,1.2200768653611354,1.0164369545872807,0.8914254347999648,0.7981161071761963,0.7900041011976595,1.0312831057264567,1.0,0.8594038145377011
2022-03-10,0.9750725181541555,0.9369869821636183,0.8254718139293229,1.2004955548321292,1.0014508840972716,0.8881786727549054,0.8427343364536517,0.8280430085228809,1.0321407179890265,1.0,0.8729243873995602
2022-03-11,0.9847381145192087,0.9253578039782312,0.8492599601031803,1.2048498373623584,1.038023531773664,0.8772121678267725,0.8259189640800447,0.8290933605149725,1.0323348494516909,1.0,0.8757071555879546
2022-03-14,0.9589466521890697,0.8991676145520504,0.8344157670785355,1.1687920769943805,0.9758457534107908,0.8452254498540189,0.7820892713807245,0.780143014666695,1.0178097016970933,1.0,0.8489136833500579
2022-03-15,0.910189267127176,0.8292359532347658,0.8152899986956078,1.0571911857876897,0.92501159005697,0.8005211934019357,0.7404803756152535,0.7749045467738852,0.9797940913205471,1.0,0.8100858825096355
2022-03-16,0.9482324160503891,0.8751164165728521,0.8463949803657566,1.100957345024242,0.9502873402142137,0.8101997337311992,0.7775023802858675,0.8350501237015493,1.0024149391377897,1.0,0.845115819889726
2022-03-17,0.9564937650367779,0.8653829588218002,0.8829618709279332,1.1016449879900756,0.9869875341684076,0.8287130285188328,0.8072159407526368,0.8493596798302451,1.0021166340965568,1.0,0.8617117735394021
2022-03-18,0.9870588053944632,0.8775322157593183,0.8707124267550737,1.1440470239739242,1.0233902611514782,0.8259789065325512,0.800628001655635,0.8556301223060279,1.0162271393472113,1.0,0.8674473058391358
2022-03-21,0.9654272838531178,0.8717647318589233,0.8761961597865856,1.1699933561229099,1.0390473021988342,0.8402132788621223,0.7988818786733414,0.8648765669720134,1.0152434159967314,1.0,0.8659921732738343
2022-03-22,0.9879073941726347,0.8781752788794561,0.8533005073105486,1.211244659118961,1.076789122107982,0.8354710790903067,0.7893841143000393,0.8496227197651651,1.0263935626502059,1.0,0.8652904317306739
2022-03-23,0.9727819350509189,0.8749522952051898,0.8720773079881077,1.1955781262212872,1.0703539344751638,0.8643099543520903,0.8026515289204892,0.8530724548305718,1.0209340146775026,1.0,0.8696058067028412
2022-03-24,0.975375200947031,0.8589556095839999,0.8978410959876211,1.2164809035084545,1.0768185484894612,0.8470318638209448,0.7801977981188123,0.8445335443535424,1.0212515773697433,1.0,0.8644792908973888
2022-03-25,0.9766814168049212,0.8449869847925853,0.8568608983324002,1.2192458348068882,1.0828914693435026,0.8267555166181476,0.7550213913700041,0.8130536963530225,1.0190983961528455,1.0,0.8488762679794576
2022-03-28,0.9861026345503193,0.8564494566409212,0.8478293595295412,1.292973920475311,1.0811202908251467,0.8274143776333037,0.7201415812495818,0.7916357719300043,1.033311702820724,1.0,0.8435673522423291
2022-03-29,0.9854634689926954,0.8631730947339877,0.8481460278960111,1.33999743666497,1.1231338430105973,0.8127245215940238,0.7158599705466396,0.7966161736902948,1.0408154259525435,1.0,0.8406550536676718
2022-03-30,1.0025632354279175,0.8697019736537209,0.8756464569707881,1.296272110503691,1.1293424983115998,0.8278334579422927,0.7548757498404128,0.8404056027197008,1.0394770957682258,1.0,0.8650472318217722
2022-03-31,1.0203608135937816,0.874336350200332,0.8707003044013819,1.3215472115112115,1.108253461030357,0.8186527429288291,0.7486077346803379,0.8155390634229474,1.046853756977063,1.0,0.8586414763617207
2022-04-01,1.0353307253047248,0.8797124070758338,0.8593979082494508,1.3192615622848807,1.1224003803295386,0.8144378599892346,0.7718032535861867,0.8226926077295637,1.050184566050235,1.0,0.8695328060612897
2022-04-06,1.051666530103799,0.896173787528392,0.8512930594214879,1.3143655431270025,1.1151533026692344,0.7963377908354294,0.7598917387942402,0.8117303306685596,1.055571906525656,1.0,0.8670282130195319
2022-04-07,1.0394866586625404,0.8944756999717672,0.8410329328244024,1.3253171837920033,1.0679512014596428,0.7801995370134004,0.7604568077081171,0.789759787495309,1.0546669205272192,1.0,0.8558969369215484
2022-04-08,1.048173878425245,0.9031271192627587,0.8289386969443826,1.3597369900403742,1.0465242406683415,0.7852212582500425,0.7616090733127445,0.7956571694549471,1.062401192512005,1.0,0.8603028001541346
2022-04-11,1.0295669625983175,0.8899375442465436,0.8293714884797029,1.3638158595835574,1.067749635728755,0.7515124219794289,0.719384145497584,0.7458937297813,1.057203158125184,1.0,0.8337262963968384
2022-04-12,1.03262313477671,0.895411304294444,0.8519559270515644,1.3597061944235729,1.0822076993799674,0.7541952160930981,0.775648247260963,0.76092948870526,1.0582789982702425,1.0,0.8499741244244079
2022-04-13,1.0320119763787252,0.8877512206950305,0.8388821932423188,1.3919740578684618,1.041973033612612,0.7344645431207768,0.7745656120689307,0.7537581977925726,1.0608514673403273,1.0,0.8417923589272767
2022-04-14,1.03063238322441,0.8818162373000507,0.8242366261727765,1.424312110560015,1.0477015824760367,0.7478406865735949,0.8250844494778594,0.7421821874524651,1.063540651598448,1.0,0.8523319028054409
2022-04-15,1.044701613348001,0.8901827441965513,0.8332726556859338,1.3776952243484122,1.0431750964205577,0.754612897950823,0.8156173743794023,0.7224860965987177,1.0618406658683859,1.0,0.8517582682377054
2022-04-18,1.0085490779304669,0.9008911236265578,0.819587489338552,1.3330475371842088,1.097979190399178,0.7845448924698218,0.8059956091446222,0.7384144664555238,1.0521100087874524,1.0,0.8472108772989353
2022-04-19,1.0044520508718509,0.9139862945002174,0.7953983707702178,1.3784160070780611,1.090975008139763,0.7748436811416806,0.7968431193880112,0.7365115942652393,1.0599144112055512,1.0,0.8408091887269925
2022-04-20,0.9956230975647634,0.9029714336413244,0.782069159035731,1.3174680391492697,1.0672635099071195,0.7765908943815013,0.8012990212659006,0.6704680361548697,1.0484218974721016,1.0,0.8277721688612608
2022-04-21,0.9973549543861855,0.8778911835593809,0.7548809043315023,1.2838538840404499,1.0157053539235645,0.7601368498145835,0.7888799923664758,0.6387022794068121,1.03941420935152,1.0,0.812529675574168
2022-04-22,1.0150213580448852,0.9108871823075934,0.7636185565051455,1.3549648949348851,0.9979411182943758,0.7311796939029003,0.7935164378023637,0.6382974841629062,1.0585892341218774,1.0,0.8160719351168667
2022-04-25,0.9607089439302875,0.8709285149942539,0.7128746223836503,1.2613750849180787,0.9498619377519373,0.6959626435071135,0.7546797090799894,0.5898961733770922,1.0292225119431033,1.0,0.7757412157758653
2022-04-26,0.9659798663180148,0.8621852225573005,0.7244367022630827,1.2112268325439752,0.9126859976713694,0.7011418098101998,0.7751966336852898,0.5771361330365458,1.0216218122927845,1.0,0.769479631499268
2022-04-27,0.953883702400292,0.8824792492318819,0.7456802633796487,1.292761066052494,0.9715025285973153,0.7359785854709847,0.797619931372687,0.6212306895688031,1.0349592790008733,1.0,0.7921354517753487
2022-04-28,0.9825384668036531,0.9087857711972586,0.7479064842630332,1.4022551116541377,0.9423940564081694,0.72102245445629,0.8254597087775761,0.6153176495866938,1.0598927787969017,1.0,0.797335171566758
2022-04-29,0.9792828338556044,0.911844348901134,0.7546074012741922,1.4578992200327585,0.9116948113147673,0.7508250537327518,0.8156987615316247,0.646461603034536,1.0669117325218043,1.0,0.8166801382335264
2022-05-05,0.9729419441738604,0.9268614551871748,0.756517576029663,1.429965643691997,0.9124878454181625,0.7698441784166248,0.8110907200327437,0.6371065616257943,1.0652818018891896,0.9975476102236994,0.8154537681243406
2022-05-06,0.9503984766377245,0.9096606783779405,0.7344160955063039,1.3885274077822078,0.8994441999852568,0.7532738550891821,0.7769398047230154,0.6249926469449872,1.0527279910078258,0.9803487994872909,0.7948356621351361
2022-05-09,0.9386387222843702,0.9086204636168963,0.7354847234825105,1.3951426181044992,0.923937205953775,0.7623372777679516,0.7551449685820749,0.619598928415506,1.0511922666965998,0.9665795712781781,0.7884549180369533
2022-05-10,0.9483345377680166,0.9367362466137775,0.7411143192272887,1.3165883725995033,0.9243861404195001,0.7768891255860952,0.766488614959497,0.6501619348343101,1.0485585920523743,0.9568616255938982,0.7970832278484224
2022-05-11,0.9393226509125017,0.9253567663452634,0.7638324850701117,1.349720585301208,0.9097360583949828,0.7855249370711509,0.7788942475943401,0.6958269624828477,1.049172756769019,0.9692796053955711,0.8085833706978673
2022-05-12,0.9310712797989452,0.9270655252610772,0.7653897412001507,1.31414445890395,0.9006463502362023,0.7834229684610095,0.7850346761819836,0.6962029181571118,1.0433505594455876,0.9573839444286925,0.8049876315765389
2022-05-13,0.9468672077085455,0.952945210644878,0.7565713096047377,1.381334467765375,0.8830385470947195,0.7951756454835497,0.7840946416677802,0.7120121443666186,1.0600457954242186,1.0058559146214074,0.811059495522864
2022-05-16,0.9350523958543353,0.9431848987069724,0.7394754384901213,1.4114739415938982,0.9135290529568925,0.7888379958257394,0.7732774107102093,0.7116937130598169,1.0598866203911164,1.0204185980538183,0.8045398671957683
2022-05-17,0.9483464215117863,0.9321575871138869,0.7363277339823986,1.4297010008820832,0.9007345444069207,0.7975620499146885,0.7794948155915008,0.7437366082415396,1.0626139447644631,1.0187607518095578,0.8145759303260725
2022-05-18,0.9408509776108148,0.9466082786237009,0.729107615318489,1.419707077300795,0.8986164820690938,0.7915912381070332,0.7720003796303807,0.7488648171134534,1.0627217106525517,1.0228771602013957,0.8117319554716417
2022-05-19,0.9341027078664004,0.9470481556116933,0.7262113448352477,1.4018416750909655,0.8780373999564811,0.7879673328399964,0.7626906891472442,0.7676766810907804,1.0593047601913153,1.022059087823031,0.8132958772938516
2022-05-20,0.9573823149406306,0.9587871131343416,0.7489942233100433,1.4514867191197245,0.8855504033111243,0.7880534108620582,0.8036988877144239,0.7821519465868204,1.0721455401185802,1.0526969813017377,0.8291571476066868
2022-05-23,0.949880807263647,0.9512790494284908,0.748415272172884,1.4744045509580017,0.9093072324932874,0.7910965323972926,0.7869483045921959,0.7746711287867938,1.0721675160822457,1.0558799224966482,0.8243545594390944
2022-05-24,0.9464314503663519,0.9365170762609643,0.7121357321590619,1.4608903353185514,0.8835261440666248,0.7604429124381139,0.7731026618307898,0.7353706022544264,1.0671077316914332,1.0571365283883887,0.8050718161603896
2022-05-25,0.9457361630811576,0.9651110804269578,0.7114948242875632,1.5189118778077064,0.9159043916573543,0.7665477170446086,0.7659915291442998,0.7400297864853539,1.0794709225267565,1.085352351918154,0.8099569621565891
2022-05-26,0.944528536564139,0.9784370285886007,0.6960876354907345,1.5540984269589613,0.9118499438197086,0.7886653992811681,0.7610607076437914,0.7370142125823798,1.0858931260155802,1.1017663507740383,0.8119633614050282
2022-05-27,0.9558788345712188,0.9756037798277883,0.7112329017418891,1.64428264526435,0.9023193422038099,0.7760373253791645,0.7691339929278082,0.7370018916640981,1.098046284652666,1.1268253317912886,0.8136417661274986
2022-05-30,0.9460386588567833,0.9804861465961975,0.7198374044462286,1.6498801563156036,0.8971783294533434,0.7994284453368162,0.8016502160700257,0.7516562165945161,1.0977011884398238,1.1086245989686152,0.819278269701785
2022-05-31,0.9550866595994261,0.99361712255316,0.7410395308548106,1.6681196852651556,0.9196548109440403,0.8134986386499706,0.8313761673358865,0.7665442164645508,1.1039235929655316,1.1234357893631177,0.8319872950415481
2022-06-01,0.9502950152819535,0.9806274507874743,0.7409804239210681,1.6462744775769858,0.8994768649880689,0.8157234172873556,0.8267805489666541,0.795180792786167,1.0981858034826388,1.1183001578685046,0.8302911993558046
2022-06-02,0.9408258515595158,0.9701676891960925,0.7268254418186304,1.5916611197648445,0.887289633002142,0.8245762028922484,0.8199687703372373,0.8129593008799177,1.0883378678434428,1.1055931541210458,0.8315907734509475
2022-06-06,0.93420868745238,0.979003223372412,0.7551200665225538,1.640872657290582,0.8819941840225592,0.8366257106947858,0.8349962203465627,0.8686139493965142,1.0943223145253191,1.1423887176095688,0.8471500773217099
2022-06-07,0.9421617262116115,0.9698045885468418,0.7686089693529318,1.6473030507939714,0.9030713142593076,0.839562268886233,0.8507949661906472,0.867877096974542,1.0948760591640836,1.1359207313295,0.8498025017462197
2022-06-08,0.9460913046173998,0.9967270544551313,0.7858642032152028,1.7237283733119013,0.9158475887161073,0.8333159446823192,0.8676400958674039,0.889559966656274,1.1091688873381835,1.179661457502025,0.8580751621925811
2022-06-09,0.9633707397128196,0.9914873677926889,0.7647226582405471,1.7617506668426566,0.9402708325836479,0.8208900343037415,0.8540356394588476,0.8549580646756535,1.1156511111321348,1.1886755850600015,0.8491001501698432
2022-06-10,0.967427053320945,1.0050869192645642,0.7791018636993322,1.7986063907094811,0.9295011367112239,0.8458652691005668,0.8693121311048091,0.9006151207554909,1.1228743569262298,1.2174731518172863,0.8619757145776584
2022-06-13,0.9437361248561422,0.9737964891290145,0.7555422879095641,1.7614050167567468,0.9633043614983973,0.8382741745421846,0.8418004540711848,0.8939366399158323,1.1085943704165728,1.1996244896463073,0.8518814949473996
2022-06-14,0.9605829447760776,0.996344498676971,0.7600147511214158,1.8412162467605184,1.003737701644053,0.8305492745517863,0.848907849526971,0.8877072531071984,1.124542804939086,1.2199267537153626,0.8585833198617662
2022-06-15,0.981629271472562,0.9901161580709407,0.7827099929604897,1.7790407565388666,0.9982841501991175,0.8325438007950368,0.8641691264815652,0.8845040198690515,1.121148570140006,1.1945639681839237,0.8699516955364884
2022-06-16,0.9664233234247479,0.9781063512928777,0.7925342774761255,1.6899167935035124,1.0431742084900466,0.8327600451969581,0.8622324521018042,0.8867079241891767,1.106626546807862,1.1620410039593159,0.864226127112621
2022-06-17,0.9711581995214257,0.9901988008661153,0.8206001011062817,1.6889362432648967,1.0328844032912792,0.8387210892627696,0.8862810788986564,0.9135477038511931,1.1097033870372295,1.1734987748839583,0.8762199901784651
2022-06-20,0.9608838057454597,0.988610009520041,0.8415229472274741,1.5489826754603728,1.050995839541142,0.826714723190487,0.9020576048682114,0.9368937079568241,1.0921240273841957,1.1372208456617474,0.8805693236663402
2022-06-21,0.9746874749789811,1.0065261056888524,0.8365316605628755,1.5646453422534046,1.0520066141180415,0.8232414270014246,0.8991300761681515,0.9202196682742122,1.0998780517423055,1.1559445721071155,0.8795796464450821
2022-06-22,0.9624562113227042,0.9918199493786063,0.8185678203961482,1.5182729008080356,1.0803751947511162,0.794355248474523,0.8866854676040413,0.936361269201405,1.0894663527100776,1.1387884329030162,0.8684072947772004
2022-06-23,0.974201489116472,0.9840395543720636,0.8180551167611271,1.5660777692971535,1.077458619159343,0.8201423541385,0.9001108097110186,0.9722574782761932,1.095975047133044,1.1584067734402832,0.88330328919743
2022-06-24,0.9696660125585206,0.9815696839748288,0.8469807891605464,1.5514473069660708,1.0671491773168469,0.8140254772685921,0.9194614475744464,0.9927927043367167,1.0929597241789517,1.1511545715703246,0.8936522993677004
2022-06-27,0.9772990944297202,0.9783378194607293,0.879462078740054,1.6172760704552378,1.107209140604085,0.8119746955731009,0.9543908477167986,0.9806408829488122,1.1015230400106604,1.1766865923905885,0.9037162206815493
2022-06-28,0.9823868730652217,0.9936291272123239,0.8828084293019253,1.6585315553391258,1.0834006729393808,0.8247854101618892,0.9651014876658082,0.9827733036700689,1.1100314031006795,1.1933325245992192,0.9131215094661902
2022-06-29,0.9870232125885735,0.9978682670260545,0.8802708156964246,1.6428623184333295,1.010725886979764,0.8095901968981732,0.9554182144890366,0.9323585392272657,1.1099459542247354,1.1940219653360788,0.899058210386222
2022-06-30,0.9962344212428967,0.9957850921363602,0.9001809728018393,1.6351793487623887,1.0148230312551778,0.8128976853845216,0.9931883546972965,0.9508309915905307,1.1104210317073566,1.1935626556261865,0.9120018951698586
2022-07-01,0.9895603624256214,1.0234279351404227,0.9079122363052885,1.6327878791198973,1.040611106260892,0.8056472731375458,0.9810724899462417,0.9318712073197516,1.11404804629549,1.1944792086192981,0.9082821159612139
2022-07-04,0.9846926335999143,1.047715315479284,0.9586174516840599,1.6530386179378682,1.1530013739687017,0.7900354412869769,0.9709106840286541,0.9319198744132827,1.119843857803772,1.210531327830873,0.9142425471733601
2022-07-05,0.9881636363717778,1.0533731770855788,0.9647382918763037,1.7033528672415619,1.1737923361710783,0.7742916501611868,0.9690472725639143,0.9115619901327647,1.1271905153686048,1.230152308036131,0.9129224352932682
2022-07-06,0.9719744163197869,1.0446314664216672,0.9323512719834247,1.5834750313356656,1.1361344568090295,0.7742631436771007,0.9433417749288161,0.9298295669949749,1.1093321569680157,1.1850202389603128,0.899589549317627
2022-07-07,0.967297623253396,1.0542532240154663,0.9127202180268713,1.5965684664043056,1.1775309004344774,0.767697208391243,0.9383981894637274,1.020953347577238,1.1116742950526692,1.199676173514009,0.9035555786012548
2022-07-08,0.9708037153952929,1.0693054998605191,0.9149585687719969,1.590987890651382,1.188160196724577,0.7672808251181663,0.9486722545848493,0.9901908801112955,1.114343598469731,1.2007430464058682,0.9005678392521805
2022-07-11,0.9685399389482988,1.0837535862037122,0.9108278149945401,1.5537414718244351,1.212044876714835,0.7547745147445643,0.9256379170041283,0.9741223121105388,1.1120719944135564,1.177064924691436,0.8854870047674096
2022-07-12,0.9709653576985382,1.0880721336221288,0.8819670348731657,1.5819217850184244,1.1869607433738611,0.7418342288705534,0.9224686038849296,0.9524145457332323,1.1166363222358056,1.175518566868563,0.8771500874889305
2022-07-13,0.942730231148305,1.1013778426327343,0.8856650454176221,1.5602207853575059,1.194590023461911,0.7362784429405229,0.9302166102727832,0.9842305337765015,1.1109472722039315,1.1760796543600118,0.8787451210051721
2022-07-14,0.9145140777720094,1.055085975499503,0.9054272633948252,1.5648509028345465,1.1838959312135529,0.7496727172613658,0.9213276546364956,1.044175968737522,1.0981725790740493,1.1675932766307935,0.878869567781299
2022-07-15,0.9049402647136798,1.0383565201399907,0.8771692567326334,1.5285336955324396,1.1531405836043362,0.7473137046944198,0.9247624764216735,1.0366581926684197,1.0891066429819414,1.1663699436742365,0.8639141967946822
2022-07-18,0.9223894656763758,1.0683739643109735,0.8720048964379628,1.6130149189667768,1.1518314718889835,0.780047622449793,0.9167097303778782,1.0610536530962036,1.1078865122829482,1.1916160939056006,0.8728733479537961
2022-07-19,0.927999218738446,1.0489425855058334,0.8607442674466783,1.6020164432167192,1.1445624543469926,0.8013119511010008,0.916051427121632,1.0179454773961565,1.1043921223914936,1.1800800006706498,0.8681464039050261
2022-07-20,0.932215459839993,1.0447411509822413,0.8675152216678823,1.6059771196968653,1.117998842107946,0.8104186577220804,0.9228994179900826,1.0123674797019215,1.1049462095755982,1.180720923523489,0.8710873740408498
2022-07-21,0.9167934508788634,1.0153720045147652,0.8707714939394041,1.5395275369285923,1.1135297786495864,0.8053552305604528,0.9160190094924007,0.9895817592713163,1.0891028970238161,1.1400709642467497,0.8613786954032979
2022-07-22,0.9247612046859601,1.0140879470576731,0.8700232040959904,1.531266792011418,1.0963140479285425,0.8012953300928253,0.91498047404421,0.9950556780592842,1.0894769147467471,1.1422612879201148,0.8618211728295273
2022-07-25,0.9301827130379573,1.0036018366033672,0.8703822787077952,1.5351529198160745,1.081490143897183,0.7884625835633676,0.9207827908186377,0.97717442409772,1.0891246542087465,1.1451120217606994,0.8566175894944147
2022-07-26,0.9373605092312279,1.0009843951517192,0.8623012639113966,1.5721623234610123,1.0866977661087844,0.7837516408526572,0.9322898260972978,0.9754525802495952,1.094428047909571,1.1585092805119077,0.8633954652164144
2022-07-27,0.9295718858351331,1.0008218737203438,0.8430039174807472,1.5543482869710579,1.0899342191244505,0.7852599025542095,0.9101749460407937,0.9975847472983291,1.0908160017515356,1.1500526596208516,0.8591374333665802
2022-07-28,0.9294266049814227,0.9923468125104827,0.829731449063033,1.572054066318546,1.0811308527852392,0.8037225888539088,0.9025715068133469,1.0016261557990893,1.0913190020941028,1.1430486165372205,0.8592669637528431
2022-07-29,0.9201293669313944,0.989910420275317,0.8090581820166094,1.5379873060498315,1.1270820136518007,0.7880439375750631,0.873079156838856,0.9873765128988823,1.0851114701769948,1.122117560198523,0.8479669117983475
2022-08-01,0.9109092953235506,0.9838846387895577,0.8089279311485048,1.5658092231393257,1.1211675206053007,0.8052534897635579,0.8721093866283893,1.0368063300342805,1.0920907595124807,1.146699845220338,0.8517442374737305
2022-08-02,0.8975312480933335,0.95729899429594,0.8016405819696366,1.5244879910543732,1.0982481662289658,0.7908704265286616,0.8570768099028123,1.026349689626084,1.0738441006704966,1.1294799950100491,0.8351403533922424
2022-08-03,0.8839080083740907,0.9424523794492687,0.8078972458310467,1.5103154089293627,1.0631986809121068,0.7886524996549549,0.8583618875127138,0.9782283039069137,1.065784544967267,1.1034334512904322,0.8269966132989275
2022-08-04,0.9010132003797142,0.9665186413564917,0.834041801788911,1.4962858198535907,1.0780021894641656,0.7945986019468942,0.8767886903858251,0.9805375060262452,1.0745185810011169,1.1153162934974155,0.8340246026396139
2022-08-05,0.9107352211279276,0.9751208845090038,0.8651097944504282,1.468921068364525,1.0818872331790752,0.8246447127729839,0.8822939349413685,0.9779298966007092,1.0869588515030508,1.1197288026496774,0.8452845957462384
2022-08-08,0.9017968050159901,0.9950590777167987,0.8508529880068395,1.513708277945848,1.0761079489132508,0.8226879714301153,0.8761455253636876,0.97885687390127,1.0936348011236925,1.1319471256329219,0.843487844579804
2022-08-09,0.8981244470365617,0.9850665220795927,0.8466252713065983,1.5403813362484007,1.0414567502703493,0.821426643698115,0.8728140492463319,1.0093798060291277,1.0937709295717326,1.143525499973524,0.8451585222148679
2022-08-10,0.8920974173171606,0.9772242874288866,0.8241634018078553,1.5293776466502853,1.0324413607409912,0.807672936256758,0.8556657092389595,0.9860138391393429,1.0842999816677308,1.12409149004465,0.8356920267641905
2022-08-11,0.9129754702964898,0.9949526760955971,0.8551678591126858,1.546294152546376,1.0396071939855536,0.851879794748677,0.8752575207313587,1.0016845933482923,1.111611049997396,1.1409646780878444,0.8527335080061774
2022-08-12,0.9133212459769912,1.0105227618864798,0.8607059786791734,1.6009737191005218,1.0297646700486591,0.832769717859953,0.8879411597595104,0.9837273566186917,1.1136509290309888,1.146210808919746,0.8522473115327796
2022-08-15,0.9026276970106265,1.0241874251290468,0.8456130423955364,1.6004170876209325,1.0318658366328346,0.8208965792610842,0.873395027099227,1.0316660596898073,1.1091597475894537,1.1656518914778682,0.8511344076018271
2022-08-16,0.9018495090452061,1.027415000216197,0.8292518692747445,1.5799711618454484,1.0671193057131148,0.8240992982531026,0.8625564790646004,1.038508288443562,1.108519489332556,1.168643587064597,0.8495397807743964
2022-08-17,0.9130047456539832,1.0318641644713917,0.8399094278828548,1.5860401573242935,1.0716793719522753,0.8264760546652011,0.8684423752167679,1.0820931174789963,1.1132736075723884,1.1921546958874747,0.8574950206038717
2022-08-18,0.9017135264419202,0.9992453355166933,0.8086223909269918,1.5581667413522455,1.0402342724372584,0.83204618561399,0.8524985483501422,1.0956573725591172,1.1041036542427896,1.1660578297942896,0.8499999491638985
2022-08-19,0.9058782443616187,1.0415923899322561,0.7972477832800455,1.602898526574078,1.0976370748261317,0.8120852263591014,0.8519882202235416,1.0738342719474372,1.1100885023048968,1.1756604062620017,0.8440976744517069
2022-08-22,0.9037340497783609,1.0394657727605727,0.7964814251126507,1.6376399660207015,1.1082339090796443,0.8169005699307237,0.8522053248989251,1.1037180619801494,1.1152575822503612,1.1893931276138248,0.8502636868577491
2022-08-23,0.8956161447445207,1.0658493901736334,0.7779978771616952,1.697075968555965,1.119600842292693,0.8177938367628234,0.8366291316320312,1.1195810133116477,1.1254178088482172,1.209496415339475,0.8461327452613127
2022-08-24,0.8927466729844622,1.048174079572399,0.7732012950593639,1.7090913974435027,1.109320516136407,0.7826685213801734,0.8338693877181194,1.051910592754804,1.1085328848743858,1.182758353396554,0.8301372676408895
2022-08-25,0.9067865367165518,1.0667197469610559,0.7845454335997119,1.8274912109883796,1.1215070770692002,0.7694358933029982,0.8582464396616842,1.0291088511698108,1.1218839903460205,1.1983598275765797,0.837014375432742
2022-08-26,0.906845300735316,1.0720332051825052,0.7778037032468916,1.759746271522351,1.114090134165294,0.7488459475649483,0.8773230744983669,1.0201781747298413,1.1068897084136495,1.1873467244466576,0.8352464991718798
2022-08-29,0.8878068064566204,1.0678846896460237,0.7667346712213126,1.7997688485989602,1.1178001224260556,0.740655239661946,0.8681452278431471,1.0183237008184198,1.1028664260684937,1.1922010530158964,0.831581216263892
2022-08-30,0.8927672486764784,1.0584812352076385,0.7620845919084944,1.7511386743854125,1.1272079931876862,0.7463017322223794,0.8655984347674583,0.9970141681395338,1.0998305920060203,1.1755729553067975,0.8287899076104691
2022-08-31,0.9120401317609517,1.055977737856862,0.7828745406431962,1.7119595527048885,1.0967102097697536,0.7340165536055905,0.893143082376637,0.9267839241673498,1.0938215895654932,1.1471036173779297,0.8294092946694278
2022-09-01,0.9040417707599213,1.0556006996707994,0.7804452435458378,1.7456518190578276,1.0988383581947399,0.7346603197811606,0.878036575404248,0.9175393996348539,1.0960333718543283,1.1500210046238737,0.8222719060386168
2022-09-02,0.9004869614272755,1.0718498881518395,0.7757976602473299,1.7414889381905374,1.108715381914369,0.75302149844113,0.8659516413611242,0.9063255677892323,1.105909255154914,1.1478486080670935,0.8181791931904022
2022-09-05,0.9036864675039136,1.083309700796705,0.7638634154668573,1.8579388000946981,1.1061914734729608,0.7394577608596989,0.8479287773136045,0.9170213964956679,1.1148837718032487,1.1676406116936762,0.816514412543096
2022-09-06,0.899242144716331,1.099791141731032,0.7561234532158656,1.8835223079518022,1.1013526178867818,0.7546956693918935,0.8533945867375232,0.9233463215557417,1.1262478143686743,1.1727807230943372,0.824008467261042
2022-09-07,0.895235813925671,1.1058650997451736,0.7496165656584367,1.8651644467985922,1.0843057200387902,0.7593522703252397,0.8392335588069092,0.9506097392113684,1.126703446618594,1.1749974290807739,0.8245581071889362
2022-09-08,0.8941758399750563,1.119770186438316,0.7414541615367289,1.8345905842515482,1.060129734720207,0.755044218476171,0.8466754826533078,0.9232417291372873,1.1238464830110315,1.1589303458670328,0.8210404523192952
2022-09-09,0.911484178832434,1.11694047547209,0.7630870935317188,1.861093796192446,1.0604883582606204,0.7526512170293858,0.8628484998332764,0.9223950051423501,1.1286361781422554,1.1661507877778357,0.8324486834974827
2022-09-13,0.9235833773900282,1.0961554665593352,0.7524728030463802,1.8417545885777131,1.0907792269879426,0.7507341686546729,0.871824425222237,0.9318283993630336,1.1248156079117688,1.1719525000601094,0.8359722353548813
2022-09-14,0.9140047532435466,1.0798023188819785,0.7479479255791115,1.8396078719878202,1.0691232356633562,0.750134211873338,0.8646956168319397,0.8985264955679487,1.119586366010207,1.149473348867924,0.8266680087397421
2022-09-15,0.9310272328063458,1.0690997260572106,0.7462094959841455,1.844801330487895,1.038219329943638,0.717741521916441,0.8756414683742219,0.8428950354128908,1.1072349072583758,1.1198771745766956,0.8188921186758615
2022-09-16,0.9080605972730138,1.0290160299975124,0.7184435076382883,1.740209567572137,1.0209601396630403,0.7149692637016922,0.8556330517453312,0.8332991885062853,1.0840182461031305,1.0874674447079082,0.7996890864040876
2022-09-19,0.9143907973418687,1.003072473526888,0.7189823990861532,1.7571145479222594,1.0335691376509692,0.7098469321000157,0.8665932361008659,0.8457392732543793,1.0801478525178825,1.0997899294477482,0.7987368245534299
2022-09-20,0.9020238947055476,0.998282377525258,0.7141405348625431,1.7624122898973575,1.0183298456908345,0.7064082594636627,0.8787939548685724,0.8654568097634411,1.0758263993798645,1.1036505178443505,0.7997201980981195
2022-09-21,0.9046798679460207,1.0199919003574143,0.6869570579415787,1.785281419322186,0.989849323502592,0.7039491464143784,0.8645583539915593,0.8620576228825935,1.0814567913861168,1.0965808583839447,0.7938026725555204
2022-09-22,0.9024714792605367,1.0162043071771245,0.677726905464213,1.8446234468348668,0.9806430027108554,0.7086592995276327,0.8509750975028259,0.8661997486499728,1.0885095190325784,1.1040787296671672,0.7868094551081637
2022-09-23,0.9082083025984059,1.0084673573678218,0.6786665273706164,1.8479921345618346,0.970986032057903,0.6972218153607362,0.8545673867354676,0.863504740496707,1.0833423893632708,1.0959052933814641,0.7841002975945371
2022-09-26,0.8915592767068066,0.9885319288818051,0.6737129440515062,1.7221736191977224,0.9339146159425619,0.6846424411525268,0.8756563199941577,0.8930073772367245,1.0583064321339424,1.0881501641928533,0.780166803415779
2022-09-27,0.8899623772093109,0.9946040910673097,0.7176533191251923,1.7180721529609229,0.9614093567165114,0.7016518993527721,0.9044639044748255,0.8924530400661016,1.0665417566507729,1.1050660251363333,0.7914764125573301
2022-09-28,0.8916002949865923,0.9721967624008314,0.708299159843398,1.7055939056254004,0.958781430903663,0.6744447396181975,0.8998514758659506,0.8611943826598752,1.0491663780407388,1.0888090853315566,0.7785467585376687
2022-09-29,0.8769378711773778,0.9691649643520449,0.7310960506492361,1.7407786960645493,0.9616186846680022,0.6802211667763198,0.8955686238935447,0.8608660963338103,1.0520484338940514,1.0944500678525866,0.7782281178543502
2022-09-30,0.8884221655607153,0.9721098612400184,0.7324133077093472,1.7607660476699658,0.964693165814685,0.6702180930924702,0.8941435991991058,0.8277907605176621,1.052249414823188,1.0868762995545505,0.7737020780781512
2022-10-10,0.8746048097034232,0.983970915429279,0.7127993684864014,1.816431583254107,1.0248256271150886,0.6181570762900354,0.8297792159105332,0.8198442391716001,1.032685141345016,1.1030301450102684,0.7566317219305921
2022-10-11,0.8693221961782892,1.035074468310369,0.7021473942171745,1.7948257628200224,1.0276618613245603,0.6011440556819562,0.8351625261466086,0.8575837084593236,1.0300107436964319,1.1183535248646979,0.7580042966672866
2022-10-12,0.8702093344118699,1.042235720068029,0.702417884397041,1.801481115373803,1.0510046987483839,0.6244638186337486,0.822400164394917,0.9093795962663724,1.0439971402112678,1.1422061660972171,0.7695174535586794
2022-10-13,0.8553769666264179,1.0537550623419507,0.733266553854227,1.7491744577530277,1.0605492473637,0.6303275114028541,0.8026234325518425,0.9013445491782399,1.0408433128438481,1.135016078653849,0.7630850599815157
2022-10-14,0.867058862865083,1.0496231893594874,0.8174555717558458,1.7824738808156706,1.0465535492391087,0.639267055875993,0.8218536267377319,0.9192058578011703,1.0502631925024564,1.1519090234058604,0.7813447775564709
2022-10-17,0.867144184340485,1.0425856920725414,0.8344708532944037,1.7741257800712738,1.0426094124701843,0.6546730726430986,0.8073822476440126,0.9047950524819217,1.0558802249387484,1.1455267501107027,0.7821463612027004
2022-10-18,0.8659331203625837,1.042097032609513,0.8365293605832117,1.7549592868490336,1.0461702724982347,0.6524695363681061,0.8063940363538408,0.9271277809260684,1.0525846115318684,1.152319257506181,0.7804901210204225
2022-10-19,0.8530418363174114,1.0284498750104338,0.8198769414384791,1.7419649673010733,1.0033352685144248,0.6426873847475033,0.7740135283685388,0.930486009279647,1.041642315936272,1.1343543551682929,0.7679370608396291
2022-10-20,0.8521820803659064,1.0215024565855837,0.8229187773382147,1.7413771518526364,0.9935550213387935,0.6549303169100354,0.7790145205737452,0.9035322712413727,1.0461888619378545,1.1240923426443703,0.7635433982713689
2022-10-21,0.8463349274978544,1.0354441940304446,0.8187991040192708,1.7585394373653975,0.9901402908047436,0.6461505607469332,0.7654019566424465,0.9102542519274968,1.044883273662606,1.1300552797525292,0.7610963516963495
2022-10-24,0.8204606198797398,1.0196900444307169,0.7937703103213607,1.72779910376324,0.9449874048160225,0.6375537128106207,0.7019868985644715,0.8751537564557527,1.0296948252490938,1.090605663752458,0.7388260724129758
2022-10-25,0.8226079564576391,1.0322447015112899,0.7741007354866275,1.6961574398649635,0.9377533719683435,0.6456314598652325,0.6962385865116035,0.8891274657263797,1.0330279507288098,1.087531921041978,0.737622476877199
2022-10-26,0.8130651491267955,1.034898811578456,0.8162692077400183,1.658792499474652,0.8852286214201169,0.6620910182589719,0.6911848428632814,0.8959418173328284,1.0355812658955235,1.0717978182671068,0.7436107662728898
2022-10-27,0.8092639400093286,0.9981350507141343,0.7908999725194631,1.6920710869072042,0.88623634168544,0.6813062638515683,0.6483782586910658,0.8825383107760189,1.0411220519306104,1.059041737715994,0.738373021077664
2022-10-28,0.7997510980095803,0.9708661712784056,0.7790074800125786,1.6938970100515602,0.8500808490607952,0.6644409355728162,0.6484278947987032,0.8284601296791864,1.0267973270735846,1.0310817191332156,0.7201096433034109
2022-10-31,0.7828048778887308,0.970509364745404,0.7703101283227105,1.5663921829051743,0.849674848159689,0.6959985236777974,0.6351852418287698,0.8411614928164305,1.024856843867226,0.9999571715325423,0.7134751253872437
2022-11-01,0.7964520502367414,0.974999615499501,0.8108357928382719,1.588334717459379,0.8760116078680253,0.7140289113244331,0.6932840704511534,0.8752038059005016,1.0389826366182255,1.0276563554270302,0.7389887479373247
2022-11-02,0.7948798676568737,0.9744203592137654,0.8177174004841041,1.6301095877777647,0.8765451242219229,0.7152663443788091,0.7055672218171903,0.8912452596650328,1.043632501335277,1.043053921253923,0.7478610710353174
2022-11-03,0.7869251779877668,0.9627760942528133,0.8089509989218249,1.6239154140652425,0.8694073544230987,0.7383411708284144,0.6892395713526643,0.8910480061633678,1.0492527473652655,1.0365782559319106,0.7417794465575313
2022-11-04,0.8073960171028387,0.9820524375713322,0.8240708298144148,1.6834648118068736,0.8871719712563562,0.7516036960636369,0.7338546244291437,0.9371884181939181,1.069370116596342,1.070598045030604,0.7660339605491514
2022-11-07,0.8086265008895814,0.9744062912921059,0.8285225751027869,1.7387342817024436,0.8966149823959891,0.7467044213372397,0.7363359265853751,0.935334221516543,1.072014266932254,1.078314732586486,0.7676855238101042
2022-11-08,0.8064348858392928,0.9717785208320504,0.814613064400829,1.731185274940279,0.8824285478619222,0.7534379955629547,0.7193346974504488,0.9215784742376723,1.0731726051886017,1.0644815754662913,0.762404262912115
2022-11-09,0.8096080219062892,0.969267837334268,0.8107880710339819,1.697695852187894,0.8660631231487544,0.7533558001066814,0.7047335916952855,0.8985689420576128,1.0699191055146713,1.046771810093766,0.7552760247795488
2022-11-10,0.811855387899678,0.9660551554548173,0.7981809591881681,1.6767452430178114,0.874260376895573,0.7331301542861403,0.7141837252420252,0.866900063605149,1.059005108065363,1.034880332623899,0.7494642383277765
2022-11-11,0.8457361221088453,0.9846189697688366,0.8007024546761666,1.7200716755102914,0.8801659453049245,0.7451066077600326,0.7450184491430417,0.8936590487660449,1.0795132849697207,1.0538647908124348,0.770357875986347
2022-11-14,0.8705573368777142,0.968311936024476,0.8235999269628866,1.6692328910882628,0.8775012565557184,0.7423764461777672,0.7377906157925521,0.8522952746233586,1.0753095270657411,1.0379784714105136,0.7714921310798701
2022-11-15,0.8740725960986131,0.9863639803593819,0.8256769670307506,1.6710175319975367,0.8826592188738993,0.7742600446084603,0.7556550058407302,0.8690307100831304,1.0934206632472327,1.046288871468495,0.7861239811174381
2022-11-16,0.8695946956192725,0.9946883129494551,0.8270320521843086,1.693767380133113,0.8721481909639303,0.7648744681878832,0.757038971722764,0.8436788027398916,1.0925297366970301,1.0419764937682257,0.7797017547605463
2022-11-17,0.8595098275705747,0.9875511555327392,0.815777584889615,1.6445451858012854,0.8802920432109592,0.7746945118334804,0.7435277718167952,0.8265116510259753,1.0880278816001285,1.02660475655448,0.7765039606406565
2022-11-18,0.8533611876740318,0.9887641863510536,0.8263161534131885,1.6299012541625069,0.8657457439038757,0.7682768077106135,0.7504437931123992,0.827448030677302,1.0826346365824548,1.02485338777065,0.7730277880297244
2022-11-21,0.8500164671680999,1.0025794250102722,0.8267919970960441,1.6091167882211246,0.8574968400489825,0.7695456463730538,0.7232157374496235,0.8310450529442523,1.0826839960855927,1.0186105172288797,0.7664308888285629
2022-11-22,0.8690021093383886,1.0164733866822588,0.8079928079889314,1.653199762839304,0.853289972775609,0.7612780779740811,0.7278531781331762,0.8099217262828612,1.09066904255162,1.018037604888238,0.7665215804333875
2022-11-23,0.8755663738280661,1.02506486805036,0.7895018785216836,1.6964106103902092,0.8394597944233572,0.7479909711570939,0.7254659283169742,0.8289727169077775,1.0926189977890128,1.0272712878417618,0.767326010901293
2022-11-24,0.8723048102649802,1.0323194343450024,0.7947313688636891,1.6963012988543809,0.8424733894292069,0.7451654055438423,0.7115778356970788,0.8271539655154894,1.0919794659043798,1.0285235803818906,0.7639258890979942
2022-11-25,0.8956780293688027,1.04521023416898,0.7948742135732076,1.7515216622660625,0.8583746677115971,0.7377152231726704,0.7108422322750939,0.805474918439657,1.1017779709837998,1.0381559890140042,0.7677829257803082
2022-11-28,0.8754991417656439,1.052078646076596,0.7778101835393965,1.719965065619829,0.8559308164449952,0.7196048735308528,0.7072484845945278,0.8117092737471487,1.0874248953254662,1.034416273577735,0.7591338748394845
2022-11-29,0.9244628048439836,1.0387981696923787,0.796298808211404,1.7435759814585348,0.8665815424571285,0.7366814482938498,0.7558541533800512,0.8152170351636278,1.10550259464208,1.0479369238037504,0.7825550834576269
2022-11-30,0.9208426847472138,1.0348206167375356,0.7906686973901558,1.7674740088594,0.8798320521687423,0.732203214219918,0.7546764763923276,0.8327337454460859,1.1045849068885567,1.0592939969497202,0.7834935178887149
2022-12-01,0.9138698728360622,1.0304049546770806,0.8105426965776945,1.7370619796702205,0.8828475569993846,0.7374190362027417,0.7839799794135097,0.8513213293159528,1.1015981924861742,1.066698893406986,0.7919794866163787
2022-12-02,0.9078299724166868,1.0250356589640137,0.7989118942168268,1.7243726668991892,0.8980795174334018,0.7356846319761556,0.7804931828219875,0.8523963246778303,1.097309553771844,1.0626501050384052,0.7871356195344829
2022-12-05,0.9369810961675753,1.0473250533855545,0.7939766339655819,1.7819500612751746,0.9019418866486025,0.7396858311500024,0.7984690517006523,0.8313635686701807,1.1150559476004882,1.0750983670758327,0.8025751535504434
2022-12-06,0.9342817746843703,1.0201518635636089,0.7964658297319845,1.7753654177339804,0.9034765653166786,0.7469503020576992,0.8265264406684786,0.8384957432279408,1.1122973834477037,1.0751769250001972,0.8069108629631542
2022-12-07,0.9250342363898777,1.010800417198878,0.792517641873758,1.720968783161402,0.9084383213711157,0.7399353755034801,0.8261325425503515,0.8669367379498354,1.099949216999337,1.0721780266766712,0.8049268315993131
2022-12-08,0.9319159621291974,0.9988163969150194,0.7842354078997286,1.710904296660152,0.883114308778389,0.7367345059635569,0.8298168229048428,0.8731113349788193,1.096639969681184,1.064071745311585,0.8050771031149304
2022-12-09,0.9414328179452023,0.9908109996147765,0.7866895253436007,1.7105793431647836,0.8836765912317597,0.7396774876566724,0.8617717789826064,0.8724800736489557,1.0983210563855696,1.068853735531437,0.8130205489688905
2022-12-12,0.9220532574904993,0.9656094323564178,0.7861960494139081,1.6634993437774541,0.8657681559699333,0.7559856500584371,0.8463734492410983,0.8577911257997569,1.0921233207617715,1.0478656992969386,0.8039105162609429
2022-12-13,0.9323838286614609,0.9744837104594866,0.7829231693294698,1.6753930409604156,0.9022614801452583,0.74463724650346,0.854271690739455,0.8388055085140432,1.0922186085874108,1.0539208105974174,0.8023321569859471
2022-12-14,0.9386298352789353,0.9692441156414167,0.7814971790952089,1.6831784520141517,0.9048409363590678,0.7376736885864417,0.8813434978795935,0.8292784550118781,1.0902409994723032,1.0571864659028496,0.8042039422379873
2022-12-15,0.9267283447527563,0.9677336730527141,0.7697668333306094,1.6576145969546736,0.8901387415855823,0.744390627463004,0.8752920685343404,0.8591734167144606,1.0878722991374352,1.0538985036416573,0.8036148534954386
2022-12-16,0.9401957167945446,0.9793571937732861,0.7713213190846724,1.6699832102921062,0.8883702425450556,0.7271357587851516,0.882333470660519,0.8474782980445469,1.0864727863735657,1.057818703277228,0.8040699382748048
2022-12-19,0.9246127241145237,0.9534252272007715,0.7520302611317221,1.616602201328285,0.8685421858989044,0.7108552711271666,0.8714121244176155,0.8480383942509973,1.0655908602428596,1.0375704756497084,0.7916647094767635
2022-12-20,0.9067173874806611,0.9539688313373187,0.7471382111277021,1.6077651404816253,0.8534673793603123,0.707860234123858,0.8310134246261107,0.8293029234555651,1.0599370818149851,1.0204977276573255,0.778609185270137
2022-12-21,0.9128821921005877,0.9509553770933018,0.7459853117542684,1.5999282575349412,0.8709765164448502,0.6992975763931945,0.8457755502268643,0.822907282421658,1.055872578841691,1.0233720915542792,0.7789184721108056
2022-12-22,0.922347792125503,0.937650892390225,0.7583254179187965,1.5850570691525612,0.8861752344172389,0.689261474684267,0.8661042044988067,0.8101205978664033,1.0490534573440422,1.0231800177579948,0.7800348328966502
2022-12-23,0.9195200002675036,0.9444503920235499,0.7648842311370498,1.58759910492198,0.8718351262323122,0.6843229413458805,0.8728365130036042,0.795327573160158,1.0478107810514128,1.0206878770511525,0.778446916434599
2022-12-26,0.9113496512053658,0.9577816642821393,0.7684787293522817,1.6057059211996374,0.8831944660728306,0.6949674921681354,0.8606332279355633,0.8417578961533398,1.0556054173182978,1.0380720363568638,0.7815519855056098
2022-12-27,0.9299501552479664,0.9637495616324373,0.7743487002261639,1.6254943692276531,0.8940739968598179,0.6988598507588558,0.8747507804430962,0.8546012197621041,1.064234293652128,1.0511265778312229,0.7905733600527872
2022-12-28,0.9415044473489699,0.9867753291951042,0.7748886161210699,1.6293795675340237,0.8785304466065929,0.6904730622180191,0.8750070634518994,0.8400585226568069,1.067268327450819,1.0506770151992948,0.7871998763666006
2022-12-29,0.9333760515668137,0.9831777228842338,0.7834712901078968,1.5866492617130024,0.8655134949852821,0.6933006281725714,0.8634815506581454,0.8419610704608215,1.0617304639647793,1.0398546018503738,0.784238571790233
2022-12-30,0.9423181153636008,1.0039179593218568,0.7815861944810437,1.5987663031012835,0.8847510468346849,0.696383374386688,0.8745829375525299,0.8449919964963829,1.0699263124632563,1.0506804343371126,0.787275113796612
2023-01-03,0.9425260486589011,1.0150151129182055,0.7908308963204096,1.6242337836222789,0.8708448335245257,0.7292857385066607,0.8593128711294592,0.8522752294411563,1.0899427507438382,1.0568054296176737,0.7905825105510319
2023-01-04,0.962060724446734,1.0122077554244013,0.8053874485189737,1.6022839690109854,0.8678596164707718,0.7255631237338487,0.8605564005787111,0.8327182741366914,1.0890813426488306,1.055114196705499,0.7916091964540793
2023-01-05,0.9608814587917421,1.012858006817622,0.8438690446292726,1.599352209234987,0.8661835555393805,0.7343403431913742,0.9082634467224677,0.8647359271519971,1.0925957545719216,1.0757113765160624,0.8069881338372199
2023-01-06,0.9595992393721766,1.0150336665916126,0.8415348290204779,1.6141184479514277,0.8644776573043769,0.7339569583423413,0.9118145152547357,0.888378443920984,1.0942540440361819,1.0820807826689331,0.809491506812545
2023-01-09,0.9613328743831221,1.0054779720825378,0.8516491294065935,1.6264511662669856,0.884515983283557,0.7323012570278898,0.9305622410149341,0.8815971039562105,1.0935195162587967,1.0904908395442627,0.8160455003441593
2023-01-10,0.9489314272088486,0.9960224583405662,0.8697449512154898,1.6131484544481038,0.8753036455734061,0.7321092528464933,0.9356203053568719,0.8965544852340344,1.087877832278555,1.0896144887414678,0.8169308618854287
2023-01-11,0.9571955799809898,0.9946178762307702,0.8617933195635499,1.6595387187380781,0.8815631722446682,0.7224507521294805,0.930628367394266,0.8832800117579103,1.0901096928952816,1.0925447321276165,0.8154173694757669
2023-01-12,0.958341787967713,1.000022381707415,0.8585370266850804,1.6780989831702697,0.8780338519415637,0.7224382866859782,0.9305919831798024,0.895643874473271,1.0933408048184237,1.0974661127504242,0.817011182925576
2023-01-13,0.9713396531752342,1.0003529560640085,0.8780111216179707,1.6894388649163279,0.9006485628461175,0.7188070905680395,0.9610145237015316,0.8976659976521795,1.0954552643301474,1.1134774467122774,0.8285017685879652
2023-01-16,0.9730228711417712,0.9967296710042888,0.9294284147334094,1.6844944104680861,0.9382795396094128,0.73174542484777,0.9880814170544406,0.8983135717706923,1.1004913839686263,1.1370939695991287,0.8414318292964375
2023-01-17,0.972228475998571,0.9891708220000884,0.9164979928568374,1.6764896483722567,0.9323598193052008,0.7372758549982552,0.974352456496654,0.8960257107444202,1.1005742974301056,1.1292180582822413,0.8412850146357125
2023-01-18,0.9701596056484068,0.988738325483558,0.9060305743384578,1.6875525295027407,0.9156107951620592,0.739687686176446,0.9675980812187281,0.8981100759629421,1.102394267753464,1.1254776690717279,0.8398762445948504
2023-01-19,0.9722299513329368,0.9820721017645377,0.929463085408169,1.6900604320684465,0.9113879514104363,0.7535901280551898,0.9655254676392883,0.8939057977509913,1.1080365092433913,1.13027857809623,0.8451009757481283
2023-01-20,0.9740290880386925,1.007942346614225,0.9224628624917192,1.724344015583696,0.9104831120336964,0.756799015375838,0.9657418285497585,0.9160051423963883,1.1184046091688917,1.1429255962575315,0.8502901216304549
2023-01-30,0.9795944188027095,0.9920637288320088,0.9077508887440683,1.6978307941484974,0.9103577164227042,0.7570680446089636,0.9830723364400507,0.9489056784062235,1.1137863926138623,1.1459554478897074,0.8543200010573898
2023-01-31,0.9688814882000514,0.9838322774470781,0.8843429218291999,1.6947964383052903,0.9241877749251155,0.7470480743809759,0.948365299802752,0.9485545346951821,1.1054619531561063,1.133151700502923,0.8452738184927492
2023-02-01,0.9632794308327622,0.9842024009299914,0.886586646828735,1.6973013119008988,0.9423617449569622,0.7771374136668826,0.95066326985413,0.9688575193445967,1.1180959032463313,1.1399468762989569,0.853219501135169
2023-02-02,0.9583407162327191,0.9905789410448672,0.8903017990690183,1.7054733167353169,0.9480779945966187,0.7902282516664972,0.9534561046795814,0.9583546171214468,1.1248953274945745,1.1416956644251322,0.8502132574452002
2023-02-03,0.9479107661146647,0.9838352298029178,0.8819420499190899,1.6802790359357629,0.9337835378071373,0.8014578717415516,0.939441345880025,0.93899097196939,1.1236045647712278,1.125305016416953,0.8421776965755774
2023-02-06,0.9402816297687423,0.9842261185516997,0.8722297365042551,1.6740290798484856,0.9506355321611452,0.8096772392910239,0.919912946735684,0.9242829880917519,1.124932156745552,1.1173368254791776,0.8310437770003233
2023-02-07,0.9406186078590113,1.0005118281269059,0.8658529544638174,1.6807114882515939,0.9351041677266101,0.8327153312700889,0.9236400942577738,0.9143729234088438,1.1384525429000372,1.115576392466776,0.832539578446712
2023-02-08,0.9405174436364349,0.9961476486186281,0.8697231232866901,1.671526072985322,0.9249004462959391,0.8173663672255933,0.9128747478395001,0.9112902030141519,1.1302721808212497,1.1095466303249089,0.8288604681191547
2023-02-09,0.9436264991444502,0.9969614528181535,0.8790170166282193,1.6811991699623858,0.9286718749429239,0.892991248655504,0.9453070840220653,0.9228474396367538,1.1635116672315509,1.1229220380485037,0.8399866606070022
2023-02-10,0.9415646524252667,1.0041713448380685,0.8723841176841105,1.6592793499382719,0.9272467527122916,0.9004482428729066,0.9448493880944819,0.9060934893899805,1.1648767921133352,1.1156536269179742,0.8349951654867597
2023-02-13,0.9328264168102859,1.0069072130121206,0.878922507698561,1.6526650412394401,0.9193126206420802,0.919568691523123,0.984195452958151,0.9150028421292296,1.170250672172901,1.1236862326278223,0.8425725914109343
2023-02-14,0.9360402898833042,1.007487856527654,0.8828815896151601,1.6647543518510926,0.9248384529592769,0.9090663937188406,0.9720042030000604,0.9069305168153121,1.1684522690218047,1.1239051994280482,0.842921530410663
2023-02-15,0.9276727936215358,0.9980161844066346,0.8668792391604502,1.647030920108112,0.9101588974882125,0.9488751864841357,0.9701842153013606,0.8934043515306388,1.1781575769294321,1.1107906195292532,0.8385290879088355
2023-02-16,0.9275200218661206,0.9855029011421562,0.8540069240422298,1.6338862426245946,0.9020163525574523,0.9056200819251741,0.9745052709657404,0.8851271996862269,1.1579840111977693,1.102629351854472,0.8323878835202565
2023-02-17,0.9191773627007265,0.9816760332523099,0.8523814716569073,1.6411981454804936,0.9006769710579705,0.869537122457049,0.9618866125671202,0.855070299394071,1.1425209370015679,1.092963391021085,0.8203944271432235
2023-02-20,0.9447519263359538,0.9970312849223364,0.8690549948461737,1.6926165425351927,0.9111927812661588,0.9009213420069803,0.9859711507771243,0.8570291827245171,1.1691345181201769,1.1151506252546026,0.8405220664265157
2023-02-21,0.9486070955548502,1.0059965806840192,0.8600052741874908,1.7156907280820448,0.9260291678153524,0.8863792336285768,0.972729443613465,0.8524851405103753,1.1686766832026856,1.117403499583702,0.8427312000471748
2023-02-22,0.9390448125843374,0.9978841662778037,0.853019089722191,1.714137001149546,0.9379585556983219,0.8883899771297201,0.9609115932194026,0.8416907669058374,1.165761475134735,1.11036235546319,0.8351255092506443
2023-02-23,0.9395462199894851,0.9945715734111276,0.8472614196278239,1.7208548554494716,0.9322836977952476,0.878497228374105,0.9533041009984056,0.8551243429612954,1.1620872591913896,1.1101026193705408,0.8344534559906776
2023-02-24,0.929155472592445,0.9911084022670685,0.8365846993300234,1.7095993582369475,0.9247186604342805,0.8972578636801805,0.9345107139274091,0.840537009547188,1.1654491056368943,1.0968401515446122,0.825790984319095
2023-02-27,0.9254448072727982,0.9923278312484818,0.8305501033090623,1.7160737132003905,0.9195364426903969,0.8869090315332974,0.9468775519367169,0.8291366651936115,1.1616153453425468,1.094914584146096,0.8222930538567814
2023-02-28,0.9299142575779068,1.0098856044075333,0.8387472053569127,1.721968917596254,0.9200175385416336,0.9148882734925443,0.9446387618227096,0.8319091551746659,1.1776345564699031,1.1000622485792573,0.8275017208020299
2023-03-01,0.9421320653114876,1.0172239329824897,0.8423705129091704,1.7424272881428846,0.9214713260687293,0.9409850735490797,0.9589366699416552,0.8325248830417412,1.1940488532051121,1.1091387423962236,0.8391905672597194
2023-03-02,0.9439792196037796,1.0302630894659122,0.8317229853086121,1.7774399359464697,0.914918646333507,0.9527219389763876,0.9507299317121964,0.8155293296557024,1.2054568925504798,1.106009997788374,0.8373189853520846
2023-03-03,0.9547351249456858,1.04490424711066,0.8336668572981258,1.8267011356860554,0.913454426345802,0.9703062295312079,0.9451639666224702,0.817590611481766,1.222844083440977,1.1145883422443814,0.8399244372189387
2023-03-06,0.9398523186087071,1.0508410446466234,0.8282456287697485,1.8147965196634315,0.9128771078814139,0.9619762329365907,0.9387529487667652,0.8359030896301072,1.2163473987424274,1.113049149896033,0.8355441953814373
2023-03-07,0.9437453924805418,1.0409507219683072,0.8117806937042726,1.8928189047517507,0.8901836227448623,0.907062259326571,0.9186863453214743,0.8279260374271784,1.2031643388073965,1.109205774791143,0.8233114026392058
2023-03-08,0.9402453502624434,1.0367471708168492,0.809158163895996,1.8774965549252245,0.8828950295952157,0.9247322570463881,0.9091812151953395,0.8130748780391384,1.2070190761512825,1.0982592563892402,0.8203132927254543
2023-03-09,0.9328752707480326,1.0311815816394985,0.8164048736842955,1.8861893775886325,0.8740791301839402,0.9373615122692809,0.9055373259521026,0.8050733040774618,1.2102390385236481,1.0944130554760154,0.8174142115371502
2023-03-10,0.916818815220285,1.0237265128192414,0.8195252431523131,1.8264466052170554,0.8586694994686677,0.9231459639379446,0.8928358932973489,0.797037702533979,1.19341407187416,1.077240542280442,0.806694707860175
2023-03-13,0.9196830875784003,1.0349607716192515,0.809299970826272,1.9296206415862047,0.881223464695229,0.955194099539213,0.9141129763862743,0.7782224876787106,1.219883232510612,1.091874028303483,0.815143871250455
2023-03-14,0.9147282801238663,1.037585749387339,0.8136937411549748,1.88832216094742,0.9179617179237091,0.9467041856931101,0.9069501453558063,0.76027103782646,1.2116993870068307,1.0875953943485708,0.8102656389640402
2023-03-15,0.9256343161653344,1.0530255370344086,0.8066701002776847,1.9018147872876991,0.923036455090633,0.9371826975640682,0.8936329755963022,0.757477410770381,1.2148992785462092,1.0886356989864139,0.8107142167224326
2023-03-16,0.9329832695707139,1.0524473143080229,0.8025626273337143,1.818094201954442,0.88376921655369,0.932669023277359,0.8973198186525461,0.7346824003822965,1.205726719417408,1.0685648480642747,0.8010043180184481
2023-03-17,0.9321242503180706,1.0560070630837548,0.7749638427908165,1.9030026645380271,0.884840833471291,1.0043184486192385,0.8854954624253795,0.7228230611854893,1.2433942233343593,1.0651590926987715,0.8050036957845675
2023-03-20,0.9307737725957892,1.035747294541472,0.7611564830166594,1.881648289677307,0.8720114566124346,1.0713530049986717,0.8745653132202402,0.7368082537234699,1.2616903303653328,1.0556798202976854,0.800989270532446
2023-03-21,0.9238353035866378,1.0318762812009328,0.798952981278909,1.853090373814841,0.8775407552236859,1.0838942888464564,0.9046920520878858,0.758260065353247,1.260576224278036,1.0734830369719088,0.8097942866322393
2023-03-22,0.9374070817813865,1.0302970376595109,0.8018083040556154,1.881724857806602,0.8817626826490749,1.2340714146805118,0.9022646320207299,0.7687719288547057,1.3189846981694655,1.0827292096163263,0.8132643589110082
2023-03-23,0.9453889742843081,1.0259084477015954,0.7969747648374835,1.910914866387879,0.8838765965638212,1.3282095677275998,0.9102215368900723,0.7655234122691627,1.3535149126532096,1.0874070697358509,0.8213263545533376
2023-03-24,0.9320542098460266,1.0107682456187743,0.7891360947195541,1.8640816313745463,0.8851607922772244,1.3650880739533786,0.9126363668740032,0.7676656114899509,1.3527494674683525,1.076871984901641,0.8188772745342638
2023-03-27,0.9251730238749192,0.9924720416800497,0.8003371966943974,1.8224911896200922,0.9133896030889728,1.4159157028804559,0.9022422313513492,0.7760614587862159,1.3570840209233197,1.0774156539991082,0.8159147498914637
2023-03-28,0.933608415091578,0.9867561222081224,0.792291494326015,1.8475516242407475,0.9182375834586629,1.3643056158620994,0.9166666942380711,0.7705951555827286,1.3461140459248806,1.0831546654091977,0.8132789997081996
2023-03-29,0.9316462432906697,0.9891794250776597,0.787419681309516,1.8280527771467827,0.8963197029460265,1.4284427794443282,0.9256505415810216,0.780125303859708,1.3628102935537207,1.079909653327235,0.8146269697718361
2023-03-30,0.9373043479574583,1.0040810122138415,0.7919645846794942,1.9366717071076218,0.9120484143097052,1.4500609116088814,0.9350490362116094,0.7902982147187227,1.387294760846645,1.1022618748475526,0.8212116683086715
2023-03-31,0.9361183686385318,1.0018454949745978,0.7832547672482175,1.9273711156234952,0.9367374653463987,1.5068266258279688,0.9319932712039529,0.7943097588926217,1.4016696143456837,1.1039447409121976,0.8237331389360805
2023-04-03,0.9353813864898589,0.9945103250386247,0.7715877438912497,1.9385217463250282,0.970112733415224,1.6724990929231225,0.9223407968658793,0.7902898559150696,1.4473600138200768,1.1026486985544313,0.8317941178563827
2023-04-04,0.9454418498488428,1.0084606534499045,0.7751909874110072,1.996816414677511,1.0021011332211007,1.704285752235178,0.9298402724037542,0.7657307938458773,1.4688447197231402,1.1126399119923034,0.8343434466673364
2023-04-06,0.9429807676655788,1.0042892373092427,0.7778908277233217,1.976233335520422,1.003024148281648,1.7829997072362482,0.9014737598503847,0.7650173270878482,1.4850233424693562,1.1042447441846925,0.8330288250861915
2023-04-07,0.9470000943695828,1.0021054299004788,0.8082199996111704,1.9504212381879458,0.9828994202086965,1.8055961716694207,0.8930367502400834,0.7622014160137522,1.4879534264056664,1.1048365972371088,0.838445920047012
2023-04-10,0.9494081210166714,1.0348142435599084,0.814095549885282,1.9938035400502494,0.9734681425360849,1.7464665754132622,0.8751266374465979,0.7827570793278439,1.487576250840482,1.1166433928394826,0.8346905555674161
2023-04-11,0.9472716310960176,1.0342768583699864,0.8082328596719243,2.0020359782283035,0.9694379059081863,1.7327261677655688,0.8592586126494213,0.7797233979408725,1.484402205081916,1.111492996727961,0.8337421572604617
2023-04-12,0.953283069619241,1.0342023761439882,0.8006164365566445,2.0558361851137317,0.9523073731086023,1.7890952271298215,0.835934025451238,0.7581562049162225,1.5070899076603188,1.1031240572937153,0.8331605922609141
2023-04-13,0.959910127014825,1.0446625179674438,0.8216936823060855,2.0741763691277373,0.9493138378306728,1.6775392907247355,0.849059217395322,0.7541162285625181,1.4854257881897464,1.1148524152480686,0.8274041154874205
2023-04-14,0.9631194330844294,1.0788490759919558,0.8201810205290431,2.089171930280516,0.9377958217155252,1.7280745484876974,0.8367901751837585,0.7738450342162344,1.5095694796236818,1.1236657416920437,0.832085103700562
2023-04-17,0.9876807857035543,1.0890880587351135,0.8279793489525791,2.209268812152018,0.9458889194959225,1.7153676588619649,0.8511294636440965,0.7837898017436025,1.5295064030784307,1.1495812770753358,0.8437540224065188
2023-04-18,1.003950959481831,1.0767403452473236,0.8160192946289336,2.206072716604625,0.9455950320526384,1.8732467002138413,0.8534413335531355,0.7953567174862444,1.5726785580170735,1.1501841183162655,0.846325922446476
2023-04-19,1.0028111922854643,1.075427996384487,0.8059326717820464,2.182826293328234,0.9427235261103938,1.868723528584767,0.8477775099793851,0.7948147357328013,1.56816028492599,1.1437641999112427,0.8387059975415649
2023-04-20,1.0032640034439315,1.084867166648919,0.7875743211772356,2.199312337628813,0.9430462308728963,2.037251813268911,0.8365102444400513,0.7670295682834547,1.6149729617536888,1.133970740554638,0.8363594031028311
2023-04-21,0.9868511826223971,1.0729570040412597,0.7899705511070445,2.1701860812230107,0.9252848869173423,1.9312254889416218,0.8290003546924396,0.7731261827361948,1.5788352335232791,1.12220199977103,0.8199999389966771
2023-04-24,0.9778214576086428,1.0791938288782703,0.7912491061046192,2.156828218286397,0.9118737850557086,1.973629521375785,0.8109707592391042,0.7628655628132882,1.5867373681913592,1.1115954605953544,0.8098481728996798
2023-04-25,0.9951613376829259,1.0871680184374162,0.7649530358326556,2.1987083577124444,0.9193882187020512,1.960971704015314,0.8248849123905772,0.7427956711779052,1.5954632118630008,1.1140439769806472,0.8057859617122807
2023-04-26,0.9875881770334443,1.1062568645685804,0.7667379105517909,2.1706162278671712,0.9135015343236224,1.8329857217351517,0.8244701491076731,0.808395662652399,1.5634719896611309,1.1287275246154833,0.8050876770240127
2023-04-27,0.9799729476078332,1.1263809855335014,0.7739962803489011,2.167875576399493,0.9070236172367748,1.7423623326498188,0.8308266766473296,0.8191758326164249,1.5426843442741847,1.1322105149806936,0.8110226901854793
2023-04-28,0.9910769632157349,1.1176233453442843,0.7776034931946353,2.254771110920332,0.8943937665641274,1.861013673584705,0.8356728893834747,0.8061318223645295,1.585420694048858,1.136692313567213,0.8192920971213536
2023-05-04,1.0164910097813808,1.1729059620594449,0.7799860883712707,2.263195641469945,0.8772388344381626,1.7579814204031223,0.820386970324668,0.7976425753172186,1.579921739844208,1.138206899300619,0.8195281799760651
2023-05-05,1.0347499201962096,1.1727555850487061,0.7686162026961312,2.252180326715738,0.8709317831616142,1.6822275422100053,0.8309081654810354,0.7834284377097981,1.562911989082894,1.1364301029560875,0.816809465275383
2023-05-08,1.097943131689961,1.186581197742265,0.7562468037645107,2.440612168655356,0.8635097685442056,1.6887601364138725,0.8169918792896117,0.7902857908701256,1.6055055987741653,1.1583596206050573,0.8261195888782797
2023-05-09,1.0822348427310213,1.1769941452815926,0.7472262958353539,2.391571621882942,0.8745478293358454,1.750836888045006,0.8269545239810521,0.7771446843191665,1.6118435128218307,1.1500524299728536,0.8190458470463704
2023-05-10,1.0354475292745502,1.162083548706763,0.7531507138803,2.299435057912261,0.8627519798801531,1.632778300006117,0.8182918401143372,0.8037791668230011,1.5538709624231983,1.1377179175973475,0.8127411537558208
2023-05-11,1.0306936557156654,1.186698615094023,0.7524744213270255,2.27119816236292,0.8680089059425564,1.5963135833216076,0.8130085097246027,0.8265449211264437,1.5445766167708184,1.1416448766139642,0.8114791983756837
2023-05-12,1.0189254252804578,1.2058217655502756,0.7463512692223294,2.2383047340832594,0.8680057069938623,1.6048176497847928,0.8029488244755937,0.8129659320251331,1.5445259338442194,1.1332207378915171,0.8007218726392974
2023-05-15,1.0331017230697523,1.189254805352398,0.7703283761662726,2.25660873406353,0.8621952109089249,1.6484293202727043,0.8119451931064017,0.8435494869322521,1.55926773965706,1.1490117907515849,0.8131512994215857
2023-05-16,1.0347478561881327,1.188651361186405,0.7816599540958254,2.2672080863811104,0.8628080701651689,1.578769838101511,0.8029086028599998,0.8441482581103582,1.54100310945108,1.1522965847649178,0.808945730428354
2023-05-17,1.0260440434565639,1.1939015201063312,0.7740775816044776,2.243539045112232,0.8610623701358974,1.626116216194799,0.7948304955831113,0.8388768060831083,1.5511600109009496,1.1441757986064038,0.8052773973542848
2023-05-18,1.0442874076135358,1.1922872272551814,0.7642736003989201,2.2922592327123974,0.8308575962865339,1.8275676354411983,0.7869565632423875,0.8210423233859042,1.6186708805402164,1.1380687518177477,0.8044447020140236
2023-05-19,1.0237799250904294,1.1713752130830644,0.7717281421411185,2.259815156797889,0.8255570288565931,1.7665726533806578,0.8018849095832238,0.820165868094174,1.5886159783783063,1.135040885105162,0.8021001410193441
2023-05-22,1.0272258591943937,1.1949675264369606,0.7747069119852351,2.243354746201322,0.8254315270058865,1.6872811247026218,0.8214774250819352,0.8246126814089914,1.571520016737238,1.1418681685813807,0.8071406421412969
2023-05-23,1.0014706112342193,1.1747654468731084,0.7767289455535364,2.1971023264600085,0.8184928797720123,1.6577851475850245,0.7993889362489751,0.8151539342041008,1.5468831480875864,1.123843844246174,0.7957248872201081
2023-05-24,0.9710237532066223,1.1571197435583833,0.7671410584051188,2.1415780231378387,0.8134311128299655,1.6570505996682636,0.791592748165418,0.820817737304344,1.528451536775019,1.1101913190226473,0.7847251749524419
2023-05-25,0.968234258372241,1.1658955143875536,0.7650532824950135,2.1080530507088047,0.7980203455246624,1.7803977343843367,0.7866206449676196,0.8208733649827215,1.5597962697426806,1.1031186339825048,0.7829776331321231
2023-05-26,0.9807623634638005,1.1912795171743658,0.7625598873308715,2.0666243192203853,0.7957807937016588,1.8320359624459792,0.7870153375736149,0.793290011965756,1.5772829890708062,1.0977073634390542,0.7830693414589749
2023-05-29,0.9902590857465535,1.2300745066403813,0.7579631617495389,2.1360492612926705,0.7803303203015631,1.860184542262677,0.780992104428355,0.7760915660521452,1.6044907465980676,1.1014222594876502,0.7796106564669104
2023-05-30,0.9813934986170507,1.2221520455782253,0.752023283105087,2.1202422452288343,0.7796267942825893,1.9749195810748252,0.7665589658390596,0.7937347701218389,1.6280846078262645,1.0974512037927062,0.7803856019960279
2023-05-31,0.9780615110372277,1.2202502792307788,0.7326187054674969,2.03507073169208,0.7645231203118498,2.064364072116145,0.7495514330036853,0.7865429080650572,1.6379617786122411,1.074098494966709,0.7724124678588742
2023-06-01,0.9707428228506314,1.183411433299809,0.7400143072202735,2.0534996875313363,0.7680502480961973,2.029809018617706,0.7594275088785776,0.7833033858841769,1.6219243157844918,1.0721050370105254,0.7741053100341305
2023-06-02,0.9845983230280441,1.1801315677721242,0.7471084734703138,2.0773078674730923,0.778653748364599,1.9757591187707462,0.7784468575984691,0.7990541342574079,1.615210895521263,1.0872528802142447,0.7852823386233372
2023-06-05,0.9989832415836858,1.1892005848179255,0.7392294623708764,2.1137425524078624,0.7638145411445139,2.0498094920956307,0.7645072841477785,0.7749082541084898,1.6440954645585357,1.0819911414162466,0.7817065272537415
2023-06-06,0.9983723736497991,1.1582912626878874,0.7291324365027799,2.1338479057880764,0.7566020770902451,1.9719853186014014,0.7663162568105566,0.7764200340181777,1.6206859538166667,1.077476528305837,0.7743686410391705
2023-06-07,1.0112650039404145,1.1545529534015362,0.7042482318127596,2.1316841098420407,0.7578806989265114,1.978786930451984,0.753524611924466,0.7479243977773719,1.6247054153148304,1.0625739116935873,0.7705414959844556
2023-06-08,1.0366040466368693,1.1718321288742102,0.70225519281461,2.178002441324546,0.7892244845035742,1.9262873345991423,0.7599474847139268,0.7478526408104471,1.6284951077714607,1.0793821716669245,0.7768136541701354
2023-06-09,1.0305952364764277,1.1963184316560367,0.7106224140095586,2.1915838992480383,0.7851515464642458,2.075494961866705,0.7551656271396157,0.7522412241437813,1.6721280376368322,1.085127300901649,0.7801720903703198
2023-06-12,1.016657282334594,1.1672153697408991,0.7074098053771465,2.186099841446168,0.7894904389508361,2.168361991669801,0.7799561583069977,0.7582096610531234,1.6833275186503494,1.0861101802304312,0.7817437392799361
2023-06-13,1.0211898223650941,1.1657138736017707,0.7087558183691759,2.142670215145233,0.7870128699445091,2.206709797118437,0.7861597978807241,0.7542251272950847,1.687574805053614,1.0832463208529033,0.7859072159812427
2023-06-14,0.9994265924886117,1.1396157621789487,0.7103747101613394,2.1591329039514777,0.7797808235457673,2.3051930040999253,0.8092603273240802,0.7461644001053732,1.7000391448930088,1.0809391586553598,0.7857278662156479
2023-06-15,1.010523525872537,1.1536475623019211,0.7375861358875643,2.152748951184605,0.7879665194268676,2.247880201416304,0.8299873883745259,0.799693377572366,1.6931559333800212,1.1082824011957177,0.7982282601954335
2023-06-16,1.0081536591225202,1.1370877797168402,0.7444211557406147,2.163706745725954,0.8039095703294267,2.4029093770999026,0.8407627029769134,0.808664413808395,1.7249113461866539,1.1145735926167348,0.8059252526300049
2023-06-19,0.9947517420187332,1.1459300516037645,0.7312492173591614,2.1464586370607575,0.805601769927639,2.580642171746026,0.8137367755255325,0.8010450065237119,1.759308770012829,1.1031348455754055,0.7993281500844379
2023-06-20,0.9883556357011093,1.1490003459736373,0.7271626865214155,2.106466105472953,0.8043985576907013,2.62095807799121,0.7981861909426774,0.8020686647359861,1.76099124447311,1.0947792479271956,0.7979718429001784
2023-06-21,0.9907789477364836,1.1580169105999352,0.7066646509724711,2.1166919285247747,0.7930767059091758,2.4203521179947476,0.7866482476861619,0.7921523100913153,1.7250033802923204,1.0866718284301555,0.7857292896264861
2023-06-26,0.9711730217216058,1.1814920449267228,0.7058777895721399,2.088619939479625,0.7918365926333719,2.2150162545757404,0.7647368181415807,0.7916921398808612,1.6774261514293876,1.0799139285403092,0.7746803680127042
2023-06-27,0.9817306012775199,1.1759969757177393,0.7039387826416302,2.1455824707468127,0.8015284570626333,2.19307106227722,0.7709890797919444,0.7915056174292895,1.681804058474497,1.088887420230758,0.7819472870297781
2023-06-28,0.9841643418797427,1.2033816318654436,0.7002875186437507,2.1823499948606084,0.794174632031269,2.136758633118294,0.7731358622335694,0.7892174449787126,1.6808741251775872,1.0933054104840525,0.7810049890549867
2023-06-29,0.9735764042968226,1.1925535744376572,0.696581943932462,2.157703200010167,0.8045710633780179,2.184587017518872,0.755560085481551,0.7797246321338339,1.683462807704269,1.0844966635520652,0.7771505958499434
2023-06-30,0.9830679405275516,1.1802286350827513,0.7064470506787656,2.188288462441744,0.8091005770914775,2.3158805617244824,0.7523943464169203,0.8002533651360322,1.7176284142789282,1.0930727303418173,0.7813411173571728
2023-07-03,1.0062887911174594,1.1907934852698316,0.7160581585276965,2.2653956728685958,0.8119670033221964,2.3116980435407886,0.782107124895942,0.8196477542816563,1.7361094685846727,1.1189271776146397,0.7915957757233208
2023-07-04,0.9936392039186703,1.1781593738422822,0.7237032948573713,2.2810925688646275,0.8120877644140351,2.3772806264891315,0.7924340083118313,0.8160713482618376,1.7461830703746255,1.1207038330646302,0.7928424802730503
2023-07-05,0.9863315735203202,1.17651860118587,0.720890040273699,2.294194122200721,0.7928943062811146,2.2998907007915297,0.7772770218008529,0.8088384674656456,1.7282553948251809,1.1120605303321032,0.7866998524736333
2023-07-06,0.9750522319452499,1.179340338223198,0.708786525116306,2.290636781215185,0.8128004992313247,2.33947159911849,0.7721546662054256,0.7996836764389272,1.7341285749351494,1.1078080793783047,0.78140273071202
2023-07-07,0.9728514904904735,1.1899611593929045,0.7035280902106114,2.297465382963447,0.8203460230282339,2.3180587122194014,0.7685501951177679,0.7847446200617209,1.7321790103845673,1.1054006818135407,0.7779344885329
2023-07-10,0.9728114635185698,1.200789150917388,0.7148252199735518,2.2784343981694315,0.8215044272511463,2.297847758680151,0.7762666656255566,0.8029768294812254,1.7278718870827907,1.113019404423278,0.7817223881173658
2023-07-11,0.9820164341915077,1.1929068867296073,0.7192525928567003,2.2696697968455277,0.8185990283565345,2.3764726720666505,0.7781022716487841,0.8078129861989599,1.7453353177142321,1.113550909161387,0.7868383300137354
2023-07-12,0.9857590317061841,1.1917799078422362,0.7170922782674026,2.2903009320383836,0.8240633498058083,2.222016838931326,0.7829951777143122,0.8018790309453757,1.714782527327169,1.1160287637445871,0.7815414115965276
2023-07-13,1.0044467179296093,1.1959018439277374,0.7356243244342019,2.3556203159694284,0.8280469617892782,2.414291079959568,0.8181036508444999,0.8062299102747232,1.7738547366822717,1.1387484829752472,0.7927225070738431
2023-07-14,1.0064232568074065,1.189794885640142,0.7344051155988153,2.358532745080637,0.825032105953345,2.5397287574515865,0.8188111345614439,0.7901128020706744,1.8009411928009467,1.1331827703385258,0.7928607812695397
2023-07-17,1.0034350054886825,1.191443633966587,0.7249750669777569,2.3081125944412766,0.8385165844282388,2.5318069283702704,0.8067307105378047,0.7857800194521086,1.792364002179044,1.1248764663043995,0.7863684010927724
2023-07-18,0.9988029138003115,1.181932081959764,0.730992646347064,2.2867383046980962,0.8386221120340444,2.438918824947872,0.8040671774828813,0.7837610168160792,1.766106111793896,1.121295187485398,0.7838802789478548
2023-07-19,1.0041022235656776,1.1822142859676477,0.7292209700498902,2.3106373817062296,0.841983362700646,2.405066499048465,0.8044294425165498,0.7709400577629888,1.7634603353691223,1.1214728090037076,0.7830520571845132
2023-07-20,1.0090257257792932,1.1641173345176734,0.7253653607294054,2.277782749633565,0.8382725386310546,2.1926726699902046,0.8060219975518204,0.7686879092517612,1.7095034604832748,1.1152842415976183,0.777526986344406
2023-07-21,1.0096604843789312,1.1730836377533485,0.7297537876570851,2.2630988193184005,0.8493195211160834,2.1262465172528975,0.8219471358089814,0.7680022237170275,1.6945038312833163,1.1210897853322215,0.7771640165807022
2023-07-24,1.0062883906748603,1.1834426330621663,0.7323943313805255,2.2486895366648505,0.8367210989702661,2.1790001603402955,0.8100992081916321,0.7529105991666842,1.7068688862525279,1.1134196018411657,0.7737704017983773
2023-07-25,1.0371115754473568,1.160349068763743,0.7398949139991592,2.3068296923961453,0.8279691865820227,2.2051085938768304,0.8629250978994975,0.7757267876178189,1.7235219877898997,1.136927004678392,0.7961167318893841
2023-07-26,1.0383719159412304,1.162778129293714,0.7534730441578642,2.2771224520960356,0.8305335207799693,2.117552123191599,0.8626644785444383,0.7758497327020067,1.7002428150602669,1.1360629664969786,0.7944692355165399
2023-07-27,1.052676349550564,1.1639177650494044,0.7590939278851454,2.2694543235450855,0.8401962842229751,2.060938930278156,0.8747805506849974,0.7806027170874901,1.6898331040243142,1.1428379187708784,0.7935202271763692
2023-07-28,1.0863127698347421,1.1713787377868303,0.7701047553643937,2.286335195801806,0.8437284174055986,2.0423554517174827,0.8928744384004133,0.7892872093386107,1.698161493216308,1.159668982477722,0.811900934672559
2023-07-31,1.0955692785475337,1.1840369853499157,0.7405066939275061,2.2633921961981605,0.8700552084725398,2.0421418273204215,0.8881965178573921,0.8074879174538501,1.7007382280789973,1.1624293203897322,0.8163525503963686
2023-08-01,1.0921829868356985,1.2144428389141335,0.7384386873170474,2.291006034225525,0.8493485134034414,2.1154379324512984,0.8779317102193318,0.790907985139896,1.7289121826778024,1.1595705093071327,0.8129711362783698
2023-08-02,1.061273758868138,1.1988305325022481,0.7288334611494072,2.2133869321546507,0.8364791906511797,2.1202605048226077,0.8729118005527517,0.7869065977391348,1.7084728691179003,1.139190035934838,0.8072559384191796
2023-08-03,1.0771635535082102,1.2088546830115519,0.7387975933802006,2.201082188611474,0.8416833074189881,2.1090262154475874,0.877294196980839,0.7958305935483487,1.7108184244366889,1.146575653682595,0.8143910902615308
2023-08-04,1.0812788522748131,1.1988077503765584,0.725976421237716,2.2072102649336465,0.8404206070897409,2.218820264165447,0.8817388325036056,0.8131524976400978,1.7370509492088249,1.1474360900902585,0.8175622462643085
2023-08-07,1.072220742126133,1.2128502105868717,0.6933570707986272,2.2233433896835586,0.8440764985177284,2.2687799895984795,0.8714004793799073,0.8070759839390372,1.7518665970122977,1.1380140193719697,0.8113752893845063
2023-08-08,1.0655600346111964,1.215152047969129,0.6959284558175796,2.2368721431080965,0.8347421762856506,2.195900964171616,0.8705375175403268,0.8060087624895256,1.7355012621522126,1.1372089728768218,0.8092562373354556
2023-08-09,1.0688464587174595,1.1950897042306636,0.7074941495726593,2.2282607029970167,0.8233019791463335,2.0630239152399827,0.8734158488700942,0.810883816654792,1.698998978055603,1.1360549034827685,0.8067821459545133
2023-08-10,1.063329171038724,1.1991696158957965,0.7116405022605247,2.281047602608687,0.8329848219760545,2.0225175131789643,0.870280451463423,0.8153752092307167,1.6952044493975205,1.145012824941117,0.8084398095476292
2023-08-11,1.034886773896333,1.1756364999739908,0.7002360701957558,2.222594754746437,0.8080118014401252,1.972289272240979,0.8496653985464984,0.7955242203122262,1.662232576893091,1.1179472512346849,0.7898413201932171
2023-08-14,1.0171358174844032,1.1882477644125935,0.7079466014749721,2.222294577476364,0.8070372559462052,1.9710329459787044,0.8358257896083726,0.7737364335603479,1.6600974347324495,1.1121699094823878,0.7840769129879114
2023-08-15,1.029936988353776,1.2041982727417622,0.7029106070084894,2.232092200127914,0.8036873520946336,1.951500952989256,0.833352311342129,0.7644031066879796,1.6635783022516173,1.1124950897405994,0.7821715759089741
2023-08-16,1.0263437998633695,1.1905935221936712,0.7076425119751926,2.1944239548903015,0.799688482989692,1.9156237094144344,0.8363699033603862,0.759670616676723,1.6456243405232678,1.1067934424674262,0.7764368569868622
2023-08-17,1.0189075967265082,1.186058485979729,0.7169232249433181,2.2040582623323326,0.8053176784220564,1.929700742655273,0.8494287438865639,0.7615321025238081,1.6474244719364866,1.111670434571882,0.7790329550110663
2023-08-18,1.0193581154686444,1.185106287255698,0.7055610212746714,2.2008813477961424,0.7897370913704903,1.8392123340701214,0.830090669501368,0.7557911725188381,1.62375414455446,1.1010385148685375,0.769456043548237
2023-08-21,0.9986540084742643,1.1705170078287346,0.7017354586698324,2.174280947305075,0.7776770292116403,1.8655787375777315,0.826730891686514,0.7288775532066114,1.6186383902358892,1.0826310719924872,0.7583841440166409
2023-08-22,1.0123665448614463,1.1751099516432795,0.6909787426657672,2.2324390999002754,0.7789374313986535,1.9906912932848528,0.8261427144784573,0.7229265034583429,1.6631826997923573,1.0877203953305696,0.7642144348093078
2023-08-23,1.0098908031412395,1.1619583312918433,0.6816454404626764,2.2519967533939353,0.7736886935375699,1.881619400114912,0.8124431195758575,0.7000222673380454,1.6344926906897732,1.0751726121652574,0.7516898428452754
2023-08-24,1.0074352299130938,1.1435546638537835,0.706872234972636,2.2332133626071933,0.7829170892894546,1.9235184131774077,0.8377805034429504,0.7153577002540104,1.6381623348558692,1.090497315783585,0.7571384561889386
2023-08-25,1.019362790459501,1.1677003580335474,0.7058965346812845,2.2405606712824686,0.7925691064069824,1.7705660670607393,0.8370949241085143,0.7058285925600429,1.6089794574166358,1.0935861151575161,0.7542353081125258
2023-08-28,1.0396640526926872,1.1546968371555328,0.7158692297222782,2.292765589831168,0.7917000040381971,1.8200614072055137,0.8374921110962842,0.7149068640378395,1.6310754968674137,1.1035280630078022,0.7630740793836216
2023-08-29,1.0220770094598268,1.1469525268298209,0.7232656603303733,2.2679519064238955,0.7944706357874902,1.885830709412347,0.8553412934557327,0.7416838945031339,1.6393936814690726,1.1089894653010337,0.7706970544546142
2023-08-30,1.012164160969363,1.1324326157533717,0.7231089050880126,2.2648019449658965,0.78615207021513,1.9269183964788468,0.8522501370247149,0.74016409312062,1.6436207093235211,1.1026732957808971,0.7703723134391327
2023-08-31,1.010084009168597,1.1550622396083159,0.7167690952305147,2.2578323050948,0.7793499339960316,1.9412717969092756,0.8473640139395477,0.7318891831657177,1.6513617987709266,1.099774975160616,0.7656461827679844
2023-09-01,1.0146873333503523,1.1486385944285404,0.711035956592886,2.314627300961172,0.7847323341104981,1.9022358473274434,0.8657968888840122,0.7313230360913185,1.648046836436732,1.1092603885955674,0.7709784831117381
2023-09-04,1.0373001830299888,1.1528928650448718,0.7166526054128171,2.3876496025012193,0.7893890248222011,1.9274093197412383,0.896010014047069,0.7382169351319269,1.6703938012458897,1.1294565509602104,0.7826628559925081
2023-09-05,1.0277698332036114,1.164137191202098,0.7215228082718043,2.400416894923061,0.7855614956001735,1.854547121043202,0.8845970915402849,0.7318529065570741,1.6530960360806766,1.126466133992223,0.7768400889428422
2023-09-06,1.0351801806524388,1.1514536758653557,0.7076453072073475,2.407914065299963,0.7819629657073184,1.8616166684599469,0.8833032901506183,0.7252165171762328,1.654831734199845,1.1200886926320766,0.7751545671661814
2023-09-07,1.0309141544284117,1.144419650642084,0.6991329740186228,2.4291856619903283,0.77469055717979,1.7900973091679313,0.8693568268989518,0.7087976174027738,1.6353742194484082,1.1093198798321955,0.764264864221856
2023-09-08,1.0266845649732805,1.1635148549779313,0.7017955048838915,2.3845915119008367,0.772121662201079,1.7718642184595952,0.8664747121541582,0.6964048492282822,1.6288030477015316,1.1052216152206786,0.760506652920584
2023-09-11,1.0261625699226928,1.160400625702673,0.719404506664955,2.3991141097344264,0.7816672501347005,1.8335823860523746,0.87393275591755,0.6981561190161842,1.6466122138284411,1.113925959492072,0.7661075712239188
2023-09-12,1.0265604097935526,1.1666814377531174,0.7163393154116099,2.390328414702888,0.7953333003130775,1.8262868662511493,0.8670529630430439,0.6968266976602853,1.6452335497331507,1.1138845966409114,0.7646979878054351
2023-09-13,1.0270910788742253,1.1738365376649946,0.712686684695457,2.428538497325114,0.7871993437252315,1.7628878549764504,0.8684008169180827,0.6925643975537623,1.6343060783266494,1.1146259143430464,0.7598270759176161
2023-09-14,1.0401519694892287,1.1981704924047367,0.7134951300351977,2.4937172353297528,0.7819092300729337,1.7276035662100824,0.8652874514962209,0.6775391503241981,1.6409136439723604,1.1205574910968545,0.7591879644513301
2023-09-15,1.032101922111231,1.178564463728885,0.7263470261145932,2.4702147059945334,0.7797984022360306,1.6776275106103955,0.8490586568147473,0.6682884351706796,1.6175039219780207,1.1127543536553455,0.7541590539604872
2023-09-18,1.0320272977020362,1.1698983379820789,0.7360023892467202,2.469246810119032,0.7809285456905672,1.6569363892053934,0.8605202136589282,0.6811440310042738,1.6094116415751367,1.1189486320846598,0.7580091769330163
2023-09-19,1.0416570060186365,1.1762670263804402,0.7359452212520328,2.503529654277658,0.7836560492773317,1.673051266535004,0.855182942371198,0.6723323395493185,1.621794685981592,1.1208505987953583,0.7565432671142267
2023-09-20,1.0441413943748727,1.169161933401979,0.7367513419646164,2.515719910543922,0.7899206982893634,1.6827355407567264,0.8511909579484481,0.6626276237971028,1.6249390733257827,1.1184790373138631,0.7535313297809055
2023-09-21,1.037701821290297,1.1674970550491361,0.7261470371342597,2.498036159398186,0.7745198823835755,1.6830188019420007,0.8321342844404451,0.6517479775111423,1.6210615270257398,1.1042998168006246,0.7467711450221788
2023-09-22,1.0565860831903393,1.1586744333144832,0.7372708353640075,2.514601448472249,0.7815854608603279,1.865149857256711,0.8527599412489955,0.6635450282619686,1.678356058390611,1.1171255941569036,0.7602911078508214
2023-09-25,1.0549139230390614,1.1628102652196441,0.7473431114502023,2.4936933314381275,0.7790532635952842,1.8191930397568306,0.8459587366577286,0.6593016332927377,1.6641797173012063,1.116135984104101,0.7553439418109639
2023-09-26,1.0510196606706244,1.1617506354120661,0.7423679520689522,2.4814758716215812,0.7797576731654814,1.8649872259934706,0.8363139345950955,0.6463856327612891,1.6741117883922643,1.1087047607934017,0.7509291314245383
2023-09-27,1.0417513983253885,1.148166081864276,0.7570644452399348,2.484049677060461,0.7793393897699563,1.8825477803334687,0.8342052085986685,0.6561641605838613,1.6734070765825189,1.111773276189685,0.7524749555946644
2023-09-28,1.047118405827579,1.143858528411501,0.7536462417151165,2.493310092136368,0.7615181637537378,1.898166030683413,0.8239340493829966,0.657761905567646,1.6790022759191507,1.1069843599735303,0.7502426407117856
2023-10-09,1.0399530168447935,1.1578632715841943,0.7864892566599023,2.499644046470463,0.7390332046848074,1.8539338164447425,0.8200754241254212,0.6521951196200526,1.6694868530429925,1.1110981378653173,0.7492686210097462
2023-10-10,1.0399630992888362,1.1536460410873912,0.7731992033058703,2.4386057019783833,0.7495953334129851,1.8426304513482858,0.8121861811938198,0.6474826340744486,1.658627980569456,1.1011188881572853,0.7436561120753015
2023-10-11,1.0439950728424887,1.1461637235108793,0.7909116851257685,2.406144031617358,0.7433304245532637,1.8632788093847743,0.8115610954592302,0.6471609064116973,1.6598029277707782,1.1016407763031513,0.7457753674687576
2023-10-12,1.0640682216532797,1.1533003688586498,0.7962502220782604,2.4095762503449145,0.7497155251476619,1.8313012023330173,0.8108525040489101,0.661830734405124,1.6586932439212696,1.110259489749479,0.7528586664877226
2023-10-13,1.0642224353796585,1.1602056912454493,0.7918145460368179,2.429781127836027,0.7450032495591676,1.7704829941258031,0.7939846999615003,0.646308822505808,1.6461808723257578,1.1036131452307598,0.7449339283190626
2023-10-16,1.0605121497474972,1.1633308520642054,0.7840449148985225,2.464593432584899,0.7433271693641781,1.7163671557680098,0.7813008985719948,0.6302996611635218,1.6347993269961862,1.09699195342065,0.7374482107217395
2023-10-17,1.0639559514462593,1.1848615003017624,0.7793919042582307,2.4904163732943467,0.745772139674532,1.7135930748055443,0.7840777163168113,0.6306994924751708,1.6427889656919712,1.1030649539672512,0.7400520358333501
2023-10-18,1.0634176848486792,1.1631725504395458,0.7722457508446972,2.4906836839349835,0.7372870668103958,1.6808859114907173,0.7855339552906787,0.6329043290199544,1.6282612274866324,1.0975397133624887,0.7341906333466515
2023-10-19,1.0329949957418618,1.145486499953811,0.7629144345056573,2.4287568057313216,0.6994895239164624,1.6728296356974248,0.7518404292952758,0.6188790822210793,1.6072827097498001,1.0675137070029497,0.7185266071070894
2023-10-20,1.0309389184349418,1.146384127032015,0.7465861909852008,2.4044838850979073,0.6929425528431435,1.6411396278765134,0.7515681652903733,0.6226091915800986,1.5951477602113293,1.0614137348601327,0.7138586329358957
2023-10-23,1.0262023144302437,1.119806499649319,0.7493269263374136,2.389120218287182,0.6951920129614495,1.576595073910292,0.7541227379963934,0.6082161246346837,1.567243225504207,1.0544771454769482,0.7064680805203166
2023-10-24,1.0186072958233892,1.1383181221906769,0.7627527632130513,2.3991803335741864,0.7103566092696341,1.5630549793406951,0.7597466077354997,0.6044759050594081,1.566690005070083,1.062870824682703,0.7090883765287675
2023-10-25,1.0164135904578355,1.1255183148067762,0.7598987918767891,2.3327966703920056,0.7300286313955469,1.5196877182921587,0.787904523033523,0.6028221199621225,1.5429262478274148,1.064846200502518,0.7126119283861662
2023-10-26,1.028988957139561,1.1680893923771787,0.7710403696820323,2.367656507674571,0.7427024626763992,1.5385586782798328,0.7927888767396459,0.6121896693444917,1.5654249343701279,1.083782644187396,0.7145817256416267
2023-10-27,1.0310885010550475,1.1688830948864029,0.8112736704029881,2.351775785745393,0.7636640403564212,1.5380257977978276,0.7989291906414777,0.6372940644714118,1.5642219296024384,1.1057036834499834,0.7243910597598695
2023-10-30,1.0066127101763642,1.1749351062564872,0.8371407384810897,2.2756909711315334,0.7830854169752348,1.5785268989882757,0.8099253460741476,0.6518374399143788,1.563306189192625,1.1130132785699947,0.7287399865589337
2023-10-31,1.0025010839950235,1.1839903254137725,0.8380689855621382,2.306572849872347,0.7735795615817158,1.551833383626695,0.8143954311132531,0.6381401558331559,1.5598549293553312,1.1116322051223457,0.7264491084872894
2023-11-01,1.006112108030147,1.1842712231963,0.8362741692904722,2.3116222016715366,0.7717599545350348,1.538655585314157,0.8439310411001906,0.6312531913600989,1.5574483867921185,1.1151526945472037,0.7261483621116492
2023-11-02,1.016480981533892,1.186978194877794,0.8341153876532971,2.3305932169808456,0.7624804698934571,1.5431924289447514,0.8332161849109105,0.621440242548225,1.564224815649285,1.1122990964204402,0.7227244490129143
2023-11-03,1.0115638366437778,1.190213707575511,0.8327653419910379,2.3286837761085875,0.7685782565251885,1.5933132024809058,0.8453954113724956,0.6351314942340626,1.5787018878275372,1.1194729603216242,0.7288140039225125
2023-11-06,1.0113378697047037,1.1585778498482397,0.8512143635037109,2.241672679509923,0.7565577948843313,1.6283605861888129,0.846773230214338,0.663803818973805,1.572235916494648,1.117571492030955,0.7386705139428165
2023-11-07,1.008873487870484,1.1550603677057925,0.8437853593922379,2.258325427850725,0.7583461182350459,1.7547652618718632,0.839690101045176,0.6581312737240959,1.609362812750921,1.1139276236245228,0.7360577416773666
2023-11-08,1.004660261923191,1.1553659835660701,0.8574550958824323,2.2485128097808906,0.7529450842550451,1.7616203263547818,0.836726832423797,0.657204797792564,1.609034263970774,1.113580901477874,0.7342912888273422
2023-11-09,1.011834667015113,1.1712062168986257,0.8470677795298097,2.2966610222919113,0.7552116398168626,1.776606782440721,0.8348016254150703,0.6623829763528716,1.6244749825858926,1.1197559643626023,0.7346479549144773
2023-11-10,1.0036117838283725,1.1819735100214686,0.8498659322627761,2.315877679592807,0.7572874269653335,1.7850997550010905,0.8224811002606295,0.6536583636509469,1.6293588713980274,1.118680605357383,0.7292924733085039
2023-11-13,0.9987185182925645,1.1823057813180482,0.8380344438248125,2.32982099151193,0.758095351369518,1.8282536114099774,0.8116779803010233,0.6539271599671626,1.6415628422075905,1.1153651885566942,0.7278538116400427
2023-11-14,1.0000869280422726,1.1823448019075185,0.8356789686538252,2.3030738610115726,0.7633564108111008,1.8583178704475385,0.8139687002606519,0.6467920020838815,1.6469040723351411,1.1123377924183335,0.728391454248016
2023-11-15,1.0080786024545696,1.1879179830849227,0.8463263966625505,2.3303527608640344,0.7602346214000316,1.837838949850324,0.8208280171108047,0.6550263355615499,1.6481977044787257,1.121774628209933,0.7335130897877378
2023-11-16,1.0074453648815518,1.1909864171957218,0.8356980920115535,2.326938708067138,0.7526586348308577,1.780900938630551,0.8124900983664627,0.6381568125463243,1.633013438977888,1.1121025294534528,0.7264202335817174
2023-11-17,0.9998255136487899,1.1965445491120346,0.8406062722755137,2.311874827613438,0.7487954341871795,1.8651601357140726,0.8053627123703334,0.6360455757430339,1.6536417810443673,1.1099234381907837,0.7255468693603688
2023-11-20,1.0089847781517507,1.2014405821282534,0.8481611789864829,2.3170359067466584,0.7712922080542172,1.858149746000189,0.8066621779372678,0.6356648232811675,1.6560449678396465,1.118298011789303,0.7272252740828392
2023-11-21,1.0115740572867702,1.1967432918945808,0.8527521229284274,2.320396301625234,0.7695497095208945,1.8419236241984527,0.8232863294114864,0.6337339433129584,1.651736069037509,1.1214506677727811,0.7281899399422286
2023-11-22,1.0067461586823028,1.1928484824069294,0.8401868073968116,2.3237435178711174,0.7762354666501543,1.7800056222656035,0.8156434945808598,0.619714571684527,1.63326598546298,1.1136521036781486,0.7207371641385861
2023-11-23,1.0058870183117288,1.1962627431130612,0.8406469393444205,2.344415366126565,0.7789197977434453,1.7997730291267615,0.8121478335186297,0.622962649806132,1.6416757445550154,1.116984143375738,0.7242151668491671
2023-11-24,1.0050718153434484,1.19531672619576,0.8422074191000204,2.3591568223755157,0.7891222715223832,1.7273768877762514,0.8121151954742027,0.6034344299970599,1.6231470778048664,1.1148455701712552,0.7194343365329564
2023-11-27,0.9941921868625889,1.195520591427121,0.8396761688977294,2.353469401724415,0.7924431094461525,1.7767165374342118,0.79743223330362,0.5879639448132538,1.6335214355207208,1.1060878868991089,0.7141337579164507
2023-11-28,0.9931732330531267,1.1894087286695276,0.8564409520895904,2.347346767079588,0.7803768127600585,1.7905753787965577,0.7943181005857679,0.5923430750913767,1.634964846087355,1.1073672751356198,0.7154719674486265
2023-11-29,0.983227971270504,1.1836802987770636,0.8493774005149682,2.360202130527774,0.7797249218764852,1.778773889052248,0.7960829824642187,0.5735051672979102,1.629183371180943,1.1002591795943626,0.709327712893966
2023-11-30,0.9882525591707174,1.2060850725228012,0.8499622811218953,2.392672392186853,0.7826991357450159,1.809394427510032,0.8033927690281116,0.5755312909158695,1.647859704883843,1.108449692222184,0.7109333203192904
2023-12-01,0.9831586935888184,1.213120424093484,0.8406053326733458,2.394371016442424,0.7609663786682225,1.8669056806406306,0.7881202746620067,0.5704349838497793,1.6639541795959083,1.1007205634957002,0.7082243661500691
2023-12-04,0.9772941346123895,1.216431113921897,0.8190882161649401,2.4081460626786684,0.784826175831433,1.860946712969326,0.7749396632146541,0.5624570075055196,1.6630588990231725,1.095794231602814,0.7035997043372334
2023-12-05,0.9590861371797184,1.2126369740290415,0.8077034740610047,2.366851382973253,0.7755009359602173,1.8157970180486005,0.7527369545950031,0.5532778873870934,1.6401727016268783,1.0779885209519893,0.6902031715626905
2023-12-06,0.9493833624918327,1.2056611241385042,0.8093300346083887,2.3350504503656397,0.8068853281437269,1.830356730021067,0.753364295170668,0.5715395595408663,1.636107195944191,1.0849534340664437,0.6912892340321253
2023-12-07,0.9524904946020414,1.2177166493286995,0.8000096282357229,2.3093687064246278,0.8147969961285688,1.8742343657632996,0.749901928901156,0.5662890030385823,1.6484934654117627,1.0813871699175173,0.6895982219565178
2023-12-08,0.9523742424392332,1.234090299922187,0.811781182339043,2.3476474893769628,0.8003430084570462,2.057812140308547,0.7582576337362223,0.5619132773821384,1.7051484020040226,1.088088321778709,0.6912615791929859
2023-12-11,0.9599402802322634,1.2417679724766086,0.8216461213807662,2.3480062665085706,0.8165619100998975,2.0780484144888285,0.7373804214083667,0.5650820128745407,1.7142480748724331,1.0904046622988963,0.695327043890872
2023-12-12,0.9733475890547938,1.2543765259257829,0.8148923697656718,2.3696062709611763,0.8099478834283916,2.024408868028724,0.7465267441125648,0.5580709456363486,1.7104931260296332,1.092262011870828,0.6968212185820172
2023-12-13,0.9617616227352259,1.2528413258192035,0.8086470264335117,2.318691936903161,0.7912393448327748,1.9904748344232124,0.7134698748483309,0.5411712505381184,1.6920238213732897,1.0691295693944876,0.6851903252798769
2023-12-14,0.9566243756554841,1.2529769430245175,0.8090282554815162,2.315526881067649,0.783370635542793,1.97931164704138,0.6984405776399936,0.5367627189776751,1.687316268735486,1.0630671575366148,0.6816031266235767
2023-12-15,0.9508629654501531,1.2322362461564955,0.784615277009538,2.295215030834888,0.7849253198573857,1.9263631335405245,0.705116731885501,0.5385516677090552,1.664959453362446,1.0551398524299787,0.6794859046741749
2023-12-18,0.9571713896123509,1.2489836866519444,0.788484496593433,2.3193245961784967,0.7876452213855779,1.9587493333679107,0.7090583930425896,0.5215719487521399,1.6818841988843323,1.0571277316312901,0.6770079497495293
2023-12-19,0.9595552134624893,1.241617377899844,0.7772226548192745,2.3279688139582406,0.7818558765733072,1.9707851382601131,0.7091645171674736,0.529986827834697,1.6850741822440312,1.0563718772013173,0.6779585848449435
2023-12-20,0.9545652634809176,1.2499250063719005,0.7732447175388067,2.341937341074258,0.7723908347460713,1.9049750666883138,0.7009627158270301,0.5241017553847445,1.6702971858393374,1.0514859843837965,0.6705285836147099
2023-12-21,0.9631281914330391,1.2415651962820893,0.7758073796751354,2.334625899309017,0.775819500831714,1.952547757861528,0.7131465816267024,0.5422065727341091,1.6825770578040884,1.060508303049651,0.6773137797353053
2023-12-22,0.9658164418929458,1.2378580392327958,0.7709104878227444,2.3809464497972024,0.7788339761814972,1.9000443847143502,0.7123358079279329,0.5501168237961442,1.6745131816022432,1.0654886660378156,0.6786066434650687
2023-12-25,0.9679252027179802,1.2465919227673736,0.775753550096096,2.407389027942633,0.7780446201739978,1.903823662655464,0.7210480774855712,0.5516549957570689,1.6811903684504041,1.0721519508899102,0.6806854333218432
2023-12-26,0.9656857263158655,1.2536981229798283,0.7679265454734371,2.4042998069406987,0.773077351050664,1.8599072209510037,0.7167583341143298,0.5504989312544356,1.6701455362283835,1.0681860453099234,0.6760774457502532
2023-12-27,0.9685123658571505,1.2754375619310505,0.7720397601390746,2.455877394111708,0.8060076387884942,1.8476766721276967,0.7151202789967942,0.5438037762820453,1.6784636828834074,1.0807861637095975,0.6784295304879339
2023-12-28,0.974496616835466,1.2504356674296753,0.788925581298932,2.432483655747598,0.8030301247020458,1.897901079154451,0.7488161940134733,0.5824008316164843,1.685731159152648,1.0992109607312475,0.6943276061381529
2023-12-29,0.996814415365201,1.2600986365904756,0.7916288105277566,2.464798746510542,0.8113208373128281,1.9316741906654775,0.7469372991211988,0.5795847942613381,1.707068394759458,1.1086306687563545,0.6976970229362309
2024-01-02,0.97467744307928,1.3044224893441365,0.7813130488275754,2.5081261697818964,0.8183900322295093,1.8906873873265024,0.7203292967728513,0.5602511901146994,1.704892670683613,1.1004534206428427,0.688595734037717
2024-01-03,0.9818127420127744,1.3310363175446125,0.7741492123234756,2.5504235827818142,0.8105952498934091,1.8428363031149415,0.7164406505690554,0.559487453431828,1.7046175295559514,1.102752994720056,0.6869577948519284
2024-01-04,0.9862117481841618,1.3308431554458857,0.7665141275396551,2.5919973965046132,0.804345714505817,1.8440963227824638,0.7000577663822233,0.5455072043211454,1.7108299660727724,1.0958432862177492,0.6806042989040741
2024-01-05,0.9924068221355231,1.328594394701599,0.7461433700386321,2.5884448319914486,0.7958341898703816,1.768115528165573,0.6935567246284916,0.540108711466438,1.6906015236405105,1.0871630365905158,0.6769560969261431
2024-01-08,0.9857198782531971,1.3188163493869627,0.7349667551730825,2.588573938493139,0.7686534931433439,1.7230330351418155,0.6816653643134537,0.5359257515762392,1.6737114597650542,1.0747389310124984,0.6682011035500871
2024-01-09,0.9864588822921753,1.3198764077482115,0.7362119373866449,2.598881898349438,0.7684606526137243,1.7692184537168918,0.6782918044563305,0.5401130570514532,1.6887146376455278,1.0753894830915867,0.6695112515543126
2024-01-10,0.9805939806014731,1.319372278183211,0.7267117299270494,2.5714817744234963,0.7553042165662242,1.7321962937918138,0.6825143149670848,0.546642579576571,1.6733651531497646,1.07068810048047,0.666385848042758
2024-01-11,0.9755088483589631,1.2980315747114117,0.7308703155235414,2.516768735839014,0.7694496464193258,1.768957620257117,0.6856201155019622,0.5660393724710951,1.6721276357518062,1.07370923340645,0.6701564633527616
2024-01-12,0.9811702475888064,1.3168724867075,0.7157702520710131,2.5363548876170077,0.7807947005271274,1.7126662901020506,0.6799789034390449,0.5648314454917873,1.6639959759695555,1.0744940564697678,0.667816985968218
2024-01-15,0.987400700791634,1.3187041217127924,0.7125391184340328,2.5795128130025198,0.7642042809293366,1.7418146900183455,0.6714344419212057,0.5564412044130324,1.6793578226373609,1.0709706065953382,0.6671567266837667
2024-01-16,1.000370684029186,1.320839873052685,0.7130165045520976,2.5840263570680913,0.7740162434584333,1.7572603157464097,0.6720623051539423,0.5678492871184128,1.6884449446390999,1.0784547008383578,0.6712146676386517
2024-01-17,0.9914713719701151,1.306456510677681,0.6983383101749125,2.5523746533471616,0.7555346160396391,1.746154289128115,0.6471334589054185,0.5449633554848067,1.6762288474400169,1.0540733799312623,0.6566157593947645
2024-01-18,1.0005208983306915,1.2994659169686338,0.7156191279606082,2.553887542744218,0.7565470634708388,1.895181175782616,0.6655262917678917,0.5602836474780267,1.7203672199562858,1.0687104249812294,0.6658978214697111
2024-01-19,1.005273089204512,1.2915636257744527,0.7177738215989489,2.5224112416111266,0.7473295098080862,1.9177299764025348,0.6721196029824391,0.5604014811760251,1.7225922320105895,1.065621360493373,0.6648906566295856
2024-01-22,1.0105161075413036,1.256725210532511,0.707740441379272,2.496967564042415,0.7160009617828575,1.9307254348563698,0.6629154568679941,0.5512368540552841,1.7169514045705363,1.0484905011374561,0.654545713347424
2024-01-23,1.0077846671267394,1.2728102725910977,0.7075496372464049,2.5147086089813233,0.7190722168495977,1.9866000151115546,0.6593228656521699,0.5562477905289281,1.7367800861872171,1.0525386180141953,0.6571954942946632
2024-01-24,1.0241479237112092,1.3102665069094173,0.7152356046110766,2.6049910532463643,0.7168048336133881,1.9724883400922317,0.6583819982728418,0.5508711938508272,1.7566894951675627,1.0641466928232397,0.6663817811546493
2024-01-25,1.0415163168548034,1.3413665959271026,0.7186385666750627,2.771997841584751,0.721604721921205,2.0306115918300596,0.6723465204180704,0.5579471739333072,1.8029037281157079,1.0890385768949484,0.6797638764764062
2024-01-26,1.0580737076557682,1.3587313812797939,0.6950784334210097,2.845049043863855,0.7287244517260378,1.937781239011334,0.6741409561687751,0.5404796573602224,1.794763141105006,1.0883653753429094,0.6779138490757476
2024-01-29,1.069399899411154,1.3782656361186296,0.6640539436913439,2.839242354841617,0.7190977347434073,1.7736896311285668,0.6794574310839613,0.5142834627663805,1.7560609048971658,1.0744631919973051,0.671841781785017
2024-01-30,1.0591266612552015,1.3740242989886384,0.6467851408409114,2.845072873529612,0.7101786958457534,1.7237125588041484,0.6547352219088718,0.4976155054369702,1.7381055583365836,1.0559367367416943,0.6598605260723102
2024-01-31,1.0607112501318794,1.3923622210153415,0.6292366543573851,2.8820277115243806,0.6969769736447682,1.721416436953625,0.6469504741495746,0.5050752436233329,1.745473269487627,1.0532537426534683,0.6538238407081254
2024-02-01,1.055266775857831,1.380396145799029,0.6371944861731272,2.807837881736914,0.7060355638814562,1.8441510373948315,0.6513771449737485,0.503217286765587,1.7713261523496777,1.0508764497982215,0.6543035301605493
2024-02-02,1.0599488253737461,1.392314381630685,0.6086736052327927,2.830568602207239,0.703822545483799,1.8191646590259951,0.6472984237275614,0.49077254651759655,1.770374962240506,1.0407613940660685,0.6465595651683222
2024-02-05,1.0794595508347986,1.4060201123219485,0.6238646181378587,2.9155075772603656,0.6887828750091616,1.8715314336358104,0.6601660674380962,0.495448815560084,1.8028536480530357,1.056195095413895,0.6507879087349627
2024-02-06,1.0964364069716293,1.4043893424788685,0.6725451038303182,2.8741430104522503,0.6993761654842897,2.0608191838953602,0.6903653640120819,0.5234675799875462,1.8576701879297606,1.0871850045660487,0.6734140407278497
2024-02-07,1.0858338304225872,1.393428253761662,0.6899830846831099,2.909874432634746,0.7109753644691634,2.0665108124656886,0.7041083381867009,0.5291078995127567,1.8576480213312803,1.1010539748357902,0.6799084543486714
2024-02-08,1.0812376296620676,1.391933815697963,0.6818548778280311,2.8947460253170507,0.7244175794064209,2.140871157531761,0.6994679049973781,0.5381143622183322,1.8744492060826026,1.100940360417082,0.6842396901844626
2024-02-19,1.1048670694706224,1.4658229276683827,0.6814815895209366,3.074850339597543,0.7094185306615465,2.4649907771627944,0.7036741792935205,0.5368829865963074,2.0024330208254693,1.1208623871808463,0.6921453139790116
2024-02-20,1.1112372119838332,1.4732745086968233,0.6874329574203192,3.073074888990568,0.7296630031930947,2.45796594960742,0.6945607518068609,0.5265667178127225,2.0041490909689097,1.1211948164240384,0.693578078659715
2024-02-21,1.143431471431295,1.4487725579386284,0.6971846502683918,3.072420183170303,0.7310946819394812,2.3254878820958274,0.731015459548244,0.5365456858967667,1.9757944443527031,1.137948466218361,0.702935378164673
2024-02-22,1.1446449665813752,1.468670502625365,0.6956234003128051,3.220096835784667,0.7344427445983938,2.389420037123894,0.7350135110788579,0.5366704821142858,2.0127899941253724,1.1515087695492945,0.7089958548242937
2024-02-23,1.1565773980043235,1.4709783576729716,0.6921587456561519,3.1682364343447023,0.733297353780806,2.366440651587744,0.7386560410812123,0.540334582400091,2.0056042933217113,1.1504386179608277,0.7096195121157666
2024-02-26,1.1214008625708574,1.4213684970289262,0.6952745372075568,3.103037966649301,0.7380355873035468,2.371104672868425,0.7295193276108582,0.5352253560256813,1.9784713880859632,1.1363566427306773,0.7022212326127809
2024-02-27,1.123782435448597,1.4244648077191955,0.7009684473614958,3.1189092019183278,0.7531032579177955,2.5524819596252355,0.7277089905421168,0.5462334098084968,2.0269794219074506,1.145802855163554,0.7106453846411922
2024-02-28,1.1221119437466034,1.4391803977845379,0.6897633445154564,3.104882895207109,0.7340780904708603,2.3687708765133206,0.7263303068500058,0.540015906790709,1.9846813004399753,1.1367441273445131,0.7015910683003342
2024-02-29,1.1281432217716336,1.4390656753037545,0.7005159556818118,3.0970349722412,0.7374195741989839,2.4507272297436584,0.7450166136566235,0.5619833845906494,2.0061969802391797,1.1508925516743147,0.7149758070993618
2024-03-01,1.1283639946619615,1.4211531441519953,0.7015815147434619,3.079036446590785,0.7279008916412212,2.580102901021687,0.7478087432123419,0.5685479852588472,2.031929845385127,1.148103537823313,0.7193926509298416
2024-03-04,1.119314882366734,1.475964402281836,0.726082889183128,3.2131291134272884,0.7305067671856957,2.7057599903083696,0.7369367474998426,0.5671802859042026,2.0867116653811,1.1676155521304636,0.7200159015325036
2024-03-05,1.1453697691293467,1.5039060457798143,0.7243029665624036,3.2315615460932543,0.74499586451385,2.730909221788918,0.7478210892730747,0.5691769882996781,2.109204922281321,1.1802706924430466,0.7250273244044789
2024-03-06,1.1286461795208969,1.5092471362356674,0.7213508388676007,3.226044893202774,0.7398111999165368,2.6878913774882993,0.7344976161008416,0.5768910327474602,2.0947531253024176,1.1769837887881802,0.7220857442354387
2024-03-07,1.1335095569388633,1.52369229776197,0.6882796172560817,3.296521111417682,0.745627084566999,2.660573283646227,0.7316956420898233,0.5625217647850511,2.1008390980285037,1.1708985501872493,0.7177488147562953
2024-03-08,1.1292380309243666,1.546980898336718,0.6799834257607653,3.363462701202122,0.7309837247358806,2.8491422249769474,0.7281200827719165,0.5717328010303974,2.1566507591264976,1.1742211377534737,0.7208376162748713
2024-03-11,1.1246090260185455,1.535957379831501,0.7055223425465942,3.2491795976359934,0.7453166371400566,2.8549115828116154,0.7477934518688748,0.6382350498188245,2.1417130893315246,1.1990861044595689,0.729856754033589
2024-03-12,1.1132278084458345,1.4607239373388727,0.7297677797822806,3.095294911678687,0.7503935387116061,2.7425700077053667,0.7912449249851053,0.6476499533754082,2.078427888920451,1.2003535649080237,0.7315302784903289
2024-03-13,1.101423410017528,1.482856391521463,0.719878132107983,3.0993041691843244,0.7336182493259888,2.730833455537726,0.7871756901787588,0.6454126806559849,2.077783680262556,1.194435623635498,0.7264196235485006
2024-03-14,1.1023866543614804,1.492604051488589,0.7125520645211071,3.1387156192397256,0.722640034996817,2.7319955551106245,0.7874761370996856,0.6453686920772251,2.085031795131868,1.1945836143998692,0.7243581179661884
2024-03-15,1.1063604444195985,1.502752523466062,0.7020847191115199,3.1129150495310864,0.7235069669659321,2.864428184630776,0.792980199616802,0.6330378642763392,2.1161120504979576,1.1889244878279759,0.7259381039964278
2024-03-18,1.102109428956137,1.5242830418059345,0.7102401562714039,3.0942003415267667,0.729006583921693,2.993239899778838,0.7901985605049037,0.659060630532894,2.1462377522621483,1.199920646098623,0.7327572586327311
2024-03-19,1.0891038042294159,1.4992889976784192,0.7006280223018557,3.123864655478087,0.75912563062895,2.9349961393419175,0.8012955845740947,0.6500878319441834,2.1270518094075976,1.2000289777557853,0.7274910452207443
2024-03-20,1.0998492472868187,1.511583343238732,0.6909093615751798,3.171050370927041,0.7647017513146357,2.8919736685607496,0.7976850412510699,0.6539964510793064,2.129457559952496,1.2043448796710359,0.7290677777404966
2024-03-21,1.1082108426881965,1.50359362109772,0.6852146137674932,3.1728328339643643,0.7976518669588606,2.865819264757445,0.7992044114163825,0.6515239138341086,2.1247018104760182,1.207474570073767,0.7281946168635536
2024-03-22,1.106068909561532,1.5150327844044307,0.6737753960184103,3.146628627833743,0.7766336907882291,2.8955173687884375,0.7829953543986983,0.6404780145575704,2.130392232037429,1.1940161833054974,0.7208563239601716
2024-03-25,1.112435601180051,1.5218809760846792,0.6715047302650626,3.2166204517395345,0.7700120054529901,2.82106736277955,0.77881553131678,0.6316291169317603,2.1255057689970895,1.1957513662497805,0.7169441809439844
2024-03-26,1.1312298682799486,1.533377157909985,0.6669740619722696,3.174901109869411,0.7750050798637103,2.735122816896706,0.794283924946193,0.6510825290130443,2.1101458851584582,1.2051528382186387,0.7206011267313491
2024-03-27,1.1381024098583814,1.5392560390792136,0.655287041224915,3.181716622408504,0.7680632713231449,2.6323813490353785,0.7829234281646416,0.6301554792564531,2.090606343121031,1.194295827018515,0.712272139884682
2024-03-28,1.118624930902637,1.5481000201767525,0.656202268684633,3.1879084690382626,0.7649362408563767,2.6869899112585873,0.7833548688384674,0.6317528261758585,2.1003341321510933,1.19343417760887,0.7159685344867015
2024-03-29,1.1147111130824707,1.5735254948106396,0.6512922990369091,3.2982647686096755,0.7815858720560482,2.666537006854502,0.7835308565335458,0.629365112760185,2.1121802779291845,1.2044083500306713,0.7193275807201022
2024-04-01,1.1235772084212525,1.5420220835358993,0.6673023662409198,3.2520673933911697,0.80038978534747,2.7738587550701816,0.8055000021437748,0.6584838380306614,2.128504593865526,1.2198999110123043,0.7311547013734884
2024-04-02,1.1251686768182494,1.544528791048828,0.6592255347488295,3.3323800134518926,0.7867049777805163,2.7367136304404234,0.8031045966564613,0.6595815528936174,2.1297937033548098,1.2200810045615746,0.7281104322797028
2024-04-03,1.1184839293772746,1.5445786352723383,0.6553935242583842,3.381927143628209,0.806146821126589,2.6197199984843027,0.8032789666688276,0.6476777283369184,2.1056596378527805,1.2216906915430712,0.7254927797485226
2024-04-08,1.1297358587170536,1.604360391544997,0.643574396185541,3.3776377953173453,0.7999821154612597,2.665423258060092,0.7665300211200822,0.6378671853349444,2.1333485213917682,1.213746891452513,0.7191087821398527
2024-04-09,1.1205861903990944,1.590735631581658,0.6530619591128247,3.327586144973624,0.791837289103852,2.658627980471376,0.7614253252770433,0.6437809975843267,2.120548869351792,1.2098627188925062,0.7185148131315736
2024-04-10,1.1283647484827837,1.6088570242476212,0.6390822192227209,3.3654336629429142,0.7790478930316508,2.5755040308282133,0.7511645304540415,0.6329498955387494,2.1111579791431665,1.2034289364279378,0.7126629678319304
2024-04-11,1.1220963236830488,1.6230571842116226,0.6249031058621517,3.374168550212236,0.7596813323349202,2.583927117775241,0.7521609902174766,0.6293217634633665,2.115293465148182,1.1963349699240775,0.712568616027808
2024-04-12,1.1142624050762522,1.6106896027979527,0.616025915906001,3.3659290526699155,0.7380857055986041,2.7244490984743988,0.7360736619166235,0.6111930997503375,2.143795713057653,1.1785078259091797,0.706792414846987
2024-04-15,1.1424165559699737,1.64512953334561,0.6239440099651223,3.4977143282279224,0.7385903006480956,2.7451203410713365,0.772621966178977,0.628631871301131,2.17933236273648,1.2099440972938056,0.7216847490679186
2024-04-16,1.1494454312559943,1.6204907572950547,0.6156966418559142,3.5402521391452093,0.7315460861140489,2.6827868273711077,0.7600572627259681,0.6201562472821643,2.1656987488903066,1.201329464094479,0.7139655920931546
2024-04-17,1.1650591509572386,1.6356307373124324,0.6260222893087349,3.5394540691368217,0.7395946833655903,2.7969913262717867,0.7571165874223172,0.6238877599464357,2.201550426957309,1.2102350537898356,0.7250047531754755
2024-04-18,1.1727047785150018,1.6005543422380337,0.6177175504071791,3.4745330939395647,0.7442666215481025,2.7857295501432486,0.757950376256509,0.6193356777234744,2.186700114202447,1.1999040399691898,0.7258992652149895
2024-04-19,1.1753265916337652,1.6005588683424576,0.6109492538684195,3.561832366321919,0.7377528040840927,2.695374555907384,0.7460155315028689,0.6038182101562083,2.175395270714239,1.194627180671646,0.7201771536460145
2024-04-22,1.1641269870344684,1.5988667642885275,0.6057544925291266,3.409585685354555,0.7674214056748958,2.5540728796050387,0.7589792568532706,0.5998197957812895,2.121846893878801,1.1898581852940713,0.7179897778767373
2024-04-23,1.16504919587086,1.5646920031128628,0.6023747472200605,3.344358251366986,0.7644948906232929,2.579455073477097,0.7719534912957619,0.6023508077858101,2.114128849766611,1.1833005282681786,0.7129712379505716
2024-04-24,1.1627054108885329,1.5980355842082588,0.5937838067225981,3.358075072833805,0.7598997831280315,2.802720727005777,0.7768388022312526,0.5976241218168332,2.177270609951202,1.184190993119226,0.716102131761073
2024-04-25,1.182003894137648,1.5860389478988137,0.5941926195367244,3.3798561990344886,0.7609991224131476,2.7750363199868104,0.7713361544926972,0.6123323979155515,2.176471243182388,1.190664146461169,0.7178628909677451
2024-04-26,1.1769472907310101,1.573040934968878,0.6081195933531413,3.406270817540139,0.765972918037482,3.0132524168031702,0.791388845975613,0.6306199801391984,2.23083172337312,1.205731637538505,0.7288410487284351
2024-04-29,1.1821801042962687,1.5525510209070459,0.6273209443806093,3.284061270439004,0.7645888917229968,3.064368448655623,0.7978414164873088,0.6604501583680626,2.2256552042596645,1.2123277966799542,0.7369022309931427
2024-04-30,1.1920002234622156,1.5921898859417747,0.6218041022003232,3.3409633169607496,0.7598141116257633,3.0476792078899804,0.7961944240923262,0.64806614995635,2.2409980383032644,1.215577230257728,0.7329333548878387
2024-05-06,1.1953245150772898,1.608961392289835,0.6478424541353084,3.274250578611604,0.7638382538022268,3.0339254660125334,0.8241541403002676,0.6700386447191108,2.235481891136806,1.2365605026370974,0.7438088237237835
2024-05-07,1.1977587416636792,1.5806697845034348,0.6468136505919667,3.3000822696313876,0.769857180051658,2.9782214705821133,0.827767677718741,0.6749964620098391,2.220315399868518,1.2377266309590642,0.7440388062463318
2024-05-08,1.1976573225749632,1.572428669737794,0.6353953182000684,3.3639725986126847,0.7947092458333946,2.944832588266163,0.8213508322894557,0.6593630688052652,2.2180514326054945,1.2363960043471025,0.7381855375358506
2024-05-09,1.196499569585804,1.5702535002278648,0.6415982902711164,3.339269278573098,0.806303114320982,2.9336906991003637,0.8198958774701016,0.6793542791605993,2.2119503618942877,1.2431610712247716,0.7451679777297192
2024-05-10,1.2120973186966486,1.5920103338243645,0.6349380124757569,3.3500332728055895,0.8161337518533033,2.873757416720039,0.81391185108428,0.6707779505310585,2.20949600616411,1.2445616045135257,0.7455169167294476
2024-05-13,1.217958918249801,1.6167980257915038,0.6335727699948246,3.3188449544538923,0.8315940367089826,2.8766356799405,0.7924889324792165,0.658333471576176,2.2142460326368933,1.2406299741446118,0.7451944125024258
2024-05-14,1.2049279598919176,1.6298770031587362,0.6381324996596115,3.2892337543076766,0.8399630930621519,2.8152444724846677,0.7929636496122646,0.6518791081683938,2.195813873471449,1.2403506348971924,0.7436396411784606
2024-05-15,1.2015462141111442,1.6012722973548659,0.6253686748596269,3.279093120040846,0.8231480395654586,2.842362889037849,0.789231497579938,0.6497501359210086,2.193581122359147,1.2265779713251854,0.737338201398398
2024-05-16,1.2248092784991234,1.5788490685208632,0.6258279746967021,3.24723322333394,0.8298427846320761,2.932427941331885,0.8002830442536789,0.652802374142144,2.2128398570684578,1.2289539037884507,0.7402466364293521
2024-05-17,1.245472657951893,1.5828915077627026,0.6243901088355757,3.2680938817286176,0.848747173364582,2.954151499830441,0.8119559834153565,0.6516168548753959,2.227293270165346,1.2367223971469903,0.7478946228622133
2024-05-20,1.2488793052508906,1.6032756553909233,0.6232611979141909,3.370146855474041,0.8885723279213606,3.038161719220676,0.816522704399521,0.6527579101353117,2.2636829789876782,1.252316856910302,0.7505364733776405
2024-05-21,1.2590407362717924,1.6137241553597892,0.6158426584942844,3.384562762372816,0.8928751709147174,3.0105412010088792,0.8109943831983574,0.6451847624641496,2.264651379241053,1.2498976169238047,0.7475267728327791
2024-05-22,1.2651264120670438,1.6114227116255753,0.6190949406315526,3.376304526785506,0.8908094754404429,2.975127057818365,0.8010130387062906,0.6633956734483366,2.2570245448699104,1.2530093348424363,0.7492124979538454
2024-05-23,1.2564212068851546,1.6121349927290374,0.6112639641274531,3.350359340469929,0.8760133528583639,2.9622491166780733,0.7925137201294996,0.6533772146760846,2.248780863321102,1.2404667986777143,0.7405380289623421
2024-05-24,1.2400895711465898,1.6563953772058364,0.599999321902041,3.3439519058796354,0.8872933554389747,2.836369793013308,0.7799266829900828,0.6388426044582001,2.2248138816922998,1.2350278420850433,0.7323397925683705
2024-05-27,1.2589207335829333,1.7012982198168165,0.5991472118936739,3.428937439959395,0.8938910078337751,2.931494095526985,0.7781639764973417,0.6361765748345624,2.2723047624678014,1.2486886523459546,0.7393008815996682
2024-05-28,1.2589749665916052,1.7131230034421583,0.5976712802149574,3.486480306225337,0.874118955732115,2.861566500831505,0.7721626253167373,0.6296449184573002,2.2650477912846436,1.24710338858133,0.733904934457013
2024-05-29,1.2477246241249313,1.7164283621860612,0.5977082169129834,3.5327014465756643,0.8806594879358279,2.852772078008387,0.7684166925289353,0.6509878859286846,2.265319087387112,1.2549759302109147,0.7347894826206606
2024-05-30,1.2361434747251085,1.6948482736651693,0.5879806575645218,3.4539681801198823,0.8639842507315079,2.8346046072898288,0.7536488333652517,0.6579863560581762,2.244325426259667,1.237964558238781,0.730883236592231
2024-05-31,1.232190314119461,1.6994319167718874,0.5839127613940552,3.4345050997816253,0.8553784609681054,2.8154968314476196,0.7533182845257702,0.6571677649060577,2.2374944002245867,1.233958471849281,0.7279577206312203
2024-06-03,1.229384017657968,1.7383540296143123,0.5841995700840567,3.471376782140594,0.8727279256684756,2.9788140117736557,0.7518944038577091,0.6746005639511491,2.288126261683531,1.2463551709949967,0.7297518283203839
2024-06-04,1.2349602732099005,1.7557826614877694,0.5955996619995801,3.402459701835061,0.8729095621323129,3.004567250033018,0.7584306322373723,0.6988142656378431,2.2920430149800666,1.2568677284030199,0.7352264697479429
2024-06-05,1.2272457997509656,1.7744279533651581,0.5950958033706623,3.3696621976476453,0.8569534554299288,2.945953797350496,0.7501892497607529,0.6935884246541334,2.2766170536644514,1.2493964056711606,0.7309812485956512
2024-06-06,1.2256399610176447,1.786190941049794,0.5859955368738987,3.467206429803424,0.840997132281873,3.0505820611982473,0.7430363308687649,0.6874133296894551,2.313876592675954,1.2476795491591406,0.7304629237061943
2024-06-07,1.23414695072651,1.8210435775027896,0.5789372506002252,3.4741480115826935,0.8428117553089871,2.9287320999453295,0.7297533662551293,0.6653320838930874,2.297123146400635,1.2417977360661245,0.7267760862912304
2024-06-11,1.2108297438872189,1.7987023069062853,0.5843921381420554,3.4272919059651126,0.8437171114833031,2.953205507847682,0.7050951465741716,0.6686828905999557,2.285787808634432,1.2296384607123927,0.7204242170986195
2024-06-12,1.2020451102808802,1.8226254205687278,0.5912836796810709,3.5395188625546514,0.8383266909503866,2.9542679492669377,0.7031599717096131,0.6598939547952736,2.3008122168335183,1.2372687770710347,0.720677584227793
2024-06-13,1.204006794184028,1.8344071469434196,0.5864315469612436,3.5136897166020478,0.7959732965623416,3.0802039179990937,0.6905864881782481,0.6652066124625113,2.330542552993752,1.2262788328731953,0.7170190116851848
2024-06-14,1.2238993712913375,1.7779676265439754,0.5781911370471864,3.4805679515301624,0.8047211652224522,3.3319379718322977,0.6975818674390348,0.6600174671957201,2.378487982302582,1.220887064846322,0.7201509222177133
2024-06-17,1.2111325271904878,1.7626767730870105,0.5807172374848693,3.412836864895916,0.7998203657681242,3.389076804853107,0.6963374921272615,0.6799797228501637,2.37546597019735,1.2179977749930953,0.7190662831591166
2024-06-18,1.2128538654162067,1.7700526975916877,0.5719759229531299,3.432406834265901,0.7865586018455232,3.4941873532681313,0.6830333178073941,0.684672670606543,2.4020577686938775,1.2122574864290985,0.7209758904705681
2024-06-19,1.2304783404074218,1.7746884221026227,0.5653756179257011,3.4663976189477963,0.7747858924327906,3.4766601578435146,0.6814690984640218,0.6789561365079505,2.4092736718039665,1.2109301616179802,0.7175513673386168
2024-06-20,1.2255030165532865,1.8007012983182888,0.5546940785470301,3.5471128180125215,0.7753672972635364,3.447617161500554,0.675540781793083,0.6721303967175596,2.4168478963051863,1.2102891460381264,0.7123727953653729
2024-06-21,1.2188148286538691,1.8079882119035453,0.5501382731357287,3.5168144650368185,0.7826364442179866,3.44976371537744,0.6613950353214695,0.6654306553380385,2.413290387020038,1.2019854358899889,0.7108147705309206
2024-06-24,1.229717912069686,1.829961271829218,0.5463495071683221,3.5255695323822214,0.7616088128853266,3.3697471098996874,0.6642987430423231,0.6689220111598733,2.4059852760202656,1.202696329023564,0.7069898622646654
2024-06-25,1.2340040652847268,1.8184506157860598,0.5399859317539394,3.5072289476853222,0.7583279156785794,3.2337542636561007,0.6670233992099199,0.657437003012831,2.37364507482358,1.19607636708365,0.7031450262466776
2024-06-26,1.235327628412259,1.8070978148272245,0.5519029219723127,3.4926428381694405,0.7594124122496604,3.3322524116269574,0.6650972162840506,0.6570744003432317,2.391644216252691,1.1980178382183082,0.7076924171854476
2024-06-27,1.2458111466116748,1.8064044230377172,0.5409146364096798,3.4857245187233707,0.7590992053827547,3.2529926490746677,0.6597579764776368,0.6521436393529961,2.377018411358936,1.192098990122228,0.702375571016507
2024-06-28,1.251115045593951,1.8514918005749539,0.534865762547525,3.6103394864246328,0.758202477994771,3.281870345480132,0.644528887935056,0.6393938348208155,2.409086885619816,1.1957011253067247,0.7039085844890907
2024-07-01,1.2680960529254253,1.9006417591080291,0.5328034584599352,3.704452348733806,0.787880166514008,3.3806722476340725,0.637911019394838,0.6307126086049223,2.4574196275583726,1.2079354311674475,0.7072690541333294
2024-07-02,1.2992829104098098,1.9144668827654032,0.5264994770929157,3.7649651773652697,0.7784350994009785,3.3782693981816596,0.651105473901288,0.6187400405785349,2.4766379460626733,1.2127873658586896,0.7059682599717539
2024-07-03,1.2838177607852943,1.9182962509119397,0.529283506565419,3.718649741465602,0.7748439876561174,3.3518263956623753,0.645198074290121,0.6218595865637242,2.4616569346940658,1.208658646687547,0.7042658606094421
2024-07-04,1.2897990137074289,1.9163302345034852,0.5198646520757638,3.746208630894597,0.760861390364671,3.3483803424107355,0.6372107907039237,0.6187362722117253,2.465429207905621,1.201639258218165,0.7006867957293593
2024-07-05,1.257928957692661,1.9063333841345944,0.5293643876067775,3.6961221261832478,0.7641684147387376,3.3808059812670206,0.6253735609260288,0.6189004930691652,2.4548012590976995,1.1950910911168486,0.6976870590603644
2024-07-08,1.2692946925368305,1.9555387433712201,0.5141871595745122,3.7484202862397136,0.7667844457529343,3.385631479978849,0.6103545562678618,0.606425215284583,2.47589841074049,1.190767918646058,0.6917288646366782
2024-07-09,1.2888408907964926,1.970825784067033,0.5172204410040431,3.753961462685617,0.7442122575469912,3.5869378637648786,0.6160119307991532,0.6084815567548644,2.5302530868561157,1.1938677842671679,0.6994663226079313
2024-07-10,1.3000639269892924,1.926298624578416,0.5206669174615774,3.6271889472756165,0.7540678680634624,3.617591115470825,0.6133400722949208,0.6025559067118459,2.5166431985630755,1.1845277879967453,0.6972610525309755
2024-07-11,1.290203340487761,1.9332610450593175,0.5362020564885731,3.634821346880314,0.7605000190769751,3.5741589524904924,0.6276534829264644,0.622183846282067,2.506796179935325,1.2006231994494752,0.7052327632572911
2024-07-12,1.329040048420538,1.9068418244911367,0.5361542349360737,3.5995264104577815,0.7506412198488723,3.4602388260261274,0.6352982380287906,0.639984053465104,2.48563610315426,1.2062305021236244,0.7060933167810971
2024-07-15,1.345117637468831,1.9308985565578283,0.5278261836722077,3.6862265158695413,0.7799336432943021,3.4377502667846263,0.6357295496146621,0.6415653576035525,2.5010061336759297,1.217414528655697,0.7068753793644047
2024-07-16,1.3428248228432402,1.9475793253162803,0.5296650232513949,3.710472677345396,0.7876313787538851,3.5211337672623975,0.632513596555904,0.6626253140573984,2.5248370846980888,1.2266874501487743,0.711356276682597
2024-07-17,1.3568885975660214,1.89867123152538,0.5432983838555688,3.599047135429554,0.7940096536462145,3.3473054105841085,0.65052217864002,0.663987819268929,2.468646892836228,1.2287037144550637,0.7120275165649419
2024-07-18,1.3569881912765949,1.934574325628952,0.5476831149955266,3.648710693170713,0.7927832700298578,3.3075667840829355,0.6531188386297675,0.6806376375000919,2.4733425830967284,1.241352774336763,0.7159616207769164
2024-07-19,1.3569673143674987,1.9398687738290206,0.5501289876124684,3.601532159964322,0.7964027052737699,3.2482891998020738,0.6680872272200118,0.6865044751979174,2.4558362292042895,1.246111240128289,0.7196391043492303
2024-07-22,1.3292191201461618,1.8979896956207458,0.5507433222158509,3.500033099463687,0.7900217211598978,3.26388427677722,0.649824623946064,0.6922026355096965,2.430632119705133,1.2276635467844592,0.7147403342778667
2024-07-23,1.3475291825492615,1.8966089218641105,0.5304174653154622,3.456496307863422,0.7656415149548865,3.182638807792136,0.6195135555212425,0.669736313089956,2.412727483285108,1.2007900252012274,0.6994799466830954
2024-07-24,1.3470699937540664,1.9488254341836324,0.5237240997527259,3.5149473476567787,0.7504350476267947,3.158532053621456,0.6110488306726869,0.6611421403073667,2.4249789991053325,1.1995603780315933,0.6950649329522645
2024-07-25,1.3374426832975235,1.9122201755554225,0.5284853009645617,3.4173231191828077,0.7524835374891277,3.006247291957919,0.60685082566844,0.6657624871082555,2.368198553810199,1.1906481438792236,0.6912229437559527
2024-07-26,1.3098108568037798,1.8919167449461025,0.5273835067900287,3.396339413083479,0.7517756047724089,3.0338993139439987,0.6049536178836539,0.6733809311911907,2.3599644935738473,1.1855636185149092,0.6932606580428291
2024-07-29,1.3292725255920363,1.9095090351748838,0.5144230553856439,3.4249137676640857,0.7429282374031069,3.1032664817780278,0.5912991890663862,0.654526592444924,2.3889627840868517,1.177034177239131,0.6894884159775819
2024-07-30,1.3241076178464672,1.8677709863560388,0.5159820731926381,3.2897956807677895,0.7567071623432601,3.037594105520346,0.5888417858549849,0.647198565489166,2.347837883135638,1.1643672131199971,0.6851449794774644
2024-07-31,1.3146164392997965,1.8311139413559552,0.5471654713624902,3.3415170964140217,0.7735920779162982,3.1409670060811425,0.6086567279441569,0.6585910672257176,2.367475127050617,1.1866269517023724,0.6999285244414877
2024-08-01,1.322432817733865,1.8417653020308125,0.5394885898944196,3.3553489716123206,0.7714446561637095,3.1724785457604474,0.5875754214617332,0.6454801407195998,2.380875194721374,1.177614634326877,0.6952888151426497
2024-08-02,1.314141973849605,1.8314662956896108,0.5436930956239524,3.321531217970232,0.7853091515508381,2.9558389700252294,0.58404871023582,0.6299253629424699,2.323394133492994,1.172567160139875,0.6881971790030619
2024-08-05,1.3050514380324245,1.8028185871586866,0.5411828867373828,3.2068965758684693,0.7874746649991056,2.7419230342345466,0.6002682381721629,0.6264969053268837,2.2508503537231057,1.1645392961861614,0.6798456209273913
2024-08-06,1.2861167150051216,1.7955814789371662,0.5487160643968267,3.194387940850765,0.788054964491592,2.8386158802960715,0.6010393249108197,0.6339197297840938,2.266250908757832,1.1649100612444487,0.6797760771407322
2024-08-07,1.2891732939756844,1.8234082914423098,0.544706970639389,3.2510795253714555,0.7680918727376965,2.8093072832812105,0.6094603075391176,0.6378296468248473,2.2726856612729485,1.1701499307887644,0.6794730939766322
2024-08-08,1.3007902939005043,1.8088901017645167,0.5438371672114773,3.234239315127002,0.7783911247665403,2.7857224174549198,0.6195230985450497,0.6311199822748763,2.265397057363699,1.1715638102197543,0.6797675366757039
2024-08-09,1.3134431792594232,1.7993697718946793,0.5341291607076848,3.279375881394374,0.7706056095756554,2.851113288827656,0.6181119651279919,0.6284808269841532,2.288304861676563,1.1695345681366656,0.6774677114502203
2024-08-12,1.3169223612084549,1.7991312734929232,0.5427012966565258,3.2952880776937876,0.7777419360254796,2.8815990519441685,0.615530728655668,0.6226283345078116,2.298455479522534,1.1729988910975937,0.6762960409860969
2024-08-13,1.3180793982001593,1.8034646905478886,0.5319738000358301,3.315470637721291,0.7840539089922196,2.9101657735858435,0.6064692502207233,0.6357333811107728,2.308896663216343,1.1729906868815625,0.6780295520424406
2024-08-14,1.3168815108978305,1.8368258500335632,0.520858520595174,3.312064871138637,0.7723508755323372,2.9133328749765157,0.5981908060282795,0.6272925402691707,2.316023936321077,1.166420281046856,0.6729152369013146
2024-08-15,1.3396770607389907,1.8509320826990554,0.5232806800003678,3.37187181933764,0.7742241249394838,2.9216628790076062,0.6022065753314849,0.6328122514294517,2.334626979819955,1.177975529543538,0.6795674457807548
2024-08-16,1.359004412203031,1.8355495448871186,0.5178499021677216,3.416997620792368,0.7555806116748708,3.006397357710227,0.5996845747275537,0.6313497309348378,2.3625269555860644,1.1756938155656569,0.6803159565371655
2024-08-19,1.386245849743197,1.8449232465892502,0.5128640479389133,3.4233609323907075,0.7452611240420338,3.0114878485858316,0.5971912529879625,0.6270848545048409,2.3743639815980138,1.1754641781644388,0.6826206620283795
2024-08-20,1.388808885408214,1.836206615185791,0.5039853484713381,3.3501112418161325,0.724666282408614,2.998421390486088,0.5929177048507568,0.6249240139952058,2.361667967361034,1.1624267751687372,0.6776865100304699
2024-08-21,1.3794755924310074,1.820542220734982,0.4976754684251783,3.348821342795939,0.7057353946604144,3.0190631192829014,0.5889105399927865,0.6233390044825595,2.3603908256481367,1.1524854225940895,0.675435894151102
2024-08-22,1.3910295091088554,1.8523260183671555,0.4942120709516152,3.349434574231726,0.6966287169230638,3.01850707118252,0.5837042085847615,0.6233655339404033,2.3704955038919424,1.1531696736540158,0.6737076700492995
2024-08-23,1.4065073451051513,1.825621841369546,0.4908671741462922,3.372753394773878,0.6895824911074806,2.9824376217790705,0.5851700835897485,0.6209457858659895,2.3634485601294593,1.1511334687738668,0.6765656756677053
2024-08-26,1.404557044698479,1.816135918790058,0.4889055704901895,3.408413559131117,0.6957159983953367,2.9117306035389823,0.5794737678756292,0.6344907442114738,2.348210761526203,1.153623213729164,0.6759621494723707
2024-08-27,1.4097906472542296,1.8112358458371898,0.48927316746323135,3.5225934756160724,0.6735952794312665,2.885801358000201,0.5783534283240914,0.6283978571130125,2.355450427685218,1.154517010481363,0.6721211769980862
2024-08-28,1.4008528895213446,1.8265600147044245,0.48434317539029875,3.4983552708797996,0.6774478194935237,2.8828201477900284,0.5548313883313399,0.6243410899993518,2.3528517941251703,1.1456278764541505,0.6682905750884789
2024-08-29,1.3472720690365731,1.7788552125752106,0.492661301773177,3.420877541718392,0.6800663160444562,2.7723851285017345,0.5679978651075871,0.6344324080987369,2.2918865521662086,1.1389924654332773,0.6664980941545586
2024-08-30,1.3088026546402867,1.7546934396009601,0.5066753063397367,3.446598304661888,0.6903379993884671,2.901742999449116,0.5917516902108104,0.6564256506323666,2.3107447236302376,1.151113837499705,0.6753946152367982
2024-09-02,1.3142843222803888,1.7843307350327218,0.4933570287173441,3.4740754270882808,0.6836180048909913,2.805481578114602,0.5633278323809614,0.6407217814448304,2.298936151929541,1.1399066407061087,0.6639217205376818
2024-09-03,1.2818996326235752,1.7413317290906614,0.49763444904247783,3.3766807664729868,0.6914966408904452,2.8279590552414673,0.5711112495795047,0.6531234572708727,2.2750456874877787,1.1338356801219054,0.6656332703982383
2024-09-04,1.2798173713516958,1.734006863440724,0.49913344840338975,3.2698905454579905,0.6778747624228995,2.7621345229450327,0.56442139328878,0.6578180616082222,2.2449566779739287,1.124443503109548,0.6613095583054481
2024-09-05,1.2741145565100631,1.7220282659494384,0.5031700345518416,3.222647384825678,0.681766620923907,2.770717666144231,0.567073999614218,0.6612954450684858,2.237391712032532,1.1234284165487067,0.6624468635650528
2024-09-06,1.2810883095343844,1.7103590356941023,0.49107767322903106,3.1682951109391864,0.6753111683314675,2.6981142872591626,0.555948226659646,0.6532119388605372,2.213028147215277,1.1102035327081308,0.6570761311286717
2024-09-09,1.2614589775251879,1.6954250037182619,0.4938064925813641,3.066503691167869,0.675847496216335,2.724334152654454,0.5442295592845039,0.6505426060571535,2.1987578347386916,1.0977701939329896,0.649268926026354
2024-09-10,1.2748525678489964,1.6908809204775967,0.4880109980737578,3.1100917431771387,0.6719326375444804,2.7994889673443457,0.5435772025102256,0.6455445132749715,2.225072300073282,1.0977799683280767,0.6498389003947916
2024-09-11,1.2452830336143732,1.612605051715618,0.49352518522048466,3.0285901355033245,0.6650588770842636,2.8077762859309017,0.5416869630929713,0.6714147200885309,2.191561071172376,1.0871049133268609,0.6478817104924681
2024-09-12,1.2595461297718769,1.6252359654602704,0.49413860616066685,3.065655222226851,0.6536668139974464,2.8226150075438117,0.5234310533511211,0.6727346606812379,2.206550424122401,1.0864492277187539,0.6451050426362367
2024-09-13,1.256556817272255,1.6337721105257335,0.4898520543226259,3.098109180696638,0.6482572329630529,2.9619270557850492,0.5086163078656794,0.6584113274546372,2.244174105936457,1.0791760375268087,0.6424152028411265
2024-09-18,1.2721141975008763,1.6390855416365464,0.4883345243617124,3.1754532014804213,0.6293756019615016,2.893996871364908,0.49935115087643966,0.6632807588652473,2.2439183071540656,1.0807623690736206,0.6448071430822727
2024-09-19,1.2743107923211636,1.6345061079933025,0.49549772631721395,3.1681604519334594,0.6447127032940319,2.8555906373171025,0.5098919722449216,0.6601624797049804,2.2337265910531716,1.0877432708883346,0.6498960401727193
2024-09-20,1.2823379928977323,1.640504528544719,0.48609976251221043,3.205390213780436,0.6364770629979273,2.8374559265380634,0.5102273981374372,0.656654022481798,2.2375571572451562,1.0864057236333806,0.6509156090215765
2024-09-23,1.30386843417401,1.6805228278529412,0.48694983890070775,3.2587523350212724,0.6315408554682129,2.82619183105964,0.5141653992748053,0.6490547979614834,2.256459253726678,1.0953879815759298,0.6532975853868562
2024-09-24,1.372712466681182,1.7420364760882883,0.5049621019822439,3.4257489247457666,0.6683538934923542,3.0899049545853843,0.5580319404741428,0.6727673136433469,2.37251948618686,1.1507291084154467,0.6815919426812775
2024-09-25,1.40787815311572,1.7416060627048253,0.5142353947937405,3.4493476153051104,0.6707903675115895,3.08797265761669,0.5652122947283877,0.6837007808796146,2.384830318490842,1.1648165303729892,0.691682705456644
2024-09-26,1.457772906399448,1.7328833949080626,0.5365516788333434,3.492317200746358,0.7056790592605224,3.21229303514461,0.6259959160020544,0.6996405366096928,2.430680973890463,1.2063735531723934,0.7209209874811003
2024-09-27,1.4365854539352951,1.7446222524831374,0.5931689669389202,3.4638467431729945,0.7482376524383807,3.360931455263064,0.6881368238784995,0.7761600255847311,2.4579762615418104,1.2636637065690774,0.7531236242480056
2024-09-30,1.4952166200923112,1.8511734305018042,0.6639934164206208,3.677526159854248,0.8156872538953599,3.8492217621543166,0.7572975523235574,0.8894393641675468,2.632118554752341,1.3727294104143848,0.8170083361038993
2024-10-08,1.5353000367024037,1.8122086762580327,0.7428997543160698,3.68837527265431,0.8249905497901613,4.477202218693172,0.780035720935924,1.0393634917039491,2.7647640867013137,1.4376524746780326,0.8654533105994271
2024-10-09,1.4560669844731022,1.729426941978673,0.6957021278918899,3.408321471727769,0.7459280720563601,4.330049335620411,0.7021140492420173,0.8951513813030837,2.657686062605269,1.3245913448807818,0.8044272143951556
2024-10-10,1.5208466357139738,1.7859317757830206,0.6829983967299177,3.5735013487545357,0.7701747275410744,4.226630476423445,0.7199746461948074,0.9135638710133475,2.694288852025505,1.360149651636881,0.812927823920011
2024-10-11,1.5070623174722264,1.769927283271777,0.6385115576220274,3.5454716763580847,0.7435804406767047,4.1258898054411866,0.6959135256671615,0.8579613193511092,2.6634072238736577,1.318472853890533,0.7904336624462521
2024-10-14,1.5590507055273928,1.7712989721180477,0.6445422388693659,3.5733570411621938,0.7546566873259309,4.206035712569428,0.6980616430964522,0.87313122914607,2.6980767015109253,1.335544983878635,0.8055167337194828
2024-10-15,1.5225718652366973,1.7244690398751004,0.620500967053387,3.4490370644156516,0.7335296273181344,4.053328539412664,0.6674835117163455,0.8384498917436461,2.6306341734379024,1.2910893246786477,0.7840950106399944
2024-10-16,1.5573730607157348,1.7211710748756925,0.6041073958327545,3.445312785475732,0.7296124888864203,3.8547195870655058,0.6595623585076758,0.8079933310249212,2.6006740717373975,1.280806209189162,0.7791321870809184
2024-10-17,1.5312143545176904,1.7064547622802941,0.6003962513376053,3.413062106083176,0.7156047784288129,3.9099044875529714,0.6407216377020368,0.7983383657682531,2.5967997358890362,1.2635950985954498,0.7703137502503663
2024-10-18,1.5346896346715286,1.721750617806627,0.631131380082112,3.467563971360353,0.7338551280029034,4.329788905133686,0.6642476134290378,0.8577253416203412,2.6922337103684986,1.3011343027772861,0.7981743739279922
2024-10-21,1.5099101036982057,1.6961663836281704,0.6330476428903968,3.4373329320048445,0.7444958331829413,4.2669328060750695,0.6634299687014276,0.8661799361881046,2.662684301476432,1.2973175562681472,0.8002002942393532
2024-10-22,1.5104224110396058,1.731080342432333,0.636014680962685,3.4520721079428474,0.7600390651097021,4.286877583443875,0.6748503359034412,0.8636432070192348,2.677606421268404,1.308652367787045,0.8047916075696974
2024-10-23,1.5159215719267316,1.7300337658177227,0.6380456679065096,3.4439684650183024,0.7634447963703505,4.102703716491646,0.6882601007813138,0.8814294493193261,2.6434030001090707,1.316617402795765,0.8079298217787945
2024-10-24,1.514314404633012,1.721711418511757,0.6272206310040592,3.4348914558520223,0.7502493482938664,4.128036998543363,0.6720822232837831,0.8484362504110852,2.6445521187840035,1.298405654221291,0.7989062104431573
2024-10-25,1.5043830212051714,1.6729467032225998,0.6378711297546852,3.4050067409488873,0.7572179744054315,4.18060174307305,0.6783261817759584,0.8930313227926515,2.635445338004458,1.3040038232917524,0.8045160759003315
2024-10-28,1.4897308735683343,1.677889306819748,0.6425059202232862,3.399886953236932,0.7739803372434841,4.055642066399413,0.7032649964967489,0.884571176610561,2.6081722312832603,1.3108874690059797,0.806089148220786
2024-10-29,1.4895323543193482,1.6710449286812525,0.6286747373366772,3.343432514858396,0.7560687918038285,3.988970007375967,0.6907728204936554,0.8664500683599804,2.586260098343932,1.292187898999671,0.7980554174508122
2024-10-30,1.4691872381243896,1.6504754373725585,0.6152792164556039,3.29687586757905,0.767808718887996,3.95193163306005,0.67840498457796,0.862087904980729,2.56186035209356,1.2776014712140262,0.7908976943794577
2024-10-31,1.4558246221817635,1.6505113200937904,0.610592927482466,3.28341352994372,0.7608469152494063,3.960669907950884,0.6772130798469277,0.8550025337049267,2.5579420667493666,1.2708034808258102,0.7912212153285068
2024-11-01,1.4742558658301803,1.6602185069078264,0.609840440070456,3.363559678551462,0.7606375888650208,3.8660006179452706,0.6877420533523744,0.8396485679982197,2.557910880442495,1.2790816385943165,0.7910138040349618
2024-11-04,1.4815919312571715,1.6611624713866553,0.6198647235873134,3.3371601583477815,0.7688130140770681,3.947818217744671,0.6923925087574015,0.8645350104529718,2.5731688498982646,1.2890173336653545,0.8021452834773507
2024-11-05,1.4907772039863283,1.6659042655273237,0.6367973277078108,3.3619594748883426,0.7785824504243599,4.0466295157455425,0.7133103349701583,0.8917553045522629,2.5995602054532094,1.3100804465365825,0.8224412919283441
2024-11-06,1.4762086611794503,1.6459624585249222,0.6362825587363407,3.308596072611449,0.783912016191143,3.962105809725322,0.7055402527547878,0.883415668505475,2.566973376363705,1.299274845743149,0.8183154339420434
2024-11-07,1.511403366987494,1.6651835810722109,0.6620167983214698,3.352517525715722,0.8094440053285997,4.075250993688418,0.7651230753984949,0.887024328156124,2.609840235236334,1.3371616532993882,0.8430038848948643
2024-11-08,1.4890439763804668,1.6548592344667616,0.6579700427161724,3.31108531658648,0.7950080256164103,4.059105438246435,0.7427697242032946,0.8746175841978778,2.5922308621579235,1.3186996990811697,0.8345349970972571
2024-11-11,1.4596187329093637,1.652263401442183,0.6654786700644646,3.2415768513373218,0.7901666691548267,4.157967921839238,0.7352371252844446,0.90293825010175,2.5928866476827475,1.3152048454854153,0.8400423769740916
2024-11-12,1.4419264866826933,1.6276082416645659,0.6795314412075876,3.2005992862104358,0.7873970080033925,4.065478276608692,0.7266809633551045,0.9013758418294937,2.5584342909968227,1.3083193617960547,0.8308129811001529
2024-11-13,1.4461203694572489,1.650564352699367,0.671536994924133,3.245721722165364,0.7819321421612789,4.24380789979675,0.7261885645326931,0.9165672756804322,2.6053673629805605,1.3143332792374327,0.8359264828636573
2024-11-14,1.4532351364396483,1.6371101029301989,0.6473951811339698,3.2362186270259428,0.7616062534464417,4.050746545629285,0.7217364924914894,0.8936189826025536,2.567135440584112,1.2965929623846948,0.8214339237438133
2024-11-15,1.4446528335327529,1.6308065550810376,0.6309363084107692,3.241219767047657,0.7459755270134558,3.8498067624139924,0.7126464610480026,0.8626156414728141,2.5254191427067427,1.2789745014831635,0.807039579971795
2024-11-18,1.4776175163052152,1.6489290143733397,0.6262206451421516,3.300574463059267,0.7415795625131203,3.7205769584185626,0.7048317433273232,0.8414915814724486,2.5219766936231935,1.2815985715223417,0.8032878756914968
2024-11-19,1.4659358915683551,1.6363185973271668,0.6323893251145907,3.29018171021112,0.7468716736222611,3.827329027617542,0.6969247006292699,0.8699807525813621,2.5358240643304235,1.2841794239593605,0.8086785358796107
2024-11-20,1.4600856817598042,1.642668079285197,0.6465405931452308,3.3038357865882153,0.7490015002901705,3.8604091683644697,0.7006154360363678,0.8602966324104414,2.5441065627404305,1.2890719812865823,0.8104846408886951
2024-11-21,1.4598121254868202,1.6560899875517359,0.6407349168764322,3.3059952680894513,0.7512439566799752,3.801088877191422,0.6981208290672294,0.8561324864303648,2.5360407653683055,1.2882285682433492,0.8112014299178576
2024-11-22,1.4263778774419227,1.609023118474645,0.6141737287517139,3.239310175555848,0.7225098509332135,3.6726791064227173,0.6724687233423768,0.8298175085404785,2.480119878844118,1.2486725664221334,0.7860682647503476
2024-11-25,1.4217630442276563,1.5789344527148625,0.6137350667640075,3.254132498851599,0.7230691019471437,3.5221615479184405,0.6692959564347447,0.8430973512301931,2.442451397242849,1.2468900803602714,0.7824877764594268
2024-11-26,1.4362946435230444,1.5634194897109128,0.6149271510288569,3.2471037007356665,0.7227612534163994,3.5664880399633914,0.6747391500582648,0.823132693967075,2.450954259270225,1.2446537096755006,0.7808801355900481
2024-11-27,1.4483491648946802,1.586779346823539,0.6256565821348943,3.2740634271544504,0.7299653769223742,3.6420790376727337,0.6827293686302289,0.839367519645838,2.4794619803628004,1.2607497384550843,0.7944757425375131
2024-11-28,1.446895756671529,1.573486548787184,0.6144768318201965,3.2578209730486036,0.7265434654455972,3.5730859871805936,0.6736122760216483,0.8220697656548257,2.459444612007816,1.248041102416501,0.7874615806163965
2024-11-29,1.4420396672511788,1.5767842773529943,0.6227829007718906,3.2527492323355895,0.7318130403272705,3.6255339960830804,0.6841942027563047,0.8335232253643352,2.4691202077412426,1.2558808080620196,0.7964152414765637
2024-12-02,1.4467200362123374,1.596768972081334,0.6303180408764311,3.2469215278798806,0.7403287524209645,3.7281268338187608,0.6833015311432434,0.844182938131549,2.4958951491541344,1.2644715507084967,0.8027288819209526
2024-12-03,1.471061212638739,1.6306587794801868,0.6291360242056967,3.3032765644034683,0.7412087668262689,3.68269255465518,0.6806852609673016,0.8450482726222484,2.509817715074445,1.2751677653316025,0.8035949257437053
2024-12-04,1.4750695816048502,1.6464257170158905,0.6207503483578966,3.424876224607626,0.7273886354866427,3.6595424197257618,0.676369527801114,0.8286600384734197,2.5256674437622926,1.275972287404724,0.7992567761981292
2024-12-05,1.4701010570820727,1.639599497408981,0.6163578643342901,3.386566446071596,0.7252016505519385,3.7425715678669125,0.6725607170554954,0.8187030108747356,2.5349867169751668,1.2675722419821283,0.7974329802257719
2024-12-06,1.4884771300156734,1.6459824917583485,0.6395756062965775,3.3933457834161143,0.7307600023340751,3.7546104582885533,0.6792220824684688,0.8426082382174281,2.545204766890755,1.2862035940181902,0.8079159943592248
2024-12-09,1.4920493461224245,1.664082275108377,0.6442723135915899,3.413334169153215,0.7206090967682792,3.653779851630631,0.6780882965918131,0.8423161977651972,2.5328806557446133,1.2892632438622147,0.8065800216155089
2024-12-10,1.5151766870296743,1.6426677645485563,0.6414275422243497,3.399528297502206,0.7275400156079341,3.62931887048337,0.6948320521420227,0.8422432672315572,2.527197110801524,1.2935243735574287,0.8124904301039179
2024-12-11,1.4933605793810458,1.6518805965884804,0.6397720214847219,3.447530835758294,0.7410608966496028,3.6623237460579463,0.6932385940349798,0.8342224738277944,2.5363369481041382,1.294524103809358,0.811106468080519
2024-12-12,1.5175774999876601,1.6568314768251136,0.6420904707875257,3.4464939629505524,0.757228425869858,3.7510508462487646,0.709347416386752,0.8440850401815526,2.562766146811831,1.3074750365530166,0.8191739540217952
2024-12-13,1.4845528240893036,1.6502754448297405,0.6226361661575365,3.384333848339869,0.7413612083607387,3.690282817594728,0.6799638245116648,0.8189564139601406,2.5316222815831364,1.277203699414074,0.799790351917994
2024-12-16,1.5035489725101014,1.6961905021581185,0.6139750099180569,3.4529968043843375,0.7327828175025229,3.666787906008847,0.665533326768118,0.8147543981753812,2.552485782133345,1.281058469784593,0.7954511856503906
2024-12-17,1.5017233053155215,1.6898934142475368,0.612354365873633,3.4546668936053484,0.7233943355838309,3.7316194787167274,0.6690818091989871,0.8266649802805546,2.5641346008938988,1.2812470167633423,0.797523468486191
2024-12-18,1.5165375371581113,1.6953531085118378,0.6128798520003942,3.4668323689781686,0.7177337125505453,3.6723652338337684,0.6702160365285965,0.8253030592362816,2.5590212645099353,1.283919860744846,0.8015612783449378
2024-12-19,1.5016604708466983,1.6746196043151433,0.6109594183721659,3.4212161373854983,0.7158115451605743,3.773973069361305,0.6618614980389353,0.824790278645,2.56525052423747,1.2735898078061052,0.8022880312499668
2024-12-20,1.5040953752562014,1.651025944383849,0.608466854469888,3.350305272915584,0.7103604501420071,3.780422164183617,0.660671995249083,0.8114088502890446,2.5523736546092985,1.2620263709065622,0.7986847683856373
2024-12-23,1.5441099866087147,1.6958709265354548,0.60625575391446,3.4240246054816326,0.7044454642082417,3.805610001793474,0.6556881965966552,0.8106795912508703,2.589707349805536,1.2744158550285871,0.7998698595805195
2024-12-24,1.5696899347488165,1.7082730957163703,0.6107912037300984,3.4466283046268065,0.7098723098466535,3.8642408574498743,0.6599175305368866,0.8307401756871997,2.614832850371868,1.2883480623483055,0.8100606678033606
2024-12-25,1.5947458046649012,1.7134310571237943,0.6122298264906322,3.519226810670082,0.7062351843481522,3.9478150631260593,0.6570314228666514,0.8214685966606775,2.6492505850445323,1.2939934430702527,0.8104553592943123
2024-12-26,1.594526455821349,1.6748373533829188,0.6086573560537812,3.4694896882681854,0.7023495129661653,4.116665496693561,0.6557320789976762,0.8260678151030129,2.666997186148582,1.2851896426014924,0.8108317497887747
2024-12-27,1.5965215089841507,1.6950942663801902,0.6100155697881811,3.459290010891407,0.7142197916961901,4.045651770373329,0.6552056134268391,0.8211860302144017,2.6578207941128977,1.2888631137754216,0.8095203817181166
2024-12-30,1.6119421367281288,1.6839602028344938,0.6123989159348873,3.519107181775918,0.7053003359301357,3.9382079046663523,0.6476475427389825,0.8291883021507821,2.645673703460347,1.292300174494291,0.8131854612816988
2024-12-31,1.5922971076315209,1.688653344508876,0.5990262455267039,3.51974359668382,0.695450539442193,3.7793108876035832,0.6421403809382944,0.8154339931134339,2.609584532882801,1.279955768454416,0.8001421377393987
2025-01-02,1.560033351377243,1.6393160099040534,0.5808210436523035,3.4545404259812926,0.6820707393868377,3.652755922443547,0.6226478406603692,0.7872746897333048,2.5537917884984878,1.2466700234870902,0.7768559498064658
2025-01-03,1.5511858989506724,1.6238836516716204,0.570910436308287,3.4722713667815333,0.6715841630339754,3.6571609319443823,0.6174016493458375,0.7751097769972964,2.5504795713389483,1.235612312412957,0.767658682348586
2025-01-06,1.567762955555626,1.6104940088660646,0.5796943538849956,3.4484392881316612,0.6749750273699414,3.694810462142877,0.5979730116435927,0.7826361338880928,2.5564767049254544,1.2350869384225398,0.7663989637569086
2025-01-07,1.5837696786020132,1.5925713653286029,0.5719885153264771,3.410802446024534,0.6784508490280952,3.8708981258665607,0.5988619204295119,0.7834726313503543,2.5879859928026296,1.231124701099202,0.7719169175428257
2025-01-08,1.5982931485371135,1.6196706695626235,0.566595876499434,3.4369019039766724,0.6722909746824536,3.8103089798401073,0.5948486457095097,0.7749932875487787,2.5904289650462475,1.232296030050548,0.7705156712449647
2025-01-09,1.5862947367661313,1.5862702113305862,0.5637197451837284,3.345505433156151,0.6682004743637381,3.7809874716929204,0.5980128009660669,0.7745943493678118,2.5608233739714956,1.2204400298235474,0.7686168411870014
2025-01-10,1.5788409727335089,1.5559951470640254,0.556205492729692,3.3121403084982695,0.6537300749322382,3.6288830358090536,0.5893445097971169,0.7622909053326674,2.5155098476078837,1.2037188168582653,0.7589791297469469
2025-01-13,1.5617539625157004,1.540561754008361,0.5585719644549663,3.3209800869675643,0.6569333969426117,3.5857584881641777,0.5972536581782265,0.7651668330489605,2.498964953869447,1.204048090068757,0.7569521927135587
2025-01-14,1.5818297815603135,1.5689092460788878,0.5750900427456902,3.341473600512776,0.6728795031495441,3.6885850185848814,0.6179522230109624,0.792435677019536,2.536051175647705,1.2308749226884246,0.776885434745254
2025-01-15,1.5963218789639644,1.572617582988059,0.567446008634457,3.3222948959750807,0.6655269975707838,3.594559802441222,0.6151352665726715,0.7792236293026287,2.519102785865479,1.2243695103154877,0.7719006499903907
2025-01-16,1.6074355257770991,1.569628282022806,0.5639782918781949,3.378182815324504,0.6653556846261706,3.6662558076332514,0.6072225522909145,0.7863090515501799,2.543364067093338,1.2268018708775335,0.7727868249092816
2025-01-17,1.5984148291136984,1.5590332652416983,0.562143373544442,3.337761345277693,0.6685499776181684,3.6519953025210508,0.6104370778913734,0.7953552474540773,2.530084011849649,1.2246714899944648,0.7752186206538932
2025-01-20,1.5914858240593122,1.550908696295945,0.5763621206029391,3.272764723024327,0.6730276595545143,3.759402369833846,0.6193006221865603,0.8231683626882514,2.5401704453743528,1.2328143899437667,0.7787431892333191
2025-01-21,1.59205314748818,1.5477863203344684,0.573897819143861,3.213547540448379,0.6682548859265632,3.8237387605507713,0.6138718116277124,0.8124859089983679,2.5448500821311164,1.2236808157908674,0.7793408184408961
2025-01-22,1.5553358645825885,1.5408555115228988,0.5637775646225992,3.166339072960272,0.6627428361764106,4.09997991268649,0.6013530143440694,0.7913874467094272,2.5820929143743383,1.2035652125720289,0.7721021642961778
2025-01-23,1.5997464306840812,1.5481270495456607,0.5651681543084299,3.187705575759432,0.6638502439524928,4.009696127900459,0.6033589384247081,0.7874870778750418,2.5822581147807484,1.2119164968701925,0.7734700621115472
2025-01-24,1.6070396676022538,1.5334807280069118,0.5706221506854722,3.1960923872726674,0.6676214323368923,4.009840116762177,0.6001837828251382,0.7922770032126344,2.5813086826865126,1.2140067451736076,0.7793914511978497
2025-01-27,1.6366952099424483,1.562232237674682,0.5675040685491514,3.240114921021874,0.6724176533819695,3.7267528576181452,0.5987807804331797,0.7796998989328248,2.548569046232843,1.2206876104378224,0.7761818631024445
2025-02-05,1.6054268429898926,1.5376536916918926,0.5706756731720577,3.155135076398921,0.6676542244175867,3.412214481709039,0.5880208223962424,0.7774791022795562,2.4581011452810704,1.2059153673086718,0.7717093029048752
2025-02-06,1.6091580750248553,1.5451403433537807,0.5819021233702967,3.170488229483023,0.6689602687670948,3.4963797539691,0.5923184247993852,0.8094883022244861,2.4812309287163212,1.2198440156353112,0.7814181848868323
2025-02-07,1.602630097698017,1.547006771623767,0.5954383410388305,3.188996387537358,0.6730454111514228,3.643753662609172,0.6012019361702119,0.8410042350063498,2.5138423996140022,1.2339995733289215,0.7915593770747469
2025-02-10,1.606881748861584,1.5384193672669082,0.5991072079874298,3.179524690494242,0.6733873105154246,3.692524527367329,0.6030804700199748,0.826461153713254,2.5214779603645248,1.2315615807915228,0.7932591329597881
2025-02-11,1.6252370123597202,1.534930043237769,0.5898116903407042,3.195356766244518,0.6657900731746825,3.7025239542116486,0.5966601374537328,0.8128123669327327,2.5294662566514723,1.2257236505101587,0.7896137778035333
2025-02-12,1.648821580319047,1.5348022378576245,0.5916336725367612,3.178659053911791,0.6686690285300019,3.71994636193397,0.6084678000998445,0.8303290008082455,2.5369166181016083,1.2350089054728466,0.7970820077819888
2025-02-13,1.6492154463272057,1.5416187503739276,0.5891755485502435,3.1619752149017764,0.690820985334861,3.593548850997237,0.6331056471714384,0.8292777964867021,2.510816186930394,1.244957003225476,0.7940883714451569
2025-02-14,1.6682699497229827,1.544889989728866,0.6058660171958454,3.1522861795083763,0.6883270908832726,3.606616184934839,0.6310272012804186,0.8476224069425565,2.51799577776261,1.254132057290594,0.8009754431128759
2025-02-17,1.6575237505896454,1.5854386155462654,0.6137067029019014,3.0995336330698042,0.6984175097414375,3.850415353458654,0.634470668114303,0.8347119518804501,2.570347713880441,1.2561119176001365,0.8026812993300804
2025-02-18,1.680307732539018,1.5890464886230262,0.6023981086341053,3.0734320969332725,0.6875109523642506,3.8323570617966425,0.6266379683852391,0.844883733125165,2.5699871720141276,1.2516589618639817,0.7956425327359059
2025-02-19,1.671953076948412,1.593340012104241,0.6059477806920736,3.0296043114264077,0.7101047283061614,3.842306079336825,0.6311702523756636,0.8497918862320595,2.564908253821304,1.2528748765784146,0.801209492523533
2025-02-20,1.6691278081992635,1.5889694250122972,0.6200719338669388,3.0241745454212925,0.6975016647363562,3.8121211531634502,0.6278063524885675,0.8440696001250975,2.5562022009729732,1.2530592559852747,0.7989190211406997
2025-02-21,1.6449248344119227,1.5739695174858264,0.637147789308063,3.003316538089965,0.6996029637467169,3.993864603556567,0.6340467647608955,0.8686593775755507,2.5796245903923984,1.2594390775420408,0.8089943297412528
2025-02-24,1.6330316489090528,1.5626653605852843,0.6262283403102559,2.98374558809032,0.7090599542746621,3.8518148744000706,0.6429553293015596,0.8621129800313175,2.543101752172025,1.2536564405921582,0.8072197431150111
2025-02-25,1.622093754548807,1.543329017304683,0.6166000392197509,2.965905022529443,0.6942935486972662,3.793714264961536,0.6290709339225007,0.8519559632262657,2.5209758212051603,1.2382486314980605,0.7982591685450591
2025-02-26,1.6310702910164505,1.5575550221438306,0.6233530241814997,2.951520523408103,0.6969702710220069,3.861592458110573,0.6379366931716596,0.863698881870793,2.5386679489182558,1.247564235169166,0.8052318482074666
2025-02-27,1.6548445390658049,1.5533273400010126,0.6196408536375431,2.97108511589244,0.6910451133202745,3.750623533479889,0.6582581037585692,0.879496374181871,2.524605578356419,1.2576872672958728,0.8068941887219078
2025-02-28,1.6413939807617266,1.5462972329919151,0.6020651436485275,2.946919183648404,0.686124942453143,3.493287904793429,0.6557803599100088,0.861919294251409,2.4638938217845574,1.2431695813162535,0.7910197010227192
2025-03-03,1.6382858343965538,1.5374827045521215,0.6002218622892967,2.93744315585948,0.6891035476371382,3.3866647065173696,0.6454612682485273,0.8939737635331445,2.4368937622595657,1.244484007622707,0.7906994335841573
2025-03-04,1.6299371079335239,1.5335593402323693,0.5991272854631471,2.8784363577012697,0.6954004630132454,3.4113631116738543,0.6390143111180663,0.8611741955611795,2.430960526891866,1.2321443429094463,0.7900379542332733
2025-03-05,1.659687358870084,1.5471573120819477,0.5944508811708376,2.8867481116879863,0.6882697789297475,3.4433556782215535,0.6380572411868751,0.8597174653087314,2.449957569697421,1.2347490610339882,0.7935659796675916
2025-03-06,1.6510420647555186,1.5316737326702787,0.6079137316846439,2.8920765125152488,0.6915599731197516,3.5279444171470935,0.653785059215826,0.871435524009573,2.4625534056371827,1.2430819845966055,0.8044786605297312
2025-03-07,1.6583129145664368,1.5220366502086171,0.6008442598592109,2.910338581059429,0.694620500387291,3.4337226850723384,0.6709548777006042,0.8576540213835525,2.4446397163371065,1.2435248295040453,0.8019931818620845
2025-03-10,1.6405375374070232,1.5152207367310913,0.6010088962078479,2.9250894515721,0.7001477696154599,3.4748362687190872,0.6698253805231005,0.8558977979507334,2.4492941402479262,1.242062165274781,0.7988999067665888
2025-03-11,1.654350708586346,1.5176322226858683,0.6036739579967797,2.936241252827733,0.7130848444384817,3.4561505953986305,0.6920708704528291,0.8570002058593744,2.450985995343076,1.253638421814246,0.8014648930967612
2025-03-12,1.6472711483663478,1.5228993900930496,0.5995920139396897,2.9154183771377893,0.7057585005927716,3.497534112741494,0.6844492005829019,0.8533151422901848,2.4565630457000527,1.2471444304676698,0.7985806560500539
2025-03-13,1.658200944071574,1.5402391994823657,0.5966141689646433,3.0079779868914867,0.7034354611863286,3.4359948240899074,0.6838911917665884,0.8489746338781604,2.4639730073914885,1.255375105464062,0.795397706071761
2025-03-14,1.6850964334618475,1.5475790459942236,0.6208110427498403,3.0181157326783272,0.7106304594510529,3.505306472656175,0.723267695838375,0.8756201567462982,2.488885975187731,1.2843335890462595,0.8147109510112811
2025-03-17,1.6989187199505893,1.5448567187927313,0.6205021743590793,3.027240486890428,0.7178552619571995,3.523389522059304,0.7273672839238939,0.8762756436139643,2.496664857182334,1.2886832935207557,0.8127244795145748
2025-03-18,1.6986853413051248,1.5380981985683233,0.6363130924106378,3.0114679162187468,0.7110030093563658,3.6261478006356764,0.7225142158806329,0.8839091357822184,2.514463523214265,1.291051648841375,0.8149480505880197
2025-03-19,1.7231204867643681,1.5680402374239102,0.6351808382637276,3.0064605097068764,0.7100267656407123,3.5063142950993935,0.7149293486568071,0.9014742753900298,2.5030244674849325,1.2988891088299437,0.8154452276593113
2025-03-20,1.711940462012122,1.5619576505838229,0.6256053283890796,3.0205438145801153,0.704902176029033,3.486675836222331,0.6988299362596249,0.8985348353352203,2.4964479425540835,1.289271090509295,0.8082923848536872
2025-03-21,1.6815748418471401,1.562933389242747,0.6115010309674,3.0207317412512316,0.7011940570739486,3.40013246978744,0.6858811462097202,0.8704190733174548,2.4707641777911613,1.2726564957098798,0.7960315305835055
2025-03-24,1.6995727842507797,1.563282346997203,0.6083256169459145,3.033984913530016,0.6967367705119816,3.4645107471120453,0.6863489356737563,0.8617630033998952,2.491104741014906,1.272300222607569,0.8001295303862614
2025-03-25,1.702785161378523,1.592662181749598,0.6091912325615867,3.070698167416671,0.7033126587725067,3.4000587706441516,0.6822226119966653,0.8783335421402422,2.4908133604698737,1.2827760115852822,0.7996101887747774
2025-03-26,1.670074371581926,1.5778053313936435,0.6100670986685578,3.073356960773021,0.7189737514290584,3.364820685063948,0.6830428819861863,0.876896691762596,2.471581061579583,1.2806545056921637,0.7969793188572437
2025-03-27,1.6804788031161644,1.5571861127495707,0.6225858639542948,3.0835922926874297,0.7178046873265042,3.324500305813618,0.6921662192047137,0.8824864546521501,2.4612509715364226,1.287334475749427,0.7996339800702134
2025-03-28,1.673862689275487,1.5618607453321742,0.6205079859604147,3.04093575857511,0.7109329763519879,3.288624849520213,0.6878799843850356,0.8801681842231153,2.447224845659511,1.2809153792309254,0.7961271024540605
2025-03-31,1.6815044618604151,1.5735001636841286,0.6136731559688163,3.0602901563353333,0.6976299344968911,3.3209498677454614,0.6764540678648173,0.8589471926215059,2.4619388108947264,1.2731442292963733,0.7904619273186076
2025-04-01,1.6610220608167783,1.6084078082118594,0.6351305220490098,3.091088536552771,0.7032493286728534,3.320240115547855,0.6766154914529358,0.8599893143616967,2.4700151573356126,1.285384533784426,0.7905387915038625
2025-04-02,1.6689054491110131,1.5919247217131691,0.6221081538748823,3.077457268497788,0.7030483968554947,3.356212311919717,0.6735899634380813,0.8543143687309874,2.473962965170617,1.277548988366216,0.7898681616547338
2025-04-03,1.6732564074572231,1.612408418753722,0.6159285954260008,3.071705548574887,0.7201028839866317,3.18384530764104,0.6855269748934196,0.8271678702539266,2.4414557777455315,1.2781708209092624,0.7852150316251371
2025-04-07,1.5903744643612994,1.5549636021551627,0.5637060213207746,2.8302661945876917,0.7127452570187113,2.7635941140088587,0.6591631859112828,0.7142595969745276,2.2781419813910637,1.1943952628839871,0.7298927459933511
2025-04-08,1.6334849602965489,1.5827657070926455,0.5597272346178191,2.977322240312433,0.7725143267794077,2.5857185168051324,0.6748417634255306,0.7262677998835594,2.270962092163457,1.227712739322306,0.7423614182458886
2025-04-09,1.6103471367398055,1.5958441271591088,0.55882592710804,2.961182398339767,0.76979947852822,2.6553574406585234,0.6852481830590652,0.7178417743069926,2.285025114886185,1.2266016003168656,0.7496889338957824
2025-04-10,1.6196349002751438,1.591091550512109,0.5689167561210786,2.948363091027346,0.7701304000590625,2.8443095898292956,0.688513286820339,0.737614171253817,2.3332186740344985,1.2349765999869675,0.7595147389108654
2025-04-11,1.631533220095317,1.583966189399595,0.5644853787782388,2.909553409285786,0.7450887444314357,2.884939805103237,0.6841981851263513,0.7568834847998228,2.3392140394344487,1.2309281497890938,0.7626466494433938
2025-04-14,1.6430689713724973,1.605791275460924,0.5691040620069646,2.9777821895809935,0.7456348276062025,2.9408543385139043,0.6761786707376372,0.7611199654538423,2.370086173528015,1.2406078321986096,0.7644004949402811
2025-04-15,1.676975912243616,1.6167192623868003,0.5619414866451077,3.002640649728743,0.7424878079525776,2.926358065509822,0.6780663766655189,0.7596723413711756,2.3807187724641787,1.2449138835295197,0.7648260947808591
2025-04-16,1.693103522757962,1.6290710719142076,0.5576469187884517,3.05337761121139,0.7406398914129525,2.8538724324717535,0.6829896172676022,0.7453082525229852,2.3765797857862574,1.248322636817544,0.7671818397178375
2025-04-17,1.6948548833958381,1.6250093387552398,0.5601519511252667,3.0549090001143715,0.7384726534523197,2.8469601570030587,0.6911001190241236,0.741350225820547,2.3744737170852797,1.2497404549772748,0.7670602397633867
2025-04-18,1.7169928239139745,1.6162084532858645,0.5557695617420716,3.0536518124647096,0.730775789161982,2.897169279391395,0.6857138860771234,0.7412053605815879,2.389899606518254,1.2469742202872005,0.767121446429423
2025-04-21,1.6910067659130916,1.6158135731433816,0.5514107262653871,3.0256202921590463,0.7342792132275253,2.97290850312197,0.6746803253600069,0.7536339212852002,2.398860875468379,1.2410144228808293,0.7696343765918036
2025-04-22,1.706522018149122,1.6154271007529992,0.5488827434627306,3.035953388830625,0.7343434865940307,2.9389186950213526,0.6759666675793897,0.7548272419175039,2.3955710156274757,1.2431818032226203,0.7694454696391534
2025-04-23,1.7001415026380777,1.6048060205343395,0.5513723880296016,3.0349437952173814,0.7269378633500666,3.060927537226461,0.6728627754287148,0.775786274178696,2.421155932648954,1.2446967565666402,0.7700412687470815
2025-04-24,1.7221207938210272,1.6168013548925584,0.5477561745443165,3.052077374733893,0.7275243952529769,3.0125042773286648,0.6677749218998068,0.7731838272153118,2.4201763116225252,1.2470672421048379,0.769527824123355
2025-04-25,1.7077667730904609,1.629317261896137,0.5552951165823228,3.0303618479100267,0.7228772462960871,3.1183660289068835,0.6637045605363369,0.7843523274584477,2.442580882370384,1.24900951728045,0.7700640433204903
2025-04-28,1.7261730300577183,1.645103358445803,0.5515927488527514,3.0306141252634355,0.7175755088028524,3.0590377352521605,0.6651708216008614,0.789463596534522,2.437005366715525,1.2524027723351392,0.7689710671412706
2025-04-29,1.7225512354245385,1.5981342166141699,0.5510120443688882,2.9971958046000107,0.7103116203052371,3.0415177932955477,0.6544028700400496,0.7778496268980425,2.4158907281591264,1.237184198528215,0.767640788040907
2025-04-30,1.6884728299860874,1.5838416846005803,0.5549213985526766,2.989142517298694,0.7107041315556624,3.039475548772022,0.6547349654206982,0.7761916688461024,2.402755327297814,1.232450201819631,0.7667245181500113
2025-05-06,1.6945205233342573,1.58537108922223,0.568794848472687,2.9834882369695657,0.7167285366699734,3.17122428507734,0.6588664273571629,0.7925315456603893,2.4350637194771956,1.2431815768485108,0.7744457085688295
2025-05-07,1.7248013724131175,1.5976296403735546,0.5662114513624465,3.0172456555535847,0.7175912913108609,3.169893585404838,0.6605967937752307,0.798318273224205,2.4497396828281683,1.2512001557325636,0.7791399141683244
2025-05-08,1.7479748343671493,1.605289464615292,0.5695179071151918,3.0115249787446365,0.7159458125452399,3.364476275397199,0.6674969424670274,0.8138431233130503,2.5015215620126328,1.2598516025561803,0.7834648463275472
2025-05-09,1.777865150368875,1.6082513738018571,0.5735995395265199,3.0244327966583398,0.7105818744586269,3.3302903954136114,0.6666836153206138,0.8140667629430106,2.5035818586741927,1.2645070297351835,0.7820945083793126
2025-05-12,1.781197507187764,1.6025681660311808,0.5726710170384631,3.024616756703816,0.7074153462750814,3.4058002665696137,0.6727265842048468,0.8459704185449074,2.5199444309793346,1.2707942755784782,0.7911337772341684
2025-05-13,1.8162281532911564,1.6055580485526535,0.5814404773976307,3.043858718064538,0.7090281684337518,3.3953438424438684,0.6697756500474323,0.8484785192911812,2.5293388039241895,1.2795099635778648,0.792282266436072
2025-05-14,1.8281786869722063,1.6145712861038644,0.5866756000726914,3.0936480986269728,0.7138532033582049,3.4740354134814724,0.6883095675629393,0.8589877630397099,2.558960874126125,1.2945132245522109,0.8018298963045184
2025-05-15,1.8365346993535094,1.6302537954605067,0.5859469261154168,3.0940666433726296,0.7084342242691469,3.3815676750923283,0.682136874153025,0.8512482678932594,2.5446771047840904,1.2930410734942268,0.7945070575759497
2025-05-16,1.810443775306341,1.6220870474005604,0.5883506056090048,3.056970056899701,0.7038970982063869,3.4117754548901,0.6699070603121265,0.8580830392991691,2.5382619043974093,1.2849299318438976,0.7908236770158783
2025-05-19,1.7994687730920678,1.6314469896709678,0.5917450966516029,3.061081913221566,0.7046445693365815,3.371009561747758,0.6546484883401825,0.8554608503234498,2.5296089179510117,1.282321111946921,0.78839574481497
2025-05-20,1.8064491852768179,1.6605351774456898,0.6016820890815747,3.0573272109994667,0.709286279172253,3.3801789435870897,0.6533555747914294,0.8674940990347698,2.540308476667021,1.292783633264913,0.7926712642836717
2025-05-21,1.811053055318951,1.6605693124831646,0.6060770835079308,3.128073926063018,0.7081917641852185,3.379689305609258,0.6513325575324298,0.8858702172604053,2.551082959790151,1.3021257143308713,0.7963741659066651
2025-05-22,1.8260028718322814,1.6620949762577573,0.6024325052405701,3.1400897962641303,0.7043182342347397,3.3750747307609017,0.6470419634092271,0.8770705950625066,2.5555716464351996,1.2999709351746382,0.7958625513825875
2025-05-23,1.8068995226012452,1.6425604916519816,0.5998807108002283,3.107377626056762,0.6975177660467531,3.3171546002584935,0.6437151916601282,0.8681415772346288,2.528515634005059,1.288423517200276,0.7894386982704523
2025-05-26,1.7911802439414066,1.660681008563004,0.5924041712542781,3.1035077443805084,0.7021900118290904,3.3202462711906198,0.6323756914829594,0.841329771685796,2.5296806666731855,1.279401000413613,0.7849311628351479
2025-05-27,1.800196950019511,1.6509944927121012,0.5981328085659259,3.087616651454087,0.6981706329561078,3.2421026060396647,0.6309246071392041,0.8352460645778759,2.5093238284856034,1.2777120015004455,0.780719900198564
2025-05-28,1.7955203099709431,1.6459396530164006,0.596265223128415,3.134721176535793,0.691957159669357,3.323709435059396,0.6305837364396736,0.8251459942605386,2.532285869456778,1.2755654949136779,0.7800773318773856
2025-05-29,1.792734807036571,1.6395989642443771,0.6065913721476043,3.127243134776178,0.6974468568348892,3.4310615755177314,0.6313755205047088,0.8249873743305246,2.553535450789555,1.2788991847718756,0.784645057256699
2025-05-30,1.8002877195870528,1.6328861004307287,0.6028856531936422,3.1304867757396804,0.7140703209341808,3.3949228874094377,0.6220197827618138,0.8138195984635119,2.5459587007195648,1.2771868264954098,0.7808896927771031
2025-06-03,1.835553625218897,1.6213914204367346,0.6095953476168217,3.1106308864012155,0.72608323894014,3.3632535953057583,0.6132253007906414,0.8160468306517743,2.5414674743364665,1.2815119336657537,0.783285293217547
2025-06-04,1.8281749492896795,1.613810984545332,0.6170404934482682,3.111517391898082,0.7258252368955417,3.5252073578113587,0.6108365921417525,0.8286804581509286,2.574619593625223,1.284072514014521,0.7866872451204948
2025-06-05,1.8279581221547565,1.6104765956060414,0.6137898441715379,3.1046063802600075,0.712157651271253,3.6867676998933643,0.6170806636321151,0.8283688794281233,2.6081274855929957,1.280689506910898,0.7884793193656041
2025-06-06,1.832912338044433,1.6185865529620767,0.6060412531492184,3.1269645727172732,0.7162248461050387,3.709113921585673,0.6150469140846841,0.8194423525949223,2.6193675446658458,1.2798160122909235,0.787752973149386
2025-06-09,1.8353718829594836,1.6192392237668736,0.618328370937994,3.1477741615390378,0.7349624729340625,3.7805708400482785,0.6094870286043402,0.8168670647159991,2.6381734707228026,1.2877864079807995,0.7900430378434086
2025-06-10,1.8409935172402772,1.6123093450069295,0.6206783430732452,3.150738596273371,0.7283256334274016,3.7642283966001795,0.6051990651459898,0.8159038424911635,2.634631301781947,1.2857198615644099,0.786020682159475
2025-06-11,1.850469027814552,1.617300669768275,0.6169382740355178,3.1865706166658714,0.753466699175215,3.728637655317698,0.606254173733754,0.8283550076733927,2.635771356087502,1.2967304248122462,0.7919502050219949
2025-06-12,1.8514017040391944,1.61313623948976,0.6333197920453868,3.1707918611473014,0.743516587048822,3.8445304775745264,0.5952590381877039,0.8198859369685306,2.6572637514878714,1.2939500821408094,0.7914568914944067
2025-06-13,1.8377702521364467,1.6300833911296821,0.6230612392304131,3.211384807147759,0.7389173128005373,3.869940588707183,0.5789753066238656,0.8092353979834269,2.669594360409203,1.28637270578313,0.7857597912873003
2025-06-16,1.863588426212118,1.6233348778506609,0.6201618800573816,3.1951463429596756,0.730570032116169,4.002193238984755,0.5779610075018685,0.8093018493372057,2.699122714767166,1.2843276936823849,0.7877145410567586
2025-06-17,1.863928579725632,1.6361989849548224,0.6099170221791685,3.230489259537029,0.7316888896024527,3.96257023570712,0.5817198237105634,0.805592038045855,2.6997290630748974,1.2854132895538422,0.7870199165677886
2025-06-18,1.882950998988541,1.6394767099937755,0.6021423704609393,3.214302499185814,0.7237942775848913,4.136781081899862,0.585210315231397,0.8145206879069686,2.7385752714858387,1.2853101290379285,0.7879536740775517
2025-06-19,1.8812876506548128,1.6265803487903487,0.5929988087583336,3.2223586219826075,0.7160324751992847,4.142721229483324,0.5841892885716917,0.801214520304282,2.7369054255698937,1.276378835309553,0.7814710544322453
2025-06-20,1.9066393373979356,1.6165193717199948,0.5940342378772265,3.2055865294291745,0.7139884592790638,4.094806891452186,0.5980199856863343,0.7965060857400872,2.728360262305192,1.2795272119445749,0.7821935371047601
2025-06-23,1.945021956298014,1.6148607793370136,0.5944451770511495,3.235725525465285,0.7120637263409155,4.027970426508436,0.5899061329007635,0.8079821620897305,2.7279632753029976,1.2850680313198901,0.7844827884211609
2025-06-24,1.9623455244867978,1.6151862194608413,0.5996842182076128,3.2011467814180765,0.7177502044677029,4.028701050079547,0.595919200737459,0.825484770952611,2.7273940829014975,1.292920592729017,0.7938634725327443
2025-06-25,1.9839744809644884,1.6328994636816334,0.6059836435575281,3.1986094251896855,0.7215231073787551,4.101075765939649,0.5950674088336443,0.8434707230795602,2.7517281834864837,1.3034645717214375,0.8052572662581459
2025-06-26,2.001509432622338,1.6395488363570272,0.5958708419190774,3.1998739856455916,0.7230278125490527,4.192715560518759,0.5967800478785261,0.824242236025331,2.776276955819201,1.2998700334831412,0.8024010907393889
2025-06-27,1.947260507669253,1.6155128204681592,0.5972961471489163,3.184028331521972,0.719743613589806,4.3100935798887905,0.5898491955469863,0.8252791295191909,2.777977960578512,1.2884469040141573,0.7974675487746956
2025-06-30,1.9560486666854289,1.6192042676441412,0.6049132110223776,3.1845521504314513,0.721229949649669,4.395150919751402,0.5909512865980365,0.8365159937595156,2.797648183097973,1.2952423867063723,0.8003796440049475
2025-07-01,1.9829221875407357,1.6421184438150886,0.610661708958394,3.202162999479754,0.7209237811192851,4.396012062463469,0.5870681560239812,0.8366135519905339,2.8133956514990657,1.302815544889331,0.8017385946664777
2025-07-02,1.9964190206077734,1.642894016649684,0.6076313374756215,3.2311020210547037,0.7281763774110293,4.292691695451562,0.5897913479934926,0.8326564508297003,2.8012091497018345,1.306750216676895,0.8019262815526953
2025-07-03,1.9917441869536519,1.6435245130507838,0.6194122657567841,3.1943804036037964,0.7342092218559777,4.476566727939135,0.5911721594146553,0.856265421292171,2.8309855850727024,1.314355764247868,0.8068844281904465
2025-07-04,2.0329674365352575,1.6560466819207997,0.6222088170726205,3.2119962622660627,0.7356360345700574,4.531707538065433,0.5944682848224387,0.8398327137961056,2.857409332857637,1.3203130527329219,0.8097587013612872
2025-07-07,2.0422240848158997,1.6660020928750763,0.6067638543345661,3.1674390192017126,0.731908190139092,4.471366100299049,0.5919278596522287,0.8327256827659247,2.8444200221914904,1.3115715858230534,0.8062961528255195
2025-07-08,2.0401107113801267,1.6563121151882216,0.6137353787893159,3.1771212224777337,0.7360646108191803,4.7631480643327055,0.5978197355453712,0.8560979458151888,2.898305588618476,1.3203130355880555,0.8130630479496256
2025-07-09,2.0433952279738627,1.6429515098360024,0.6208192217937044,3.17767827101078,0.7470715901060319,4.743243343641147,0.6018326815208055,0.8629254034807908,2.891637941189309,1.3262903894839393,0.8116290632024894
2025-07-10,2.072901566638294,1.6347943594138514,0.6285309776819259,3.2246838699610896,0.7499756033492667,4.704175507527374,0.6075286354470051,0.8704790589467625,2.8961882295543546,1.337558330768262,0.8154159460649278
2025-07-11,2.0432470398123295,1.632334872283515,0.6418874086451205,3.189198176069052,0.7546343546174263,4.6924715650730855,0.6124295466032322,0.8708764180141467,2.8810831380020643,1.338859069779157,0.8163885423561291
2025-07-14,2.060132228961938,1.6449187262756912,0.6395991008546847,3.234188599031401,0.7534812741804746,4.723142828025319,0.615171326765956,0.8639905243373136,2.901176496758853,1.3435762053252132,0.8169703107000822
2025-07-15,2.0410841930339134,1.6295067919351882,0.6383356170792225,3.220473187168616,0.7392482452104513,5.19663602652999,0.6085946402711508,0.861660082701752,2.9773773883013366,1.3329422436751965,0.8172541794900711
2025-07-16,2.0339615737462178,1.6251868727986336,0.6362636278838443,3.214314684869086,0.7412553436720215,5.190851590924147,0.6124890512993558,0.8554561964381456,2.9723870145673774,1.3309079272351219,0.8148421081527868
2025-07-17,2.0258629518009825,1.6232805790093259,0.6483884224516235,3.2003438826798676,0.741179070270527,5.437712661522873,0.6141565479974,0.8624497956037404,3.0100874884602202,1.334690835009933,0.8203911736327355
2025-07-18,2.0365158899237192,1.6321151287857627,0.656595825371123,3.2258211590513066,0.7479065971644768,5.408591539673328,0.6282779039428844,0.8653665094396247,3.0146136310044853,1.3471370863369139,0.8252832333387199
2025-07-21,2.0222270558381803,1.648932756214809,0.6561193628040471,3.264289808295725,0.770728621557024,5.409630803700085,0.625172709271171,0.8790937410753764,3.0224310146446607,1.357163890003647,0.8307853262610129
2025-07-22,2.0009131384635155,1.6634601195772654,0.6573713585857538,3.3724752018074984,0.7952896526634773,5.365922404557666,0.6487943217411491,0.8967567644159126,3.030928529562538,1.3794543741188037,0.8375670655267158
2025-07-23,2.017667223211132,1.6659877613821075,0.6590350187033256,3.349482701832504,0.7928490972360838,5.305585578214136,0.6472522474962803,0.8893645574085978,3.022257564238295,1.3783022542360825,0.8377319778395247
2025-07-24,1.9897724101671443,1.655652539400414,0.6972212549666457,3.3412975857510077,0.7872222642647306,5.383558916927928,0.6499448831162766,0.9083275891038921,3.0242628306577006,1.389108599563842,0.8436834618978316
2025-07-25,1.9823045316448085,1.6445122166606003,0.6908563501023081,3.3044506964920046,0.7828240096887593,5.4277555050861945,0.6341665526505988,0.8991524749507581,3.020869444947027,1.3755191822041668,0.8392355063733199
2025-07-28,1.9759074648427277,1.6404457357448912,0.7084690595977506,3.2538710257128427,0.7777057921595667,5.592894382303102,0.6299562423515663,0.8981209292105155,3.037866081560351,1.3740207352429317,0.8409966722688029
2025-07-29,1.952918286026802,1.6424504776836821,0.7344310954850785,3.2881447851333894,0.7656869290466976,5.939199644045467,0.6293458723058742,0.9081459712424746,3.094357417914073,1.3810104387134963,0.844291054981275
2025-07-30,1.9686990709703596,1.6556847018069396,0.7400640534546875,3.335124061047608,0.7658394009652686,5.971791361220255,0.637557968818807,0.8803315159168938,3.115142890743683,1.386230558171839,0.8441310229341968
2025-07-31,1.973133102054722,1.6272448493419178,0.7221079844596436,3.304132000505236,0.7508903430809711,6.107934531199856,0.6187229810570715,0.8468618192121069,3.1238748557874896,1.360640388205702,0.828748628696164
2025-08-01,1.9792892367357497,1.6228793062487943,0.7096657958763414,3.216274986275886,0.7484018373731265,5.904734599622218,0.6181347575365704,0.8548785094301184,3.079080786561262,1.3523017969495759,0.824547126591041
2025-08-04,2.0021883032008145,1.6243765434050519,0.7085844663698975,3.2093657579930923,0.7489677662765815,5.943523372757244,0.6189754533940643,0.8522792799988629,3.090457007275872,1.3540092067987588,0.8277544778979863
2025-08-05,2.0448376048114665,1.6306157812812334,0.7136169895528113,3.237109085787279,0.7541041721239712,5.990673589891275,0.6281567141871798,0.8569397000669516,3.115214819263285,1.3672565762285092,0.8344136004872111
2025-08-06,2.0479934932820325,1.6280834340553991,0.7075940719704525,3.2788697216066245,0.7578026722984584,5.944946048344205,0.6294938921433301,0.8601166702972427,3.114774182600681,1.3700430901903173,0.8364541615957636
2025-08-07,2.064435586505345,1.629863331685166,0.7031131322463965,3.30521592231963,0.7582228607797183,5.926160428590678,0.6303253518740835,0.8534946462746364,3.1207280265958826,1.3713628728497416,0.8366943113385839
2025-08-08,2.0629057663219,1.6328272949159077,0.7023045348737015,3.3164969802520243,0.7629801068278478,5.946941236348378,0.6254525998436458,0.8700942385013424,3.126346651676163,1.3751629826775857,0.834722073950258
2025-08-11,2.0466058771473383,1.616535446608439,0.7045247227412264,3.2712503260861303,0.76233999261129,6.060137224946373,0.6425619611070463,0.8952484081191391,3.1277742239841304,1.3785965922357681,0.838289548199231
2025-08-12,2.056349586124778,1.6157494670347932,0.7052296133001225,3.3102509528592003,0.7598106670692969,6.361403618777342,0.6399223342455449,0.9017276873085439,3.1828647428344734,1.382268555468254,0.8426236308566981
2025-08-13,2.038926100171982,1.6079430595327036,0.7230763562905224,3.2890867462601587,0.7588585103755083,6.979337278889541,0.6395372721702695,0.9166887622062387,3.2651684779887153,1.3860260872350931,0.8492837701679503
2025-08-14,2.04810504909139,1.6016572996883685,0.7145336534794453,3.2778429212827853,0.7505391302220008,6.90779606143803,0.6377832302468119,0.9148166233640938,3.253589842438555,1.3801271104112256,0.848619850684201
2025-08-15,2.015046200341425,1.6001482677072365,0.7179902924671905,3.2715751817804906,0.7516348761227114,6.9855792837671205,0.638686629889892,0.9385792901230419,3.254280072025226,1.3820514177191605,0.8545249722180684
2025-08-18,2.028087637688241,1.5998752877783207,0.7209246617768862,3.2507481520152286,0.7543930495835331,7.173313421865494,0.6415507976157829,0.9519189666831324,3.280482192760822,1.3867839985118882,0.8620609158835343
2025-08-19,2.0349408975811665,1.6181484378445266,0.7069537549647863,3.233655376185337,0.7567810045113735,7.417199179967088,0.6491142998377349,0.949622542184862,3.319159595200112,1.3868267804010674,0.858799474964743
2025-08-20,2.0407176382879713,1.6193170641333177,0.710733260214194,3.2663229530932862,0.7630618053642565,7.397299050417825,0.660470477579144,0.9545201094287781,3.3240465022042502,1.396311555431085,0.8685644800026007
2025-08-21,2.053785395012156,1.6327469903458025,0.7190590177827614,3.303198209035887,0.7791817580832334,7.2796963310778064,0.6566998766796602,0.9424958860631454,3.322589519696807,1.4050289773769022,0.8719552479632494
2025-08-22,2.0654844234439653,1.6303119787078018,0.7238375654494655,3.293772075288466,0.7819187869115141,7.811475397317023,0.6622498902036503,0.9736371532334606,3.396152010028286,1.4146888058891005,0.8902414003109113
2025-08-25,2.073170074652731,1.6485346420445968,0.7444248783060784,3.3244125109623286,0.7910832100421761,8.514115719114505,0.6899917214293423,0.9974858695006745,3.5014952692600003,1.44013706054016,0.908791290352424
2025-08-26,2.0672806507958876,1.647244981953781,0.7367336941518882,3.3105203923098725,0.8190014083033912,8.196201877114875,0.6929891366386064,0.9901351854379586,3.4577188615962515,1.4418650444288628,0.9054094695456145
2025-08-27,2.028396953109344,1.621690974797395,0.7201780998909947,3.249298859393041,0.8053799559191385,8.40823703482636,0.6678748176359802,0.9830711750429516,3.454117395917536,1.4140883454513669,0.8918943869827024
2025-08-28,2.0296214129761676,1.6197420785898196,0.7190020351023939,3.2209017168931697,0.8004581714113322,9.225731196876517,0.6647819634603253,0.9923198704155858,3.549490259385419,1.4114285678214769,0.9076850967868513
2025-08-29,2.0179193925114154,1.6067629237488195,0.7361183797211212,3.213107854042947,0.8016324253795708,9.440156843611078,0.6827755539560467,1.0476149325787643,3.564656841280522,1.4279715531400146,0.9143907852449211
2025-09-01,1.992263111992492,1.6047219895948202,0.7722614223220385,3.224063236427807,0.7969609614125405,10.117445809254713,0.6784228927790784,1.0277363579099081,3.6350986714204327,1.4310021269233386,0.9198713236602379
2025-09-02,2.0365074632308326,1.6245954604517188,0.7831551279449489,3.276885422401986,0.7933208873810127,9.640359945491976,0.680970803855982,1.0344750159529743,3.6145589073025355,1.446581809691773,0.9131084954242406
2025-09-03,2.017829862834674,1.6104574501780944,0.7806750831360117,3.2532807749622648,0.7801165720615231,9.82630763627209,0.6737838617807491,1.1053658784932392,3.6203674909648114,1.4476712751677856,0.9068814796965674
2025-09-04,2.050217822677641,1.6149143053500736,0.7488532698630036,3.248083708812572,0.7823487161241364,8.797262165868705,0.6681836084699647,1.1078116296421494,3.5170171759410267,1.4417604208277137,0.8876408287097879
2025-09-05,2.0234392748010506,1.6121631136470185,0.7845023774081432,3.2375428414062966,0.7893881326068253,9.484105609222519,0.6759866443445149,1.2298023667815647,3.588837150045213,1.4719991595100301,0.9069821351772582
2025-09-08,2.006565171365062,1.6267091559208242,0.7974383856767333,3.2426973545111153,0.818134690423518,8.855668464425884,0.6899176345464383,1.2188061725051682,3.518856991438869,1.485162392545393,0.9084559754278599
2025-09-09,2.029696769853663,1.6248663110596504,0.7771475110415434,3.229780039825662,0.813515988372667,8.640305830658718,0.6921059270702015,1.1842365794546768,3.496944511751735,1.4750207876896682,0.902088245371625
2025-09-10,2.0306289268963433,1.628665844588572,0.7707007829909972,3.2179582075565283,0.8135966231958845,9.263236380713925,0.6922699124808823,1.1673829095272346,3.572076347817575,1.47034808297586,0.9039401028719326
2025-09-11,2.0465486862425006,1.6312373434470162,0.771858816125631,3.227909080736105,0.8425915743854068,10.524693538902442,0.6959502317615595,1.20487279818098,3.7254571356116357,1.4869971563465982,0.9248174729780682
2025-09-12,2.0111658661127145,1.6202204020696263,0.7742733896614812,3.2164045106168273,0.8412946617790993,10.475868853698794,0.68988430173246,1.2066197281629332,3.703130996221231,1.479673029485133,0.9195229946937256
2025-09-15,1.988474644011438,1.615460936382955,0.7761821134473665,3.2339669608356516,0.8592449314969022,10.314482265345564,0.6905177351987553,1.2496379703196665,3.6806098554802165,1.4889280394106228,0.9217715771290391
2025-09-16,1.9624248481733846,1.6069985273242011,0.7735206189063187,3.224487525515741,0.8406376305851376,10.520485130612867,0.6871474334236786,1.2537513328359473,3.689615059964973,1.4788557614984048,0.9197952728526048
2025-09-17,1.9500882495433045,1.6101364385146515,0.777314979024256,3.2649817082491968,0.8319435848785962,10.494390731493336,0.681316139673568,1.287952827159685,3.6919271965207456,1.483451907478798,0.9254250660615115
2025-09-18,1.9073194101043525,1.580576880618334,0.7900528438118904,3.18401112354359,0.8133456658600451,10.75554241565868,0.668255144377483,1.2636886634488564,3.679437972913326,1.4609696501446983,0.91466530019226
2025-09-19,1.899702762485991,1.5665854414105922,0.7757352436670566,3.203400227209241,0.810835096998289,10.850906996900584,0.6690959314561112,1.2554553544699276,3.685082125546345,1.4537667580456703,0.9154402457213773
2025-09-22,1.8768791554120976,1.5573799188009587,0.7756441419065718,3.1784566936392498,0.8044095332920242,11.288134062406078,0.6600415508581189,1.2554787243854362,3.7138578556844632,1.4440117308241547,0.9196470347810417
2025-09-23,1.9073312932404178,1.5666558924752128,0.7552724861406346,3.1978055334135242,0.8003364812696553,11.336456378032867,0.6557473466659121,1.2703322516953366,3.7361248886530425,1.4445111823502779,0.9190715701136573
2025-09-24,1.8934633746394989,1.561694641928143,0.7601407895953055,3.20059489417893,0.8065912263588709,11.163372345367351,0.6551583464993431,1.3159775646175227,3.7130558135945275,1.4515440068764738,0.9284849926745156
2025-09-25,1.892428899917701,1.5565625888823091,0.7764210911032614,3.2001258150516656,0.7954640068001216,11.428252392190492,0.6485106545402568,1.3666362490267507,3.737023944343864,1.4581396424612587,0.9340600862383601
2025-09-26,1.8909375753450213,1.5672906243768336,0.7645910632611629,3.196706510658534,0.7955760096275166,11.02601574232912,0.6426158986825473,1.3328795035087588,3.7007010388809354,1.4496822936464795,0.9252270086106166
2025-09-29,1.8741275864025848,1.566964822191665,0.7693914279906027,3.174339207118719,0.7980556584773552,11.228611263392496,0.6582427267813092,1.3960968907617433,3.7111734977884043,1.4610248170880427,0.9394619303687729
2025-09-30,1.8637481859057397,1.563669709548424,0.790339590222489,3.156573129705701,0.7948008797719786,10.953866739185356,0.6537055273959517,1.4264081159586932,3.6757436918919844,1.466179751460406,0.9436591622413817
2025-10-09,1.8584268756096833,1.6201762650354417,0.7929115466782568,3.2224272951673725,0.7985388939847484,11.02689224182009,0.6465844729572547,1.4283344534064284,3.71626538548592,1.4784422664310684,0.9576468172025275
2025-10-10,1.8661690148039607,1.6240373372362298,0.778904489439425,3.2452547045257156,0.8020598570070168,10.663454863212849,0.6424180587726341,1.3268647467368697,3.6879638366185574,1.4640061124713588,0.9388073647276736
2025-10-13,1.889987096448814,1.63100186009883,0.7568442320043679,3.227902875276103,0.7993690065334766,10.469109990924489,0.6363801252988815,1.3139897138513095,3.6749939337980657,1.4560951886265008,0.9341599283414291
2025-10-14,1.9452596845394174,1.6507254612150872,0.7323595450974071,3.286137643109068,0.8041840223416121,9.696300655679513,0.6544343109702861,1.2796269750094962,3.629979206213525,1.4637446201616855,0.9229932703168998
2025-10-15,1.9676168622758248,1.643735508808716,0.7479771587467726,3.297871932901667,0.8002027036979308,10.085332058505898,0.6595127922264935,1.3292059804728056,3.6802232414175964,1.47870180029992,0.9366628946279433
2025-10-16,2.0010852612557515,1.6528532395768567,0.7476572813002967,3.357223272418705,0.7917653777489124,10.083776424021512,0.671147905315655,1.3642475866873065,3.7049272209013675,1.4941575655015082,0.9391302756435064
2025-10-17,1.998945949063106,1.6430482244511022,0.7251151405793034,3.3415007631600893,0.7851904058231748,9.818023321444272,0.6601111482765514,1.2780481551495118,3.668419745878725,1.467967431553457,0.9179444320743241
2025-10-20,1.9949698843850103,1.6401350154874665,0.727041294893657,3.4000556990109643,0.778587478095226,10.211669725006077,0.6534506377043984,1.2965478311197678,3.7209582936708743,1.47099471457148,0.9228216476387116
2025-10-21,2.0071172851070442,1.6310781207932978,0.7343750461766005,3.3943977458891994,0.7804589271902457,10.999181700664312,0.653764767947544,1.3241632651243682,3.806364693872689,1.4775077442600433,0.9369849921661545
2025-10-22,2.0307601110537026,1.6330784488781993,0.727143123433943,3.4374055035961377,0.773523996641687,10.956449514396436,0.6520843362474961,1.3063734880036182,3.8182171017541253,1.4765648418447153,0.9338734160741695
2025-10-23,2.038522340231464,1.6533573418908944,0.7272795205542841,3.4900152067918313,0.7759007327754603,10.68850624575108,0.6583874543183396,1.3222561058584785,3.8102786680671206,1.488481126680499,0.9366744852590534
2025-10-24,2.032594528202616,1.643931849789418,0.7310816738909991,3.4782684927670244,0.7741806832988539,11.487906398339407,0.6422391187751687,1.3632382418287925,3.888166236865113,1.4877028171350768,0.9477240169060515
2025-10-27,2.0388254220569975,1.6837291649452728,0.7378132479489764,3.509468507163262,0.7892459514846943,12.09782047214203,0.6404784626710203,1.3541409959916655,3.9735823788389726,1.5001362295523473,0.958976079580864
2025-10-28,2.030849865970045,1.6865437225209519,0.7268204279732486,3.4793516492283816,0.7841451533660581,12.225916402038035,0.6443467117412387,1.354110371852094,3.979037582752717,1.4940237131464496,0.9540864600077448
2025-10-29,1.9775206676848904,1.6995014219978177,0.7321263543475396,3.4602128261770972,0.7848160509516505,12.455752847430777,0.6396093701710284,1.4481357334838052,3.9855109257960777,1.5018615665251978,0.9654462952174385
2025-10-30,1.972444273033053,1.7011331341271347,0.7078649145596247,3.4867023207914394,0.7760209911746253,11.93785645063025,0.6397970527462081,1.4503797545843373,3.939814724630834,1.4937466783508264,0.9577340519524594
2025-10-31,1.9600159467769964,1.6610389995777841,0.7138263653213713,3.469846048391512,0.7803661246466493,11.129220350052922,0.6491126463270266,1.4197763211454795,3.8369649901294043,1.4874366696684198,0.9436538752868399
2025-11-03,1.9818505588685276,1.6798787416340841,0.7014001545750705,3.5963011214374387,0.7912382982174877,11.259106042945593,0.6526099838939641,1.4331576823518528,3.8880819366811767,1.5024305588515057,0.9462434662900701
2025-11-04,2.0325414555348207,1.6890444716592554,0.6928859399423829,3.5894914299365066,0.7787425630089779,11.169935450715256,0.6431712399877877,1.3789651031963612,3.8977272704996624,1.4936380637406854,0.9391866020438117
2025-11-05,2.042853619736145,1.69060813413761,0.6902665078123702,3.5885266338510498,0.7819671768378996,11.171298829141385,0.6390896750756928,1.43350546159611,3.9015926597478967,1.5010659289655393,0.9409268234655347
2025-11-06,2.026246041709829,1.708519895289129,0.6922540015363723,3.6162687783278984,0.7802848078340764,11.608653869524662,0.6401488640344385,1.4523530180312392,3.9540468704453784,1.506506912477762,0.9543772425075183
2025-11-07,2.0234164217683848,1.701421839708255,0.6887399739870673,3.63494987068869,0.7818270561890287,11.25596107642949,0.63967446009981,1.4534510817851929,3.917753638879283,1.5055963801883774,0.9514065840885007
2025-11-10,2.031085144872175,1.702350857518478,0.6931509207700455,3.6938622130731904,0.8000888567796173,10.993104225930123,0.6731365338264181,1.4240184061229255,3.9037204962753047,1.522365566574705,0.9547123540876772
2025-11-11,2.045948980125898,1.6995241959610992,0.6892851289824993,3.6591275366684424,0.7986216660462802,10.617422799459009,0.6721646323224053,1.4214407661829003,3.8612614684921462,1.5191797923636052,0.9459919292605453
2025-11-12,2.062925347563079,1.6919243058442095,0.6907556755212504,3.6866327379496755,0.792388934329206,10.705458513692554,0.6716979463037884,1.3918529066053442,3.878165800969173,1.5168119692651683,0.9447193999713255
2025-11-13,2.0641715242237875,1.675427540245423,0.7021233125320715,3.6711404203983355,0.796515183463283,10.656479951689562,0.677473170214523,1.4636294441299718,3.8642149440886824,1.529943718383384,0.9561404418470554
2025-11-14,2.0687495308699613,1.6568264208764811,0.6971895624369377,3.6447271584915617,0.7878344155848152,10.161306118413433,0.6659764630292277,1.4172058182187102,3.7999918400884507,1.5130245813559577,0.9411063765755349
2025-11-17,2.0366692893432474,1.645114117163464,0.686715880128712,3.6750675875781966,0.7787058813959695,10.318783040116822,0.6701808485565556,1.405548847349075,3.808633117923982,1.5035507557255234,0.9349883534491756
2025-11-18,2.0345420778689527,1.6336150970267393,0.6842660061518923,3.6433030937960353,0.7737088448974055,10.336759685621551,0.6689540934467766,1.3570972081476633,3.800037244732769,1.4907657726252843,0.9289164895028504
2025-11-19,2.047685470603689,1.6423401723886335,0.681161044655881,3.7497455327350866,0.7735804843860365,10.452363012294859,0.6630043091664917,1.3625601135307255,3.838764488322575,1.498324804401607,0.9330035087077129
2025-11-20,2.0537272688897397,1.6417600323211892,0.6765827088577439,3.7011924434343015,0.7668542819796886,10.593186728081243,0.6610430538763349,1.3364966217243157,3.8476577371917204,1.4885628640125244,0.9282566369072099
2025-11-21,2.0349226898930683,1.6287232368775357,0.6601550312632799,3.668913842762396,0.7554992705216426,9.923298167698581,0.6564699398708219,1.286717333532115,3.75810605440752,1.4659377140084877,0.9056162708059424
2025-11-24,2.020466129653545,1.6243590246023405,0.6658685539623492,3.5846685861247805,0.7670108927992825,9.686714215093893,0.6509497635356873,1.2893652246658007,3.7107163754609553,1.4620479459513573,0.904485675911717
2025-11-25,2.0456828709468966,1.6277398130230045,0.6685802019391551,3.5879227130556064,0.7704769260863527,10.066181606978445,0.651455293693905,1.3116704809763615,3.7638927722122775,1.4706415933965973,0.9130987348927786
2025-11-26,2.024444429479803,1.6257805372789886,0.6723930898085895,3.5541360906298616,0.767918745797307,10.838415253748655,0.6536006630952375,1.3284534137485233,3.83734240746589,1.4694730901968962,0.9186339729531577
2025-11-27,2.039205891580196,1.646601064161837,0.6702072124587828,3.606663331363173,0.7664214864157644,10.817669396916894,0.6549482342393904,1.3180997213538876,3.8574448955068164,1.4753236488240418,0.918181938339873
2025-11-28,2.0203955411222103,1.6449398750753836,0.674142788175684,3.570223342381463,0.774433802034698,10.831772588801499,0.6552554585387874,1.325322008780233,3.845878966816176,1.475014181361716,0.9204713930006794
2025-12-01,2.024803654620423,1.6565103379251784,0.675044439965454,3.623930398677965,0.7661965121398827,11.016986642636482,0.6540670643340952,1.3347255469253418,3.8811567621524277,1.47992607225435,0.930602824657133
2025-12-02,2.022307520477743,1.663004734146183,0.6642011187483928,3.653348515754527,0.7571720248198746,11.063912101584156,0.6470761211963355,1.3254878443093447,3.8931057830548,1.4732738405435046,0.9260985427323155
2025-12-03,2.004797299322514,1.6709546621256757,0.6610638916980666,3.637170576885557,0.751342806296475,11.058932095981113,0.6396311211375836,1.306833703467848,3.887190515567739,1.4641460380127869,0.921363464907328
2025-12-04,1.9994466658251968,1.6686560436022486,0.6635619747953534,3.6584713078175497,0.7464499176079293,11.142962982317336,0.6254139316392346,1.316153480053563,3.8972253548757547,1.4614704265284015,0.9245187600464817
2025-12-05,1.9933527832470401,1.6674784511862966,0.668589567477298,3.639846020402382,0.7502210566834522,11.069560885837987,0.6284304105832257,1.3302061128386524,3.88377885602338,1.4649354880216843,0.9322399504653001
2025-12-08,1.9982055408665615,1.6577613897581367,0.6696133617304266,3.603348882913857,0.7458602810977893,11.60606496270797,0.6191602462720249,1.3536764555821257,3.9315621893536523,1.4616795283496467,0.9398080225468248
2025-12-09,2.007323052672184,1.6571096019258986,0.6651590030302661,3.563966038611977,0.7342714604662189,12.075551300840765,0.6087934816999374,1.347844586459653,3.9748443794235744,1.4519312363894152,0.9350229219981
2025-12-10,1.9655921228793132,1.6659517619150779,0.6652771499699041,3.5365453790035426,0.7354448910916598,12.04082116937901,0.6111819001640869,1.329052263613436,3.956080306345726,1.4451918572573341,0.9337223311809301
2025-12-11,1.9814168604134095,1.665504791732189,0.6597879732695391,3.5345007538301707,0.7291421137631863,11.591881993787727,0.6104281260664857,1.3232126741376744,3.916580071677332,1.442390843728184,0.925661352260628
2025-12-12,1.9804581483545136,1.6763334365980451,0.6626732894078173,3.521722613289367,0.73540262288235,11.599404715035515,0.6139141888839247,1.3324064770309292,3.918910922206142,1.4477483700993985,0.9315105540830003
2025-12-15,1.976768640056437,1.67174604790978,0.6485956234863212,3.5081826974565216,0.7372250935024666,11.30075488282601,0.6150395607285315,1.3033016716390036,3.8831255196557026,1.4378598094992354,0.9256359342099484
2025-12-16,1.9589840797124916,1.6586413955008696,0.6429627322436533,3.5135421340126936,0.7347822278802516,11.047144774829471,0.6138549249608005,1.2746912314844638,3.8470749958264023,1.4275821832993731,0.9145526473916478
2025-12-17,1.96342721543783,1.6643199304592802,0.649745304482736,3.5075339086048767,0.7434584589047727,11.73122820153663,0.6145948220973497,1.3036620921706417,3.9210958437352947,1.4372012723194294,0.9312919588471564
2025-12-18,2.0069575191070537,1.6743671321017695,0.6507239941724643,3.5848110556644643,0.7410620320477318,11.245398851408758,0.6131198205349842,1.2654836393779743,3.905212229460471,1.442549982794955,0.9257849856591329
2025-12-19,1.9946946077194048,1.6654276640492367,0.6573477912058177,3.5384030900780017,0.7434984891692737,11.290515988300145,0.6150883793021765,1.2750650183412786,3.894034705714599,1.441882815016028,0.9289134393367691
2025-12-22,1.9914042241697183,1.6544108510837159,0.65562093537187,3.549323222657108,0.74335774826635,11.96597976919221,0.6132028711871796,1.2826396002545148,3.960562979857434,1.4406083836039616,0.9377479403753505
2025-12-23,2.0062360050960892,1.6583994605685966,0.6515083880262962,3.579137763580241,0.7371753549711763,12.092968878009994,0.6102973335450558,1.2989583341326227,3.9852249968390514,1.4432465449261933,0.9396004079088743
2025-12-24,2.002542332414166,1.6627900326907574,0.6519471524198185,3.556372753917289,0.7305081235056058,12.275808294961248,0.6067696990434824,1.2926954963846355,3.9996123053585038,1.438601688932124,0.9423099721113117
2025-12-25,1.995046371021248,1.6630913849912075,0.6572349262645772,3.5422717148896576,0.7310985845421539,12.307419405531167,0.6139039217666801,1.2945982199790618,3.997684583651024,1.441257272787046,0.9440337226361943
2025-12-26,1.9881404097763502,1.6549059651196365,0.6565899562505997,3.5380571346145877,0.73282014451614,12.08102061350263,0.6100935384849147,1.3435395930450464,3.969244577340351,1.444997177231858,0.9470236987737284
2025-12-29,2.021353103794219,1.6096327844049574,0.6514314422202645,3.6024435502557077,0.7438468900740252,12.282006432427604,0.6009786046237542,1.3145291239605934,3.994047318215133,1.4410463612667945,0.9433903409373943
2025-12-30,2.0238610749606156,1.5884606424947207,0.6465602139506338,3.660448577714028,0.752691571855358,12.302994295784318,0.5977622911166172,1.314791846903936,3.998883319215704,1.4415196573049103,0.9458121728061395
2025-12-31,2.03113994170329,1.5790535426998058,0.6389668667377016,3.67533341617925,0.7459395014205272,11.99174354100805,0.5909755434824978,1.2819786289143256,3.969693449430163,1.4311073020622038,0.9414723965053198
2026-01-05,2.0008401198837866,1.582514515598272,0.665332797176689,3.6171089060236303,0.7443765251678297,12.197016170887812,0.6062373541656557,1.309652016008818,3.9711783040101984,1.4420526591012348,0.9593272553690516
2026-01-06,2.0175566570435177,1.5874743816536596,0.672999820101707,3.69043484188758,0.7547101558296888,12.013563151144032,0.6095486287581898,1.316403912135698,3.974280747270834,1.4562217955037222,0.9741608230568123
2026-01-07,1.9936906659834701,1.5951385916754497,0.6728067485689624,3.6409710822827197,0.7477464984865226,12.013557289191688,0.6046654971728339,1.3088376108022521,3.9607646554251486,1.4473297637441809,0.9713083077373531
2026-01-08,1.9670686289350188,1.6012392962896662,0.6759726111374291,3.6294508239773626,0.7467412394878306,11.921436501341427,0.6009790692961227,1.2967586522130166,3.943274467371433,1.442507662927387,0.9633754357924758
2026-01-09,1.9621303126544056,1.597395290456214,0.6830051251910976,3.676851314150961,0.744838015913474,11.814240873411668,0.6024730640727127,1.294717244209192,3.9379927890263677,1.4463940408632967,0.9677001646072929
2026-01-12,1.9736456972867846,1.6113189412558448,0.695407641506336,3.638686056373701,0.7448928545198195,11.752749228100528,0.6111524980662928,1.2738329383423568,3.9346039094138265,1.4511499234740832,0.9740026211093828
2026-01-13,1.9808330397610339,1.6043868437331898,0.7061925338720434,3.679889090874351,0.7351787710996802,11.530918737912518,0.6047707201052923,1.2572389990570763,3.9193170159654245,1.4504615236024803,0.9681292213027634
2026-01-14,1.9353288810986518,1.5802149945213255,0.6986724461483952,3.6537142328923,0.7332949875563197,11.882547960002166,0.5991071038759223,1.261968382961575,3.9256785653119883,1.436334827071568,0.9642451398145262
2026-01-15,1.9206768622266954,1.5731500450875973,0.6889290748372,3.66369083314646,0.7310539710034428,12.197412858405748,0.5936613537994863,1.2634385719380015,3.9507933654600063,1.429143860449545,0.9661765049773593
2026-01-16,1.8978814530904204,1.5627989830807452,0.6807507011190158,3.5994490493400297,0.7143322264075271,12.237597315454158,0.5884235661098385,1.2771022542059391,3.9310045908705233,1.4147274980360134,0.9621999017846486
2026-01-19,1.8890512379217776,1.5885121289490873,0.6655133266925949,3.608250797941402,0.7164265312785456,12.20893302569135,0.5832909366138715,1.274982770169021,3.9375757469693067,1.4116111959030404,0.9627251403838906
2026-01-20,1.8921909052142465,1.6011828568727708,0.6534392891381666,3.6433546546101776,0.7124577864775419,11.79802299415268,0.5886121529020497,1.2434835014545533,3.910528258290355,1.4081542512012397,0.9595574412360053
2026-01-21,1.8463370469892553,1.5765649548755452,0.6483632588898455,3.628175612307073,0.7046076571353471,12.347657082191445,0.5757957264335573,1.2436669445649182,3.9366520723905123,1.391067554212276,0.9604096576391885
2026-01-22,1.821131130121188,1.5714283733735734,0.6448036948681002,3.726700192059709,0.6992748089320796,12.737506235843538,0.5727479377684299,1.2274735812502977,3.9806614621033543,1.3876006436731676,0.9605397980586676
2026-01-23,1.8024587284787212,1.5579138719124515,0.6487994272301448,3.6552236422688984,0.6995267561757834,12.062069344937951,0.5706534481510428,1.24121324506808,3.89210352982281,1.3820678849751682,0.9562264565305548
2026-01-26,1.8035219706957886,1.555453466723591,0.6686883317228695,3.826056932350165,0.71649438808764,12.041456606514965,0.5704557922414799,1.222278554567438,3.9197837444720944,1.4000619542173411,0.9571347959896382
2026-01-27,1.799815191148171,1.5408455474847937,0.65198610997056,3.7831611038625397,0.6981218109330583,12.261280682360754,0.5657653893132231,1.2068893740732838,3.92644859806431,1.3815111599548178,0.9568761419059234
2026-01-28,1.779586043925652,1.5270221744646122,0.639336117531356,3.8956843740684697,0.7020062005965098,12.2543283882907,0.5640246716778425,1.1930223161536095,3.9320187275551435,1.3778259788972533,0.9593770747483834
2026-01-29,1.7992356362631472,1.5379334776580058,0.6518328927423466,3.9444840843019104,0.7143230539392047,11.910494989334543,0.6204610559690423,1.1710146805474047,3.919049053510051,1.4057241460312977,0.9666728686710292
2026-01-30,1.7889187963024662,1.5325363692413363,0.6376125181669562,3.9572048337640413,0.7132269213024164,12.26181842243493,0.5997488589066079,1.198108995195248,3.9497980054613246,1.3975407318021877,0.9570079090806463
2026-02-02,1.797818014451158,1.5240876692608896,0.6192396739365001,3.787016084170212,0.6962213192749601,11.933120653114495,0.6096268555928392,1.176440133376698,3.889367767054014,1.3772921774598252,0.9366002645510683
2026-02-03,1.7817611067208297,1.5220866226411174,0.6263816592892963,3.7524505826621555,0.7018434898673878,11.887143811215006,0.6159976284124147,1.1792961803396014,3.872314946011275,1.3792127306289999,0.947606687184114
2026-02-04,1.802022449541827,1.543181614176966,0.6354373716434331,3.9128505337673047,0.7130129210697714,11.318067019108263,0.6340953075569221,1.2087570407169237,3.860571655537115,1.4090929091380993,0.9554509009682212
2026-02-05,1.8210634147506974,1.543541882456961,0.6363242871362792,3.8563974801110663,0.7107082295740029,11.187029866596568,0.636396229148573,1.1864558665498661,3.844828528757147,1.4054216465007192,0.9497035746929722
2026-02-06,1.8130338360610045,1.5421107667877676,0.6326548162108319,3.899991745586967,0.7072012329769408,11.161691063346568,0.6212623280256447,1.19704615965953,3.846040244957643,1.4019893373516745,0.9442492677059567
2026-02-09,1.8179829537624903,1.548421738916755,0.6347625026318767,3.9253619723008772,0.7102174140604944,11.623568149691387,0.6204484748523793,1.2191539554233126,3.9023285734362037,1.40939309565989,0.9595936365401732
2026-02-10,1.8176010979748363,1.5446000020042718,0.6385446454800165,3.9460860956211783,0.704574487237393,11.726892465171566,0.6088944890514195,1.2188973709860313,3.9144270443220663,1.4065605386977442,0.9606591612246591
2026-02-11,1.821386123474607,1.543894809541423,0.6369965602075749,3.9897459135098736,0.7049775234520698,11.331764328535824,0.6072612648989786,1.2219701149145352,3.8831379955955776,1.4088888573985805,0.9585287218889039
2026-02-12,1.7895677426505925,1.539842824132281,0.6372240384996292,4.026679871920172,0.695685060431569,11.332190897282306,0.5971334742271067,1.2399623405675781,3.876168497748545,1.4039164527953536,0.959699782319811
2026-02-13,1.7724844087315674,1.5290108568431326,0.6292821037174753,3.8896040991543597,0.69251349103563,11.30449626285413,0.5995136789596875,1.2070492347265855,3.8406231165123987,1.3853191784394854,0.9476674871613396
2026-02-24,1.7680412290691312,1.5499361639558353,0.6299716277239403,4.069606809153323,0.6904002400931379,11.475454618005495,0.5891549657482166,1.2124933885755862,3.8948259199094593,1.3952537704455337,0.9572527357447916
2026-02-25,1.7626138197377244,1.5502237356895636,0.6458364011769868,4.021604924759569,0.6952984286621126,11.823313063956462,0.5926055509618033,1.226359325429549,3.9207164262662637,1.4017970428419346,0.9630159228836649
2026-02-26,1.7490353814626203,1.5653762226232237,0.6401539638375903,3.980853923378706,0.6965358572235937,12.194339156406546,0.5831535420468976,1.1744335643830885,3.952358822688849,1.38820178779406,0.9611833831018737
2026-02-27,1.747133047097573,1.5839315240581384,0.6357388144050127,4.009365759866747,0.7106060193716012,11.800927034802637,0.5813633572742817,1.1676950744803452,3.9259154408034465,1.392571440304278,0.9578837134348603
2026-03-02,1.7514187001721506,1.6113654155796056,0.6170679732901713,4.34577974747615,0.7071196700581014,12.02607294036646,0.5729909183830707,1.1962508555904803,4.016225703996119,1.4096367969406856,0.9615483863096317
2026-03-03,1.7826540640191308,1.618821835293745,0.6021818331015274,4.653525843615209,0.7093248414776151,11.642745196884372,0.572678923884194,1.1978468488566043,4.0402575561602765,1.4255567079762177,0.9467504038928225
2026-03-04,1.761544501732216,1.618518921257851,0.5914476363196964,4.601668354004695,0.712716959866107,11.358520773372835,0.557323152022205,1.1884497292123688,3.9950643569727853,1.4111008097313928,0.9359180440708303
2026-03-05,1.7849536049818,1.639535793383091,0.5947266640513128,4.4799856543321654,0.7070945531300203,11.76929965605388,0.5580565999228915,1.1920456659258611,4.038296096332262,1.4116603033799924,0.945082166390624
2026-03-06,1.7884498759519472,1.645198378895613,0.6093299812253795,4.397518252655895,0.7321839962342188,11.64889084276915,0.567037065660294,1.1948168766720615,4.017155078432941,1.4237209334759586,0.9476741975267194
2026-03-09,1.7760399265549807,1.6537763612077159,0.6024331585057761,4.581518508139355,0.7342845356640068,11.322671671366614,0.5624921108827858,1.2316160378630365,4.010265046379913,1.4346925332074,0.9385269527925769
2026-03-10,1.7801905231460033,1.6566605351767385,0.6126680020523163,4.355250388741175,0.7312479621729567,11.722370228372602,0.562475929803402,1.249362135441733,4.022453013011071,1.4301819281095305,0.9505854793793496
2026-03-11,1.798565211405024,1.6820110383881124,0.6093270225924844,4.419864728126694,0.7399747770976537,11.697171738196056,0.5613550092575054,1.3301005727943054,4.04698367225845,1.4513349336247043,0.9566329419970224
2026-03-12,1.8072646228233185,1.7119983341273395,0.6065813087604002,4.52017322561625,0.753038248676347,11.41915185646034,0.5619882305633476,1.3383750556844034,4.048722117996963,1.465135362862582,0.9531891011465549
2026-03-13,1.8140210929625558,1.6934136825109949,0.6022169218221761,4.443695543031265,0.7448634075245554,11.626731823266697,0.5703250326177175,1.3418217516314075,4.054582370462969,1.459185971459321,0.9494434971984199
2026-03-16,1.8207887054293528,1.670163623429025,0.6059769159399108,4.402255406539001,0.7463901962957212,11.895478237136603,0.579820806554518,1.3723396044394172,4.069639449636257,1.4637626856356283,0.94993538731517
2026-03-17,1.8429953195676132,1.665286385868626,0.6082745222137514,4.3502185127318445,0.7431089066933941,11.573873803359387,0.5820067183270448,1.344069365381547,4.034905678989903,1.4601641141757418,0.9429972762016866
2026-03-18,1.838434063602581,1.6583883248861118,0.607554221100059,4.305163282245466,0.7360785390594621,12.224230791111305,0.5746355926067722,1.3324289096068276,4.091509409292202,1.4504021284592254,0.9472457508644653
2026-03-19,1.8449138322674987,1.6549594838446602,0.5970803807215643,4.49839290417351,0.7286001485191522,11.963055656805196,0.5673810852892242,1.327942272690299,4.096884705957326,1.4522558465064992,0.9319784495599093
2026-03-20,1.8370683989525072,1.6526214358974618,0.5893416078792718,4.463934588128693,0.7241266262016044,12.184912731235103,0.563970088294654,1.376740710889536,4.110579208490506,1.4507559782966273,0.9286775598264633
2026-03-23,1.7716219869125613,1.6254496704237502,0.5653264637710322,4.471006731096486,0.6837855957742586,11.694176125372506,0.5486406781887248,1.3743033419737463,4.026328636853852,1.4147225684151181,0.8983749731839541
2026-03-24,1.7985051278525306,1.658313372940827,0.5794715425378819,4.384383803431038,0.682735880236674,11.938937222907102,0.5510027581100252,1.3538303910471619,4.062359225739604,1.4216498047793655,0.9099096845823228
2026-03-25,1.8054618644560096,1.6876814717996904,0.5829162360373419,4.279777029058962,0.6891905895282071,12.20667141948396,0.5542087625564347,1.3607017238248684,4.088144558106875,1.4260795326254587,0.9226683259570123
2026-03-26,1.8109532377141824,1.7025090361333655,0.5721715688840121,4.324632767200931,0.680549907037446,11.934847411278799,0.5476013508912237,1.3497022683712436,4.076033354852971,1.4211419259270335,0.9104814890504093
2026-03-27,1.8020739603656666,1.6896789734838864,0.5917280819344881,4.332900370491531,0.6922578296626325,11.885506821534765,0.5542610785962502,1.3747191804020173,4.063826441030141,1.4349031197685382,0.9155724195849102
2026-03-30,1.810917605296138,1.6605403316012883,0.5937590802562047,4.383080682199455,0.6857277230987588,11.79658523542913,0.5561615886521818,1.3454262074055214,4.054193079309556,1.4306042324943657,0.9134129019991777
2026-03-31,1.8338053966524188,1.6414427409254793,0.5875723071382656,4.2836986946200035,0.6739241658087384,11.587374588521921,0.5544496806565163,1.286178136983091,4.01807104453988,1.411957635566714,0.9048925680669951
2026-04-01,1.8391432458039494,1.636088179539722,0.6123167294165988,4.237201328012423,0.6754265687726417,12.110534901974097,0.5604365224667182,1.248213683279088,4.064990534584638,1.4158659117845502,0.9203504030794448
2026-04-02,1.8541279102878492,1.6424011794761109,0.6037250052434384,4.3147216380578985,0.6908326864766849,11.727345170995184,0.5605810133043017,1.2265800661255961,4.046933542470177,1.4204803931429142,0.9107621043299112
2026-04-03,1.8307161720173863,1.61407201322361,0.5890667368466407,4.280795014553943,0.6751302639328304,11.885623208180863,0.5537886310496102,1.183060236192696,4.037865206715376,1.3942281929107312,0.9030095988726557
2026-04-07,1.8051215245311574,1.5946818776203056,0.5933362601149648,4.350483691095157,0.6853475090195277,12.018351251565399,0.5498545090884975,1.1793661965295892,4.044854965932438,1.3945460972596722,0.9029744202905153
2026-04-08,1.8129716436693135,1.613924892894976,0.6070130506380846,4.2022398533521095,0.6960040855443944,13.059309459074044,0.5585849111933903,1.223369383538605,4.138052369610716,1.407703063120445,0.9344806024688014
2026-04-09,1.7988554026387782,1.6067675011422755,0.5991923719620643,4.225243399198624,0.6856032797456092,12.981827790030636,0.5481578901964539,1.2120422290865425,4.126033802375807,1.3958417746875007,0.9285161043685466
2026-04-10,1.7939196164137639,1.6025159618601612,0.6029356358750866,4.199062105247581,0.6825807551003533,13.512791809102968,0.5459591706727522,1.2766986415569066,4.168693374417401,1.4025159033920782,0.9428197565357403
2026-04-13,1.7942264094132512,1.59965265696208,0.5952577742139428,4.211602226205313,0.6968851208449781,13.602192424680316,0.5420799711020537,1.3064177202020126,4.177919714390578,1.4065349442502,0.9447696260394681
2026-04-14,1.8169701242716494,1.6021094604072375,0.604808726338651,4.160306923935685,0.72221086139231,14.242072736355142,0.5478974418634996,1.3314516379338612,4.238296754369255,1.422153136286138,0.9559797997667607
2026-04-15,1.8415949507278337,1.6157256996483296,0.6079783636643425,4.124692579190073,0.7245663857074497,13.984905089281124,0.5503225790750305,1.306479797587644,4.2248675037745835,1.4243480998029219,0.9527185621923749
2026-04-16,1.8363775124772717,1.6106862617652158,0.606398144794942,4.10238093937018,0.7250646895498452,14.453369897242062,0.5518626053437095,1.3353321759262347,4.2593246880183155,1.4257937309325985,0.9631627375443895
2026-04-17,1.8252701565755152,1.6001475616567484,0.591139376012443,4.0809020162369425,0.7122461745164446,15.140532216265182,0.5400657705914756,1.3141753269973828,4.307420196810175,1.4064319622282835,0.9615489963428476
2026-04-20,1.8380535092186758,1.6210007197910294,0.5924655102097471,4.053195392404057,0.711804371880697,15.164487525856801,0.5383223660089747,1.3045033620564095,4.318974262095084,1.4078654364033225,0.9673992148872473
2026-04-21,1.8388951657714343,1.6507103222483588,0.5911109542126993,4.1014676968458765,0.7087754269230028,15.13878656432877,0.5360992928941082,1.3286110582755617,4.338873845419954,1.415891495556483,0.9695455150866267
2026-04-22,1.8185353566857196,1.64487515018961,0.590447012138628,4.080206793140594,0.7042145759798436,15.904872844156309,0.5346581113463654,1.326370352432768,4.3904320563903925,1.4093515512283201,0.975977298630574
2026-04-23,1.8168844362112297,1.6567276083028086,0.5899878146089702,4.172002023433021,0.6897666347111511,16.07303102343403,0.5441683152979319,1.3174686026941524,4.425428550445761,1.4138583043213968,0.9732728180382724
2026-04-24,1.8093884405655491,1.6492661847757464,0.5878241876656574,4.187869000636617,0.6805269490429847,15.657503960717142,0.5488131493348531,1.3228460951961216,4.387546410107575,1.4118444579649538,0.9698245036108851
2026-04-27,1.7958740394279888,1.6423334703700356,0.5853649083028709,4.153904044507904,0.6742326666803014,15.867743248285311,0.535148454419651,1.3126857403497365,4.3907540062894235,1.3991755086011,0.9701453810826636
2026-04-28,1.8018773760508096,1.6595576749823362,0.5991876555353912,4.238341751871864,0.6811123367335536,15.608101314588605,0.5355307154912827,1.2960511993702484,4.3941968147897486,1.411498833711559,0.9675549767018116
2026-04-29,1.7877852148482065,1.6423820569830514,0.6064788603165356,4.259870743988853,0.6962485263701625,15.499523380137258,0.5392236677412946,1.3593940124368615,4.375439102949692,1.4250561878020374,0.97815715065685
2026-04-30,1.7741168910163791,1.6402787072339877,0.602261429503172,4.254004745187337,0.7006813466249928,15.533332828923916,0.5337910294437644,1.3360603961222954,4.370788942770387,1.4174955071491253,0.9775389836643239
2026-05-06,1.7575660785291094,1.6455680766643153,0.6069195864855559,4.177264377919282,0.7039619982378834,16.091185433531933,0.5211822744083405,1.3685657167025251,4.400291725958053,1.4148161434198898,0.9917295763420952
2026-05-07,1.7546553894815102,1.6581497439934594,0.6107324021488832,3.9739600820979595,0.6977821533311206,16.550839232416646,0.525037525262822,1.3418111593485396,4.406700363720278,1.4030683050196116,0.9964912922841951
2026-05-08,1.75830839533339,1.6571199083756558,0.6033301535044963,3.9389009248611155,0.6904206213963366,16.329905689463203,0.5203763966445165,1.3212988538492156,4.383646555994603,1.3927089711231002,0.9906760489775304
2026-05-11,1.7552144986494944,1.6701681261787167,0.6185919489872054,3.9342082343937146,0.6984801225117506,16.995661587112927,0.5167324656080042,1.3403514265685583,4.440858618312633,1.402608374638186,1.0069283505820195
2026-05-12,1.7514322812962646,1.678025059238529,0.6178996338524496,3.9364115746980914,0.6785291194871919,17.37572083687539,0.5080470224657184,1.3073775852712017,4.472952198113708,1.3907765199223525,1.006157675285416
2026-05-13,1.7467172787059544,1.6838049387155505,0.6114640251401396,3.908121059865826,0.6681644355767193,18.162332139333333,0.49896088493661034,1.3159794082713505,4.5289034454924035,1.382494015200721,1.0163848821568302
2026-05-14,1.7542761656451589,1.6642529202368224,0.5911769802561156,3.9140513213839125,0.6744221261193745,17.662638717865693,0.5011249053377224,1.2790396611698087,4.487169879992246,1.3715984905373981,0.9993558049235749
2026-05-15,1.7468278788027671,1.6702501492905752,0.5879719266275049,3.96727444422382,0.6683316090479086,17.100441485758243,0.4899111279519682,1.3135828614646987,4.454011335402516,1.3724586578277227,0.9881710492469618
2026-05-18,1.7349602341607966,1.6656571305558987,0.576269114291311,4.000631197262116,0.6498251919284249,17.146288548542856,0.4840910478477608,1.2977354316613938,4.4567506522211735,1.3590885226176672,0.9828700639416453
2026-05-19,1.7342531936493,1.739088621203305,0.577557414148405,4.004822569035217,0.6505087496281251,16.95915774327048,0.4849691491156979,1.3162356360484397,4.475380573950805,1.371969837752194,0.9868066082864848
2026-05-20,1.7138767969863204,1.6639620468243856,0.5704679105169976,4.010760100138628,0.6409130730613584,17.13727734411674,0.4879396795150016,1.3306081281210977,4.449602038721012,1.358270346671866,0.9863627074494176
2026-05-21,1.7148979520796788,1.627899862081714,0.5728691579565086,3.9062580655661483,0.6352977337323731,16.628672516643043,0.48621210704519036,1.3119094634097987,4.375031916007996,1.3446862401332993,0.972616218953119
2026-05-22,1.7183628830454831,1.629686024821821,0.5608399961883719,3.8627277474178094,0.6254275570190962,17.494331313208868,0.4773083461335789,1.3128599469162514,4.437506447725188,1.3330203373481475,0.9852231654013531
2026-05-25,1.7245335271014492,1.6504829886058443,0.5557730658874052,3.8203180169179562,0.6217635475000802,18.600189275721082,0.47998474118093853,1.313476432193979,4.525631895981763,1.332294116955519,1.0007792157616284
2026-05-26,1.7359098242740711,1.6747421658484642,0.5513216391074349,3.844038247820892,0.6197179025743088,19.306946142329522,0.47425926390028045,1.3391335425749884,4.597965874170477,1.3370709485508991,1.0061174130931398
2026-05-27,1.7367424265018534,1.6686635233702956,0.5539599658122655,3.8482441129530627,0.60979894117066,18.891379627036258,0.48139978905228836,1.3616094186886216,4.566700171678025,1.3402876866493083,0.998049113774242
2026-05-28,1.7194159608507207,1.6824482055936543,0.5408438470453166,3.854231687549667,0.5984097600547809,19.692216723331597,0.4688321195712812,1.3816938631086637,4.624655723553322,1.3302642305316073,0.9992777206718874
2026-05-29,1.7594652372413562,1.7411234625047158,0.5490449086404664,3.9130402179747845,0.6081255433380544,19.13440188472324,0.4834659427472133,1.3562820375572642,4.641949987622205,1.3535095544235394,0.9947854360669907
2026-06-01,1.7714974770508796,1.7720642070782127,0.5435752484429112,3.9902705875555085,0.6104423752372253,18.387928444760473,0.4787037023818567,1.3435723301290132,4.621930808371412,1.3581737789720902,0.9850523561007866
2026-06-02,1.779928951826517,1.7649650787162363,0.5346688485732457,3.9526827653195293,0.5959435123814504,19.631510503066583,0.4724082843574948,1.3658553881974456,4.70902966746582,1.3494081916660097,0.9993480778361684
2026-06-03,1.7644650312716823,1.75483297148886,0.5226765899459122,4.03291757456126,0.5853295610922935,20.140544661439307,0.46602570160391826,1.3362322409592182,4.750267579148837,1.3369753657058052,1.0042791796679964
2026-06-04,1.7486268172605193,1.7302583656968615,0.5119874135791912,4.003454748510598,0.566997348153051,20.338406050276575,0.46018134738259764,1.2866941710413977,4.7402900414517095,1.312850646270621,0.9973524558412172
2026-06-05,1.773878905768418,1.6908043832616317,0.5144100712360278,3.9897983222045434,0.5679132089073711,19.252882000071708,0.4609252316946513,1.2525282787723,4.655088042438257,1.3075791982821714,0.9794937334337822
2026-06-08,1.7925886284062735,1.6766225530608387,0.5024566424622813,4.108049707513874,0.5552305419374091,18.772336745017704,0.451072980226069,1.203326463102156,4.644901769890394,1.2957639550901767,0.9584915098627089
2026-06-09,1.7942535715261634,1.6852098728432827,0.5020293202059636,3.952049372734705,0.5503907356523471,19.63237090561596,0.4479084426620791,1.2364230443561983,4.684028350104972,1.291035094479621,0.9764214028120465
2026-06-10,1.8289150897513138,1.680507494826262,0.5120612647213684,3.8841961863379018,0.5525993733455696,19.216589909031587,0.45307805450041355,1.1961413281706388,4.653767627279166,1.292189278729527,0.9655998202435423
2026-06-11,1.8206274029263791,1.7128936251581466,0.5097433828805585,3.8963406874626307,0.5466157710607296,18.836342636031805,0.4552383283345771,1.1948647190072292,4.63999976456138,1.2937314923588479,0.9602760603648169
2026-06-12,1.8499164755749549,1.7282654878932953,0.5221766488114608,3.8946812077394357,0.5511574878557438,18.63482960147318,0.45486331184381623,1.2289002913841987,4.644159582810976,1.309458979120024,0.9714414983229136
2026-06-15,1.816482655644403,1.709222296242611,0.515798838530184,3.747285162896478,0.5597028486207144,19.88416183311539,0.4528644601600816,1.2354003240420368,4.685755655528693,1.2959486871454924,0.9947024715495723
2026-06-16,1.7958590809934274,1.6919001938705582,0.51079848807377,3.675105055638614,0.5520017992480986,20.06726761418024,0.4456355818497557,1.2854388772588397,4.6668763405072475,1.287480739341934,0.993181252052504
2026-06-17,1.7720447455308412,1.6784205331794178,0.5097671762320073,3.62684242513056,0.539151218078799,20.566284076328575,0.442849730966852,1.2701217534428695,4.674966180187554,1.273492061468465,1.002769754146443
2026-06-18,1.7281387034757503,1.6305991152604005,0.5124507783777165,3.54398068441899,0.5249775037822257,21.648897294031965,0.43090512438734563,1.2577868246013948,4.689487081628406,1.2493694247085894,1.004846510559163
2026-06-22,1.7463870515537683,1.6345665519235788,0.5224717970124315,3.572275475981551,0.5286537843365143,21.641596686572868,0.43514302414225214,1.3222100118060007,4.705407535660968,1.2679103246448848,1.0288531477205565
2026-06-23,1.7652337352189449,1.6278493937059324,0.5209861126939432,3.478621454523121,0.5259488280192032,20.606224860746963,0.42291149715242377,1.2618418046868078,4.622553397694927,1.2509749128340935,1.0003296212812085
2026-06-24,1.7132695033721441,1.5973073100505508,0.5264286854024048,3.436923276402319,0.5102511078410212,21.193696519123222,0.413050186537917,1.264440016017708,4.615719848120815,1.233261069251683,1.005135462959288
2026-06-25,1.696280043686109,1.5846055303344075,0.5294502819237429,3.3324606855694574,0.5086428591154472,22.298564834570588,0.42266447974649646,1.2580973994606797,4.650779984375715,1.227396111359249,1.0208100631079327
2026-06-26,1.681894440578074,1.588260955237492,0.514181259682756,3.3314696452245767,0.5222870631143898,20.931591166839016,0.4120113079397611,1.2012499058583441,4.560231612392163,1.213940223863215,0.9899255047770649
2026-06-29,1.6929377473838625,1.610790442921985,0.546775342716153,3.360269523040042,0.5487261433543825,20.658725678516564,0.41817951363493366,1.236537564324554,4.564739313525136,1.2459504698177584,1.0018618213761705
2026-06-30,1.6565764857055707,1.5958784607248895,0.537300287806934,3.2775177445695327,0.538564882674707,21.875348416254422,0.41938086820240555,1.246091661795204,4.603267507166247,1.2305656799181508,1.0125398427944365
2026-07-01,1.6633727063878345,1.5988538914883652,0.5583536407067125,3.3178018508427374,0.577445262480478,20.891781103593104,0.4229885654433491,1.190539871687137,4.555183162185071,1.2421112507132888,1.0083802296368334
2026-07-02,1.6748202542988215,1.614680306298429,0.5486208795164141,3.3661025391739825,0.5781981442098931,19.02690826636804,0.4194968599871781,1.1709843431029299,4.456992033600978,1.238085896072276,0.978553468903045
2026-07-03,1.6706418277127113,1.6166018141242715,0.553566231766374,3.417016094650731,0.5714246037930848,19.283992185148144,0.4184476643427248,1.1820234233633693,4.485324701445668,1.2417483002191383,0.9846289930486678
2026-07-06,1.6980526897000348,1.617752696983604,0.5589740728543645,3.529483219897904,0.6024953092836914,18.992228812786518,0.4243706460646635,1.1706935213162957,4.502368531783897,1.260729760363876,0.984593204433311
2026-07-07,1.7056244439333732,1.6052865004059416,0.5389306837678497,3.5230710484090144,0.6006830347488011,19.173759274770223,0.41310830681733585,1.1589653363216723,4.511479166397731,1.2458380977413368,0.9744796670845358
2026-07-08,1.7278631204835095,1.6210590140582006,0.5308645319741921,3.577100092590312,0.5774103519847028,19.29637087523597,0.41353679238220253,1.1362614766125758,4.548856879427719,1.2394995435764973,0.9670112337616746
2026-07-09,1.715513674087059,1.6256979981938295,0.5405549960595806,3.5495771649687318,0.579164699893877,20.497830515898332,0.4064190638999762,1.1477133428456385,4.624742856024469,1.2415038135049097,0.9915709677058545
2026-07-10,1.7341825188608173,1.6367739956485183,0.5579765400864142,3.540944880400936,0.5910412632717095,19.436172424026456,0.42262388021218267,1.106267182295804,4.564648093026028,1.2515122851675196,0.9721462900321554
2026-07-13,1.7629402423368818,1.6484664031179437,0.5511033415791664,3.666837185450653,0.5919231244025497,18.986967537802208,0.41905615799561746,1.072522869250876,4.578097456736827,1.2511344427750335,0.9547798644302813
2026-07-14,1.759263161296423,1.667869375537918,0.5611071976489109,3.765802021652983,0.588867091243348,20.15238068583909,0.42251743974075034,1.0895704187411903,4.690380675986272,1.2658208467579029,0.9753418473635853
2026-07-15,1.7785186350975537,1.6491930928601664,0.5796220058519859,3.7807613342539446,0.6064512541009007,19.69349102548496,0.4459037847102464,1.1028900323400086,4.661247261351522,1.288107308348088,0.9733655430871508
2026-07-16,1.763482023766278,1.638063664785634,0.5867663254055103,3.721228467621097,0.6229906370604664,19.31163899628226,0.44913092738705934,1.0935579354283065,4.6100894452356425,1.2866089057740384,0.9554002682112672
2026-07-17,1.7829827196882173,1.6676989014682593,0.5601576116108161,3.7756233460061313,0.6094988322496736,17.64779429029208,0.441541207827525,1.0762848186489153,4.524559562209298,1.275281123825603,0.9209661299391051
2026-07-20,1.8343232490742334,1.715291938023092,0.5811287788558437,3.9969658562189805,0.6181402750521545,17.690366298779498,0.466997323696592,1.0865735093219493,4.615276341472187,1.3172983601634725,0.9350428497498321
2026-07-21,1.7904991142061917,1.7069858284682216,0.5840774424757741,3.878808248202282,0.5980644357380795,19.23400279628406,0.45763442514946445,1.1155207336042712,4.691251545638381,1.3056923275105863,0.9636957032310376
2026-07-22,1.8123984706102994,1.7296791592041925,0.5885254038244303,3.9786162032486168,0.6019529557990064,18.253833037389033,0.4640841942801594,1.1097111349869544,4.659607796557913,1.3201274518042247,0.9592251764775225
2026-07-23,1.8251827986294258,1.738393762509674,0.5867583425854134,4.001344596994402,0.6026019515477702,18.176028579606726,0.45873829599418514,1.1553092652829953,4.667476693534888,1.3310707773790815,0.9614127555912053
2026-07-24,1.8361041005931398,1.709866143116618,0.5683948337194498,3.9757277820494235,0.5832763903453354,17.69469010210893,0.45187514805923085,1.1328397043345442,4.617304122411566,1.3091229156506727,0.9453871829987776
2026-07-27,1.8363963556736327,1.6966566630730415,0.5800098332146588,3.931266377204408,0.591801907399284,18.14489217238725,0.45520547439237613,1.16009457565324,4.6381185547041435,1.3176533409917537,0.9562122224221741
2026-07-28,1.8781756259897924,1.709186274865693,0.5794185912807956,3.9505609322087025,0.5946766992232193,16.207185161499506,0.4670913202456444,1.1406302780647213,4.516615427997561,1.3246965853688482,0.9291871409064858
2026-07-29,1.8797547912762171,1.7289160539498807,0.590690140768445,3.938377826914737,0.5948944479826733,16.285471893936098,0.4714089237633239,1.130904111386076,4.53016147279547,1.3295008205245573,0.9354375412407837
2026-07-30,1.9351482762717582,1.7437990910163843,0.5981500851216673,4.023761066727534,0.6045362000692329,14.984199973872489,0.4911165145913595,1.1363010083833411,4.466686085200756,1.3530555648494875,0.925160108301227
2026-07-31,1.8952180621812398,1.7386449064698586,0.599737640421752,4.002922618727986,0.600454382759636,15.743439042057956,0.48774162966931317,1.1306994652093725,4.513166419976331,1.3454643156524244,0.9329841909891959
2026-08-03,1.9091190219680267,1.7349318562230436,0.5941457636286611,3.939273186000888,0.6013830973476222,15.474557464018432,0.48448636228752157,1.1284835395178618,4.481992689538878,1.3404231649803386,0.9238298292008632
2026-08-04,1.8490802205190986,1.7101188681685031,0.6026154455272941,3.871928154252967,0.5878722615913641,17.010524672206103,0.4765310285859532,1.128478509441637,4.5685081638883345,1.3252860980502124,0.9355733753036152
2026-08-05,1.8223539046050135,1.6882753713508611,0.6072816433132041,3.8115298854976927,0.592261977087609,17.20679580958759,0.46910803579918003,1.144278812063941,4.551713449055174,1.320149293644861,0.947209758904702
2026-08-06,1.8297459043447803,1.6933822896494155,0.5903850685748501,3.886319062139505,0.590624115855879,17.409972832303435,0.4656258892930372,1.1150108223931194,4.588094812369594,1.3130831026276295,0.9458178664494913
2026-08-07,1.818603155005121,1.6841850081215095,0.6221523778916114,3.909911187044632,0.5904805444917622,17.583515913006742,0.46957098097351335,1.1406957387691197,4.59764716350773,1.3297759518976446,0.9545875006227386
2026-08-10,1.822231510949357,1.695205699167736,0.6325132121538086,3.9801130960314204,0.6123115106107061,17.093649913848324,0.48056668900300653,1.1498504547527246,4.5795222644768225,1.3493299505720582,0.9561304779711884
2026-08-11,1.8215994342234703,1.704041756405229,0.6373570674416038,4.0335949532600335,0.6042342544919315,17.07206952075087,0.4753639635391042,1.1645777183394999,4.5917574637834075,1.3546946351960294,0.9483554012849296
2026-08-12,1.8091954660402596,1.6884657617977616,0.6325646112777966,3.9396264573033166,0.601096003765467,17.352410942068726,0.4783348480391715,1.1644587334608372,4.584342876004589,1.3450034488553906,0.9538717283156031
2026-08-13,1.822235618540716,1.6923045092318196,0.6331244487529402,3.918298113246555,0.6030426731399904,17.260437802804077,0.48426242294176675,1.1620895050333242,4.580161088389188,1.3480245209146269,0.9483883430786102
2026-08-14,1.8064192881846748,1.6808875237009333,0.6227828884055325,3.944247224028859,0.5898937546020365,17.496514738525768,0.4746971938318225,1.1571658654497305,4.592234180504684,1.335481675007557,0.948780797781102
2026-08-17,1.7970288359242337,1.675181798066365,0.6270332647017082,3.9488093990771014,0.5941069033670981,18.17245058749945,0.45975535526208433,1.1738930113981272,4.639765712996027,1.3346157384559927,0.9640757539247972
2026-08-18,1.80851416989045,1.6769881456332343,0.6202203312898352,4.016883928123588,0.6096963769703829,17.75135662468605,0.46211237311316294,1.1653514208180744,4.626618977481031,1.3408206075433229,0.9609676346877049
2026-08-19,1.844423571279463,1.691386580359257,0.6117753167265889,4.066684449320977,0.5929398168821319,16.314768200042753,0.4577768556394141,1.1344231603062733,4.545782971241891,1.3339991114705625,0.9330856598475082
2026-08-20,1.8427278654198984,1.688316891335623,0.6429273032997948,4.045162440606205,0.6042634794946363,16.239635049935018,0.45819538438823415,1.1340458492842687,4.533421517576404,1.3454236170184275,0.9339100180671467
2026-08-21,1.8371628381451424,1.6761292731847617,0.6190418848535302,4.071447174214718,0.5935757029028481,16.829790065991585,0.4519483686855906,1.147949628226658,4.580018870511766,1.334986420893933,0.9392264575472765
2026-08-24,1.864152019442063,1.688381840841126,0.5997572063248271,4.136095120746129,0.5917506479033546,15.843697877519595,0.4562009160051418,1.1422827069045831,4.528427532296951,1.3361966265571754,0.9278863467449101
2026-08-25,1.8523634582927386,1.6916034843609042,0.6134506072760363,4.142768875408954,0.6101334003582496,15.638853100572009,0.45468145947559285,1.1249300380274787,4.508748090174528,1.341160983626855,0.9256304439110008
2026-08-26,1.8658662458240174,1.708751018394387,0.6206046412472711,4.11621732907137,0.6081553703100071,15.782594724165444,0.45275484479538686,1.1435764143666904,4.5294594601264055,1.34858989566715,0.9335122764101136
2026-08-27,1.845512694856303,1.7008139798137998,0.6291623819192145,4.1570987758310505,0.617216345235727,16.371471090657675,0.4487959936034582,1.099797942816625,4.575916362653353,1.3415156221834161,0.9415409235699514
2026-08-28,1.8305204850107697,1.6931515381970332,0.6196282502411548,4.204152888896136,0.6263603710578419,16.25551295599995,0.453745198510275,1.090031364424067,4.565194170906966,1.34006058660961,0.937250153270842
2026-08-31,1.8632941514037158,1.6892197328401821,0.605931003159295,4.268889469851385,0.6257623004596656,16.492209829560665,0.4493040607769403,1.0489691756076813,4.608708017857518,1.331576850539566,0.9404853627613322
2026-09-01,1.8973035749061564,1.7008066323579392,0.6160026567700662,4.238070544446084,0.6324247993615708,16.276200410663545,0.4564023799345835,1.0389931648823043,4.6043423513936235,1.3404087630931192,0.9377103216603443
2026-09-02,1.8972959813528563,1.7292065922318116,0.6090326352428908,4.1688652768039605,0.6250433258510117,15.84257897656704,0.4511101019338758,1.0104981513231708,4.567822174789328,1.328423825653449,0.9248014087700375
2026-09-03,1.8847032849502368,1.7333181824869257,0.6110004009955438,4.159596739382587,0.6216294776368744,15.796576682095484,0.44711095197223866,1.0153602960972161,4.558907760076543,1.3265219745412555,0.9257412666119637
2026-09-04,1.9082219397837825,1.7263556180708934,0.6061801086873817,4.157765077197347,0.6661414139625197,15.669158294005358,0.46296220035085034,1.020127456710451,4.5539706865294,1.3446944507424552,0.9248205231441484
2026-09-07,1.8751551606885206,1.7050571949298792,0.6050340479045025,4.078134380764494,0.668875745093011,16.690372195843892,0.46047346117179405,1.0160742623729846,4.605957464831818,1.3336810533748795,0.9303057384807901
2026-09-08,1.873962480921133,1.7075290899040192,0.6143572884992881,4.169388506413932,0.6681980751747467,16.588566112023774,0.4571908156361258,1.0030318825754525,4.615331124377832,1.337631226617316,0.9269936648050453
2026-09-09,1.8772261871378202,1.7288401407769753,0.6023670830093059,4.213947719835921,0.6699785550065206,16.679920248019585,0.4505336302575381,0.9973127508417657,4.642117100009391,1.335383880051573,0.9298126282976075
2026-09-10,1.9018822206897508,1.7280535487181636,0.5911101544736034,4.1932273116298555,0.650743651143368,16.472695144740896,0.4430932724297794,0.9864303675727264,4.630821032729203,1.3236713210592905,0.9248896602419969
2026-09-11,1.8960277274694666,1.7373960208804116,0.5815806748390726,4.175166001338142,0.6461219723112285,16.69835198072366,0.4375449328456223,0.9716069848511922,4.648324571167781,1.3134212243402525,0.9171147869001434
2026-09-14,1.9133565940356172,1.7416708761038728,0.5872494274409751,4.12819210488901,0.6412535881849469,16.039756416759626,0.4362820829681786,0.9857898415823746,4.593595135709608,1.3166306332092454,0.9109996105954604
2026-09-15,1.8832163904113932,1.7433485402885014,0.5819958222747814,4.1018354725098405,0.6372564145346465,15.943683613666067,0.4330191642134419,0.9608862808695843,4.569130241125575,1.3038324829514183,0.9048907379673458
2026-09-16,1.8737441272594788,1.7470829982234857,0.5827647164675687,4.07505642803999,0.6250393021389931,16.598940679923025,0.4318581210578261,0.9554481650303454,4.618294490104141,1.2983563850186095,0.9110374326548716
2026-09-17,1.870044567591476,1.7339037122638532,0.5849087620239812,4.0177077295385315,0.6261129052417406,16.348571243585532,0.43189962622971184,0.9549715028272348,4.579238076495767,1.2944194239011904,0.9069477699727385
2026-09-18,1.8634384665185588,1.7273792447971519,0.5888904204330834,3.9984190674985527,0.6257591195156124,16.828385332588333,0.4324622364785407,0.976877602025537,4.610324849222868,1.29984965362994,0.9165531496523287
2026-09-21,1.87137672494386,1.7175171812653907,0.6079906718795359,4.08530125092002,0.6382540546545068,17.156626499809427,0.43300479116688245,0.9715038207467225,4.652885256334823,1.3121417789222343,0.9230951458640223
2026-09-22,1.8728307001671156,1.711205492885109,0.6084162575915221,4.107986237329943,0.6318660893238528,17.18856333243691,0.43283138396709236,0.9836133193231039,4.657542461602409,1.313350288365693,0.9241165448125285
2026-09-23,1.8638011656228584,1.7188738504395116,0.6074103288841656,4.062642271796856,0.6202100745460654,17.146165144643977,0.4340507506910155,0.9722606196647887,4.645263592599037,1.3058225550369258,0.9185634124444713
2026-09-24,1.8696924206184784,1.7432040502535981,0.5923596071327382,4.117239306258117,0.6076005339387072,16.661998152350872,0.4268730550750754,0.9491533311798522,4.629722621391506,1.2961190863640382,0.902675097325713
2026-09-28,1.873955794193352,1.7745210744757107,0.5929892834340955,4.173868029632219,0.6163299587483222,15.688468569033589,0.4243771230147028,0.9298185336028102,4.574805515251173,1.2994181321714067,0.8826682446192499
2026-09-29,1.8788276598909464,1.7657165694433592,0.5972200432990337,4.119781202095685,0.6230842686070057,15.590667003530774,0.42376722825808677,0.9319303753401976,4.554568520440393,1.300774255808317,0.8835739406010626
2026-09-30,1.910706588126817,1.7731722260209946,0.6184440861970877,4.16442913300549,0.626467463281159,15.328109255041523,0.4360538698297386,0.9440453641138503,4.5558696868849635,1.3219124978727728,0.8860968346393098
