date,EW_BuyHold,CS_Momentum_60d,Dual_Momentum,MA_Trend_Filter,MR_Pullback,Volume_Breakout,Breadth_Timing,Low_Vol,Subchain_Rotation,ChiNext_Index
2022-01-04,1.0,1.0,1.0,1.0,1.0,1.0,1.0,1.0,1.0,1.0
2022-01-05,0.9688901440157034,1.0,1.0,1.0,1.0,1.0,1.0,1.0,1.0,0.9727237959742893
2022-01-06,0.9578907676150039,1.0,1.0,1.0,1.0,1.0,1.0,1.0,1.0,0.9622544620124738
2022-01-07,0.9385505539560336,1.0,1.0,1.0,1.0,1.0,1.0,1.0,1.0,0.9528398456813958
2022-01-10,0.9705581630652307,1.0,1.0,1.0,1.0,1.0,1.0,1.0,1.0,0.952473094393228
2022-01-11,0.9516175718508046,1.0,1.0,1.0,1.0,1.0,1.0,1.0,1.0,0.9403087664326575
2022-01-12,0.9507937802458275,1.0,1.0,1.0,1.0,1.0,1.0,1.0,1.0,0.9650866311463532
2022-01-13,0.9229762995333229,1.0,1.0,1.0,1.0,1.0,1.0,1.0,1.0,0.9486123601953013
2022-01-14,0.9269598731091605,1.0,1.0,1.0,1.0,1.0,1.0,1.0,1.0,0.9597708912087071
2022-01-17,0.9828012873487811,1.0,1.0,1.0,1.0,1.0,1.0,1.0,1.0,0.9754624312225956
2022-01-18,1.0035271292905412,1.0,1.0,1.0,1.0,1.0,1.0,1.0,1.0,0.9674397467939262
2022-01-19,0.9859561475014175,1.0,1.0,1.0,1.0,1.0,1.0,1.0,1.0,0.9464081603392327
2022-01-20,0.9784471715345681,1.0,1.0,1.0,1.0,1.0,1.0,1.0,1.0,0.9433366183008279
2022-01-21,0.9614507866490569,1.0,1.0,1.0,1.0,1.0,1.0,1.0,1.0,0.9337017050550452
2022-01-24,0.9546136662901251,1.0,1.0,1.0,1.0,1.0,1.0,1.0,1.0,0.940395223741362
2022-01-25,0.9257568216079355,1.0,1.0,1.0,1.0,1.0,1.0,1.0,1.0,0.9153259886670162
2022-01-26,0.9353825074128752,1.0,1.0,1.0,1.0,1.0,1.0,1.0,1.0,0.9243892375726851
2022-01-27,0.8955772073073917,1.0,1.0,1.0,1.0,1.0,1.0,1.0,1.0,0.8943448612821713
2022-01-28,0.8898854076008365,1.0,1.0,1.0,1.0,1.0,1.0,1.0,1.0,0.8950162130529618
2022-02-07,0.8953271249875822,1.0,1.0,1.0,1.0,1.0,1.0,1.0,1.0,0.8977603864918613
2022-02-08,0.8793194859867902,1.0,1.0,1.0,1.0,1.0,1.0,1.0,1.0,0.8757977686630105
2022-02-09,0.9079094455275721,1.0,1.0,1.0,1.0,1.0,1.0,1.0,1.0,0.8872172099888043
2022-02-10,0.9217288557087324,1.0,1.0,1.0,1.0,0.9907153746350957,1.0,1.0,1.0,0.8696549922634559
2022-02-11,0.8915879460812097,1.0,1.0,1.0,1.0,0.9871528152624295,1.0,1.0,1.0,0.8449995830973197
2022-02-14,0.88190292747957,1.0,1.0,1.0,1.0,0.9661013280603107,1.0,1.0,1.0,0.8405773379086998
2022-02-15,0.9062583404879322,1.0,1.0,1.0,1.0,0.950231745400252,1.0,1.0,1.0,0.8665557592720854
2022-02-16,0.9088979715003017,1.0,1.0,1.0,1.0,0.9625387686876444,1.0,1.0,1.0,0.8671566529514408
2022-02-17,0.9082883030053576,1.0,1.0,1.0,1.0,0.9505556144341307,1.0,1.0,1.0,0.8737495611753153
2022-02-18,0.934024626168304,1.0,1.0,1.0,1.0,0.9942779340077619,1.0,1.0,1.0,0.8697460647309876
2022-02-21,0.970930807583375,1.0,1.0,1.0,1.0,1.0586703022741528,1.0,1.0,1.0,0.8629110145072908
2022-02-22,0.9564622980204384,1.0,1.0,1.0,1.0,1.0357357922274328,0.9835983103533934,1.0,1.0,0.851007596859108
2022-02-23,0.9681829505044729,1.0,1.0,1.0,1.0,1.0421917129324054,0.9956514921708008,1.0,1.0,0.8749928849634747
2022-02-24,0.9353130156047609,1.0,1.0,1.0,1.0,0.990769059270977,0.9618489967711422,1.0,1.0,0.8565424030024383
2022-02-25,0.9333861145244572,1.0,1.0,1.0,1.0,0.9791664858308415,0.9598674271361158,1.0,1.0,0.87866562835849
2022-02-28,0.9370982201577889,1.0,1.0,1.0,1.0,0.9846430838898445,0.9584276259954118,1.0,1.0,0.8865123213971999
2022-03-01,0.9566467144420909,1.0,1.0,1.0,1.0,1.0166074595501595,0.9584276259954118,1.0,1.0,0.8878907155003808
2022-03-02,0.9509279089656196,1.0,1.0,1.0,1.0,1.001875478744924,0.9512605328438912,1.0,1.0,0.872153023898216
2022-03-03,0.9286462742490192,1.0,1.0,1.0,1.0,0.9735633925429328,0.928971104262284,1.0,1.0,0.8590192049065913
2022-03-04,0.9304648586161004,1.0,1.0,1.0,1.0,0.9656884954244941,0.9275776476058907,1.0,1.0,0.8456933953077378
2022-03-07,0.8779837301561075,1.0,1.0,1.0,1.0,0.917354134184903,0.9275776476058907,1.0,1.0,0.8093053293700406
2022-03-08,0.8687930960268161,1.0,1.0,1.0,1.0,0.9131379044410778,0.9275776476058907,1.0,1.0,0.794726042633607
2022-03-09,0.8662234105750167,1.0,1.0,1.0,1.0,0.9019376607395928,0.9275776476058907,1.0,1.0,0.789721056723687
2022-03-10,0.8739091169238178,1.0,1.0,1.0,1.0,0.9049509917941551,0.9275776476058907,1.0,1.0,0.8107892567717462
2022-03-11,0.8683843819912783,1.0,1.0,1.0,1.0,0.9093719386906727,0.9275776476058907,1.0,1.0,0.8201020319313614
2022-03-14,0.8317010499881433,1.0,1.0,1.0,1.0,0.8670868016792248,0.9275776476058907,1.0,1.0,0.7908680775309768
2022-03-15,0.7781497281472616,1.0,1.0,1.0,1.0,0.769010146196561,0.9275776476058907,1.0,1.0,0.7706644505699574
2022-03-16,0.801986243374973,1.0,1.0,1.0,1.0,0.7796115487011848,0.9275776476058907,1.0,1.0,0.8107551045964219
2022-03-17,0.8264735817712442,1.0,1.0,1.0,1.0,0.7903320306426983,0.9275776476058907,1.0,1.0,0.8340287352095704
2022-03-18,0.8201819229011085,1.0,1.0,1.0,1.0,0.7938024047083814,0.9275776476058907,1.0,1.0,0.8349729967057004
2022-03-21,0.8231608438772933,1.0,1.0,1.0,1.0,0.7784596983127292,0.9275776476058907,1.0,1.0,0.8387835795110339
2022-03-22,0.816092205511317,1.0,1.0,1.0,1.0,0.7764505343799653,0.9275776476058907,1.0,1.0,0.8271084583861904
2022-03-23,0.8397393183035062,1.0,1.0,1.0,1.0,0.7752858585783954,0.9275776476058907,1.0,1.0,0.8356372718996218
2022-03-24,0.8219398380500593,1.0,1.0,1.0,1.0,0.7752858585783954,0.9275776476058907,1.0,1.0,0.8326408031114794
2022-03-25,0.798119550932927,1.0,1.0,1.0,1.0,0.7752858585783954,0.9275776476058907,1.0,1.0,0.8116353692234757
2022-03-28,0.7948644895713941,1.0,1.0,1.0,1.0,0.7752858585783954,0.9275776476058907,1.0,1.0,0.7981541826107593
2022-03-29,0.7779557168593622,1.0,1.0,1.0,1.0,0.7752858585783954,0.9275776476058907,1.0,1.0,0.7977043584636945
2022-03-30,0.7940956360745036,1.0,1.0,1.0,1.0,0.7752858585783954,0.9275776476058907,1.0,1.0,0.8297520213626479
2022-03-31,0.7834479638025919,1.0,1.0,1.0,1.0,0.7752858585783954,0.9275776476058907,1.0,1.0,0.8182651987179712
2022-04-01,0.7783576998515928,1.0,1.0,1.0,1.0,0.7752858585783954,0.9275776476058907,1.0,1.0,0.8205657015549093
2022-04-06,0.7587411960055234,1.0,1.0,1.0,1.0,0.7752858585783954,0.9275776476058907,1.0,1.0,0.8103941991761026
2022-04-07,0.7331488868265935,1.0,1.0,1.0,1.0,0.7752858585783954,0.9275776476058907,1.0,1.0,0.7933559558163161
2022-04-08,0.7323278429943014,1.0,1.0,1.0,1.0,0.7752858585783954,0.9275776476058907,1.0,1.0,0.7907031625222035
2022-04-11,0.6961276357620465,1.0,1.0,1.0,1.0,0.7752858585783954,0.9275776476058907,1.0,1.0,0.7575146323610638
2022-04-12,0.6988519349034548,1.0,1.0,1.0,1.0,0.7752858585783954,0.9275776476058907,1.0,1.0,0.7764832428198135
2022-04-13,0.6734701967860726,1.0,1.0,1.0,1.0,0.7752858585783954,0.9275776476058907,1.0,1.0,0.7589908678313898
2022-04-14,0.6841473086605794,1.0,1.0,1.0,1.0,0.7752858585783954,0.9275776476058907,1.0,1.0,0.7588222606955544
2022-04-15,0.6867841203996835,1.0,1.0,1.0,1.0,0.7752858585783954,0.9275776476058907,1.0,1.0,0.7569974268951156
2022-04-18,0.7156457189817687,1.0,1.0,1.0,1.0,0.7752858585783954,0.9275776476058907,1.0,1.0,0.7654314758139531
2022-04-19,0.7080171022426988,1.0,1.0,1.0,1.0,0.7752858585783954,0.9275776476058907,1.0,1.0,0.7548999910465926
2022-04-20,0.7024205798681746,1.0,1.0,1.0,1.0,0.7752858585783954,0.9275776476058907,1.0,1.0,0.7272422672244655
2022-04-21,0.6803892837611419,1.0,1.0,1.0,1.0,0.7752858585783954,0.9275776476058907,1.0,1.0,0.7114901147913077
2022-04-22,0.6618348503019482,1.0,1.0,1.0,1.0,0.7752858585783954,0.9275776476058907,1.0,1.0,0.7066100458469883
2022-04-25,0.6115971320972549,1.0,1.0,1.0,1.0,0.7752858585783954,0.9275776476058907,1.0,1.0,0.6673531971820461
2022-04-26,0.5911140517365144,1.0,1.0,1.0,1.0,0.7752858585783954,0.9275776476058907,1.0,1.0,0.6616639370566184
2022-04-27,0.6299167859388138,1.0,1.0,1.0,1.0,0.7752858585783954,0.9275776476058907,1.0,1.0,0.6981723048010888
2022-04-28,0.6135316098348954,1.0,1.0,1.0,1.0,0.7752858585783954,0.9275776476058907,1.0,1.0,0.6853987758752733
2022-04-29,0.6461880921969403,1.0,1.0,1.0,1.0,0.7752858585783954,0.9275776476058907,1.0,1.0,0.7135457065331273
2022-05-05,0.6638491008250146,1.0304013947880701,1.0,1.0,1.0,0.7752858585783954,0.9275776476058907,1.0129000983107517,1.0124460474946428,0.704089861449856
2022-05-06,0.6482981518485391,1.0047900457315557,1.0,1.0,1.0,0.7752624974415496,0.9275776476058907,0.9884053461695294,0.975069754180003,0.6907258998713609
2022-05-09,0.655092229428221,1.0057043475349179,1.0,1.0,1.0,0.7885375402059597,0.9275776476058907,0.9882162362149254,0.967987603527418,0.6855273849679361
2022-05-10,0.67990863203714,1.0198448870621653,1.0,1.0,1.0,0.7741246366331717,0.9275776476058907,0.9999175914349703,0.987162210331906,0.7003795814297091
2022-05-11,0.695141349309126,1.0276930433005425,1.0,1.0,1.0,0.7635046024216435,0.9275776476058907,1.0016146887138229,0.9984436157305494,0.7218576075816606
2022-05-12,0.6945225775052206,1.0354359202739338,1.0,1.0,1.0,0.7623667416132657,0.9275776476058907,0.9992447364150633,0.9942276757029432,0.7234326074508979
2022-05-13,0.6977428759334532,1.037426634376021,1.0,1.0,1.0,0.7691939064635337,0.9275776476058907,0.9993985986192978,0.9924214485973061,0.7255525037390488
2022-05-16,0.6904819594485494,1.0187051993423883,1.0,1.0,1.0,0.7699524803357857,0.9165336367796117,0.9847081350010509,0.966040890163173,0.7172664475799501
2022-05-17,0.7019065409613415,1.021369295135899,1.0,1.0,1.0,0.7729867758247936,0.9316984258075063,0.9985020519268227,0.9764885922782853,0.7289148007835933
2022-05-18,0.7004758497291859,1.0202451322042063,1.0,1.0,1.0,0.7608495938687615,0.9297993513709147,0.9960646915359048,0.9782600069597481,0.7277727028123863
2022-05-19,0.7037258443445962,1.017383472758793,1.0,1.0,1.0,0.7544017159546196,0.9341133371943172,0.9858841846566432,0.9651129827986198,0.7313879105606842
2022-05-20,0.7048569953491207,1.0250042912309454,1.0,1.0,1.0,0.7585738722520056,0.935614807188916,0.9967137338089824,0.981634499920002,0.7437633051183045
2022-05-23,0.7040474648348957,1.0270907451792637,1.0,1.0,1.0,0.7623667416132657,0.9345402505895236,0.99368314015704,0.9831767582624843,0.7415397215951598
2022-05-24,0.6644833675660888,0.9724337691776789,1.0,1.0,1.0,0.7612231915008458,0.8820235621236263,0.9390575719091556,0.9254095701325173,0.7132189532881323
2022-05-25,0.6791492228202802,0.9801043213255881,1.0,1.0,1.0,0.7612231915008458,0.880700526780441,0.9501137178435676,0.9372182038250637,0.7155333016015535
2022-05-26,0.6939571510419356,0.993373523993771,1.0,1.0,1.0,0.7255783225379189,0.880700526780441,0.9848283637807717,0.95299612195605,0.7141601380117106
2022-05-27,0.6825811637589692,0.9834487146520356,1.0,0.9722039819684447,1.0,0.7239241577073618,0.880700526780441,0.9779972516918837,0.9527566073591317,0.7145748869516856
2022-05-30,0.7040146013911726,1.0043581787442952,1.0,1.061472711794251,1.0,0.7394124269258373,0.880700526780441,0.9875422963927909,0.9459612753510787,0.7231600054028137
2022-05-31,0.7229008346171163,1.0310090402768124,1.0,1.0562216100397919,1.0,0.7491633587688675,0.9030055705600689,1.0099244323750118,0.9759366717965662,0.739989951260847
2022-06-01,0.7295058126795422,1.0271621505156814,1.0162556818181818,1.074975544877146,1.0,0.7690316197827352,0.9112561240221584,1.002422144737435,0.9663212157927884,0.7473348226963674
2022-06-02,0.7493444756451367,1.048425408384146,1.010582237676838,1.0689742857291926,1.0,0.798628035685077,0.9360374250146852,1.0284427266423666,1.0025192146594994,0.7563494585957188
2022-06-06,0.7767796382121964,1.075343375675077,1.0304392921715408,1.0899786927470294,1.0,0.8377549073471451,0.9703078303606655,1.0560870296008846,1.041764135901735,0.7860104690262856
2022-06-07,0.7744592417791614,1.079969503587598,1.0368219168305526,1.0812036761229369,1.0,0.8339293432886568,0.9674093264378582,1.0602306763541645,1.0330788189212188,0.7860003156768648
2022-06-08,0.7701541561571867,1.0842925335139524,1.0205107649241896,1.0677271881891752,1.0,0.8319409473420012,0.9620316645066195,1.0686593798783035,1.0488636046733975,0.7926796812094433
2022-06-09,0.7482485355664186,1.065701911789748,1.0304392921715408,1.0429359751635598,1.0,0.8106770597191189,0.9346684405721555,1.0445928848696615,1.0309601662897305,0.769256211773025
2022-06-10,0.7688111774223261,1.0920766439656435,1.0822094699613016,1.0730723433815155,1.0,0.8244494112394475,0.9603540937795566,1.0651194050726172,1.0475315631929565,0.7865685955671716
2022-06-13,0.7591469702333841,1.0682671838016111,1.0850461920319736,1.0538087457378462,1.0,0.8041730570685327,0.9482821296749868,1.0366949340865907,0.992447294555906,0.7834964381742564
2022-06-14,0.7441250678839064,1.0548535438074897,1.0885920946203134,1.0341893444587815,1.0,0.7906839806232201,0.9295176451808275,1.020396710031644,0.9639573478412002,0.7840582568422046
2022-06-15,0.7465972393693171,1.0605709227152789,1.0396586389012243,1.0335403517143786,1.0,0.7888636414954137,0.9326057376491229,1.0362070537113304,0.9727633115908165,0.7922953923177306
2022-06-16,0.7514315531804084,1.0629167289139074,1.0361127363128844,1.0433374463971252,1.0,0.7932995698827997,0.9386444805751332,1.0396641806603222,0.9773922573737077,0.7954906206127157
2022-06-17,0.7556442878844954,1.0663750261036713,1.0495871661485756,1.0509550705133814,1.0,0.7948398728825861,0.9439067831246898,1.0410192290010836,0.9734547638693372,0.8175636945761742
2022-06-20,0.7617238089369067,1.0516485924675634,0.9758323923111081,1.0404276995849067,1.0,0.7877744955277948,0.9515009663290462,1.0383982395602134,0.9704614336041482,0.833848744015294
2022-06-21,0.7512489776388938,1.046823218596604,0.9914343636998032,1.0145204051364787,1.0,0.7840216678814966,0.938416417854576,1.029360288772013,0.9588174178057395,0.8285702330255239
2022-06-22,0.7252318219954408,1.0143528535841397,0.9545569767810695,0.9826900072030731,1.0,0.7662949781975807,0.905917304074178,0.9987034648763576,0.9349687468421185,0.8237397001192875
2022-06-23,0.748249984136023,1.0400895281437952,1.026893389583201,1.0130305372727144,1.074280089153046,0.7763495402941314,0.9045584281180669,1.0139746297632402,0.9506015583423746,0.8492206073610563
2022-06-24,0.7604565863471535,1.037976237926012,1.00987305715917,1.0220289822812594,1.0564743418190174,0.7768080650359679,0.9179581359391176,1.0148635967633095,0.958476804465564,0.8690159466044596
2022-06-27,0.7679717105873518,1.0452894041437293,0.9630671429930849,1.0346331705190022,1.0075085366504393,0.7875636031004424,0.9270297510223935,1.0328514287458896,0.9782206346808182,0.8709103154645678
2022-06-28,0.7771879858241477,1.0595046064928892,0.9602304209224131,1.0453869012381907,1.0045409120947677,0.793553743839692,0.9381548500596828,1.050315148730551,0.9892660739388169,0.8739323214648895
2022-06-29,0.7570070784226411,1.0435958499838365,0.929026478145023,1.0139868723135388,0.9718970419823824,0.7797401841431869,0.9137941850691503,1.0382164923923136,0.9842378155850685,0.8518383254480794
2022-06-30,0.7629219552028593,1.0528493678846516,0.929735658662691,1.0198363703029585,0.9726389481213003,0.7863135870514918,0.9124234937915466,1.0491049693096934,1.0034468748184944,0.8647580010701028
2022-07-01,0.7499203400041529,1.03667953856344,0.9223357729339846,1.000739753064367,0.9659617928710397,0.7568902399231133,0.8955054578767331,1.0389475888611823,0.9917022367653185,0.8559405862913182
2022-07-04,0.7360527855282598,1.0146702002400307,0.938232044148665,1.0187830528650874,0.9017916990478401,0.7239157991757927,0.8941621996899181,1.0255153021877281,0.9716660531897806,0.872169330792741
2022-07-05,0.716970287763623,0.9928384694975666,0.8727603173407634,0.9891398865681459,0.8238171024068656,0.6884048629863706,0.8941621996899181,1.0121084796665563,0.9572551017329668,0.8692285515877851
2022-07-06,0.7163955892108645,0.9926798299039202,0.8802782675642191,0.9785114195255168,0.8225813767532553,0.6838391711905878,0.8941621996899181,1.0065672892719049,0.956273407881082,0.8623316582357985
2022-07-07,0.7158169027443411,0.982225618588181,0.9201866553377263,1.0797933252645977,0.8225813767532553,0.6767369839527033,0.8941621996899181,0.9999848174348258,0.9481584349194647,0.8767897201336933
2022-07-08,0.7131804102336633,0.9875356369064268,0.8772196195463042,0.9891145487782887,0.8225813767532553,0.651364795614852,0.8941621996899181,1.0054420096655003,0.9554514372813602,0.8669234335920195
2022-07-11,0.6953200651209808,0.9678417665538801,0.8524011491303197,0.9656928784186863,0.8225813767532553,0.626978847733454,0.8941621996899181,0.990656359591464,0.9375582366722005,0.8514848042818841
2022-07-12,0.6774334398167439,0.9451517929364657,0.8358304700389112,0.9642443391010583,0.8225813767532553,0.6127978323668616,0.8941621996899181,0.9692854531708136,0.9187088157607205,0.8315571638187561
2022-07-13,0.6787755624357731,0.9424257092269236,0.8599417020902606,0.9642443391010583,0.8234352746798849,0.6586799035719947,0.8941621996899181,0.9643924960898732,0.9132446378334945,0.8451463451480388
2022-07-14,0.6948593858819335,0.9538273233194589,0.9030448451364589,1.0470412796685322,0.8221844869208773,0.716226908134365,0.8941621996899181,0.973855331540247,0.9201437446663447,0.8673818727022291
2022-07-15,0.6921118254514748,0.9483773600522869,0.9088570740565532,1.0538623954969915,0.8198913760293637,0.7208928814772597,0.8941621996899181,0.9586656784096786,0.9086842253977212,0.8493427552313607
2022-07-18,0.7236926937942858,0.9876337511870259,0.9541461385481613,1.1436737539050417,0.8353177583904552,0.7823281971587092,0.8941621996899181,0.9988372343141063,0.9277274525396357,0.8616061552680975
2022-07-19,0.7500807752818538,1.030501128620084,0.9938395035868486,1.2258067934010402,0.8743006435461864,0.8056580638731835,0.8941621996899181,1.024881867025629,0.9491365101182861,0.8463789002322669
2022-07-20,0.7614714113213799,1.0508393261807445,0.9831072840440127,1.2487091139946707,0.8603335135706037,0.8079137085016442,0.9063995955351375,1.0381166855647748,0.954385486396738,0.8507774542722385
2022-07-21,0.7614669002183827,1.0512853659181265,0.9770278901800653,1.2377670445455398,0.8659620584861372,0.7942143236925047,0.9063942258497215,1.045126504438917,0.976036025519416,0.8465478150453577
2022-07-22,0.7531223556647503,1.0420698978971337,0.9427571414811472,1.2210128330409242,0.8503272114985444,0.7878466504568575,0.8964614933848053,1.0353546952991872,0.9610403525297126,0.842209258070145
2022-07-25,0.7489848118599911,1.0325831688474558,0.8817926564176531,1.2103714753616617,0.8463663835950209,0.7897918839568134,0.8951168011447281,1.039945797775299,0.959234695960911,0.8322500529974087
2022-07-26,0.7476710676868149,1.0338396269042869,0.8822126500559424,1.2088389543261424,0.8338585060049467,0.785584997799436,0.8922040614194119,1.0504571304805288,0.968560534417226,0.8348693094707074
2022-07-27,0.7588557004627161,1.0408795478886232,0.913996178089735,1.248330004709787,0.8421970910649962,0.8156367819683016,0.9055508060233153,1.0519666228849016,0.9707723124159215,0.8351126821795501
2022-07-28,0.7795835081555061,1.069270345902367,0.9702757079295459,1.2769446634002968,0.8578319380525888,0.824241941692572,0.9302855256173792,1.0691425825076006,0.9923485016357065,0.8325441924533552
2022-07-29,0.7630957162759239,1.0443601389559503,0.9459315794582447,1.257712539957041,0.832399253619438,0.8141233680275278,0.9106104632609966,1.0484912550506047,0.97428064490345,0.8216370337574268
2022-08-01,0.7858976717807826,1.0639780720319814,0.9897618478360175,1.2820169930463992,0.8361516168964603,0.8280529140652187,0.9378202861215776,1.0542357998578056,0.9800321745556567,0.8411083888511315
2022-08-02,0.7776705586469655,1.055063083332817,0.994089594931978,1.2806950102281063,0.808425821571796,0.8286468869441107,0.9280027820492879,1.0324630858047579,0.964772800040952,0.8241507569322007
2022-08-03,0.7744401362883775,1.0502784050672502,0.9704712978704719,1.2659420529535028,0.8072131828394383,0.818363930442453,0.9241478837216724,1.0360252319694812,0.9584273001070055,0.8088275065927558
2022-08-04,0.7815787011587675,1.0589285276590252,0.9679548263082933,1.2576975320135868,0.8072131828394383,0.8279946452462711,0.932666411247116,1.0512680152095413,0.9728269569818022,0.8125067112101297
2022-08-05,0.8240641930012435,1.1179622403143137,1.0126631292240464,1.3165999145582583,0.8072131828394383,0.8786970068962388,0.983364813273736,1.11960120043227,1.0162184431630066,0.8256832973402237
2022-08-08,0.8219326954984278,1.1189261610287344,1.0267902121419434,1.3238648017805392,0.8072131828394383,0.8625490035999245,0.9808212739940885,1.1120153114424192,1.02935393440603,0.8232477241882642
2022-08-09,0.826675609656962,1.1267221786627304,1.0225255512076405,1.3318712912497142,0.8072131828394383,0.8727380886144294,0.9864810453268216,1.1141556863773374,1.0401733537889175,0.8291286672436655
2022-08-10,0.8200099211451319,1.1174222290085638,1.0141531799276258,1.3323799032808568,0.8072131828394383,0.8640308188772563,0.9785268063313084,1.097333578880838,1.0283827893601247,0.8179861354475287
2022-08-11,0.8452022336120363,1.139806192138324,1.0332572458801406,1.3359846913766718,0.8072131828394383,0.886695591809307,1.00858906829506,1.1297711511317785,1.0269754168645506,0.8373411885387775
2022-08-12,0.8157742513580544,1.101144908339826,1.0099508484092683,1.2804104826621026,0.8072131828394383,0.8533568231805341,0.9734723352541352,1.0877737386717077,0.9945106693604616,0.8279074962178786
2022-08-15,0.8127900795572132,1.1029742802510345,1.0335481656572822,1.2753523371184003,0.8072131828394383,0.8389410449771463,0.9699112904100152,1.06755360751546,0.9952081580498697,0.8364492321760272
2022-08-16,0.8050976817463612,1.084050133693447,1.0195139550034211,1.2542329847874951,0.8072131828394383,0.8250494519025542,0.9607318679801363,1.0485471513862585,0.9799871371377322,0.840387501042258
2022-08-17,0.8105171685505247,1.0936215796971607,1.029665835526095,1.268367910588961,0.8072131828394383,0.8349795823300747,0.9592907701781662,1.064476597464085,0.9911492448094898,0.8546997239212002
2022-08-18,0.8184381842904077,1.1057236781669755,1.040295173733283,1.2974046383893783,0.8072131828394383,0.8383245710117213,0.9672267832337769,1.0655557746111066,1.0114234038980898,0.8540569861351411
2022-08-19,0.7923738927486729,1.0739045648165289,1.023828471979667,1.240713764537803,0.8072131828394383,0.8136065068497338,0.9364241137725068,1.0470493830324308,0.9837929340037896,0.8412566892881254
2022-08-22,0.8013586666328099,1.0792586429184572,1.0331796726177833,1.2546100684383434,0.8009628389710659,0.8113922824985895,0.9350194776018481,1.048646515180625,0.9917072814841397,0.8550397072881678
2022-08-23,0.8052278751470104,1.0832128831765577,1.0339276803372281,1.2756325610956918,0.7997613947126093,0.821961951222282,0.9350194776018481,1.04098794345107,1.0104261641316856,0.8554369186245979
2022-08-24,0.7736147780138656,1.0434791078824397,0.9912129659871304,1.2222336615299065,0.7660796762161864,0.7954862059416445,0.9350194776018481,1.0024635513318918,0.9906893296471438,0.82428213512016
2022-08-25,0.7656753210867501,1.0383447863189004,0.9855076293145459,1.1376767612348808,0.7884142242041356,0.7778985534490227,0.9350194776018481,1.0037870887978744,0.9805620873306127,0.8206678504036278
2022-08-26,0.753102964616892,1.0351289855785308,0.9926190147128283,1.158079162589221,0.7663091524974776,0.7900986400491333,0.9350194776018481,0.9975552740432466,0.9822758358286297,0.8123574877413704
2022-08-29,0.7477044911692885,1.0276933459634714,0.9766047405848624,1.15419299090268,0.7442040807908196,0.7874473023308477,0.9350194776018481,0.9897425133326185,0.9783814572809227,0.8093465581222348
2022-08-30,0.7493490537026837,1.0226090333384157,0.9650969804950034,1.0832703576233065,0.7630343270594543,0.7390603889721339,0.9350194776018481,0.9931203772773424,0.966857809079798,0.8036966806854693
2022-08-31,0.7358907583495076,1.0037207665858885,0.931219469657109,0.9715429216352524,0.7073622946130564,0.6628344295714205,0.9350194776018481,0.9944976362761758,0.948073888379196,0.7908582318588119
2022-09-01,0.7476563792642897,1.0194779352982632,0.9228737463289588,0.9700856072527996,0.7135823543813097,0.6754282837332773,0.9350194776018481,0.9941539966062288,0.9550786393060756,0.7796092437323847
2022-09-02,0.7726521090792776,1.0552129804034993,0.938581905483428,1.1671718845373087,0.7260783820459847,0.6853708001768487,0.9350194776018481,1.0051161827571018,0.9661022391875816,0.779353563933335
2022-09-05,0.7624577294121702,1.0506261759114417,0.9395585968893279,1.1286219417627463,0.737624823902174,0.679804115706668,0.9350194776018481,1.000171386249,0.9665403474870651,0.780947639792393
2022-09-06,0.7720591155456554,1.0531886358934188,0.9701570770641783,1.0799308058146078,0.755311528738558,0.6701180716888833,0.9350194776018481,0.9943053825708401,0.9655029640839414,0.7816956031997216
2022-09-07,0.781917127352545,1.0692426914219408,0.9705506128855097,1.1123024226554088,0.7549417789709901,0.6969426341942375,0.9350194776018481,1.0065856443764605,0.9799117697814642,0.7909773029565643
2022-09-08,0.7679292431111042,1.04709967787928,0.9441423440212835,1.0576656831486566,0.72522902048284,0.6528613114419297,0.9350194776018481,1.0020934816398381,0.9705171207075638,0.7762715608682541
2022-09-09,0.7617450744997125,1.0384341506674966,0.9397602778267637,1.0379332501094465,0.7125762456345905,0.6275319369781052,0.9350194776018481,1.002693886920134,0.9650556556150212,0.784028104471198
2022-09-13,0.7574849296955536,1.0332756075475706,0.943138482400316,1.009756754881148,0.7100154093465173,0.5915934004351917,0.9350194776018481,1.0043509642446995,0.9665039946889968,0.7847692989789128
2022-09-14,0.7535171413633196,1.0252569318230744,0.9266423474857225,1.020756829257279,0.6874244333268005,0.6141378698532555,0.9350194776018481,0.9984729174680774,0.9605601086507092,0.770369695759501
2022-09-15,0.722128659852827,0.982797154323803,0.8766551626646316,0.9724970289728958,0.6863932966768103,0.58602359034367,0.9350194776018481,0.97124198528855,0.9300462239650832,0.7458687405754623
2022-09-16,0.7215055831597742,0.9748907952464432,0.8572364742462604,1.0004461402377878,0.6863932966768103,0.6028656351442235,0.9350194776018481,0.962374209760055,0.9250254083423166,0.728394518545094
2022-09-19,0.7113156988383023,0.9598544307591709,0.8363765610051116,0.9936239162282471,0.6863932966768103,0.6012176564894327,0.9350194776018481,0.9440767701854681,0.9001065470519625,0.7231572363075173
2022-09-20,0.7100610433501341,0.9573943516085485,0.8410942148452584,0.9757981051065444,0.6863932966768103,0.5987720196205176,0.9350194776018481,0.9348740990167169,0.8978560092331801,0.7282425259810378
2022-09-21,0.702882654380648,0.9454210357681705,0.8376952490350222,0.9526905721710036,0.6863932966768103,0.5804668412250392,0.9350194776018481,0.9273035710306534,0.8813379090089667,0.7173544432749301
2022-09-22,0.7104438419166129,0.9558605014537492,0.8451627468948633,0.9512615363127471,0.6863932966768103,0.6048416314042815,0.9350194776018481,0.9283808572979158,0.9000809219919973,0.7136324715190868
2022-09-23,0.6923634245257275,0.9341720013284601,0.8241832365248624,0.9512615363127471,0.6863932966768103,0.5834534755948277,0.9350194776018481,0.9156436504198253,0.8776463659034555,0.7088591665823131
2022-09-26,0.6865849053160421,0.9298669918011812,0.8218096234233015,0.9512615363127471,0.6863932966768103,0.575553345971516,0.9350194776018481,0.8950801259516431,0.8856673121880289,0.7147502629871351
2022-09-27,0.7059227611595994,0.9552924164149605,0.8386638252226996,0.9512615363127471,0.6863932966768103,0.5895230873785916,0.9350194776018481,0.9169637682257473,0.9052303528365027,0.7306525619208181
2022-09-28,0.682398623052093,0.9302882092602975,0.8074355723142533,0.9512615363127471,0.6863932966768103,0.5552249636481164,0.9350194776018481,0.9003420745524751,0.8901387298533835,0.7118944027046074
2022-09-29,0.6896463762704639,0.9346244516019215,0.8177288069010502,0.9512615363127471,0.6863932966768103,0.5813339286227198,0.9350194776018481,0.8937034469609149,0.8958738902508886,0.717809497935333
2022-09-30,0.6786384959921513,0.9227104211701229,0.8052857378502516,0.9512615363127471,0.6863932966768103,0.5612945754318802,0.9350194776018481,0.8892135063784803,0.8955348184041276,0.70426369909903
2022-10-10,0.6265862671641208,0.8595715320265321,0.7647377399838469,0.9512615363127471,0.6863932966768103,0.5604526335687324,0.9350194776018481,0.8223143670895791,0.8122168462855421,0.6880417234972208
2022-10-11,0.6201372766867326,0.8679718756259626,0.7747673180073197,0.9512615363127471,0.6863932966768103,0.5604526335687324,0.9350194776018481,0.8209344403922361,0.7995883949078736,0.6959327220606756
2022-10-12,0.6502868686385906,0.9112643300068431,0.8252939968130196,0.9512615363127471,0.6863932966768103,0.5604526335687324,0.9350194776018481,0.8521446829046917,0.838475185354253,0.720980112049904
2022-10-13,0.6548326549835416,0.916789632909639,0.8265170005530896,0.9512615363127471,0.6863932966768103,0.5604526335687324,0.9350194776018481,0.8636963214869426,0.8437765693594649,0.7232526162566212
2022-10-14,0.6684435111482792,0.9372621973869636,0.8451796143983009,0.9512615363127471,0.6863932966768103,0.5604526335687324,0.9350194776018481,0.8822434380844811,0.8630269363506319,0.7489538204130948
2022-10-17,0.6799995265168451,0.950156228233194,0.8618385369740965,0.9512615363127471,0.6863932966768103,0.5604526335687324,0.9350194776018481,0.896541616624305,0.8740522004367186,0.7492011929262549
2022-10-18,0.6797561652854024,0.9527882440311025,0.8654723340238077,0.9512615363127471,0.6863932966768103,0.5604526335687324,0.9350194776018481,0.8946361900585956,0.875323657708915,0.7528640906491046
2022-10-19,0.6694178816657265,0.9408358946941475,0.8535510317196872,0.9512615363127471,0.6863932966768103,0.5447713085581481,0.9350194776018481,0.8883262538165216,0.8596727767912122,0.7464117909308446
2022-10-20,0.6850307229865293,0.9603940636840813,0.8629629209136073,0.9163502379300693,0.6863932966768103,0.5255953584969013,0.9350194776018481,0.9112383437435229,0.8842311234868655,0.7389533865881648
2022-10-21,0.6804844180296431,0.9593617463057158,0.8654612037940125,0.9292672810849709,0.6863932966768103,0.5330042482932922,0.9274115570896011,0.901392254696502,0.8793574636837382,0.7369353314714767
2022-10-24,0.676958622809746,0.9552878021730522,0.8598692721759901,0.961179975938257,0.6863932966768103,0.551308564260846,0.9226063578106348,0.8911426595158785,0.8813987349348867,0.7189919016269676
2022-10-25,0.6817893201951563,0.963339380316643,0.8827023939959265,0.9338262374925832,0.6863932966768103,0.5356191505743713,0.9291899686404084,0.8898952799231032,0.875520240654809,0.7121346986408982
2022-10-26,0.7030311995604965,0.9916758166288089,0.908509757787414,0.9961319750632845,0.6863932966768103,0.5498481425420486,0.9581398812258594,0.9192901798253367,0.909608707327888,0.7300799745489386
2022-10-27,0.7129388457192994,0.9949329792685866,0.8951412224962187,0.9368655417643249,0.6863932966768103,0.5352223832196397,0.9716427114270763,0.9537579582754356,0.9080923613159575,0.719119587687865
2022-10-28,0.6862313240463404,0.9605534518603381,0.8502237878102076,0.8669615435142699,0.6863932966768103,0.5092127830707036,0.9352438408512561,0.933892615685696,0.8796977808810905,0.692430739542282
2022-10-31,0.7131985758408985,0.9847481093420791,0.8729381006592483,0.8656611011989985,0.6863932966768103,0.5233731788530597,0.9338409750899793,0.966459083284861,0.9154559844350545,0.6969129817956609
2022-11-01,0.7266779969183726,1.0028045905004732,0.8865793992773119,0.8656611011989985,0.6863932966768103,0.531578297656739,0.9500897661489479,0.9862198846607267,0.9325565634423111,0.7192426585899345
2022-11-02,0.7355490631111433,1.0161596236164658,0.8972097710245703,0.8656611011989985,0.6863932966768103,0.5376368412525256,0.9616881759540106,0.9969989840821198,0.9439688493711604,0.7309986988328889
2022-11-03,0.752313454663094,1.0423854720037946,0.9437731543111252,0.8656611011989985,0.6863932966768103,0.5556534735298291,0.9836066555512555,1.028748916711599,0.9616539133070522,0.7310599266066686
2022-11-04,0.7626201961005172,1.0589519432878722,0.9750582431417701,0.8656611011989985,0.6863932966768103,0.566610379676656,0.9970821283240181,1.0508830742135804,0.9709841149562402,0.7541855644600783
2022-11-07,0.7564956562157135,1.0505608186787954,0.9685899834809277,0.8656611011989985,0.6863932966768103,0.5655964041163148,0.9890746440027655,1.050252033903214,0.9609216513055616,0.7552535122127884
2022-11-08,0.7553925059893897,1.0420342558391722,0.9558751127531921,0.8656611011989985,0.6871700048809445,0.5593294690156999,0.9876323384079906,1.0413516553984106,0.96254098222692,0.7483950785176983
2022-11-09,0.749574979487034,1.0282014132429809,0.942178018347657,0.8656611011989985,0.6883724020898351,0.5520739436202894,0.98002625646024,1.0281622119735563,0.9616756864315825,0.7382211147208502
2022-11-10,0.7356452359636202,1.0127892166581047,0.9207982577508195,0.8423965839112392,0.6763484300009297,0.544811128576308,0.9618139164378384,1.0160697532620218,0.948158666800148,0.7252337501026884
2022-11-11,0.7464616790473214,1.0277243523944126,0.9352692293262653,0.8588583343989319,0.6703364439564771,0.555119310907226,0.9759557948537766,1.0379882101712712,0.9663139057001782,0.7400616400613028
2022-11-14,0.7434498383847996,1.0262317144997313,0.9278397357660915,0.8631795476855896,0.645687301174221,0.5559096329568578,0.9720179860817096,1.0419332449820087,0.9655500360927919,0.7307971702307497
2022-11-15,0.7739863790190242,1.0657531175881063,0.9717570303031853,0.9109684714691874,0.6447187702224597,0.5827475696073582,1.0119427600162467,1.0835533015414336,0.9981847680570857,0.7481889347567315
2022-11-16,0.7641645427550412,1.0561392423374398,0.9608770492998272,0.8974186713735984,0.6447187702224597,0.5680959423724534,0.9991012729218616,1.0706765485784355,0.9788963535843594,0.7393192148445672
2022-11-17,0.7773218957572058,1.0723011992631202,0.9653147086639705,0.9194115019590723,0.6447187702224597,0.5861654417212044,1.0163037566766708,1.0964086833275803,0.9982299879240198,0.7340751637073766
2022-11-18,0.7678150298970494,1.0622937357679914,0.9771650416995621,0.9029446156851577,0.6447187702224597,0.5880730282399137,1.0038740753044688,1.0869097880027463,0.9872795189901045,0.7352747973253012
2022-11-21,0.7698633122970644,1.0644564532654104,0.973667860177928,0.9002370052157164,0.6447187702224597,0.5853749754074219,1.0065520869611997,1.0843753867814412,0.9951683108920796,0.7345163728912966
2022-11-22,0.7633376770695033,1.0525179134662195,0.952624831040654,0.8895404475367332,0.6447187702224597,0.5835134047396746,0.998020193504099,1.0799434766474687,0.992164692998768,0.7210582620727182
2022-11-23,0.7584800078825188,1.0509965407241455,0.9541269806982987,0.8837915590047714,0.6447187702224597,0.5784202140917489,0.9916690698957568,1.0727094050321848,0.9978473608270473,0.7200684643428225
2022-11-24,0.7501749035445874,1.036170472607294,0.9450527220851686,0.8650000303470893,0.6447187702224597,0.5642032964182988,0.9808106227269564,1.0536272916979552,0.985165942701273,0.7185876137136685
2022-11-25,0.7417612874152671,1.024250259943703,0.9327084131318679,0.8520050215981894,0.6447187702224597,0.5624321810128625,0.979339406792866,1.046667170936805,0.9754780137334793,0.7105375460092885
2022-11-28,0.7276396877123508,1.0090650501661202,0.9236532578310257,0.8393806162039056,0.6447187702224597,0.5527602476428958,0.979339406792866,1.0315750197069011,0.9619525450500567,0.7072890895491585
2022-11-29,0.7407908222460408,1.0288274118024006,0.936977074486378,0.8523493652471773,0.6484235672136656,0.5627363626355494,0.979339406792866,1.055601744134131,0.9755236911041778,0.7199010879160076
2022-11-30,0.7348809270967415,1.021200061888395,0.9322216411374138,0.8428266983404726,0.6476460809220425,0.5625738178038823,0.979339406792866,1.0471341965946865,0.9635841783330568,0.7215994663645697
2022-12-01,0.7439623434671424,1.0328128158908016,0.942413869336758,0.8573713406050957,0.6476460809220425,0.5735626932854356,0.979339406792866,1.0542119708067972,0.9774808693798503,0.7326358495076714
2022-12-02,0.7455767840863787,1.0348111203104964,0.9399240221211121,0.8512581569524392,0.6476460809220425,0.568899544301697,0.979339406792866,1.047840412091054,0.9867773788999054,0.7332939711564891
2022-12-05,0.7558002781447599,1.0479565558889092,0.9471228523384155,0.8735988321608154,0.6492010535052887,0.5805103477555477,0.979339406792866,1.0656023042537015,1.0061332702771986,0.731381757015581
2022-12-06,0.761936541441279,1.0529200786176969,0.9532669435336627,0.8821056464199657,0.6359837865476959,0.5886355099784881,0.979339406792866,1.072431371605043,1.0181604231600858,0.7363581289407698
2022-12-07,0.754923973326377,1.0428434089438625,0.9436141337989907,0.8756650836600385,0.6258764647565958,0.5839595185126655,0.9688569379990765,1.0643111212858276,1.0145580348009253,0.7427461241126984
2022-12-08,0.7488281945757094,1.0350517190197874,0.9324997415897693,0.8739083897952608,0.6235440058817263,0.5846748629616397,0.967403652592078,1.0623904866253449,1.0168833724452788,0.7420596961564044
2022-12-09,0.7455753727377328,1.030021228590476,0.9291740823300578,0.862730965249798,0.6234624512895846,0.5846418352240885,0.967403652592078,1.0559525646827388,1.0057762947592388,0.7447724865152762
2022-12-12,0.7589101381115132,1.049063253148994,0.9586469233462822,0.8632825473423348,0.6445651425665379,0.5856002644621607,0.967403652592078,1.0769503528280997,1.013354844578123,0.7388936972006611
2022-12-13,0.744667864611115,1.0317671718840107,0.9394928128559183,0.8533268618822331,0.6289801107426998,0.5822933110970542,0.967403652592078,1.0621860808197607,0.9942065444749745,0.7311042321314137
2022-12-14,0.7408719558208174,1.0257357948001,0.9231899903711376,0.8381866931686486,0.6167094932229334,0.5879058114767867,0.967403652592078,1.051104686816341,0.9872646979785322,0.7286040467558675
2022-12-15,0.7486357192339305,1.037378297971929,0.9426939515027547,0.8375988982630476,0.6363846805949015,0.5862267659115735,0.967403652592078,1.0606198534519813,0.9924717600054943,0.7381558871427532
2022-12-16,0.7266362206702462,1.006035234421983,0.9084820728825541,0.8214185582208126,0.6128577092819186,0.581189629215934,0.967403652592078,1.0389125349938164,0.9634042663548401,0.7303405771840712
2022-12-19,0.7112404178717496,0.987269249486004,0.887543096207243,0.8040424562942088,0.5912589805259221,0.568956582955095,0.967403652592078,1.0210620650987978,0.9490709715228977,0.722025291685731
2022-12-20,0.7104135676996505,0.9856382872784721,0.8901826606558477,0.7917268016279946,0.5922633129312601,0.5584025822594694,0.967403652592078,1.0131779054327732,0.9460569027736072,0.7109802935794844
2022-12-21,0.7002625692170972,0.9738248571371251,0.8782421502423261,0.7978027600643415,0.5884664425321791,0.5575649783860802,0.967403652592078,1.005550405315779,0.9328858671170986,0.7087970157767677
2022-12-22,0.6896939510810115,0.9602442873319332,0.8666107630640469,0.7905500077001202,0.5836016504849171,0.5575649783860802,0.967403652592078,0.9949997835998671,0.9250093094748482,0.7062177573466417
2022-12-23,0.6844135769189628,0.9499825524395774,0.8557857524313127,0.78936418268857,0.5747905865462093,0.5575649783860802,0.967403652592078,0.9877315444267165,0.9137243742333416,0.7034080486523901
2022-12-26,0.6976992370364069,0.9673941176126826,0.8780206134832558,0.78936418268857,0.5707649146472298,0.5575649783860802,0.967403652592078,0.9946653842185588,0.9335871350785931,0.7173218294858817
2022-12-27,0.7075758696980634,0.9841604687346264,0.8902716306692046,0.78936418268857,0.5807689722554641,0.5575649783860802,0.967403652592078,1.0062004493724808,0.9539635803528941,0.7259644835837276
2022-12-28,0.6986717897434859,0.9737007461578291,0.8826368551304945,0.78936418268857,0.5727031868709083,0.5575649783860802,0.967403652592078,0.9934746143390258,0.9478451890890184,0.7194288033293154
2022-12-29,0.701546350649688,0.9785012150804134,0.8855818289849118,0.78936418268857,0.573020838993393,0.5575649783860802,0.967403652592078,0.9985734825457662,0.9485168350294425,0.7228517127931292
2022-12-30,0.7023275679447724,0.980213587801831,0.88778476415212,0.78936418268857,0.575664057903775,0.5575649783860802,0.967403652592078,1.0046518413404677,0.947647908493799,0.7220468290935933
2023-01-03,0.7279125659710421,1.015301253184611,0.9223576280330037,0.78936418268857,0.5806684889711432,0.5575649783860802,0.967403652592078,1.0366533813982681,0.9712329218140151,0.7250180683468114
2023-01-04,0.7309976344219654,1.0227444918762183,0.9227930218668251,0.765853229787397,0.5875286131387313,0.5575649783860802,0.967403652592078,1.0421142575206124,0.9764143437221654,0.7184639274570888
2023-01-05,0.7384450923349174,1.0329330524737677,0.9340612862723154,0.774051313258113,0.5965357301335716,0.5559710698065634,0.9758085270073144,1.0550262241369424,0.9891109240196062,0.7382586513459817
2023-01-06,0.7357150874966484,1.026270722615818,0.9283660797615734,0.7639829829474262,0.5861130589251785,0.5468939911158441,0.9722009981231683,1.0454110179130753,0.9856844377099143,0.7452376945251
2023-01-09,0.7334695783297759,1.0222947971569423,0.922791885054592,0.76466636292762,0.5856010429532947,0.5415990285462577,0.9692336996533811,1.0420129596958454,0.9812242508642588,0.7508451125006513
2023-01-10,0.7326285700806188,1.0211948785712777,0.9249936870408734,0.7619442374681988,0.5813740924383531,0.5408426053220311,0.9681223603956226,1.0384621371760985,0.9796127774152685,0.7611950676874591
2023-01-11,0.7275671641328525,1.0152548968804582,0.9215119152783021,0.7540501446938987,0.6004412583375316,0.5363040659766714,0.9614340322670422,1.0350465162957556,0.9797191492041456,0.7525696435159032
2023-01-12,0.7285984750304323,1.019011822871159,0.9270806898602418,0.7554711806962434,0.5995405964500253,0.5393297588735778,0.9627968444494238,1.0394486095871092,0.9805563432546385,0.7564226857824509
2023-01-13,0.723580562859882,1.0110099949433065,0.9135061226382925,0.759173428163939,0.5995405964500253,0.5325219498555382,0.9561659905990525,1.0308707672812132,0.9725763230699079,0.7670781644836467
2023-01-16,0.7372099850820739,1.0285103788256147,0.9271239761270825,0.768926095595799,0.5995405964500253,0.5476504143400706,0.9741764108193901,1.0471074447593618,0.9855243544432845,0.7813528507374577
2023-01-17,0.7393908024724908,1.0307443869988522,0.9334608133762484,0.7658609107009754,0.5995405964500253,0.543214499257967,0.9770582231944793,1.05088142692851,0.9854195357969134,0.7832093752951793
2023-01-18,0.7427462869117127,1.0359761913327057,0.9342050678209168,0.7651168725248672,0.5995405964500253,0.5519687598162241,0.9814922838470864,1.0558077791582574,0.9875360968428006,0.7826989387288452
2023-01-19,0.7544359232601049,1.046290945475847,0.9434661928871119,0.7605051630468351,0.5995405964500253,0.5638211700776833,0.996939399610708,1.0649808288823217,1.0001866525805156,0.7911729856908554
2023-01-20,0.763041942332242,1.0587474519445965,0.9567452392331961,0.7737463082758305,0.5995405964500253,0.5655266955648529,1.0083117099982353,1.0774388075965962,1.0176162920920109,0.795641997822262
2023-01-30,0.7614100488186469,1.0564975370560017,0.9484047845340077,0.7696390535355624,0.5995405964500253,0.5693064990752983,1.0061552658397417,1.0674817746947773,1.0016415039331263,0.8042329621412384
2023-01-31,0.7533045608304823,1.046065076388487,0.9366998167194159,0.7675032639208479,0.5995405964500253,0.5585517237020114,0.995444375651011,1.046238921552785,0.9794329286837724,0.7940654595667489
2023-02-01,0.7731308010273117,1.0740442882125438,0.9630659371410264,0.7692620150484932,0.5995405964500253,0.5700552527528329,1.0216434992464953,1.0821692686801943,0.9919010764285685,0.8041726573992242
2023-02-02,0.7873807915993263,1.0911691954658003,0.9831656623509996,0.7761335235036482,0.5995405964500253,0.5817344716250844,1.0404739613272684,1.0893339272606086,1.0065542583070002,0.8006734439761269
2023-02-03,0.8029415790052616,1.110526125613618,1.0021440780825166,0.7899639864377802,0.5995405964500253,0.595309037193574,1.0610365585945178,1.0964425918824399,1.0128734191421136,0.793841470524982
2023-02-06,0.8098169292974435,1.117857275234055,1.007829634821158,0.7876090597280503,0.5995405964500253,0.6018656172272571,1.070121899550688,1.1012165271617353,1.0156140323635467,0.7827589357936042
2023-02-07,0.829436995008405,1.146230166915303,1.0326493796275042,0.8156701022829203,0.5995405964500253,0.6203779533217892,1.0960485765913104,1.1282296871043866,1.02206886895404,0.7808753356374273
2023-02-08,0.8147399619563975,1.1292304667159556,1.018907280799086,0.7962651577216554,0.5995405964500253,0.6073316375472656,1.0766273761219427,1.11484831165837,1.008825310596443,0.7771549022678598
2023-02-09,0.8867745833342761,1.2243331442063223,1.102279468222723,0.88114467044798,0.5995405964500253,0.6648038809736972,1.1718165763887065,1.1969006894454717,1.0707129607137278,0.7906483959707833
2023-02-10,0.9007897153873459,1.251580317747859,1.1227379881751443,0.8956968281054222,0.5995405964500253,0.6790701108645023,1.1903366877774573,1.21220485174984,1.0656603145115509,0.7830866120703648
2023-02-13,0.9373560113224155,1.3026159317591837,1.17377500544208,0.93243014095873,0.5995405964500253,0.7071045729031217,1.2386567372230979,1.2371585622695498,1.0997898090676677,0.7917092671466242
2023-02-14,0.9222955577121857,1.278302837344478,1.1486132952360122,0.9159017578430316,0.5995405964500253,0.6945703413608122,1.2187552994506672,1.2340929744078781,1.1001986672547632,0.7892398494965953
2023-02-15,0.9647840008925253,1.3358304183152065,1.1933371339092258,0.9581918633526112,0.5995405964500253,0.7266408694152059,1.274901092259101,1.2919994750228927,1.1482062431666613,0.7837148890254306
2023-02-16,0.9188088127733851,1.276664781395781,1.1400047705769265,0.9120013806406899,0.5995405964500253,0.6916125063073602,1.2141477863422476,1.250584759480553,1.1024437545331245,0.7730387959481381
2023-02-17,0.8779163797776792,1.221674874089021,1.0951461065963353,0.8732842226825057,0.5995405964500253,0.6599200211078394,1.1601110201405607,1.1972155791668972,1.0457443483243303,0.7536095926383923
2023-02-20,0.915873296943101,1.2712454182208721,1.1330011311772221,0.9124848899301896,0.5995405964500253,0.6909951839005113,1.2102686876684399,1.2401528326356885,1.095575988562125,0.7632838885728372
2023-02-21,0.9061780714350361,1.2608643936757067,1.1236087338613436,0.9077663769857457,0.5995405964500253,0.685991236401643,1.1974570598030363,1.225581071537245,1.0816880575034864,0.7599034385702373
2023-02-22,0.9069718527164127,1.2616518699811823,1.123096919838437,0.9091253367085366,0.5995405964500253,0.6867567371883866,1.1985059916071557,1.2343020347514926,1.0845878190208302,0.7543932466073211
2023-02-23,0.8939209933441068,1.241823816617608,1.1079621426815824,0.8943296613899006,0.5995405964500253,0.676483601403497,1.1812601056334244,1.210081697544582,1.0689163768877765,0.7561113164002142
2023-02-24,0.9226136034759985,1.2810977809075736,1.1389810156012363,0.9290964068967427,0.5995405964500253,0.6995028616445715,1.2191755768301615,1.2413382851548187,1.0890386754935004,0.7473283614740092
2023-02-27,0.9122812486904089,1.2689537384484257,1.1340912237149199,0.9157237587777313,0.5995405964500253,0.6913266835241232,1.2055220228848529,1.2420263444352222,1.0908946975244829,0.7414388034554629
2023-02-28,0.9301964121206391,1.2929033126640601,1.150552048965919,0.938085197502655,0.5995405964500253,0.7054798838927916,1.2291957792946517,1.275492532611169,1.1049992937233468,0.74735636010423
2023-03-01,0.9599637301658162,1.334328720380593,1.1790650170819827,0.9721432406499575,0.5995405964500253,0.7364252057373306,1.2685314090877582,1.3105429117412186,1.1369421503841217,0.7519465970741752
2023-03-02,0.9665951657284174,1.3454611524446296,1.1834869419376068,0.9835783973977517,0.5995405964500253,0.7294601467144604,1.2772944321418147,1.3190123218704386,1.1467057018505746,0.7441475940100174
2023-03-03,0.9659032996618903,1.3390955654159467,1.1627251394279199,0.9827277112014712,0.5995405964500253,0.7481643162315476,1.276380174854073,1.3202927528453763,1.14141155638083,0.7453287669926315
2023-03-06,0.9621050323542568,1.3331731893666041,1.1577495712752788,0.9782033989227193,0.5995405964500253,0.751901456231792,1.2713610046204102,1.3207901797397177,1.139752421854095,0.7481344758825658
2023-03-07,0.916085723542667,1.2705265053161168,1.1064702684216654,0.9278209126432336,0.5995405964500253,0.7116918570325796,1.2105493959964813,1.255766795519257,1.0906266382939325,0.7334198111538556
2023-03-08,0.9300660013662139,1.2896678513548385,1.123272166931316,0.9406550266549052,0.5995405964500253,0.7198968606104331,1.2087335719024865,1.274047857012749,1.1015625645031522,0.7315285190662991
2023-03-09,0.9407976036290882,1.3065033561031432,1.1331388451757085,0.96610161113624,0.5995405964500253,0.7519704234708543,1.2087335719024865,1.3010522759657637,1.118685136217131,0.7300196698069245
2023-03-10,0.9258840979753935,1.2851355361964352,1.122480259706791,0.9501102678049379,0.5995405964500253,0.7299558101838409,1.2087335719024865,1.2762932630269659,1.1022073116396092,0.7293052432204099
2023-03-13,0.953334542540932,1.3239937514692406,1.1482250234756837,1.0009172255639756,0.597364761929126,0.7791165753709979,1.2087335719024865,1.3222393805481423,1.1382363127528703,0.7252162124991436
2023-03-14,0.9442203829100146,1.306891700630536,1.140898190387596,1.0011590447921852,0.5748467445875586,0.7732747460215024,1.1953646218046188,1.3028748570289652,1.1320126933178871,0.7209216533714209
2023-03-15,0.9310701120519471,1.2900256544688056,1.1239705255549568,0.99708105493351,0.5587017510219066,0.7728513223697135,1.193571574871912,1.2917629870896046,1.1163803262865442,0.7191841999114517
2023-03-16,0.9179619526677685,1.2715387281357267,1.1085112833148247,0.9857811463439645,0.5489058789939517,0.7945243289807166,1.193571574871912,1.279067107722477,1.1026340849088214,0.7082881175967094
2023-03-17,0.9946201394672439,1.3775293180348769,1.197966884658756,1.1064094809920624,0.6019234079099507,0.8971503881407258,1.193571574871912,1.3652047348319214,1.1996798140840461,0.705710089875604
2023-03-20,1.0481837492983146,1.4520358649468934,1.2618842557038152,1.156149821462875,0.6282812013877566,0.9760016069384683,1.2560590252927246,1.4344896836428425,1.255542256288926,0.7051710393245386
2023-03-21,1.0627924142178309,1.4715106759101249,1.2768907348773184,1.174250109835063,0.6405765381335016,0.9849212697569978,1.2735648733197706,1.4474291555892091,1.2696316383434527,0.7191208183968856
2023-03-22,1.1747056657079609,1.631059431608782,1.3968286253709092,1.312156113353475,0.7377655411315052,1.082720796270598,1.4076727047740683,1.6079941412469605,1.368576081844335,0.7205564404695288
2023-03-23,1.2474260454638237,1.7405972266137228,1.4825066069549468,1.3907154706419713,0.8038414402455867,1.1591896701551043,1.4948149538083737,1.7279174015332668,1.4310394628879386,0.7265518394638552
2023-03-24,1.2705312670478304,1.7756474877608088,1.5050098742438993,1.418579072838866,0.8026356780852183,1.1871522978696383,1.522502391360623,1.7664302548816804,1.4442086690782052,0.7293120121200236
2023-03-27,1.2859017979461584,1.8064290561891747,1.529588588292817,1.4378018344699461,0.8026356780852183,1.2101357115571356,1.540921198245685,1.803497157515264,1.4275351121738964,0.7378146730667648
2023-03-28,1.2346919927466373,1.7236544066074462,1.4662337229795575,1.380184460357987,0.8026356780852183,1.1539264273305356,1.4795554901363956,1.7297773620309496,1.3806354077326737,0.728940337995773
2023-03-29,1.2777933379444728,1.7659145945483155,1.507941548246646,1.4290116762064349,0.8026356780852183,1.19364850218485,1.5312046725190074,1.784211913934353,1.4298584675992612,0.7295612306967146
2023-03-30,1.2717510655354825,1.7524626459276436,1.4991785727542317,1.4178926113948327,0.8026356780852183,1.1974572537831518,1.5239640996731967,1.766749651476619,1.416015353104883,0.7332065908160195
2023-03-31,1.3083152571647207,1.806022678945472,1.54687993640663,1.4630377260838918,0.8275602512198982,1.231471496938088,1.5677796834667657,1.8218061740733835,1.4504068846726927,0.7382721891452089
2023-04-03,1.4147757728580799,1.9499908071370193,1.6687390575982288,1.6064522554161733,0.8199505017833935,1.3418182875450102,1.6953533952930346,1.9486984941354748,1.547166062031761,0.7507961918170782
2023-04-04,1.4412249865378206,1.9874872375700268,1.6960930882279381,1.6478409746636526,0.8264731441575405,1.3682136724488687,1.72704800377802,1.9673968437667968,1.5516908569352876,0.745088163379085
2023-04-06,1.518492976362292,2.1135758360241867,1.7996362879834789,1.730675843488477,0.8569121419035598,1.4436548143835988,1.8196397426312736,2.073407173028938,1.61944288755891,0.7465994740565011
2023-04-07,1.542407255178272,2.1488875228523034,1.84524015777865,1.7471399353947283,0.9482291351416176,1.454471612388663,1.8482966892403832,2.112632362793461,1.656757110006495,0.7528693211624428
2023-04-10,1.4739117327493196,2.061286306015978,1.7649211533611684,1.660114020134668,0.9468067914389052,1.3895175352445481,1.7662171691213011,2.0577001596299356,1.569690010766609,0.7518158342407261
2023-04-11,1.4780174888585673,2.0645213321243747,1.762164178452918,1.6581185210453622,0.9468067914389052,1.3944224814279995,1.7711371767250477,2.071431932767236,1.5851827095285627,0.7505466655631321
2023-04-12,1.5390419422174049,2.1408667305377116,1.8354068244061352,1.7172891142105893,0.9468067914389052,1.4497730926261054,1.8442639690992233,2.1579563790108476,1.6775151245116755,0.7474382022541063
2023-04-13,1.448036482108605,2.018098271461281,1.738213899268406,1.5971062421227713,0.9468067914389052,1.366692395510096,1.7352103517376714,2.0544752887188804,1.5927232413108188,0.7401976334080899
2023-04-14,1.4811068121406783,2.0663892797691843,1.7765889606240102,1.639412369927321,0.9468067914389052,1.3902248876223187,1.7748391730526383,2.107072287279998,1.6152354538342462,0.7470680665161316
2023-04-17,1.4703321342771518,2.042400437391987,1.7449819786462992,1.629277963330294,0.9468067914389052,1.3689895169377844,1.7619276664736019,2.0825911503263024,1.6012418337579457,0.7490224324409985
2023-04-18,1.57073382326153,2.188780879685181,1.8413993060248781,1.7452988844073316,0.9468067914389052,1.4662464145832128,1.8822409681135894,2.2312085573538725,1.686757859347457,0.747994175054206
2023-04-19,1.5986880140647264,2.2119936641243845,1.8464257166518383,1.7759234672065267,0.9468067914389052,1.4855471369867363,1.9157390200311228,2.2172990992217714,1.7094621430526604,0.7432744059598325
2023-04-20,1.7483949858387877,2.4228801927628636,2.0314942199110684,1.9376661371495008,0.9468067914389052,1.5916520078577745,2.0951358034404564,2.4039661838595134,1.8710613828735736,0.7343253053158332
2023-04-21,1.65668125206245,2.2976877905948547,1.9149414016791153,1.8355395872933211,0.9468067914389052,1.5502724534521097,1.9852334479324836,2.304119298382954,1.7747041589707604,0.7203312207187411
2023-04-24,1.6722734053942554,2.3261541501474157,1.9121638009193178,1.852815097990413,0.9468067914389052,1.5278154183659176,2.0039178293009914,2.33521013581347,1.7627863670825543,0.7080385913427628
2023-04-25,1.6634694996786559,2.2901958964366,1.876445416616354,1.8428314996324544,0.9468067914389052,1.6156943564774386,1.9933679374148525,2.3170291278559216,1.7710323912700077,0.6951023011489601
2023-04-26,1.574554361386846,2.169926158106597,1.7963661692664468,1.746720978226684,0.9468067914389052,1.599433133930114,1.8868191934457323,2.2019588841383255,1.710196388775788,0.7058291609733562
2023-04-27,1.4958943290775095,2.0628051584971563,1.7079675986157825,1.6352957405422184,0.9209304810294422,1.435933662613711,1.7925593429394637,2.083187504827628,1.6205034143223203,0.7098948082232294
2023-04-28,1.5683610539583757,2.157010340678768,1.7494493185012705,1.7456419359594297,0.9618783839673669,1.4569306326056088,1.7898705039250546,2.15743398320239,1.6589412731448812,0.7152619302624896
2023-05-04,1.4788228092126057,2.0268614126891125,1.6404731019301628,1.6738041557847578,0.8833533512999949,1.4274708540107268,1.7898705039250546,2.0545785990658083,1.5662140650694558,0.706940798896301
2023-05-05,1.4220404386566066,1.9417799008251164,1.574022692605438,1.5730656513996772,0.847024216815221,1.386606569926767,1.7898705039250546,1.9809989309551197,1.513129103061997,0.6976987895053758
2023-05-08,1.435243822929665,1.9683410952773814,1.58665930944489,1.5685661523501102,0.8568891830865477,1.400180581695695,1.7898705039250546,2.0106495474757877,1.5187278059099267,0.6994734719132211
2023-05-09,1.4556078466044569,1.9983204297742876,1.6031522130028792,1.6275260096716344,0.8681243139612662,1.3476334523953641,1.7898705039250546,2.042386405921059,1.5189316699063138,0.6909886562472797
2023-05-10,1.385498312200835,1.9167850611672415,1.540198243153897,1.484861603869934,0.8364928038998206,1.3498720461701073,1.7898705039250546,1.9607055203815535,1.4579001550283304,0.6960327171686069
2023-05-11,1.355068636357694,1.8743478585839581,1.5109560960856958,1.368045407251598,0.8204126656241189,1.3073387644499876,1.7898705039250546,1.9050130082761432,1.4251650014575172,0.7004491164893786
2023-05-12,1.3460117070801059,1.864139404221756,1.5070270004575266,1.3659933391407206,0.8242099927823778,1.2692826702793545,1.7898705039250546,1.8914978251339738,1.4181395571561992,0.6930060960094575
2023-05-15,1.3675088981494397,1.8918457613252395,1.5311388211654517,1.3659933391407206,0.8358723092971507,1.3397983741837631,1.7898705039250546,1.9362923254289934,1.4471039018470173,0.7076361494929948
2023-05-16,1.3281167150276079,1.8376723380757052,1.4901752059561493,1.3143669873795012,0.8058934679492249,1.3377886766224876,1.7898705039250546,1.878742120738477,1.4146768856548735,0.7058706974028048
2023-05-17,1.3618859015373843,1.882608445435466,1.5274278447737957,1.312395436898432,0.8336981785229279,1.3377886766224876,1.7898705039250546,1.9210825929316537,1.4540459422510938,0.7057020902669693
2023-05-18,1.4918441211880682,2.068490588722729,1.6802322153658196,1.5841943167957808,0.9301200069313545,1.3377886766224876,1.7898705039250546,2.100172772633092,1.5872805079334307,0.7008807876783884
2023-05-19,1.4703480165238092,2.036977091668728,1.6437919126348801,1.4882567835960354,0.8925379555005085,1.3377886766224876,1.7898705039250546,2.0652736383571866,1.5574696164067918,0.7010687784812998
2023-05-22,1.423275907229137,1.972497684163746,1.584984587328102,1.4142329106461764,0.8482097874604239,1.3377886766224876,1.7898705039250546,1.9986113629859585,1.502852645330953,0.7015506010629027
2023-05-23,1.4071974451627334,1.9499023576449772,1.55759010763685,1.3680233104903374,0.842445657357348,1.3377886766224876,1.7898705039250546,1.9551387979684618,1.4821525753896696,0.6932986970791284
2023-05-24,1.4188113912196663,1.9684751483620049,1.5701141758136115,1.3757381541719882,0.8523193930119913,1.3377886766224876,1.7898705039250546,1.9554550107043858,1.4963477683224102,0.6908145109208512
2023-05-25,1.5130931963759209,2.101390337724471,1.687185131654906,1.5741267117188535,0.9065308167947035,1.3377886766224876,1.7898705039250546,2.065779300877445,1.6083510541433337,0.6904843732260493
2023-05-26,1.5889790817602256,2.2032763510458095,1.7316469497075224,1.574048831252391,0.9979898872039682,1.3035044555244604,1.7898705039250546,2.111389717038235,1.6473371986341172,0.6858950592878695
2023-05-29,1.6301595896929817,2.2658944317248366,1.7796425353180032,1.6277507475696664,0.9954241740463521,1.4145927212741427,1.8335725747061697,2.1533362172003447,1.708405671756395,0.6780720573978082
2023-05-30,1.7149450907857644,2.383536067474272,1.861253040583967,1.737535704053335,1.0622747451536667,1.4694133543115644,1.928937697556335,2.2585107464683887,1.785369925532578,0.6826136813614357
2023-05-31,1.759178117260346,2.446262318242038,1.911255459232975,1.7780272757405413,1.0606813330359364,1.4731503526359513,1.9786901664267722,2.314993830445208,1.8007979174275803,0.6748617529173195
2023-06-01,1.738325155093194,2.4277301388058787,1.8953304494945296,1.7471180787076768,1.0606813330359364,1.4625872084104872,1.95523515025975,2.314319376869121,1.7849183190223592,0.6788670954251784
2023-06-02,1.6916593108282074,2.3670642981964365,1.856850009736862,1.68995862385196,1.0606813330359364,1.414020625687485,1.9027462941006401,2.272115539508563,1.7478246950233682,0.6871279220493528
2023-06-05,1.7135984344446917,2.399772339786261,1.8896678276202523,1.6973785460803945,1.0606813330359364,1.435623777988495,1.9274230040562894,2.3209546952565088,1.7629689745068804,0.6775471600004807
2023-06-06,1.6888804896026266,2.3728204714199275,1.8765508496761651,1.6818908707161475,1.0606813330359364,1.4249406260716275,1.8996207287133913,2.287813598694679,1.766409997806815,0.6660631064511006
2023-06-07,1.699522035899647,2.387789831129044,1.8919045682104787,1.6903989068588103,1.0606813330359364,1.4249970755430401,1.9115901380681881,2.306764444575707,1.7840966137872374,0.6553211704412008
2023-06-08,1.647960994282508,2.315959508464296,1.8311517147298666,1.6389975292667505,1.0606813330359364,1.3574652594686194,1.8535952568122522,2.2415658785889896,1.725092941400858,0.6534944905772309
2023-06-09,1.742782630137601,2.4597938626228775,1.9427056811689667,1.7467021649346328,1.0606813330359364,1.4578624439833938,1.9602488336104715,2.388557492444043,1.8090351566099754,0.6593551269337907
2023-06-12,1.7865168290786242,2.525453698756618,2.001069665269349,1.8081044163176332,1.0606813330359364,1.5440307418770147,2.009440230736262,2.444335592314281,1.8542562434502936,0.6622512929367462
2023-06-13,1.8468049504340462,2.6113756547371345,2.0771840442292966,1.8637781242701137,1.0606813330359364,1.595079508340703,2.0772511656881454,2.5226986807548086,1.9330561177042251,0.6667249202269803
2023-06-14,1.9163574820943787,2.716591793478892,2.158323635299251,1.9486707851864151,1.0606813330359364,1.6351617159330987,2.1554825335616346,2.6041213123012645,2.011628358170009,0.6656105132087391
2023-06-15,1.8621142406996372,2.6499812031418033,2.111843035494485,1.9076335863233755,1.0606813330359364,1.5829481645988497,2.094470764889773,2.5671402939272876,1.9670469593456843,0.6885017009937058
2023-06-16,1.9476837707304546,2.7786645848894125,2.2160057573963883,2.017681269252986,1.0606813330359364,1.6205778249036364,2.1907177486127303,2.6925648876439983,2.050250976866142,0.6984470605899593
2023-06-19,2.0771958044595538,2.9705627734146267,2.3674657425039127,2.1732943069904773,1.0606813330359364,1.7496194115857573,2.336390426699923,2.8708345680311984,2.191840270929738,0.696945903261964
2023-06-20,2.107840079992668,3.0049173265827127,2.4093544693695153,2.2203345452807803,1.0606813330359364,1.7839187377079733,2.370858526353798,2.8910643935835627,2.236285666738007,0.6988639632707205
2023-06-21,1.9573872983333596,2.7957151392653117,2.24926457866377,2.0478670771646135,1.0606813330359364,1.6443157228393148,2.201632092339004,2.7242463697342036,2.08801578185876,0.680531629375671
2023-06-26,1.8151748521382478,2.5974412785255443,2.098230731441626,1.8973914388189856,0.9967831928038906,1.503658719921392,2.0416742312964886,2.5400718229356287,1.9575859116068173,0.6726603221565474
2023-06-27,1.8104620587976454,2.5925512251114498,2.096240672191878,1.897097152888273,0.9916502438084093,1.5005613888233713,2.038611719949544,2.5518450738255076,1.96106188031356,0.6743756228541439
2023-06-28,1.7691009607813895,2.523514987354318,2.0458525136133288,1.8462832791219401,0.9575087961698083,1.4569775563536296,2.038611719949544,2.470879985977424,1.918104925948548,0.6713810001295325
2023-06-29,1.8055027956445497,2.586731068908166,2.092642172443985,1.9384403986092915,1.0048824725798324,1.5009374955799377,2.038611719949544,2.548240549795727,1.9674034534328362,0.6707557999470185
2023-06-30,1.8769878488271114,2.697551830012213,2.174536725743732,1.994289945820696,1.0933118630772733,1.5503758302355497,2.038611719949544,2.6632494811775347,2.017985516081903,0.6815054278882977
2023-07-03,1.8783056604502901,2.694803776565203,2.1816863590981317,1.9616022038932033,1.0808998844794078,1.549980845986438,2.038611719949544,2.665703951600862,2.0187899639918436,0.6855698444291498
2023-07-04,1.9115800938256018,2.7413856242392667,2.2305335540258504,1.9777220676948608,1.0814575801494428,1.5853648012434272,2.0716680788060375,2.7163773383100076,2.0442713025311425,0.6869663914903859
2023-07-05,1.8701426220833175,2.683121080676066,2.1897060220821016,1.8887056283269654,1.0491542778714396,1.52842395269075,2.0267603672473142,2.659507127175023,2.001642056459874,0.6807097745064168
2023-07-06,1.9011381116294805,2.730888614858769,2.2210163696399277,1.9018454488769654,1.1041198237537604,1.5426517541004654,2.0603516180074357,2.6900348438507797,2.017085840821853,0.6744860789887513
2023-07-07,1.8615265154611842,2.6776335082996963,2.1937758827807086,1.8734818988498103,1.04126764194438,1.5295759528299322,2.0174226925611647,2.65615815536658,1.988406615758121,0.6674159633421015
2023-07-10,1.8444433230607271,2.6387529434544987,2.156350162001894,1.831600360431222,1.0194920828923113,1.5077142810234965,2.014396558522323,2.6271402862884794,1.973026495800374,0.6765407476988052
2023-07-11,1.9052415656300785,2.708048371296295,2.21355467172963,1.866943981568498,1.0249359726553284,1.5414331307588465,2.014396558522323,2.713448445386877,2.043491298842266,0.6820524780479974
2023-07-12,1.7880880609580816,2.5355031039759766,2.072492071934637,1.770290451662013,0.936621479806212,1.5391209810627082,1.8875095069952958,2.5600295037692167,1.9162843976759734,0.6759213933841394
2023-07-13,1.89789592405517,2.6991709204030476,2.2087180356177463,1.8496066633347643,1.0197660832196946,1.5391209810627082,1.884678242734803,2.7190718940272904,2.0139928057938112,0.6884324736112913
2023-07-14,1.9882933694428429,2.8347329133566594,2.3035804781994154,1.9474385872934923,1.0834626159070508,1.5391209810627082,1.971619107983005,2.8331239397163266,2.0910107055542144,0.6843037525241076
2023-07-17,1.9964451819501559,2.8550222476446483,2.306350730453009,1.9466816846271537,1.1417262950367713,1.5394088765309077,1.979702557614292,2.823961535816913,2.0966261235439267,0.6791806185482006
2023-07-18,1.942351620262129,2.7807293529120107,2.2416573546752296,1.9031149228428608,1.140013705594216,1.5083942372112917,1.926062636321964,2.748021378787607,2.0478934896185037,0.6770804136043809
2023-07-19,1.9193546157215122,2.7490240327128883,2.211744611063638,1.884443225661812,1.140013705594216,1.5076070676351951,1.9032584896726406,2.7121866698621715,2.019748735434281,0.6698893807964473
2023-07-20,1.773013131937613,2.5323352678451325,2.043033413328811,1.696944501359753,1.140013705594216,1.3752402065453002,1.9004036019381316,2.5148554525187774,1.8722247884649448,0.6632435520846828
2023-07-21,1.730637198534525,2.4904438354801703,2.0112544334142206,1.6862600911623027,1.1209875844248314,1.3693318118596574,1.9004036019381316,2.4537181251650027,1.825578240452296,0.6655419011808347
2023-07-24,1.7713734126210483,2.555137517575226,2.055338025039237,1.7814165481536535,1.145001610942845,1.446603855683157,1.9004036019381316,2.5171793924464225,1.8599679756219525,0.6605612217740733
2023-07-25,1.7890781806137008,2.586060064842723,2.082290514826503,1.8010873775557998,1.1637832845214446,1.462577602916573,1.9004036019381316,2.5392206638020522,1.8791359991014016,0.6747045298399248
2023-07-26,1.7366775872397235,2.5083384248469494,2.025462578522339,1.7051355515037923,1.119745938469023,1.3846596776168796,1.9004036019381316,2.4588048766984967,1.834024109776627,0.6741728635429836
2023-07-27,1.6989347591513846,2.4561425475901264,1.9837803363977877,1.6404442187628838,1.1004294161014003,1.3393133505362531,1.9004036019381316,2.408078193805972,1.8001751854334012,0.671996662317136
2023-07-28,1.6935338782130704,2.4492769164104438,1.9803252985913045,1.6379835524347395,1.104313083605982,1.3166313289563087,1.9004036019381316,2.4076032502223543,1.8047157947577943,0.6829013595950231
2023-07-31,1.6817202640530053,2.4297292442694305,1.9675438405345833,1.6379835524347395,1.0914608266489922,1.2746429841219447,1.9004036019381316,2.3982763941834513,1.789602154811551,0.6881734093624344
2023-08-01,1.7314355810155475,2.5008636128625183,2.0237289903767492,1.6379835524347395,1.1425264825239745,1.2727310196457617,1.9004036019381316,2.456596831608798,1.841711128849638,0.6842114493475552
2023-08-02,1.7334467631547577,2.4971054542147715,2.0200618574341753,1.6468162449832222,1.1357799975678413,1.2727310196457617,1.9004036019381316,2.453246437518671,1.8437615924220316,0.6826019896257386
2023-08-03,1.729283188866007,2.48087111587156,2.0076445361593764,1.5796692730895607,1.1258361059388386,1.2727310196457617,1.9004036019381316,2.458786106202216,1.8463967711934508,0.6898071755874101
2023-08-04,1.8077748834067604,2.6028877034127884,2.110797157481718,1.5772997691799264,1.1883823872650996,1.2727310196457617,1.9004036019381316,2.552242205668918,1.931997725492912,0.696388392075588
2023-08-07,1.8079849748387413,2.599912444661935,2.1071011720120376,1.6139473886456481,1.186299753192965,1.2727310196457617,1.9004036019381316,2.55211890269346,1.9153550443903744,0.6894355014631596
2023-08-08,1.773113556390479,2.545430066904471,2.065390460175162,1.5604350131679061,1.1372931442523426,1.2727310196457617,1.9004036019381316,2.5023323204122345,1.8891927994762376,0.6857846031532615
2023-08-09,1.6856639823977222,2.4205876692749113,1.9707669976422375,1.4063967830591155,1.0604009551631917,1.2727310196457617,1.9004036019381316,2.3880287838875303,1.802183890847493,0.6857298366018405
2023-08-10,1.6685336201477325,2.401502361676999,1.9601668468866806,1.4042871878845269,1.0187900886085737,1.2727310196457617,1.9004036019381316,2.3657305579115655,1.7899726891913474,0.6889835235753085
2023-08-11,1.6232379076414942,2.3438515554140293,1.9146295214628832,1.3322274176318725,1.0102013129302678,1.2727310196457617,1.9004036019381316,2.295004488040059,1.7411637851672008,0.6729012334473485
2023-08-14,1.637655950171516,2.372283879646473,1.930285488775525,1.3302290765054248,1.0039927462314713,1.2727310196457617,1.9004036019381316,2.303525085960697,1.759089358267477,0.6660268005349895
2023-08-15,1.625341921141859,2.3576815888320977,1.915346817374539,1.3349064665290826,1.002486757112124,1.2727310196457617,1.9004036019381316,2.279805398577127,1.7445102744645922,0.6610981185843525
2023-08-16,1.5773216250080966,2.288276832894635,1.85628452882406,1.2553451004969618,1.002486757112124,1.2727310196457617,1.9004036019381316,2.2208960273506273,1.6825379707762056,0.6562660472918405
2023-08-17,1.592701527012762,2.313936087118944,1.8744695599244356,1.2534620828462164,1.002486757112124,1.2727310196457617,1.9004036019381316,2.2440242766180063,1.6969952695495225,0.6606018351717564
2023-08-18,1.519460954444348,2.2001626809817263,1.7861828301901483,1.2534620828462164,1.002486757112124,1.2727310196457617,1.9004036019381316,2.1552105820654566,1.6214087464014229,0.6519450279201727
2023-08-21,1.5279307237096995,2.2126950683501168,1.796626502005696,1.2534620828462164,1.002486757112124,1.2727310196457617,1.9004036019381316,2.1697545097264284,1.6280080880536842,0.6414975390434746
2023-08-22,1.6120196051471136,2.339645094175518,1.9006807339564429,1.2534620828462164,1.002486757112124,1.2727310196457617,1.9004036019381316,2.2836230664056796,1.7111134796925105,0.6421042785906782
2023-08-23,1.5380271838731239,2.2303722065514826,1.815647736233273,1.1828735977733398,1.002486757112124,1.2727310196457617,1.9004036019381316,2.184877618459686,1.6424882459985468,0.6273465390462437
2023-08-24,1.566737094878138,2.2725469569748693,1.8450181598253987,1.18109928737668,1.002486757112124,1.2727310196457617,1.9004036019381316,2.217025147145351,1.6639699007668773,0.6352221537469398
2023-08-25,1.4596280811287747,2.107303376009563,1.7135750273430754,1.18109928737668,1.002486757112124,1.2727310196457617,1.9004036019381316,2.0758963329477536,1.5598026437498176,0.6277843637803566
2023-08-28,1.4940673830759774,2.1572170324766193,1.7501098521005578,1.18109928737668,1.002486757112124,1.2727310196457617,1.9004036019381316,2.1186669908474167,1.588053366580008,0.6338286834582555
2023-08-29,1.5438573201280092,2.2268608266330108,1.803333757041395,1.18109928737668,1.002486757112124,1.2727310196457617,1.9004036019381316,2.1906759354778416,1.6371451727161195,0.6517201158466402
2023-08-30,1.582189214055298,2.2736038880459817,1.8401425613380418,1.18109928737668,1.002486757112124,1.2727310196457617,1.9004036019381316,2.2359104891149997,1.6736947071694221,0.651391208860859
2023-08-31,1.5883381365506397,2.273465720137953,1.834622743222819,1.18109928737668,1.002486757112124,1.2727310196457617,1.9004036019381316,2.246408338142313,1.6768723982449152,0.6469145047980731
2023-09-01,1.5568295896432394,2.223843300426023,1.7901869251979914,1.18109928737668,1.002486757112124,1.2727310196457617,1.9004036019381316,2.2136564597117117,1.642363749613694,0.6462016165978343
2023-09-04,1.5779518602522862,2.2506027119537566,1.8049231410855364,1.18109928737668,1.002486757112124,1.2727310196457617,1.9004036019381316,2.2468356328893706,1.660122739659977,0.6516708874858125
2023-09-05,1.5338666542554502,2.192039397969482,1.7609891609154682,1.18109928737668,1.002486757112124,1.2727310196457617,1.9004036019381316,2.1854836270469824,1.6210346633933193,0.6496072961353586
2023-09-06,1.5518113549554216,2.2135469544494026,1.784192155139277,1.18109928737668,1.002486757112124,1.2727310196457617,1.9004036019381316,2.2029972778766167,1.6461248373164117,0.6465523686687331
2023-09-07,1.49144182706717,2.126101449003882,1.7094605797665168,1.18109928737668,1.002486757112124,1.2727310196457617,1.9004036019381316,2.1292901020078294,1.583870607868537,0.6328859603484016
2023-09-08,1.4776422301617869,2.1074619591639867,1.6990102883636806,1.18109928737668,1.002486757112124,1.2727310196457617,1.9004036019381316,2.1079430827092405,1.5689599075513203,0.6306660689523191
2023-09-11,1.52200778216498,2.1729094546139227,1.746182688570924,1.18109928737668,1.002486757112124,1.2727310196457617,1.9004036019381316,2.166475407150296,1.6140615457110221,0.6347963284257788
2023-09-12,1.5396531983444237,2.205656181955256,1.7547967242832976,1.18109928737668,1.002486757112124,1.2727310196457617,1.9004036019381316,2.1718287220744332,1.6213916575177716,0.6310580497754114
2023-09-13,1.4840513296993239,2.1238599914614897,1.7012067063359775,1.18109928737668,1.002486757112124,1.1603562349902494,1.9004036019381316,2.106176619639993,1.575756162997491,0.6238860929572987
2023-09-14,1.4598464099276274,2.091847861284459,1.678294549631553,1.18109928737668,1.002486757112124,1.1318957856905396,1.9004036019381316,2.0782650359533172,1.5526970189136549,0.619010639171807
2023-09-15,1.4289265155452202,2.04651856913909,1.6469565223520177,1.18109928737668,1.002486757112124,1.0903909637951297,1.9004036019381316,2.0350385304656933,1.523658075386576,0.6161938539006864
2023-09-18,1.4092269299793854,2.0153842593117983,1.6203864831851469,1.18109928737668,1.002486757112124,1.0844617035243567,1.9004036019381316,2.0151959767311274,1.5023303539261026,0.621651740730223
2023-09-19,1.4104383718981657,2.020349448596521,1.628120674460927,1.18109928737668,1.002486757112124,1.0814970733889702,1.9004036019381316,2.012784103855898,1.4987014659948819,0.6161744702336104
2023-09-20,1.4046593819732165,2.013741706538688,1.6209604758885647,1.18109928737668,1.002486757112124,1.0832758514702021,1.9004036019381316,2.010019933975487,1.4851452323397774,0.6114457784988367
2023-09-21,1.4067995917242107,2.0174127612907,1.6227330699483233,1.18109928737668,1.002486757112124,1.0726031829828109,1.9004036019381316,2.011712197747742,1.489479231988769,0.6053879210217102
2023-09-22,1.5394705504411381,2.2142742026876308,1.7797397129593784,1.18109928737668,1.002486757112124,1.1988964267502729,1.9004036019381316,2.1773503007993193,1.6247353292186164,0.6194601556416166
2023-09-25,1.5109176706987217,2.1758024407242305,1.742298762100259,1.18109928737668,1.002486757112124,1.2112106527282023,1.8623058165923243,2.1284795431301538,1.5884573607672863,0.6169713543245119
2023-09-26,1.531026352039578,2.2040103522160814,1.7671671869412333,1.18109928737668,1.002486757112124,1.2134003016919428,1.859512357867436,2.1599952899171053,1.6066979779282393,0.6122248173089382
2023-09-27,1.5310684913696972,2.2020327651206175,1.7730609459410314,1.18109928737668,1.002486757112124,1.225224474867806,1.8567742697724374,2.1616612662888106,1.6131157137594792,0.6172694935847757
2023-09-28,1.5372824251780208,2.2118571733937817,1.7804184683475006,1.18109928737668,1.002486757112124,1.2469232071126706,1.8539891083677789,2.1704012590999473,1.618379569745421,0.6165569130617921
2023-10-09,1.5273421321655751,2.1997151579307497,1.7692432696087828,1.18109928737668,1.002486757112124,1.2055869438200355,1.8539891083677789,2.1598053805654303,1.6111171567487208,0.6149259159321132
2023-10-10,1.5195041962358153,2.184051160798838,1.7637062301142366,1.18109928737668,1.002486757112124,1.1915132645102153,1.8539891083677789,2.1578314507741188,1.607052730928427,0.6116433072966588
2023-10-11,1.5411676587172776,2.214005619686399,1.781615623151398,1.18109928737668,1.002486757112124,1.1925195421032855,1.8539891083677789,2.1863650843412406,1.6256931685376312,0.6165550669982611
2023-10-12,1.5204135973410238,2.1815542429328874,1.7510882421457208,1.18109928737668,1.002486757112124,1.1671119139915174,1.826241468074244,2.1616806397160335,1.6008078885071049,0.6212317612769103
2023-10-13,1.4781874091665808,2.1208823492220623,1.7061622010939144,1.18109928737668,1.002486757112124,1.1371780676002383,1.7755215744757278,2.098983024648041,1.558978328233894,0.6143087153582337
2023-10-16,1.4435057517791077,2.0724923670979774,1.6676319225186005,1.18109928737668,1.002486757112124,1.1308350356075751,1.7728582921140144,2.0441850481464923,1.5291405790017882,0.6020391617763935
2023-10-17,1.443232353673082,2.069680167550231,1.6704830167774458,1.18109928737668,1.002486757112124,1.1401554448550528,1.7728582921140144,2.04215656904098,1.5356267937376125,0.6036276994448584
2023-10-18,1.4189119154456575,2.0208903116865344,1.6360154770191446,1.18109928737668,1.002486757112124,1.0829845013645598,1.7728582921140144,2.004335035758126,1.5214626095917012,0.5964123601337662
2023-10-19,1.4317534791364206,2.0289823758234062,1.6397655607501687,1.18109928737668,1.002486757112124,1.081360024612513,1.7728582921140144,1.9974131883562303,1.5245856320059317,0.5888025785815406
2023-10-20,1.4006418642885743,1.9803808845951332,1.6031522022862763,1.18109928737668,1.002486757112124,1.0483121613340318,1.7728582921140144,1.9595074626032318,1.4996511768453649,0.5836471384938402
2023-10-23,1.3338666455678212,1.8775983566519374,1.5212986535288757,1.18109928737668,1.002486757112124,0.941655751767975,1.7728582921140144,1.878866431926621,1.436013062506207,0.5737900822698216
2023-10-24,1.3271268909827723,1.8730423009608075,1.5152141556115435,1.18109928737668,1.002486757112124,0.9266591031308984,1.7728582921140144,1.8610732498357823,1.4199339763301968,0.5786836890133686
2023-10-25,1.3107354986740263,1.8363211470072611,1.4742667248310348,1.18109928737668,1.002486757112124,0.9753018561067321,1.7728582921140144,1.83795913287383,1.3981070522808798,0.5734476374848126
2023-10-26,1.3167207582307638,1.847898503723813,1.4838708181718845,1.18109928737668,1.002486757112124,0.9619303402196251,1.7728582921140144,1.8558737723692165,1.4014956420568132,0.5771588405367248
2023-10-27,1.3159635521557076,1.848600152069521,1.4834973930910273,1.18109928737668,1.002486757112124,0.9474610861467923,1.7728582921140144,1.8680148191598855,1.3999763351046666,0.5937891038561502
2023-10-30,1.35398721296457,1.8972861356232553,1.520262032439543,1.18109928737668,1.002486757112124,0.976705281554815,1.7728582921140144,1.9293675415564424,1.4386565837982044,0.6084890000766121
2023-10-31,1.3340483858181107,1.869105366791196,1.4970154041858883,1.1635872336844935,1.002486757112124,0.9591653920584197,1.7728582921140144,1.9005772951608713,1.4143301094906946,0.6055783732426634
2023-11-01,1.3254903623545649,1.85664763511453,1.4730374732374507,1.2171747336247232,1.002486757112124,0.9767008729599679,1.7728582921140144,1.88732036147159,1.3992463985430674,0.6027788178978325
2023-11-02,1.3127195414518114,1.8387592255862637,1.468314147722799,1.2092218184392474,1.002486757112124,0.9654282641656584,1.7728582921140144,1.8814916441724836,1.3889539532293262,0.5968031102478375
2023-11-03,1.352667092645866,1.8947147636720383,1.5146096385558274,1.2522054314655093,1.002486757112124,0.9932146243828722,1.7728582921140144,1.9361905842806222,1.4331923230159807,0.605574373438346
2023-11-06,1.4023298576588012,1.9642786457139432,1.5714860180375512,1.2500035320487801,1.002486757112124,0.9929579607611176,1.7728582921140144,1.9966622101394051,1.4846552223521157,0.6253032543946315
2023-11-07,1.4704585038494042,2.0597081512206015,1.6557032408971555,1.2754806822068836,1.002486757112124,1.0049091021344096,1.8563288368760642,2.0933448914269794,1.5529111837360094,0.6223590907398688
2023-11-08,1.4798644061898065,2.0728832348216657,1.6676167279380558,1.2802828868436202,1.002486757112124,1.0074314344164472,1.8682029888535736,2.0992233613880567,1.5592274796920242,0.6224710852607522
2023-11-09,1.4901609498162531,2.0873058620371037,1.6856898179699484,1.2371486484046135,1.002486757112124,1.0030290216123103,1.8812014997288473,2.110619370976217,1.5669221825168897,0.6210111566849502
2023-11-10,1.4848674182211365,2.0798910794052494,1.6891294311835128,1.2342259515668847,1.002486757112124,0.987517594509829,1.874518866167135,2.101012001659323,1.561316304920192,0.6169652007794083
2023-11-13,1.5175134450420846,2.125619188952066,1.731166814639144,1.2576030252884327,1.002486757112124,1.006944511840583,1.9157316993334643,2.1495063849063842,1.6002554393456336,0.6181894485777468
2023-11-14,1.546423439753047,2.1661141445064267,1.7620336908779854,1.2962943719462796,1.002486757112124,1.012201077122283,1.9522281096132543,2.1688039486693413,1.625327871425601,0.6168353609777248
2023-11-15,1.5377876329712021,2.1540177530922056,1.7554453502061338,1.295369562046104,1.002486757112124,1.0024938487942774,1.9413261378018347,2.1605270196073465,1.6190749019328818,0.6200816636970687
2023-11-16,1.5053008836187192,2.108512747495106,1.7183116741606865,1.2794501766851396,1.002486757112124,0.9850882821741516,1.9003143788970387,2.111426510339861,1.5888962341121058,0.6086219166508473
2023-11-17,1.5513387071126834,2.1729990829250005,1.778770096534081,1.2818763464868768,1.002486757112124,1.0285658390837502,1.9584332167392036,2.177727525997756,1.6350334547222891,0.6112088670123528
2023-11-20,1.554808505115743,2.1778593161184445,1.771964041197266,1.280896774015916,1.002486757112124,1.0296319024272729,1.9628135417020316,2.171587085411006,1.6352198863596126,0.6131915392446958
2023-11-21,1.5331974772794783,2.147588206750799,1.7550489183637463,1.2810854087984593,1.002486757112124,1.0173891926083352,1.935531456514337,2.153889690520874,1.6183855042029338,0.6105150548019347
2023-11-22,1.4896586850387534,2.0866023271508225,1.7025862723808673,1.2715353644973657,1.002486757112124,0.9880329486970881,1.8805674331518043,2.0999220689252196,1.5757451188591591,0.5999731090078982
2023-11-23,1.5067774113280308,2.110580956934822,1.7203646133174584,1.275521053690338,1.002486757112124,1.0012067785157082,1.9021783695897823,2.124467539840473,1.5926169074932612,0.6034630921133401
2023-11-24,1.4479467253814937,2.0281753378243415,1.6609400254243347,1.2161575183103919,1.002486757112124,0.9697305642010179,1.82790963060132,2.049505957632564,1.5352151660387467,0.5962600598924549
2023-11-27,1.4677296258656336,2.055885743303517,1.682316433566883,1.2251278699129502,1.002486757112124,1.0042671396892846,1.8251677661554182,2.0827308117840326,1.5559424267849382,0.5926482365939639
2023-11-28,1.4697988134184172,2.058784106268344,1.6722384694065764,1.244265420446242,1.002486757112124,0.9979745434264232,1.8251677661554182,2.0891300737107836,1.5501420252221931,0.596408668006704
2023-11-29,1.4645961308275097,2.0514965781180066,1.6667032384493479,1.2329215012268504,1.002486757112124,0.9935631578003407,1.8251677661554182,2.0824537876311138,1.5458558570473109,0.5900951307305277
2023-11-30,1.4810993291481898,2.074613022419787,1.6944200530266107,1.2717976889578972,1.002486757112124,1.0395169508723723,1.8251677661554182,2.1043327280486284,1.5647641074643726,0.5915375217027847
2023-12-01,1.522274456518939,2.132288057282086,1.7423206536289881,1.3038703813480952,1.002486757112124,1.1223103363400833,1.8251677661554182,2.156420322850949,1.6065598369567922,0.5926737738061434
2023-12-04,1.5285321069685835,2.1410533054035947,1.7389662091880598,1.2988700458054006,1.002486757112124,1.120626870835573,1.829932775814206,2.155123945812683,1.614795812564578,0.5873303429155315
2023-12-05,1.4902284971816906,2.087400477328062,1.6950134063683862,1.2672840227158015,1.002486757112124,1.120626870835573,1.784076342271542,2.0926588357221507,1.5818973860122243,0.5756936814475849
2023-12-06,1.5041394320228254,2.1068858730793716,1.7062514138093416,1.297006270181565,1.002486757112124,1.125397902437693,1.7814002277581347,2.111884826677219,1.600234269380344,0.5790307489572052
2023-12-07,1.5181203437974453,2.1264692872786135,1.719044309673677,1.3162768663769835,1.002486757112124,1.1089178578073056,1.7814002277581347,2.132722673314506,1.6017891346857023,0.5775754355402308
2023-12-08,1.6354038529566535,2.290751243679688,1.8347381163758936,1.4331425372108557,1.002486757112124,1.2705919764895284,1.7814002277581347,2.275563731799323,1.7214175076524956,0.5821801333411691
2023-12-11,1.6595283258615803,2.3245429986704615,1.8770393986153033,1.4476741173849934,1.002486757112124,1.2947458255129702,1.805006249147522,2.3054991141041463,1.7618902406550359,0.5894287017958201
2023-12-12,1.624703020208972,2.2757623185399787,1.8411421925533493,1.4103774833737397,1.002486757112124,1.270056587604756,1.767128080181171,2.2742496414726516,1.7281859122690013,0.585777803485922
2023-12-13,1.5962014280980195,2.2358394227629037,1.8161376919692578,1.381973450181071,1.002486757112124,1.245251586031639,1.7361279754711691,2.237455767800243,1.6981012472715369,0.5760767396302767
2023-12-14,1.5937044496228012,2.2323418423107073,1.8273015225778069,1.377651508519666,1.002486757112124,1.2361772076724094,1.7334121063404535,2.23633603566266,1.7004616486578612,0.5724375330560753
2023-12-15,1.5613871954009648,2.187074252799319,1.7911977910673782,1.3411127785292922,1.002486757112124,1.2020591998853822,1.6982618501401447,2.1925820135994805,1.669821706991252,0.5687417138669217
2023-12-18,1.5614952939780158,2.1872256691906724,1.7865791963015694,1.3509490385600742,1.005569635826714,1.2156831373921193,1.6983794248775328,2.198685745429428,1.6648886999765966,0.5599710660309235
2023-12-19,1.5704519012809177,2.199771413950402,1.795914865533952,1.3564995980531234,1.028884779023607,1.221109178962898,1.7081211881851912,2.2111042416040134,1.673135074889605,0.5623331043188965
2023-12-20,1.5186833182393495,2.1272578597163148,1.7410615670694751,1.3119952815345588,0.9876669365862426,1.1771171384735806,1.6518144566619253,2.14554678043329,1.6157316424798043,0.5547054774858707
2023-12-21,1.5543202155253442,2.177175356627667,1.7802259227816952,1.3488304317116626,1.010773908861735,1.213866788295037,1.6493367349769326,2.196921834301221,1.6574993178531179,0.563854260668478
2023-12-22,1.5289848694026609,2.141687501114384,1.751330155500531,1.317587730618203,1.0163945237395575,1.1866102884105556,1.6199786189711203,2.1559420084140615,1.635465532360045,0.5617700549419274
2023-12-25,1.517468828118786,2.1255566929072187,1.7339333855140884,1.3177488600854417,0.9409325647317562,1.1811115587959529,1.6175486510426638,2.150981833047065,1.6188643726067313,0.5635321225823106
2023-12-26,1.4816498002999008,2.0753840811849424,1.6933202092187132,1.2947499231378679,0.9151193704780531,1.144697000293961,1.6175486510426638,2.103535214992998,1.5772531440627815,0.556434315982695
2023-12-27,1.4861618139999926,2.081704172076436,1.7091130304301456,1.2712195312002934,0.9056376650203495,1.14297995479352,1.6175486510426638,2.113696019665923,1.5891295842327027,0.5568441420865873
2023-12-28,1.524707708306885,2.1356963741631705,1.7482083392473933,1.291790061001337,0.9172546160099294,1.14297995479352,1.6175486510426638,2.17565127370389,1.633785118542426,0.5782781703910487
2023-12-29,1.5502255497344912,2.1714398554327228,1.7785308100509112,1.2855555529849214,0.9316633520241896,1.14297995479352,1.6175486510426638,2.2103113154139398,1.658129271892488,0.5819302994099673
2024-01-02,1.5245073327935426,2.1354157031499756,1.746403209681719,1.2676731135255854,0.9214780933619116,1.14297995479352,1.6175486510426638,2.169252602527833,1.6285937544842868,0.57102498677757
2024-01-03,1.4856840168624663,2.081034909627876,1.7028400448680947,1.2391912415830983,0.9067205327777826,1.14297995479352,1.6175486510426638,2.12260597606595,1.59161514730623,0.5645053057404269
2024-01-04,1.4790067177348565,2.0716818490652877,1.693544685116472,1.2373324547207238,0.912084672061945,1.14297995479352,1.6175486510426638,2.116190608326525,1.581446729338525,0.5543608789600755
2024-01-05,1.4298914866092223,2.0028849114885214,1.6397851781878536,1.1827426044459473,0.8696217892769611,1.14297995479352,1.6175486510426638,2.044474747788526,1.5353718102884,0.546304657710592
2024-01-08,1.391757643003109,1.9494698791654281,1.5978566356360846,1.1809684905392783,0.8487096415263923,1.14297995479352,1.6175486510426638,1.9843393174439883,1.4950210658172358,0.5367155883758302
2024-01-09,1.4173337518685782,1.9852949770983568,1.6308753525935324,1.1809684905392783,0.8705903627897805,1.14297995479352,1.6175486510426638,2.02809295975142,1.5205221133160967,0.5386736464277594
2024-01-10,1.391319999374184,1.948856860744666,1.603729910052338,1.1809684905392783,0.8498016662673974,1.14297995479352,1.6175486510426638,1.9909407442918758,1.4957803552284876,0.5363423758653039
2024-01-11,1.4253751460038602,1.9965587597921624,1.6399242215998304,1.1809684905392783,0.878401338363541,1.14297995479352,1.6175486510426638,2.036137543328823,1.5341122924659198,0.5468261706581123
2024-01-12,1.3850209705125418,1.9400336528424136,1.5938582589641526,1.1809684905392783,0.8432053196210217,1.14297995479352,1.6175486510426638,1.980405153566384,1.4913282085547737,0.5418688747227444
2024-01-15,1.3891818163495289,1.9458618540898336,1.6066301296764423,1.1809684905392783,0.8947205690611939,1.14297995479352,1.6175486510426638,1.9777163888970877,1.489306273160783,0.537084185727529
2024-01-16,1.395067526818503,1.954106116540583,1.6191922704124428,1.1809684905392783,0.9041729275340831,1.14297995479352,1.6175486510426638,1.989461944236878,1.495927152999638,0.539121316834038
2024-01-17,1.38077044376593,1.934079833292893,1.6049655913700898,1.1913302757199689,0.9125523883291081,1.14297995479352,1.6175486510426638,1.961787741245722,1.4785324112252505,0.5229344164393187
2024-01-18,1.4638616996594906,2.050467841938563,1.7109307608730984,1.3013768859347794,0.9968474818273053,1.14297995479352,1.6175486510426638,2.0765133982226405,1.5636210503310228,0.5330071544192144
2024-01-19,1.4694478949121237,2.058292565904617,1.7218870889680513,1.2989935522549723,0.9953522106045644,1.1075701875128785,1.6175486510426638,2.091947784219771,1.5657458083039373,0.5278006399071552
2024-01-22,1.45712272381242,2.041028389246254,1.715427624952935,1.3115517674644368,0.9953522106045644,1.1078254091584423,1.6175486510426638,2.0774028500157167,1.5570310938487304,0.5128610631049126
2024-01-23,1.5039033462640876,2.106555181828727,1.7657189365423818,1.3580074869280279,0.9953522106045644,1.150890987783794,1.6670533915963204,2.1349539356705582,1.6027552060478047,0.5192404433136962
2024-01-24,1.4950430026344659,2.0941442760134503,1.7468906952965966,1.3415104396035897,0.9953522106045644,1.133308741411045,1.6572318389445744,2.1207104714894522,1.586683869090026,0.5218784680995606
2024-01-25,1.5374041700876624,2.1534806270020432,1.7856300497806288,1.3827773806082428,0.9953522106045644,1.1638672517049493,1.704188532039418,2.1741279355095413,1.6200500853197686,0.5294457901905721
2024-01-26,1.4754991760059033,2.066768747287197,1.7120649327658022,1.3161908952923527,0.9953522106045644,1.0971975542672177,1.6355678120994646,2.0915641184693943,1.5615692853508307,0.5176602129311212
2024-01-29,1.3785744722852478,1.93100388089657,1.5957676044683917,1.1662543693883645,0.9953522106045644,0.9698690782528411,1.5281282904916618,1.954926235825849,1.465786390682762,0.49961001907906655
2024-01-30,1.3298312033992201,1.862727960169214,1.5374257773560558,1.164504987834282,0.9953522106045644,0.957520099454828,1.5258360980559245,1.8879458008381051,1.4101562925567543,0.487290314104633
2024-01-31,1.296806119493538,1.8164688958452582,1.5057618066780352,1.164504987834282,0.9953522106045644,0.9553661580877354,1.5258360980559245,1.8445211987385604,1.3712062198334702,0.4840907783280756
2024-02-01,1.37120400554192,1.920679883048422,1.594858705231966,1.164504987834282,0.9953522106045644,1.0438265120676042,1.5258360980559245,1.9256966043719612,1.443962048320789,0.4889105425303808
2024-02-02,1.3400255078652197,1.8770073784252728,1.5663200702167832,1.1604606454636428,0.9953522106045644,1.0481550770942185,1.5258360980559245,1.8925529854112988,1.4169280012900978,0.4770148168135774
2024-02-05,1.3466870715991504,1.8863383980268011,1.5799020190312085,1.19953507602325,0.9953522106045644,1.096126363632218,1.5258360980559245,1.9067419352099293,1.4215305977324035,0.4807795557078899
2024-02-06,1.4706164684377074,2.0599294161861077,1.7219771580523224,1.3390314536024603,0.9953522106045644,1.2213537761205249,1.5258360980559245,2.0727000052950153,1.5416992016730613,0.5130349007540861
2024-02-07,1.4821274887663471,2.0760531914151934,1.7320188554993672,1.3371189816224553,0.9953522106045644,1.1987812198430343,1.5354905872492015,2.092462109141513,1.5516883106435064,0.5252112281276085
2024-02-08,1.5360272595349895,2.1515519538151313,1.7931843559576328,1.3695204626726005,0.9953522106045644,1.2243819281997026,1.5913309864708822,2.183353364574782,1.602064125878261,0.5313152371930111
2024-02-19,1.733079391211229,2.4275678228562834,2.01619472835489,1.6197381386035754,0.9953522106045644,1.4017717384359265,1.7954778602584416,2.418856421962869,1.7809154119752046,0.5373343273359856
2024-02-20,1.7154117766654102,2.40282035150814,2.003683680179247,1.5920373211511116,0.9953522106045644,1.3780824064897486,1.7771741340001612,2.409899543425839,1.7756795701949841,0.5372586387312127
2024-02-21,1.6568125463500654,2.3207389381123833,1.931890039556707,1.5008136752302088,0.9953522106045644,1.3208715343514652,1.7164650740500256,2.327042584962736,1.7271162837750087,0.5391976207933211
2024-02-22,1.7281719567147498,2.4206938561258258,2.0010052964919973,1.535856370408712,0.9953522106045644,1.378472285597538,1.7903937365686786,2.414405604379545,1.794637251682506,0.5408563088759657
2024-02-23,1.725857386185786,2.4174517790644185,1.9929241300277996,1.5143436807997452,0.9953522106045644,1.3754426132357787,1.7879958313360413,2.410695659867583,1.7870530320451061,0.5409559963066422
2024-02-26,1.7477307929096872,2.4480904091286075,2.016199549362743,1.5158528446455464,0.9953522106045644,1.3798077999588283,1.8106567767609045,2.4415322531438,1.813671081681722,0.538959170920561
2024-02-27,1.9013033817860487,2.6632033907493984,2.182815069192947,1.6438702665042493,0.9953522106045644,1.5167066153560826,1.9697586532637288,2.629157127310325,1.9685769146862717,0.5519665345603091
2024-02-28,1.7887595997309491,2.5055604891229653,2.039537440946697,1.5273211724982156,0.9953522106045644,1.4468656942480758,1.8531628008091807,2.4851979514342384,1.85821089210027,0.5381182889821696
2024-02-29,1.8803621170782077,2.6338704354142464,2.142756546000565,1.5956285030174318,0.9953522106045644,1.520201878205372,1.948063411061084,2.592710661995538,1.9606219631811226,0.5559832611266093
2024-03-01,1.9608473652809992,2.7466081436476513,2.221488523859835,1.6722838870816086,0.9953522106045644,1.599547681429506,2.031446481656899,2.7166658884000348,2.031538517360505,0.5612140821418273
2024-03-04,2.0526431833941876,2.8751888511757717,2.321508870172563,1.7535944896700832,0.9953522106045644,1.6642807323615267,2.1265473523512024,2.8305933835629573,2.115522747342961,0.5645363811431993
2024-03-05,2.037572675256815,2.854079211990223,2.3122999184712003,1.7358911529182255,0.9953522106045644,1.6546134351989024,2.110934239737483,2.8307256040570117,2.0958927990175007,0.564175783400135
2024-03-06,2.0155317948683993,2.823205997358695,2.2812349909492515,1.7247626528380728,0.9953522106045644,1.6415476763761836,2.088099790860708,2.806686662820473,2.075699229092867,0.5638431842872915
2024-03-07,1.9795483286537383,2.7728030526462213,2.2425964197117008,1.6932210160414916,0.9953522106045644,1.614892131021752,2.0508207618379073,2.7555777282743796,2.028526448819659,0.5507225954176393
2024-03-08,2.1045212392545,2.94785574673606,2.3803931298046543,1.8067494564549575,0.9953522106045644,1.7210374894628206,2.1802932460493225,2.9147154615992252,2.137288203655555,0.5560632572129546
2024-03-11,2.1208797905404553,2.9707695803040512,2.3962914064312466,1.8158957808467437,0.9953522106045644,1.7580011507023843,2.197240777021523,2.941968679386507,2.1559380861290696,0.5816361599540204
2024-03-12,2.0528402818115423,2.8754649318783247,2.321378297237285,1.7488920461442363,0.9953522106045644,1.69730537091808,2.126751547177156,2.856939428212648,2.102616613525268,0.5864442324206289
2024-03-13,2.060301589845262,2.8859161734030527,2.325055995971348,1.756906011466962,0.9953522106045644,1.7108629681375405,2.13448149506705,2.8427868573759265,2.1029031927628905,0.5830936271117809
2024-03-14,2.063826263341399,2.890853272077636,2.333705916160483,1.7619927046572712,0.9953522106045644,1.693736525045964,2.1381330722879475,2.8334625044028225,2.1135535163076917,0.5793627327155375
2024-03-15,2.1355259981017394,2.9912848910180045,2.418076454563505,1.833466721020531,0.9953522106045644,1.737558729470798,2.212414312375063,2.9296391814530964,2.180663539525969,0.5796910243468084
2024-03-18,2.2223925559509876,3.112961059915115,2.533048149949998,1.9161927700801622,0.9953522106045644,1.776012343475328,2.302408447788664,3.0316038007734143,2.266292552797901,0.592708233658722
2024-03-19,2.1606950535852736,3.026539819057285,2.4586143643161624,1.8708469826270788,0.9953522106045644,1.7061524847056613,2.2384895643880247,2.9407404768419045,2.19518509916436,0.5867214496275408
2024-03-20,2.141995949262986,3.0003475140773657,2.433251696880128,1.856587187716719,0.9953522106045644,1.6988024396752228,2.219117210191449,2.915795788955094,2.177140069490654,0.5874312610552278
2024-03-21,2.1186157462431536,2.9675982766041042,2.412311979992899,1.8263600906590338,0.9953522106045644,1.6675856184761673,2.1948952171867786,2.8930239733679715,2.1621588113345696,0.5836926747276051
2024-03-22,2.129405596033322,2.982711890150544,2.4203408366971555,1.843579048551706,0.9953522106045644,1.7097541640328464,2.206073548953924,2.9116501135941526,2.1684239300739856,0.5751026334403943
2024-03-25,2.071885442974675,2.9021419673650963,2.36479606816891,1.7847360451579155,0.9953522106045644,1.6732130338909026,2.146482417780586,2.830597968179782,2.1174137567193805,0.5641080944039963
2024-03-26,2.015365853412567,2.822973558994533,2.3015449092205795,1.7448553557859843,0.9757338223900079,1.5647337492113176,2.1432626941539152,2.751608652509207,2.054566879517324,0.5665984341073771
2024-03-27,1.9458289628726153,2.725571490265131,2.2209803951486156,1.6690170934695139,0.9463426032450161,1.5096425280682821,2.1432626941539152,2.645522875588291,1.9821131556475684,0.5506865971787838
2024-03-28,2.00297513741104,2.8056175719462795,2.28124177938202,1.6744945041126278,0.9711270273811557,1.5635213012956732,2.1432626941539152,2.7185589967464336,2.0399421568580234,0.5559411093426502
2024-03-29,1.9842528311375232,2.779392767410646,2.2636749082198913,1.6472631022086057,0.9670262789251046,1.5289621461218033,2.1432626941539152,2.6982513838716864,2.0253311446291344,0.5594197083896507
2024-04-01,2.0446288899147445,2.863963029051128,2.338218610180146,1.7797354403828183,0.9928232664971709,1.536604770917449,2.1432626941539152,2.777613994793281,2.0859049850627334,0.5760081276023723
2024-04-02,2.015814516325425,2.823602012403007,2.3083362288684186,1.73365789843808,0.9821490253403067,1.534299863761073,2.1432626941539152,2.7403389716269864,2.0620011841856756,0.5724316871882265
2024-04-03,1.9434465037780084,2.7222343199850685,2.2188185507336025,1.6443152329216941,0.952771909690218,1.534299863761073,2.1432626941539152,2.643030950549708,1.9878163850326123,0.5662529125498165
2024-04-08,1.9543321919490817,2.737482176758252,2.231884437918266,1.7119172729750038,0.9551499845005375,1.534299863761073,2.1432626941539152,2.6525833587769263,1.992441311673372,0.5559875686081817
2024-04-09,1.9485598954088064,2.7293967760453834,2.2260565806707993,1.6700588638374745,0.9506112637909002,1.534299863761073,2.1432626941539152,2.6519652715887254,1.9881582219213991,0.5623044903341649
2024-04-10,1.88371894130966,2.6385724234089007,2.153004919108064,1.5689265030745394,0.9188129202649059,1.534299863761073,2.1432626941539152,2.5769903746291316,1.9221397100923405,0.5507241338039152
2024-04-11,1.9106720712720164,2.676326349370799,2.1909117070122592,1.5665731133199277,0.9233155210641065,1.534299863761073,2.1432626941539152,2.6115715485119457,1.9656851315608068,0.5483070212872659
2024-04-12,1.99187246164406,2.790065775198705,2.2906972650064463,1.5665731133199277,0.9549729429971296,1.534299863761073,2.1432626941539152,2.7055802798309396,2.0462926801632633,0.5423971565698782
2024-04-15,2.016055961566083,2.8239402108145604,2.3040741753580587,1.5617744810190255,0.9689741861260645,1.534299863761073,2.1432626941539152,2.7440367438721696,2.064448424292254,0.552440049856022
2024-04-16,1.9670158345846551,2.755248473498534,2.2433137106998897,1.5341096863332897,0.9391444643299975,1.534299863761073,2.1432626941539152,2.681853136697277,2.0169793458328593,0.5415735045577766
2024-04-17,2.060366355531605,2.8860068923262543,2.3423957832558595,1.589045516258637,0.9932464486415397,1.534299863761073,2.1432626941539152,2.8061534603716205,2.1073921047927833,0.5529917151745495
2024-04-18,2.0487297926335204,2.869707266467631,2.3280064146786565,1.5744412129248635,0.9937610724747437,1.534299863761073,2.1279430542354856,2.7851470291036424,2.089434977388689,0.5499697091742277
2024-04-19,1.9815764867017378,2.7756439445534014,2.2549779953238276,1.5331587504827369,0.9671835916135788,1.534299863761073,2.0581932944378307,2.7032242957962067,2.0267784813592087,0.5402815677632998
2024-04-22,1.907867038198725,2.6723972691074827,2.1763134610283466,1.4687016875598482,0.927119339690042,1.534299863761073,2.055106004496174,2.605216845433588,1.966252918364834,0.5385776511241447
2024-04-23,1.9266836908716076,2.698754227013853,2.201402631419385,1.5123581757910753,0.9570942246209816,1.534299863761073,2.055106004496174,2.624858244861976,1.984184733459078,0.5394077643586049
2024-04-24,2.0570293575268894,2.8813326754252495,2.323060114982791,1.6601455035428496,1.0262943470301542,1.534299863761073,2.055106004496174,2.785338609092275,2.0636366023663553,0.5431765030572347
2024-04-25,2.039739764785517,2.8571147087111504,2.3049607749235435,1.6435988771010777,1.017363900206304,1.5124148210853088,2.0347499187743114,2.779079189705437,2.0526172726561684,0.5429663594919507
2024-04-26,2.1771897270378826,3.0496443223622918,2.4691635910620318,1.7583995269182844,1.101525902052818,1.5888142600393054,2.171863635120348,2.9693486808826246,2.1847155402665672,0.561123625028806
2024-04-29,2.2178562828674417,3.1066069882960385,2.5176921483839503,1.7886585850908878,1.1469714307527443,1.6102833989704117,2.2124307077438146,3.010196151403001,2.226245406705998,0.5807626642265805
2024-04-30,2.2007713596335656,3.082675707300572,2.502965679777015,1.7745975856262348,1.134735464107778,1.59151566868397,2.1953875796141578,2.9928236135454176,2.211467377655825,0.5717852572751053
2024-05-06,2.174187432346142,3.045438932796549,2.4737078057185395,1.7483964141730122,1.1330333609116163,1.5835161791634673,2.1688686849871877,2.9804312293270026,2.184696790917058,0.5831123954243466
2024-05-07,2.133182237349218,2.9880019264774615,2.4212076479105265,1.7230558730449488,1.1330333609116163,1.5690079031878306,2.127963801614436,2.9303288692811096,2.136350834034104,0.5822912048302864
2024-05-08,2.122222625367226,2.9726505227660134,2.398283056775739,1.706204366888771,1.1355723684322336,1.5680240266240955,2.117031000295783,2.897317005412358,2.1164883416454146,0.5738513100436006
2024-05-09,2.1409197868357617,2.9988401063418957,2.4214627870111953,1.7023433027479826,1.103051072670934,1.5650037153785632,2.1356824226174993,2.9042408133864175,2.1341052617291396,0.5845895539264383
2024-05-10,2.0890979064354998,2.9262518971591294,2.3757342136123003,1.6679371176594808,1.1013964960619276,1.5290109310275966,2.0839873148613135,2.8472828668187717,2.0958363778183196,0.5778686519644112
2024-05-13,2.0806833644168425,2.9144654368549143,2.3718323466266855,1.6745168943097595,1.1013964960619276,1.5203064984391848,2.0755933574631324,2.855738581226134,2.088337332901334,0.5723923044995641
2024-05-14,2.0559448648055736,2.8798135992376612,2.3439354897965337,1.6373543647170716,1.1013964960619276,1.4982898184736697,2.0509153760148857,2.8167714629139327,2.070400135348575,0.5709252993468931
2024-05-15,2.0699606754975863,2.8994458972268466,2.3529054176550663,1.641595844906626,1.1013964960619276,1.5260974050515292,2.0478390029508633,2.816144419267161,2.0670538408391725,0.5657837047356756
2024-05-16,2.121916013090886,2.9722210432511624,2.4058157920322887,1.7109519958706585,1.1013964960619276,1.5896405114206955,2.0478390029508633,2.8768796080039114,2.1012194349768336,0.5674217784422235
2024-05-17,2.146336214692319,3.0064270328532148,2.4433440946219975,1.7101236483041675,1.1013964960619276,1.6706279032853177,2.0478390029508633,2.8921090118607573,2.136019644837951,0.5737993125874762
2024-05-20,2.181858949860538,3.056184620019459,2.48912141122001,1.7369729298198187,1.1013964960619276,1.715591682534832,2.0786598107978844,2.941134723350005,2.165392455673006,0.5771803779445864
2024-05-21,2.151499926335725,3.0136599734187826,2.452731748558765,1.7242669174962897,1.1013964960619276,1.6368393323288113,2.0497367302751357,2.909496708910363,2.131827401241767,0.5727353646390835
2024-05-22,2.1398767561753163,2.9973791071041287,2.443917068710168,1.7090100890138589,1.1013964960619276,1.6543252464814002,2.0386633212043748,2.9073610004816195,2.130610953519438,0.5777954247776798
2024-05-23,2.1103828306092134,2.9560662249378074,2.4152166341762493,1.6880997144043217,1.1013964960619276,1.6076523177282493,2.0105644206128215,2.871328688795656,2.097722457962066,0.5698388909588727
2024-05-24,2.036405105657527,2.852443767933506,2.330648615982363,1.6173321058767691,1.1013964960619276,1.605240839251657,2.0075485739819023,2.782507548249592,2.0340463482877436,0.5595301645242583
2024-05-27,2.09521912733375,2.9348260449820995,2.401413304298751,1.6817875471550932,1.1247263353709702,1.605240839251657,2.0075485739819023,2.8752103881178512,2.0929892242183086,0.5633441317793988
2024-05-28,2.0460946651724496,2.8660161772618737,2.3518366346354864,1.6438788281254224,1.0682712002492367,1.605240839251657,2.0075485739819023,2.816717163939168,2.053641801487925,0.5557435805448284
2024-05-29,2.04370608452946,2.8626704323752725,2.3489813416575522,1.6385004018960214,1.0814003014403375,1.605240839251657,2.0075485739819023,2.8094460868949573,2.050523600631083,0.5572244311739822
2024-05-30,2.037843669919483,2.854458801019206,2.3380633745873416,1.6274837184350046,1.0993434064015084,1.605240839251657,2.0075485739819023,2.7956495248119766,2.0401548976723602,0.557866553605531
2024-05-31,2.030668269079756,2.844408036880557,2.3278230529063526,1.631169949543768,1.0879648520358878,1.605240839251657,2.0075485739819023,2.7844955326534655,2.03163468407338,0.5553909824103986
2024-06-03,2.11241158813651,2.958907956550691,2.429888326341009,1.7357808223062332,1.1706781895398228,1.605240839251657,2.0075485739819023,2.890216597013736,2.1028090238976493,0.559804920313129
2024-06-04,2.1299866735843347,2.9835258200677637,2.4531609462824475,1.7512918322855127,1.1689221722555132,1.6107478788950989,2.0075485739819023,2.9042105083899754,2.116877932778113,0.5672313262212707
2024-06-05,2.09727800821164,2.9377099711285912,2.4156065522675254,1.7160208254744425,1.1689221722555132,1.595569074570002,1.9737087791214758,2.84788321678674,2.082305742636168,0.5641416312248105
2024-06-06,2.126923920091553,2.979235744341215,2.4513938161362194,1.7193312790689093,1.1689221722555132,1.641621903286331,1.9707482159527936,2.901172021606474,2.104512032071484,0.5601104438275171
2024-06-07,2.0692519003972634,2.8984530981456795,2.3855155707874696,1.6524953499607569,1.1689221722555132,1.5809630807259911,1.9707482159527936,2.8086724234491047,2.0475036781520393,0.5479947288732641
2024-06-11,2.1026584356342606,2.9452464709280832,2.421045303089191,1.6820065051216726,1.1689221722555132,1.5953144995013697,1.9707482159527936,2.841605192878276,2.079522255761207,0.5499121735275102
2024-06-12,2.098379871451918,2.9392533786382833,2.4139896185673155,1.6637020466768793,1.1689221722555132,1.5629975784624723,1.9707482159527936,2.850639545449925,2.0775528780493113,0.5474864460477161
2024-06-13,2.164353330856925,3.0316640598951756,2.4937352931907273,1.7243643082486102,1.1689221722555132,1.6329593912663234,1.9707482159527936,2.9408680994127985,2.136710279694819,0.5469858551535476
2024-06-14,2.285107720131963,3.2008077652322244,2.6374910966129703,1.845062816574267,1.1689221722555132,1.7588785602598511,2.0777447958237643,3.0955284737271618,2.2430982380017244,0.551161343183518
2024-06-17,2.3129435268112615,3.2397980786365554,2.675483939925064,1.8829314530093015,1.1689221722555132,1.7950670162152889,2.1030546321854957,3.1241369819810623,2.263292286097317,0.5557245045550078
2024-06-18,2.3521397236621544,3.294701175826505,2.719373408392753,1.9102126887436208,1.1689221722555132,1.838013630798773,2.138693956014975,3.1884452513395893,2.2968352259642195,0.5573158113187692
2024-06-19,2.3590052533605728,3.3043178956763075,2.729033770869728,1.9085019524109306,1.1689221722555132,1.8164403779013387,2.1449364707444945,3.186062810477337,2.308784704233773,0.5502795401701885
2024-06-20,2.3233093575245265,3.254317758014377,2.6931842523259055,1.892392818897586,1.1689221722555132,1.7808681562309105,2.1124798118517005,3.133154331353542,2.2734892449777258,0.5423430053729679
2024-06-21,2.3256495449934107,3.2575957173668018,2.694379587213366,1.8899281770758385,1.1689221722555132,1.7806453133575944,2.1146076381646086,3.1455659032477996,2.2755682197349407,0.5402431081064034
2024-06-24,2.261233923018271,3.167367138116987,2.622029524545827,1.852316145362482,1.1689221722555132,1.7365718648290611,2.0560374350405,3.0699329734798453,2.212729210625866,0.5327477824931027
2024-06-25,2.1685360207018682,3.037522858593068,2.512523577771532,1.7741494740864356,1.1689221722555132,1.671913039707627,1.971751437306195,2.9575078395588474,2.121319117086877,0.5230590257276645
2024-06-26,2.249335333498971,3.150700484990242,2.5944519811664724,1.828246342519052,1.1689221722555132,1.7380000426358748,1.9687938101502358,3.0692615882858734,2.1939539427571773,0.5324791802493356
2024-06-27,2.196773837175756,3.077076277211601,2.532617444915034,1.787352324889971,1.1689221722555132,1.6927554229323636,1.9198346962308406,3.0113149850531324,2.1430305442654776,0.524036208690098
2024-06-28,2.236415658907453,3.132603572362238,2.5800785407316873,1.817382421825734,1.1689221722555132,1.7227038393078613,1.9544790203275593,3.0519625024049892,2.187975452375583,0.5179531216780473
2024-07-01,2.293742275247853,3.212902403406511,2.652629318749606,1.8727547435522014,1.1689221722555132,1.754714306115884,2.0045786824799943,3.1005165876800076,2.241223945923605,0.5177260558637287
2024-07-02,2.2639658440381787,3.171193808491202,2.6200392648380797,1.8526992199625967,1.1689221722555132,1.7464875110538458,1.9785560556629533,3.068298482581066,2.20748646459549,0.5122933985691163
2024-07-03,2.2422186962001387,3.1407320324189425,2.596048749450686,1.8443898469507414,1.1689221722555132,1.7478241439635163,1.9595504902028296,3.0476304225942057,2.18308320266393,0.5107823955689553
2024-07-04,2.2301569466822877,3.1238368369850953,2.5856795067908256,1.8573217785002982,1.1689221722555132,1.6915303305967015,1.9490093207707562,3.0324588687595875,2.168370861580645,0.5068121282681863
2024-07-05,2.243835629903362,3.1429969120600854,2.6000483796564033,1.8636856475331338,1.1689221722555132,1.7552312246696762,1.9460858067896,3.0632268705185535,2.1822780746463475,0.5093886176030158
2024-07-08,2.252478113169156,3.1551026553930273,2.6166155357783323,1.8823928141060315,1.1689221722555132,1.7525983778326717,1.9460858067896,3.065663153351281,2.196511993161008,0.5011317907831587
2024-07-09,2.3934593931905845,3.3525786745186847,2.7849557676340075,2.0050401701071907,1.1689221722555132,1.7574515430128175,1.9460858067896,3.2326022330881536,2.3261723912523493,0.5083188237867748
2024-07-10,2.4293236231711606,3.4028146020439185,2.832075088493079,2.0372058686685346,1.1689221722555132,1.7664205475023653,1.9723273436562805,3.252139201904393,2.364780749739173,0.5080089927908144
2024-07-11,2.4188871391112836,3.388195956749312,2.81168505715978,2.005923609432181,1.1689221722555132,1.7992017347527436,1.9638541362636572,3.2618342629079775,2.3650111813685077,0.5184724808847814
2024-07-12,2.3948470329027014,3.354522376308652,2.786373485608287,1.9733736978748242,1.1689221722555132,1.803941449596747,1.9443363748722402,3.235593142544529,2.3564199591071535,0.5180143494518269
2024-07-15,2.3899743297474316,3.34769705863997,2.781082038205024,1.9595879137281456,1.1689221722555132,1.7954306107903586,1.9403803084268345,3.218632931810909,2.3484318124749093,0.5147462016473656
2024-07-16,2.4880944458357463,3.485136369152136,2.8927290609330476,2.0512595387283126,1.1689221722555132,1.8215572199346104,2.0200423946461625,3.2958776581134166,2.4273750064730555,0.5219240043333265
2024-07-17,2.3986957712882075,3.3599134008114118,2.782188826748665,1.9697910136094818,1.1689221722555132,1.789251617779276,1.9474611013944334,3.179804883964519,2.3450821718683525,0.5219593872176715
2024-07-18,2.3952083055025852,3.355028419911274,2.781588720024126,1.9639735539778609,1.1627051345322268,1.7800483475591418,1.9446296860723076,3.141589004724176,2.3502732643709785,0.5284999903081665
2024-07-19,2.384457807461674,3.3399699273481853,2.753674395964722,1.9798916990855535,1.1303490133272962,1.8182630467752072,1.9359015359642808,3.134272439272551,2.336327157974073,0.5308931039989121
2024-07-22,2.4082193470774316,3.3732533125671536,2.778287343320876,2.0109073435449085,1.1312711094354115,1.8221422002816148,1.9551931337837405,3.150326018282435,2.3563615541733367,0.5304091276765229
2024-07-23,2.3311536525746415,3.2653054590702077,2.688981693168835,1.9245340616941469,1.1073974703367917,1.7334562283344142,1.8926247813930037,3.041799660249289,2.2751411907864516,0.514264994420273
2024-07-24,2.351130206860481,3.2932871202922906,2.7118698584555228,1.978239968226292,1.0924162799016686,1.7606805355280837,1.8897858442209143,3.039309531576133,2.2961843556779566,0.507946841985269
2024-07-25,2.263617665900027,3.1707061066299462,2.6014655001413125,1.9107859839249615,1.026934938843382,1.741478223362272,1.8897858442209143,2.9449149275619253,2.21586790116229,0.5059610929803742
2024-07-26,2.2800498735036343,3.1937231124516656,2.6256570103268344,1.8979645244379741,1.025394536435117,1.727968105397311,1.8897858442209143,2.96185874581115,2.2376048111769014,0.5106008659884024
2024-07-29,2.303881715431967,3.2271049718852285,2.6606338777195733,1.8988383982057864,1.025394536435117,1.701185502356422,1.8897858442209143,2.9827927110752177,2.258587250278683,0.503259994357199
2024-07-30,2.2779796689131206,3.1908233248965505,2.6280015857172874,1.8908566062690633,1.0033074559243496,1.7051683591768236,1.8897858442209143,2.9443499468931216,2.2394251753608043,0.5018065270037557
2024-07-31,2.3619650796624017,3.3084637987018692,2.722703624712406,1.9765927723470114,1.0018024947404631,1.8116090903772841,1.8897858442209143,3.0528214080110088,2.322418315859219,0.5194028969044283
2024-08-01,2.3679685311491987,3.316872983952893,2.7313422220155523,1.9585657480968728,1.0205524034820965,1.7962600127933113,1.8897858442209143,3.071271725265697,2.328895402062108,0.5125819998344695
2024-08-02,2.227938174862122,3.1207289475807145,2.5598763741660666,1.8628851143405896,0.9250445564228539,1.7419506355507544,1.8897858442209143,2.915194828561754,2.1971405987146726,0.5040688778610523
2024-08-05,2.0666721426002774,2.894839566618799,2.37092794000775,1.753715876969041,0.8275381979257753,1.6397410520656073,1.8897858442209143,2.71996365085819,2.041658696353696,0.4945259601145666
2024-08-06,2.117847819698932,2.966522622610108,2.431669813404694,1.7510853031535876,0.8262968906288867,1.637281440487509,1.8897858442209143,2.7850808431568415,2.085568972671414,0.5007001195941491
2024-08-07,2.0885272739378733,2.925452597890475,2.404248451426209,1.7510853031535876,0.8262968906288867,1.637281440487509,1.8897858442209143,2.75461667284195,2.0607193270902213,0.49853930223106013
2024-08-08,2.0669629812116574,2.8952469515650465,2.3785798621015837,1.7510853031535876,0.8252194431149201,1.637281440487509,1.8897858442209143,2.7331949791122168,2.0385732571906505,0.4958246658086574
2024-08-09,2.114157546992793,2.961353564963691,2.4387830492311173,1.7510853031535876,0.8882499252450307,1.637281440487509,1.8897858442209143,2.7700032678251807,2.077080307843678,0.49094275080080707
2024-08-12,2.1306869615255875,2.9845067309720994,2.459873598440966,1.70626000666954,0.8668443637346339,1.637281440487509,1.8897858442209143,2.79328150973678,2.092275872800802,0.489943415076001
2024-08-13,2.1588913114256787,3.0240132721203326,2.4921190752515177,1.7037006166595356,0.8656042430425958,1.637281440487509,1.8897858442209143,2.8218793367784984,2.1185243371498705,0.494494577034539
2024-08-14,2.141761297437355,3.0000188313728318,2.472825794743834,1.7037006166595356,0.8691089319548774,1.637281440487509,1.8897858442209143,2.8054621710889003,2.0971971243299046,0.48746169033576514
2024-08-15,2.1542867572417372,3.0175635574493143,2.4863768919556564,1.7037006166595356,0.8660613456505768,1.637281440487509,1.8897858442209143,2.822418562941274,2.1128689213988228,0.490040641088636
2024-08-16,2.199719696711058,3.081202616636568,2.5432889174642237,1.7065117562188394,0.8763682646976463,1.637281440487509,1.8897858442209143,2.8670725868934293,2.1544080193652153,0.4896563521969233
2024-08-19,2.211987284876253,3.0983861354325914,2.5560222591629094,1.7065117562188394,0.9138616786577417,1.637281440487509,1.8897858442209143,2.8771941740521076,2.1635589394447217,0.4889874618441744
2024-08-20,2.181839444097581,3.0561572978074727,2.5238157908276415,1.6670448201528787,0.9124908861397552,1.637281440487509,1.8897858442209143,2.8468383095526377,2.131381992380766,0.482428398118369
2024-08-21,2.20099438845296,3.0829881093684035,2.548107141650324,1.735442287019897,0.9124908861397552,1.637281440487509,1.8897858442209143,2.856377762899211,2.1451054972261407,0.47951869431618577
2024-08-22,2.1712509665486506,3.0413257514160206,2.525610476387505,1.7286207118305879,0.9124908861397552,1.637281440487509,1.8897858442209143,2.8165632974307475,2.1128726422892017,0.4758631808474601
2024-08-23,2.1460838604096075,3.0060735538725187,2.4945086273336816,1.6912785347451889,0.9124908861397552,1.637281440487509,1.8897858442209143,2.801932862761197,2.0915841500416184,0.47594686906086753
2024-08-26,2.1052373996177205,2.948858890540422,2.447165932344859,1.6564658977553062,0.9124908861397552,1.637281440487509,1.8897858442209143,2.754044288433689,2.053956444589646,0.4754564315161197
2024-08-27,2.0778632431357607,2.9105152221600625,2.416716549356072,1.6329878466176746,0.9124908861397552,1.637281440487509,1.8897858442209143,2.7171446823321714,2.0255198793695253,0.4709751122945062
2024-08-28,2.0757507780147892,2.9075562392187257,2.412178151721221,1.6305383648477483,0.9124908861397552,1.637281440487509,1.8897858442209143,2.714576068598225,2.0211525409069275,0.47119233243665926
2024-08-29,2.0391372835978188,2.8562707981825555,2.363986939063248,1.6305383648477483,0.9124908861397552,1.637281440487509,1.8897858442209143,2.67006094659784,1.993549417753351,0.4742537211256434
2024-08-30,2.1215026421503564,2.97164202419455,2.460139973046367,1.7240580140866624,0.9124908861397552,1.637281440487509,1.8897858442209143,2.774333607451783,2.0682321673803905,0.48627128703549577
2024-09-02,2.047724288364165,2.868298831388193,2.374538519872539,1.6894803883507092,0.9124908861397552,1.603315417167737,1.8897858442209143,2.689372557741567,1.9968438109998468,0.4728845573401178
2024-09-03,2.05605424572722,2.8799668118412898,2.3837156787410163,1.644964097579291,0.9124908861397552,1.6059830783948785,1.8897858442209143,2.7275439494701765,2.014515423208006,0.47884457345009884
2024-09-04,2.004901482528598,2.8083158519251508,2.32142539921471,1.6243167075642135,0.9124908861397552,1.556426946532697,1.8897858442209143,2.6669095445562196,1.966260358511617,0.47832736798415093
2024-09-05,1.9850258022959069,2.780475487522375,2.2948010028636814,1.5865170681691485,0.9124908861397552,1.5338445703782688,1.8897858442209143,2.6742312604358367,1.9509018922236465,0.48142967774807327
2024-09-06,1.9453571713175017,2.724910639986663,2.2530603228175163,1.5841372925668948,0.9124908861397552,1.5250578665849923,1.8897858442209143,2.6080914994830535,1.9134465973463173,0.47322977122042337
2024-09-09,1.947409174569342,2.727784932469642,2.254433761541955,1.5863606669944785,0.9124908861397552,1.4993189939600355,1.8897858442209143,2.6037251110534596,1.9122606745429516,0.47352698744892174
2024-09-10,1.9923708740885684,2.7907639140254292,2.302423703890493,1.6385504507487383,0.9124908861397552,1.5458748019524757,1.8897858442209143,2.6698816678303317,1.9532590206112312,0.47381681942329595
2024-09-11,1.9981033753885529,2.798793572545919,2.3090567422490995,1.6448132247992497,0.9124908861397552,1.5627858164379018,1.8897858442209143,2.6813811276610955,1.9587816747103837,0.47946208170123367
2024-09-12,1.9906324926027998,2.7883289194255854,2.3014791743271585,1.5800978929439675,0.9124908861397552,1.5228023954077983,1.8897858442209143,2.678685819896142,1.948629839706333,0.4774578720610284
2024-09-13,2.0473944554856933,2.8678368261928413,2.374862064166317,1.5777277461045516,0.9124908861397552,1.5397618860935676,1.8897858442209143,2.745633011432535,1.9942118055778089,0.4723362764713972
2024-09-18,2.0183959323005363,2.8272178665816257,2.3374839256055147,1.5092580840349654,0.9124908861397552,1.60870086524305,1.8897858442209143,2.716445093040267,1.9730638286016806,0.4718147635238768
2024-09-19,2.0035673267528473,2.8064470664278947,2.3142987095921614,1.5069941969089131,0.9124908861397552,1.6062878139451855,1.8897858442209143,2.705835677415011,1.9597313956586981,0.4758148755183977
2024-09-20,1.9994423565321962,2.800669117057154,2.3073860253696705,1.5069941969089131,0.9124908861397552,1.6062878139451855,1.8897858442209143,2.7025207605135697,1.958073878073389,0.4727765626235516
2024-09-23,2.0001637017361107,2.801679523398072,2.309639150446047,1.5069941969089131,0.9124908861397552,1.6062878139451855,1.8897858442209143,2.6955313093970004,1.9597944351321208,0.4709018851077747
2024-09-24,2.143900717338606,3.003015570551772,2.4796878811102574,1.5069941969089131,0.9124908861397552,1.638870827270413,1.8897858442209143,2.883784704070795,2.0899167246069115,0.49699783918263685
2024-09-25,2.1350950028580558,2.990681185157399,2.4681563931601325,1.516951005112361,0.9124908861397552,1.6469654035173964,1.8791891854155756,2.880113108285978,2.079471403645159,0.5050651368133067
2024-09-26,2.217642681470795,3.106307791455982,2.564374666735595,1.5603256572881545,0.9124908861397552,1.7140925824506523,1.951842957131856,2.992922101187394,2.159782879568433,0.5274031208934702
2024-09-27,2.3698025501233357,3.3194419403842614,2.7337870410031773,1.659080445724114,0.9124908861397552,1.833353866614142,2.085765419244011,3.185089216426407,2.3126057606636885,0.5801220801813081
2024-09-30,2.7139962388320042,3.801562683251914,3.1416589746535983,1.9919421738053174,0.9124908861397552,2.0963288689297803,2.388705127614742,3.605129863805524,2.641670313137266,0.6692244902480154
2024-10-08,3.1538557040172006,4.417684881506254,3.6681324450495847,2.3919958853909873,0.9124908861397552,2.435034342303071,2.775844411333843,4.135537828910237,3.0642082755905498,0.7846619196168555
2024-10-09,3.0506475299666866,4.2731186004395365,3.51489541164723,2.3988098690485278,0.9124908861397552,2.3553491975771146,2.685006446623798,4.011561608841631,2.938477189198263,0.7015336788138672
2024-10-10,2.948959859251255,4.130682126575829,3.406984055660474,2.3254183623281652,0.9124908861397552,2.2768380056841284,2.595506742468833,3.881539190719804,2.8383412485172275,0.6808617670704725
2024-10-11,2.8380710539586964,3.9753573924590286,3.276196415374807,2.281663434820743,0.9124908861397552,2.191222785964214,2.4979087229846937,3.749449190597666,2.7212513191677585,0.6463902227552559
2024-10-14,2.936004579959765,4.112535341550501,3.3936626680588065,2.3576922086557537,0.9124908861397552,2.2668354713422043,2.584104242483579,3.8332787519745226,2.8084326410571334,0.66316847883442
2024-10-15,2.8501828362508705,3.9923226700562506,3.290318269196647,2.283376891907744,0.9124908861397552,2.2005740716905637,2.508568824886059,3.7248027083498987,2.7322973011805103,0.6418104468119867
2024-10-16,2.7386497084777988,3.836095417261328,3.162776838339711,2.1929030158855203,0.9124908861397552,2.1144613823604925,2.410403709401189,3.575518678019421,2.634362191155372,0.6276462166927834
2024-10-17,2.794870727555926,3.9148456104575367,3.2156852345220694,2.2292279438621856,0.9124908861397552,2.1578686035723385,2.4598862527555765,3.6299542036582877,2.675191408978571,0.6256567755608264
2024-10-18,3.1036128573636126,4.34730846454378,3.5849718225034954,2.4749276735359054,0.9124908861397552,2.3962427587500508,2.7316235153317785,3.983695765361825,2.9583531499358795,0.675382650510329
2024-10-21,3.164943976975786,4.43321650387844,3.6553785515958346,2.5238352184369948,0.9124908861397552,2.4435953951808536,2.78560367853311,4.024741085978999,3.045201058930758,0.680069805815654
2024-10-22,3.1517975754099172,4.4148020090840925,3.645681766370997,2.5133518255210294,0.9124908861397552,2.43344529882425,2.7740329635922567,3.9987516022751817,3.041077664159078,0.6821173979488389
2024-10-23,3.0682150956427123,4.297725930823421,3.54483462136563,2.4467002804651394,0.9124908861397552,2.3829352021437136,2.700468418755378,3.890298863867879,2.969553959422112,0.6785212661903619
2024-10-24,3.115839966370551,4.364435283166357,3.6040201485919128,2.484677990936742,0.9124908861397552,2.4270536530536457,2.742385121248133,3.9227564116131015,3.030128085429979,0.6692272593433122
2024-10-25,3.139529801615324,4.397618230272309,3.6350072378589022,2.5035690806194286,0.9124908861397552,2.428286984740525,2.7632355668426674,3.9547969731645694,3.054986188819689,0.6888576835779419
2024-10-28,3.0927802292879347,4.332134930378617,3.5771282176809844,2.4662893632073453,0.9124908861397552,2.4285425765971573,2.722089252218337,3.8765054529352683,3.01975290206495,0.6858489076995925
2024-10-29,3.093738853339744,4.333477699160121,3.5453990860515967,2.477171091692032,0.9124908861397552,2.4868972146430024,2.7229329785858414,3.8852344290056333,3.0187181758522086,0.6699075337545024
2024-10-30,3.0787708323623626,4.312511616313142,3.5331403109502473,2.466979273495263,0.8968131170548045,2.477874735495137,2.709758977845773,3.8638314396647733,3.0072739722785973,0.6619722296663023
2024-10-31,3.084572181180834,4.3206377112816154,3.5252193169021067,2.477592516187535,0.9020423609487395,2.496975793631478,2.7148649951170896,3.8759889885603456,3.0012326602240127,0.6659557270890438
2024-11-01,2.972521893746603,4.163686059962842,3.3962807598751485,2.361280568476828,0.8918061060076484,2.3840364129635083,2.6162447051125457,3.768136882595432,2.891828577522891,0.6534258785493262
2024-11-04,3.0601833931081055,4.286475723398049,3.4964391688980085,2.4405556296082893,0.9135368133157816,2.4815040229838656,2.612320338054877,3.8885495021496643,2.976488211491058,0.6725775569749048
2024-11-05,3.183485457995673,4.459188021940589,3.6373190162463156,2.584918897997176,0.9389944101446148,2.622948022780223,2.612320338054877,4.031053144296405,3.0972641064198076,0.7045319936655406
2024-11-06,3.149146956401398,4.411089220478815,3.5980852623981363,2.582767095689011,0.8986940641034514,2.5920078434558635,2.580224199042161,3.972804642268016,3.064095827271831,0.6971452781233164
2024-11-07,3.246487220427775,4.547436172624857,3.7093022282241694,2.670095478025041,0.9217347020573174,2.6642516721086142,2.6599790368630725,4.079395299935718,3.150818688334263,0.723275384373503
2024-11-08,3.2615190877916107,4.568491686708599,3.7264770191046646,2.6830100473007863,0.9053006054805934,2.832958029827468,2.6722952572446332,4.14403657312127,3.185179010225342,0.7142995158083035
2024-11-11,3.3704753740732563,4.721109492919073,3.850965972253935,2.782420276738491,0.9244185291902789,3.0802694104080657,2.7615675746035295,4.371521690415014,3.3075288331084396,0.7361002954009328
2024-11-12,3.284295261371993,4.60039484497816,3.7525001344523976,2.675347111708463,0.9321527095149076,2.9491536718437374,2.6909567027240917,4.241714710620195,3.2178156019669855,0.7355957047024468
2024-11-13,3.4000569674362042,4.7625451735698725,3.8847646792025325,2.7181685994949256,0.9925442473577993,2.9831128732061862,2.7858049773344975,4.35754933136848,3.3193092036909837,0.7437334604245516
2024-11-14,3.237796641838803,4.535263060965011,3.699372732022308,2.5833023572692357,0.9474898642784725,2.8053535551576805,2.6528584923189817,4.134336891189318,3.153926099070999,0.71841531445077
2024-11-15,3.0809197085591578,4.31552160116271,3.520131626586973,2.469716635078419,0.8906247971492838,2.6923624443060166,2.6488792045805036,3.9466597392159923,3.0028726138097754,0.6903108432541301
2024-11-18,2.9946556170947867,4.19468932205951,3.4215698381187707,2.426573515181782,0.8577123857639507,2.6282366597003364,2.6488792045805036,3.8342087096117434,2.921492130128398,0.6741054822241004
2024-11-19,3.0894026355336064,4.327403849991725,3.5298238686294474,2.521203529278153,0.8837349319333824,2.7164629766639483,2.6488792045805036,3.957373386969524,3.0077677459913694,0.6943066477670784
2024-11-20,3.147956804526373,4.409422144861406,3.5967254440153082,2.5922049450382874,0.8951312134119632,2.7191028538040314,2.6488792045805036,4.012515006928121,3.07151269620201,0.6977674015332788
2024-11-21,3.1280745335075943,4.381572548579054,3.574008782225278,2.6519416531497457,0.8741424059528463,2.6879694522252815,2.6488792045805036,3.979952399366563,3.0452574405398005,0.6971554314727372
2024-11-22,3.0200625070801737,4.230277390857829,3.4505987013904464,2.5731322055609516,0.8377508619950573,2.575703224477693,2.6488792045805036,3.8515134840656056,2.945843756344707,0.6693737137167751
2024-11-25,2.9411460449921307,4.119737120729349,3.3604320108133696,2.562321617100905,0.8087626482111819,2.533165162508304,2.6488792045805036,3.756099863474442,2.864720793430634,0.6692546426190228
2024-11-26,2.9398362072744257,4.117902398146651,3.3589354443293487,2.512155361378079,0.8060454228717936,2.5293654147645417,2.6488792045805036,3.7539363418297778,2.858493478394848,0.6615359433184654
2024-11-27,3.0416992988828997,4.260584588460259,3.475320006171957,2.7002631811013975,0.8268795763643966,2.5293654147645417,2.6488792045805036,3.88263579151375,2.9631470594048035,0.6795916753611131
2024-11-28,3.006370226126292,4.211098269097041,3.4349544666212077,2.735712525885894,0.821691654932576,2.5293654147645417,2.6488792045805036,3.844324187893183,2.924824828839111,0.6675990313089297
2024-11-29,3.0846493590877766,4.320745816313895,3.524392971257992,2.8109209362590506,0.8272333645989933,2.5293654147645417,2.6488792045805036,3.9108102215142866,2.9937992132615467,0.684275138539376
2024-12-02,3.1566779394485085,4.421638057544418,3.6066898526215603,2.7817141388499533,0.8411069333018778,2.5293654147645417,2.6488792045805036,3.975766890223368,3.0642012960304874,0.6939654336910901
2024-12-03,3.107139916300349,4.352248904564914,3.5500897531389333,2.7225589799130177,0.829566113986093,2.5293654147645417,2.6488792045805036,3.897386266006261,3.017241883757871,0.6908889688166023
2024-12-04,3.080349349740764,4.314722685243429,3.5194799581551224,2.697310477939739,0.8224257003299402,2.5293654147645417,2.6488792045805036,3.879606509081627,2.9897842490835767,0.6810146826662941
2024-12-05,3.1265366495219173,4.3794183958623085,3.572251659493074,2.7382702446949585,0.8246612553847906,2.5293654147645417,2.6488792045805036,3.9183866005675947,3.026992550931903,0.6834917922477023
2024-12-06,3.138264582093308,4.395846005516728,3.585651510921964,2.7222924319690627,0.8367791639470592,2.5293654147645417,2.6488792045805036,3.948431879556673,3.044179062298206,0.697524028824436
2024-12-09,3.063224588953431,4.29073560278647,3.4999139136789363,2.6695498363603654,0.819594681081746,2.5293654147645417,2.6488792045805036,3.8518824040325823,2.972634809864948,0.6918513832707878
2024-12-10,3.0361300726275497,4.252783633394811,3.4689568382443365,2.6597637425402345,0.8201648693926668,2.5293654147645417,2.6488792045805036,3.820773296815942,2.9422356106548384,0.6965969972545959
2024-12-11,3.064761136431045,4.292887883422812,3.501669509372221,2.669321022213104,0.8212052192052482,2.5293654147645417,2.6488792045805036,3.838481179997503,2.968854879243346,0.6958373421115706
2024-12-12,3.1316055677327466,4.386518556886496,3.5780431961101926,2.717326397617507,0.8360049141745012,2.5293654147645417,2.6488792045805036,3.9098433833423285,3.0298394869106846,0.7052408820614623
2024-12-13,3.0666610770380425,4.2955491779406945,3.5038403030481313,2.656964609318766,0.8159303273856076,2.5293654147645417,2.5899723677642683,3.8327372479453596,2.9636336774493195,0.6877383537236179
2024-12-16,3.059562784554364,4.28560642141264,3.495730087193708,2.6797580876680493,0.821817498359149,2.5293654147645417,2.586087409212622,3.831675704770912,2.9577802564611475,0.6773613229383548
2024-12-17,3.086640486887439,4.323534839022357,3.526667951654493,2.713696543085728,0.8128591116565173,2.5293654147645417,2.586087409212622,3.874062916635567,2.9760061081178435,0.6772533282217886
2024-12-18,3.099752993604499,4.341901856450841,3.5416497603236143,2.803142510134191,0.8140386047170903,2.5743722052111724,2.586087409212622,3.8732592708633806,2.9978741211156352,0.6775474676777353
2024-12-19,3.2181345756853936,4.5077219111671765,3.676907667217671,2.9460416302393715,0.8764926378702497,2.7150463435581997,2.586087409212622,4.051137199826349,3.124956078690228,0.6810568344502532
2024-12-20,3.2473213091291893,4.54860450161384,3.7102552235291326,3.015052697835668,0.8887106497058536,2.687874016966423,2.6056626868874626,4.069792125261714,3.1539798459893973,0.6798627390229217
2024-12-23,3.2199011714307226,4.510196426188879,3.678926106561368,2.9747829464719335,0.8847803434293003,2.6592000698167095,2.583660666493192,4.060863370090669,3.1193898353204936,0.6731809120723019
2024-12-24,3.265271526724959,4.5737478221505325,3.730764400865837,3.0231097547906285,0.8930393571669148,2.7048775511283822,2.6200660081970346,4.120192896680972,3.1642284527017575,0.681058372836529
2024-12-25,3.323534429376753,4.655358132942385,3.797333187358898,3.1198966742593246,0.9079192345301279,2.7698586252680246,2.666816377814831,4.203985542941118,3.2195338250840715,0.6772887111061338
2024-12-26,3.5054685140719206,4.910197773945865,4.005203559219098,3.2697168498964015,0.9065573556783327,2.927029059295996,2.8128009635195164,4.43842899907615,3.424613466555355,0.6799193516378739
2024-12-27,3.430749710066343,4.8055372689014435,3.9198329394168083,3.187546625525396,0.9065573556783327,2.857126810425067,2.7528463174982396,4.322264836087881,3.34446881702651,0.6783963492247612
2024-12-30,3.3557179046340546,4.700438334898808,3.834104697110345,3.1698390384511974,0.9065573556783327,2.8090295769206364,2.692640517968922,4.237755033834835,3.2630051451926536,0.6788237129321982
2024-12-31,3.223218726552305,4.514843408955247,3.6827166080385685,3.049806523189812,0.9065573556783327,2.6955652321903933,2.586322685052211,4.100974737090518,3.143102983827329,0.658920378972229
2025-01-02,3.1103976017009938,4.356812026309768,3.5538118499454243,2.886389697203187,0.9065573556783327,2.5933605925021372,2.582443201024633,3.9288727851059275,3.027695325583286,0.633951139005815
2025-01-03,3.0426734669941378,4.261949130196136,3.476433050425741,2.7631633721673876,0.9065573556783327,2.53871125938373,2.582443201024633,3.86149414802842,2.950932273498998,0.6202671930819387
2025-01-06,3.0602623591301032,4.286586333087989,3.4965293922136915,2.7812661321057375,0.9065573556783327,2.538905151565773,2.582443201024633,3.86047000936789,2.9581293843676257,0.619720450599494
2025-01-07,3.2380284197822657,4.535587718150627,3.699637551928799,3.007776360244223,0.9065573556783327,2.6845009064630214,2.582443201024633,4.0268139590907115,3.122548165299225,0.6240796219508032
2025-01-08,3.218174329155355,4.507777594850807,3.6769530878907544,3.046814707934598,0.9065573556783327,2.683909352625918,2.582443201024633,3.982282791293268,3.105164906687024,0.6179525370912625
2025-01-09,3.2590748246077563,4.5650679458887575,3.7236843049312682,3.115678818001437,0.9065573556783327,2.782955647779918,2.582443201024633,4.01997001482966,3.155809798715404,0.6186343498887288
2025-01-10,3.145746316458434,4.4063258587167855,3.594199831635171,3.0637172230507614,0.9065573556783327,2.6986443128858952,2.582443201024633,3.8656108883835776,3.047334718344654,0.6077564205320419
2025-01-13,3.104081245617596,4.347964547732897,3.546595042330418,3.010446480249247,0.9065573556783327,2.5731694843363004,2.582443201024633,3.8318345301890937,3.011784950804254,0.6099575436155588
2025-01-14,3.216090433498058,4.50485862987465,3.6745721147711436,3.095041052935947,0.9065573556783327,2.6820254391192044,2.582443201024633,3.996227597301829,3.1356125891034963,0.638662908491554
2025-01-15,3.1581016175843715,4.423632239259494,3.608316488466114,3.0458596284008097,0.9065573556783327,2.662917744928589,2.582443201024633,3.9223124185761704,3.0761657117163597,0.6270256316690971
2025-01-16,3.1792831037776277,4.4533016788615,3.6325175798609517,2.8531835827453107,0.9065573556783327,2.5737485053723805,2.582443201024633,3.945568909001003,3.1241430491117557,0.6311540450790257
2025-01-17,3.218690915159682,4.508501189839128,3.677543317725902,2.9454256717096055,0.9003798866325808,2.728926143041626,2.582443201024633,3.962206422869326,3.1735542502610317,0.6360534976904211
2025-01-20,3.3028436254290368,4.626376004283295,3.7736927292341633,3.006327287166317,0.9391744194896372,2.8285509193496785,2.582443201024633,4.047313098682743,3.2531379061092087,0.6475769339284636
2025-01-21,3.3688935661722454,4.71889381487114,3.849158663869993,3.0950784219723344,0.9427570008659034,2.843727571117383,2.582443201024633,4.145460910674818,3.3259188447884536,0.6499343570576089
2025-01-22,3.558462506635581,4.9844277900689695,4.065752306635077,3.331956444589337,0.9548057899668458,3.082608765364712,2.7238846112793893,4.367188825866983,3.4926967715552477,0.646440681825105
2025-01-23,3.4813861870512213,4.876465053753461,3.9776880868905398,3.2746585703243603,0.92353358102728,3.018212827999785,2.66488525399562,4.270863653849571,3.4146752199486907,0.6440647980606492
2025-01-24,3.503161276130531,4.906965967824003,4.002567404429027,3.311264836717066,0.9115831982052227,2.9957625862408603,2.681553359937938,4.315494506919103,3.449633875232441,0.6528415994417509
2025-01-27,3.263970709212006,4.571925734395139,3.7292781404952606,3.047953149808083,0.8504985276463796,2.742682839980338,2.4984609420249666,4.048575290747269,3.2017716411693176,0.6349904727737941
2025-02-05,3.080457211380551,4.3148737697508075,3.5196031964103938,2.830719675970113,0.84922277985491,2.362622211043101,2.357987467378815,3.890326886555109,3.030514812165152,0.6347144862759025
2025-02-06,3.151324442563456,4.414139280025155,3.6005731681634905,2.869499819576868,0.8846165230584554,2.4370622521490515,2.354450486177747,3.986524638685339,3.104364300101474,0.6525050005245902
2025-02-07,3.2729239412642683,4.584466751356541,3.739507733697506,2.8415641350637415,0.9320403145960733,2.559034215031016,2.354450486177747,4.119852606139884,3.216347739180347,0.6689983474654629
2025-02-10,3.3353617497550765,4.671924957593716,3.8108465951915833,2.8738722671446073,0.9894664182779269,2.5930545608578193,2.395834833917168,4.159290251836037,3.2655474676074574,0.6719292809982532
2025-02-11,3.3558568853512076,4.700633008679288,3.8342634907382935,2.903889100054952,1.0121242212829404,2.6199106717961165,2.4105567631923575,4.143790841601974,3.279408028875619,0.6623466728858501
2025-02-12,3.3718971002906306,4.723100940532905,3.852590377917032,2.921779513159724,0.994154037210967,2.6314718973044156,2.422078663537413,4.172350829841074,3.300153119187326,0.6743547008007923
2025-02-13,3.254869100342306,4.55917688229964,3.718879018068913,2.810493312592487,0.9668140090510879,2.55316664042175,2.338015890184435,4.01717944789632,3.1797602346308493,0.6695537049110527
2025-02-14,3.265711529025168,4.574364144421391,3.7312671293233297,2.855009085801099,0.9653637880375113,2.6207728622092303,2.3345088663491587,4.053285517690307,3.19398116236239,0.6815968080330845
2025-02-17,3.463596891610543,4.851547140920341,3.9573627725626586,2.964237687517216,0.9653637880375113,2.698646483883846,2.3345088663491587,4.287012214112074,3.388564521952638,0.6850787915298919
2025-02-18,3.392274215179408,4.751643677050052,3.875872427877408,2.8944305380857784,0.9653637880375113,2.5853432165740364,2.2829347015229047,4.2039260261357025,3.3109681634884054,0.6715283775347614
2025-02-19,3.416135588590302,4.785066901972807,3.9031354477361018,2.9109939060105354,0.9916705820533448,2.6321763001304417,2.2989929426703837,4.249828813805438,3.341322523428642,0.6851917090825409
2025-02-20,3.3940745224421414,4.754165412640718,3.87792938460871,2.889760833754367,0.9773094989290966,2.596790172959791,2.2841462733660967,4.208428623814602,3.3264669808829557,0.6847615762798072
2025-02-21,3.6254759945177173,5.078295265330068,4.1423191504403425,3.0702930827902533,1.0677591277291858,2.750579371750579,2.4398749724850965,4.465794142386922,3.5581957736770686,0.7019693498071947
2025-02-24,3.592469563450507,5.032062328505353,4.104607365366013,3.0507878612537285,1.0775851319720924,2.776057696912681,2.4176622850438565,4.419640177639696,3.545249584581013,0.6972717334751937
2025-02-25,3.5483128955124124,4.970210974900512,4.054155780113153,3.0309816713306765,1.0759687542741343,2.7800584433531683,2.3879457046187187,4.348857441306927,3.4986118912866435,0.6893782734936974
2025-02-26,3.6089285578173103,5.055116855218928,4.123412732624186,3.064779306513937,1.0759687542741343,2.8412250407564685,2.428738868777568,4.414989882691008,3.557297634196335,0.6978781653451422
2025-02-27,3.527955642215179,4.941696059013387,4.030896423187054,3.0272660464612646,1.0759687542741343,2.8353225134779585,2.3742456682914708,4.3086610316882625,3.4771319508543246,0.6942761877188167
2025-02-28,3.291493793255653,4.610478009350892,3.7607248797056645,2.846771762690388,1.0759687542741343,2.656895709422987,2.215111433753353,4.041713473138832,3.2428206432674065,0.667780253212228
2025-03-03,3.204113661975611,4.488082465252858,3.660887950233054,2.723102553661415,1.002299492591811,2.5407574040586205,2.211788766602723,3.9103494549034616,3.150980341858548,0.6758207829216977
2025-03-04,3.2340932161537186,4.530075579610699,3.695141350774507,2.747176620350274,1.0007960433529233,2.5784177881357664,2.211788766602723,3.962828904541611,3.187189870755197,0.673837187657589
2025-03-05,3.2918361974518473,4.610957623506659,3.7611160966000066,2.8264932463789094,1.0007960433529233,2.600368040585895,2.211788766602723,3.9911852925814264,3.238737972385543,0.6739245679980586
2025-03-06,3.389916520852506,4.748341195401985,3.873178623704941,2.9548678815416864,1.0007960433529233,2.721141825038202,2.211788766602723,4.098516198239535,3.3325056778276068,0.687562977688169
2025-03-07,3.3186891320486,4.648571203303936,3.7917971507274792,2.9141466992311496,1.0007960433529233,2.664776499015795,2.211788766602723,4.001609209714211,3.261064214642679,0.678522804576638
2025-03-10,3.383780623862773,4.739746490409142,3.8661680011979556,3.0271361642554044,1.0007960433529233,2.7050256358578966,2.211788766602723,4.041071364747624,3.3217186933155496,0.6768521170810418
2025-03-11,3.4025975368308883,4.7661038129175815,3.8876674288752753,3.0732841651012563,1.0007960433529233,2.633999305413032,2.211788766602723,4.02799975596855,3.335041580539732,0.6781299007217806
2025-03-12,3.4281316709747363,4.8018701158039026,3.916841676067621,3.0590181577398985,1.0007960433529233,2.6462780120495593,2.211788766602723,4.0708033466237,3.361727871740761,0.6742033235912462
2025-03-13,3.3718334888614336,4.723011838406673,3.852517698124985,3.008877197145096,1.0007960433529233,2.631309645046594,2.211788766602723,3.988700721243788,3.305459890463876,0.666430165416523
2025-03-14,3.4874099071403863,4.884902629744787,3.9845705407034933,3.1657032775512075,1.0007960433529233,3.0160917944476777,2.211788766602723,4.074651812848111,3.4154731433045757,0.6851098669326642
2025-03-17,3.5230245110064256,4.934788899702995,4.025262316308331,3.240441236454673,1.0007960433529233,3.3997722711218645,2.211788766602723,4.069268684124918,3.437242163255342,0.6815441952224494
2025-03-18,3.577964650187555,5.011744932263134,4.08803465047962,3.2279915886209696,1.0007960433529233,3.375934134997137,2.211788766602723,4.151716660233437,3.4879160252552257,0.6857030686806401
2025-03-19,3.433037646977528,4.808742039585628,3.922447041646843,3.0526108645838765,1.0007960433529233,3.133390559505861,2.118881624356142,4.023989214157685,3.3440337278551184,0.6837656250048079
2025-03-20,3.4054814051099433,4.770143319633253,3.890962417676123,3.030997358562261,0.9989127121083612,3.1182552349822243,2.115703301919608,3.9867573811723065,3.3120014265814497,0.6768998070555937
2025-03-21,3.3249788880943716,4.657381422540148,3.7989835662379927,3.0479159216606555,0.9724788230945223,3.1356608581844068,2.115703301919608,3.882045855940964,3.2331125080546075,0.662207295089256
2025-03-24,3.3651048171192395,4.7135868189328125,3.844829795665594,3.229238782693442,0.9678450951054496,3.3222037329382275,2.115703301919608,3.913705584906526,3.261750117711785,0.662292214011684
2025-03-25,3.2803400750901983,4.5948547162340425,3.747981101943726,3.031365153412227,0.9298757837942393,3.118633618095316,2.115703301919608,3.8346531187860013,3.186581363893116,0.6601150897540708
2025-03-26,3.259703906155034,4.565949116208979,3.7244030675280757,3.053800639260097,0.9266657898111489,3.1417149879938617,2.115703301919608,3.8078489275671767,3.1657691883019208,0.658399173701964
2025-03-27,3.2341905459221127,4.5302119118613495,3.695252555748457,2.9695756186180926,0.9638177705485321,3.055065255096042,2.115703301919608,3.795544370938825,3.146216086590357,0.659996941688084
2025-03-28,3.2075201011961263,4.492853950208581,3.6647800070110574,2.9588066932254407,0.9605544208891673,3.0524165733044057,2.115703301919608,3.767000833098134,3.1204334869097887,0.654801503557211
2025-03-31,3.2151853483867106,4.503590854431473,3.673538001900123,2.9381239342138503,0.9703444698672615,2.978631866251677,2.115703301919608,3.7868097337043185,3.127162752713405,0.6472603340328893
2025-04-01,3.2074920248067462,4.492814622904947,3.6647479280880195,2.886701119734723,0.9596758267501074,2.9741639184523,2.115703301919608,3.7802179149172304,3.11910945705502,0.646700053751217
2025-04-02,3.230271972988382,4.524723068353268,3.690775356139265,2.9052477272214907,0.9525215601891925,2.9741639184523,2.115703301919608,3.8044911432897863,3.140184180068163,0.6475452431711807
2025-04-03,3.099136083124574,4.341037734450289,3.54094490388574,2.6162578548006925,0.9265402763627116,2.9741639184523,2.115703301919608,3.6640354041425365,3.016648175574552,0.6354775258687347
2025-04-07,2.7013191000617387,3.7838054966390904,3.0864156476436793,2.6123334680184915,0.8030616674063367,2.9741639184523,2.115703301919608,3.224089828666834,2.624687484246472,0.5560361816144997
2025-04-08,2.595071430579806,3.634981717996411,2.9650214481923016,2.6123334680184915,0.774521359919489,2.9741639184523,2.115703301919608,3.074626070616829,2.5228203468293064,0.5662221448242997
2025-04-09,2.689982865137299,3.767926547714727,3.0734633337702992,2.6123334680184915,0.7733595778796098,2.9741639184523,2.115703301919608,3.174349253874824,2.6093976188805006,0.5717738732166645
2025-04-10,2.8137486991721796,3.9412884593476774,3.214873064594102,2.6123334680184915,0.8129223978874881,2.9741639184523,2.115703301919608,3.335114408844504,2.7245340573113546,0.5847492384218744
2025-04-11,2.8763936965969923,4.029036880327461,3.2864486516079134,2.6123334680184915,0.8604478595408768,2.9741639184523,2.115703301919608,3.402029392537811,2.7895084015524865,0.5927002340500883
2025-04-14,2.9164009743531327,4.085076078908551,3.3321593149957955,2.5921958640873703,0.8603231207963796,2.9741639184523,2.115703301919608,3.445146748228488,2.8242713648243414,0.5947133663306936
2025-04-15,2.9096593117986704,4.075632862877732,3.3244565697707866,2.5703683286298915,0.9113412672956865,2.9741639184523,2.115703301919608,3.4279808908485436,2.8129785454984066,0.5939398657111854
2025-04-16,2.864213113128969,4.011975231195552,3.272531619957607,2.5665127761369466,0.8842729597398196,2.9741639184523,2.115703301919608,3.3596300483016823,2.765885772498489,0.5867740624381763
2025-04-17,2.8722459619849183,4.023227044302014,3.2817096213287114,2.5665127761369466,0.8886388157972173,2.9741639184523,2.115703301919608,3.353324468183652,2.771505584177912,0.5872869604225518
2025-04-18,2.9227611759489474,4.093984972995675,3.339426218682606,2.5665127761369466,0.9452702057988929,2.9741639184523,2.115703301919608,3.4082454058415697,2.8214248152844794,0.588885036085927
2025-04-21,2.994800019436408,4.1948915900455255,3.4217348262709395,2.7093112033394995,0.9992820821661296,2.9741639184523,2.115703301919608,3.471500826808611,2.8858893696566748,0.5982224254259562
2025-04-22,2.921382446337484,4.092053751807435,3.337850939165797,2.5063918771625304,0.92443883546788,2.9741639184523,2.115703301919608,3.392835354626385,2.8067639060997625,0.5933346645502574
2025-04-23,2.995229649828784,4.195493384124632,3.4222257042148674,2.5063918771625304,0.92443883546788,2.9741639184523,2.115703301919608,3.4832123817078564,2.8807153115172373,0.5997128140500203
2025-04-24,2.938869501949328,4.11654830972272,3.3578309267468187,2.4502508635869025,0.9037322038813642,2.9741639184523,2.115703301919608,3.4177357788668616,2.819753725652288,0.5956194758471816
2025-04-25,2.9961559883347633,4.196790929731367,3.423284100336897,2.5327713895655366,0.9341684575386524,2.9741639184523,2.115703301919608,3.490389196431423,2.8657561607530826,0.5991048437937958
2025-04-28,2.963134621506872,4.150537072011612,3.3855552502792134,2.502333490638991,0.9327672048523444,2.9741639184523,2.089212064207995,3.44334932351576,2.8318263024077392,0.5951884200126824
2025-04-29,2.957995136017552,4.143338065628418,3.3796830864039005,2.432664521984899,0.9327672048523444,2.9741639184523,2.086078246111683,3.452619652587094,2.835699386068539,0.594414611715919
2025-04-30,2.9795402235009494,4.173516810687966,3.40429961361725,2.406623208458854,0.9327672048523444,2.9741639184523,2.0981434533586807,3.4857764605882444,2.866443938081462,0.599364523397163
2025-05-06,3.103932072062001,4.347755596587658,3.5464246027862005,2.6095425346358234,0.9327672048523444,2.9741639184523,2.1857381569478442,3.626703502791388,2.9859979891239044,0.6111728687734969
2025-05-07,3.1010099621754628,4.343662523892094,3.543085920703902,2.543255554751347,0.9327672048523444,2.9741639184523,2.1836804549976985,3.6271515293974788,2.9832899168348836,0.6142807167280123
2025-05-08,3.208244793833489,4.493869045383589,3.665608010890953,2.632201859392252,0.9327672048523444,2.9741639184523,2.259193468126597,3.759517121644109,3.0786696650305907,0.6244162208679637
2025-05-09,3.155765260436796,4.420359645134309,3.6056470632735866,2.545622946890078,0.9327672048523444,2.9325988507169183,2.222238239745014,3.706372166216648,3.022449572718988,0.6189749486102064
2025-05-12,3.2171379883938998,4.506325966322546,3.6757690077343708,2.639642234685407,0.9327672048523444,3.022926196515915,2.265455910163525,3.788577096639503,3.0870998087558768,0.6352655362399192
2025-05-13,3.200806014921104,4.483449360964847,3.6571087693041218,2.6163065121750555,0.9327672048523444,3.031651580912863,2.2539552017817095,3.7690179803710735,3.069203264093265,0.6345108039329768
2025-05-14,3.2503806407227214,4.552889784200183,3.713750689467014,2.6717711279967604,0.9327672048523444,3.0881209098657543,2.2888648417852107,3.830593154027581,3.111419862778743,0.6409354126982709
2025-05-15,3.158313572256821,4.423929129491616,3.608558659121787,2.53141859405769,0.9327672048523444,2.980470784818621,2.2240327192154137,3.730427404372679,3.0217110113706744,0.6286606286030929
2025-05-16,3.1636471946686258,4.431400068337131,3.6146526358274786,2.527621466166604,0.9327672048523444,3.0441959080322785,2.2277885688118544,3.7376037910372246,3.024626096471306,0.6274908396789203
2025-05-19,3.1379122447719516,4.395352477783115,3.585248944849021,2.527621466166604,0.9327672048523444,2.979782267371361,2.209666438349465,3.710743886513029,2.9994306870565635,0.6254327865190595
2025-05-20,3.1702725611673155,4.440680385562303,3.622222505981828,2.535984147148303,0.9327672048523444,3.019983692649496,2.232454043449748,3.72208306370452,3.032557947368074,0.6302642424570613
2025-05-21,3.1666281346480005,4.43557554582102,3.618058534744352,2.5138908685562713,0.9327672048523444,3.045940402369501,2.2298876979503865,3.7081695312810776,3.032242653188289,0.6354735260644171
2025-05-22,3.1419864565799984,4.40105932857072,3.5899039710086043,2.5008228673299633,0.9327672048523444,3.027804562302186,2.212535431614005,3.697539422359166,3.0080662829798626,0.6293741321578421
2025-05-23,3.0946826617914907,4.334799715358585,3.535856608583025,2.4527965762346327,0.9327672048523444,2.951687971632528,2.209216628466584,3.641774700744753,2.959512803163284,0.6219692636575626
2025-05-26,3.117017405051708,4.366084551093875,3.561375363876638,2.4457458396847347,0.9327672048523444,2.9637943422947837,2.209216628466584,3.6527104272761384,2.981509651089921,0.6169725850335321
2025-05-27,3.0584500922306024,4.284047845333784,3.4944587708953163,2.4000251735180207,0.9327672048523444,2.9229047665193315,2.209216628466584,3.5896972162893115,2.930501628291132,0.6127832515270791
2025-05-28,3.1142739116766776,4.362241671031244,3.558240761644082,2.5258069249333404,0.9327672048523444,3.0068319165702078,2.209216628466584,3.6420848447393728,2.9809460166437587,0.6108571919096881
2025-05-29,3.1937633770602525,4.473584561264538,3.6490621421233778,2.5785072492503263,0.9327672048523444,3.185944991844678,2.209216628466584,3.7347541425689528,3.06196464513074,0.6192152445464976
2025-05-30,3.160989897129784,4.427677924946725,3.611616517397731,2.5799978381171296,0.9327672048523444,3.103839440855744,2.1843370670795927,3.6773687479405437,3.027179198301633,0.6132586128863234
2025-06-03,3.153035927128179,4.41653659943228,3.602528639748148,2.5280147959685455,0.9327672048523444,3.092837016829114,2.1810605614789735,3.6716353640644446,3.032789440548403,0.6161852389375412
2025-06-04,3.276469707028112,4.589433394500153,3.743558979230164,2.6240970596048094,0.9327672048523444,3.167235083223373,2.1810605614789735,3.821676490437606,3.1413586425099522,0.6230258273518311
2025-06-05,3.4638192976318907,4.851858670619312,3.957616884497973,2.8201010274195784,0.9327672048523444,3.3230204655063935,2.3025027143343184,3.9994782496453727,3.304526547878823,0.6303122401088684
2025-06-06,3.476033907238994,4.868967981018665,3.971572793009618,2.8402963607046927,0.9327672048523444,3.3274189952044977,2.3106221251229,4.005462161245523,3.319716143495401,0.6274877629063685
2025-06-09,3.5540085918023316,4.97818907971919,4.0606634474794525,2.918087427452462,0.9327672048523444,3.4240238036815045,2.3624541947055113,4.067310983401519,3.400532068321323,0.6342123569954577
2025-06-10,3.5268711152107213,4.940176934804543,4.029657287419356,2.905771986069433,0.9327672048523444,3.4082763816147956,2.3444151146775534,4.019827455378415,3.363842147738109,0.6268219493261713
2025-06-11,3.518429132878301,4.928352038163783,4.0200118270339775,2.910539090715505,0.9327672048523444,3.415496890270444,2.338803480361627,4.0041769260937405,3.354422105586123,0.634389579094438
2025-06-12,3.596596099113976,5.037842470631161,4.1093221746019895,3.0090820976026884,0.9327672048523444,3.5311400086622124,2.3907633652355194,4.0727738857617055,3.4342794220981365,0.6360162687425445
2025-06-13,3.580913209765428,5.015875053705533,4.091403552886948,2.996592603663966,0.9327672048523444,3.518604590021574,2.3803384867442183,4.062340456480748,3.409253360856664,0.6288381583793284
2025-06-16,3.680563434875949,5.155457626347874,4.205259784853507,3.108395539907413,0.9327672048523444,3.6479471725654027,2.446578926584098,4.160282264536692,3.5026896777913,0.632991493646926
2025-06-17,3.6377970812992904,5.095553720981465,4.1563967153743615,3.0831600890365185,0.9327672048523444,3.6148400131780902,2.418150871673798,4.114411318009018,3.4659280383873474,0.6307208355037398
2025-06-18,3.751555764388339,5.254898364993692,4.286372688791702,3.228715405542061,0.9327672048523444,3.7818712590645682,2.493769619098268,4.230537493529712,3.566749848298107,0.6321933788470039
2025-06-19,3.755283998828649,5.260120596594424,4.2906324154987,3.2355462185523325,0.9327672048523444,3.7926841656310004,2.4962478863463193,4.237990161930319,3.5704744067753125,0.6236054913005793
2025-06-20,3.6945077142398888,5.174989728609595,4.221191942599327,3.187985354729846,0.9327672048523444,3.6993357536035085,2.455848099807672,4.178257935503247,3.508686258786574,0.6183983614340097
2025-06-23,3.624474986416291,5.0768931281459535,4.141175439922178,3.09940475449764,0.9327672048523444,3.583005118432826,2.409295282801221,4.10261714011724,3.4308285542860166,0.6207800910663138
2025-06-24,3.6769029062303704,5.1503302319539905,4.201077415991531,3.1095786819008375,0.9327672048523444,3.579739823581007,2.444145665372087,4.159835469234448,3.479774320387541,0.6350873911091733
2025-06-25,3.755223758660695,5.260036216678472,4.290563587570528,3.1974260272841684,0.9327672048523444,3.6432349172747847,2.496207842932299,4.239101133641163,3.5564907341015175,0.6548578084949072
2025-06-26,3.811958091078149,5.339505420758955,4.355385892839034,3.2462348688856233,0.9327672048523444,3.669260653440744,2.53392082480651,4.29047512103107,3.593809775595283,0.6505604802718881
2025-06-27,3.8718963369267576,5.423462426836351,4.423868857282306,3.3592543548176943,0.9327672048523444,3.8099952631229024,2.5737635423100502,4.346577971662273,3.652306306206325,0.6536123309659618
2025-06-30,3.9489722992536467,5.5314246627323485,4.511932668839211,3.4369286963915484,0.9327672048523444,3.8731039532522877,2.6249982047501264,4.415962396146555,3.727758067084247,0.6624334378718086
2025-07-01,3.925639362052486,5.4987416316781985,4.485273418370985,3.4519503453442484,0.9327672048523444,3.881031012496353,2.6094881141181485,4.379622540125388,3.7073664050342487,0.6608658222566957
2025-07-02,3.8259063390347476,5.359043081928068,4.371322584934935,3.35453971379379,0.9327672048523444,3.7267088502029635,2.5431926360705193,4.279367866935924,3.6093643712390024,0.653420032681478
2025-07-03,3.947823788676315,5.529815915126277,4.510620428083471,3.4989825082571056,0.9327672048523444,3.891042377001336,2.6242347559398618,4.397032840961779,3.7172832493917087,0.6658406557956087
2025-07-04,3.9653839373433555,5.554412856319425,4.530683928770844,3.518444685244144,0.9327672048523444,3.8573020377154177,2.6359075039950555,4.423542491105164,3.72205236643448,0.6634241586334697
2025-07-07,3.906145777347019,5.471436478075256,4.463000853511008,3.4549114421526377,0.9327672048523444,3.8060959529254346,2.5965301541786303,4.365663794070908,3.6621929223123515,0.65540978149069
2025-07-08,4.130313862598012,5.785434344200875,4.719126050273276,3.7252742590503876,0.9327672048523444,4.140672350525786,2.5926353589473625,4.569742459263827,3.8779531795371525,0.6710677846837645
2025-07-09,4.102321732007064,5.746225063968026,4.687143397848091,3.7020288856483403,0.9327672048523444,4.185584113875041,2.5711754924247265,4.5369979430943115,3.8562250294471565,0.6721748074478816
2025-07-10,4.082989038620247,5.719145274875282,4.6650546607644925,3.6911997117447783,0.9327672048523444,4.233656401885555,2.559058513141772,4.5141706835205415,3.8577983327859244,0.6736830413527459
2025-07-11,4.09957232879497,5.742373905848218,4.684002043279765,3.6751529287572224,0.9327672048523444,4.189558658170033,2.5694522735697616,4.55197176238246,3.8673810239955384,0.6790735468633994
2025-07-14,4.126871413450858,5.78061241923666,4.715192850040194,3.7042056421028065,0.9327672048523444,4.181976558902932,2.5865622766407554,4.588105393739396,3.8948326014950427,0.6759878516712564
2025-07-15,4.422895811709779,6.195261227385903,5.053418102602825,4.05924983340451,0.9327672048523444,4.441976573550523,2.7720988404905955,4.863389135490012,4.159712457310908,0.6876737415000309
2025-07-16,4.381883465173387,6.137814203725899,5.006559089132845,3.9842662200382954,0.9327672048523444,4.30870042317601,2.746393898950184,4.862070548254877,4.1051321032686605,0.6861799684261598
2025-07-17,4.541716728055336,6.361696668638932,5.189177974684545,4.174091252790478,0.9327672048523444,4.491299928024822,2.84657116325151,5.013716261583914,4.242386019006167,0.6982203024528952
2025-07-18,4.510237548762613,6.317602991725765,5.153211164416991,4.140890085353978,0.9327672048523444,4.461888038684914,2.826841239660292,5.005119684625169,4.218788169351103,0.7006278769746339
2025-07-21,4.470915410288932,6.262523484942239,5.108283312879123,4.094980108815298,0.9327672048523444,4.412828944751471,2.802195654706672,4.977385154366086,4.171027680852874,0.7066986568964777
2025-07-22,4.430740252898347,6.206249133141534,5.062380837153831,4.044507544657833,0.9327672048523444,4.352072683535885,2.777015430717648,4.935234074380034,4.129951491082278,0.7109978311830281
2025-07-23,4.412885052744549,6.181238905921807,5.041980222822398,4.023543069722229,0.9327672048523444,4.3386151417430625,2.7658244866506347,4.907371807360081,4.119461180567567,0.7109409108908207
2025-07-24,4.447904273636599,6.230291207997608,5.0819917384286235,4.054586998163426,0.9327672048523444,4.4044498943326715,2.7877731704457,4.9671609429320425,4.143081985688723,0.7216160809363479
2025-07-25,4.5117624813627035,6.319739003111496,5.154953489430874,4.053138859601232,0.9327672048523444,4.410041634888268,2.827797008023938,5.054860082887506,4.184084396511718,0.7199820070341172
2025-07-28,4.668205161727741,6.5388721939517245,5.333698435419275,4.247986955495463,0.9327672048523444,4.570746566631962,2.9258491872534353,5.159893975097889,4.316973936160784,0.7269182830747662
2025-07-29,4.895821867789024,6.857700629845094,5.593763883902056,4.484999928643258,0.9327672048523444,4.765275186065607,3.068510473842697,5.37040239764289,4.523053720355606,0.7404542362389038
2025-07-30,4.929295419548337,6.904587874353166,5.632009381788548,4.5623145909438705,0.9327672048523444,4.708651586825879,3.0894903924230586,5.403041312575894,4.573042866729016,0.7284825142400725
2025-07-31,5.033943334552931,7.051170836727789,5.751575767839008,4.678307753533707,0.9327672048523444,4.830755703682119,3.1550796299257726,5.519359549196225,4.67611321348275,0.7163689530266057
2025-08-01,4.94394812229474,6.925112283036016,5.648750954835485,4.593792643880012,0.9327672048523444,4.787081566136875,3.098674135839717,5.39107740010976,4.612584303102144,0.7146195001536847
2025-08-04,4.970171806574758,6.961844456113455,5.678713053537139,4.584205756095017,0.9327672048523444,4.802381980808776,3.1151101198377047,5.450797142172645,4.638798881741042,0.718218093330203
2025-08-05,4.983531529978208,6.980557756162456,5.693977321782849,4.580945588947322,0.9327672048523444,4.834214903104307,3.1234834741586295,5.472328685348794,4.642497533838252,0.721003495521296
2025-08-06,5.0340940340008915,7.051381925228782,5.7517479508048295,4.651152568696427,0.9327672048523444,4.860507521953418,3.1551740824706074,5.51598586983707,4.7131535261043735,0.725796799479656
2025-08-07,5.009635772798237,7.0171226245875795,5.723802951604882,4.628685587994048,0.9327672048523444,4.857082435302591,3.139844596901269,5.50625084544135,4.690106848023712,0.7208450417348811
2025-08-08,5.032897436205102,7.0497058206482945,5.7503807675791325,4.663145769253481,0.9327672048523444,4.899179580287146,3.154424101574956,5.5426884150651095,4.723100583600509,0.7181060988093195
2025-08-11,5.1510610116447895,7.2152205079878975,5.885389589087943,4.8108046292714315,0.9327672048523444,5.007181928921676,3.2284844286568983,5.65259753835802,4.838909442338475,0.7322152546998467
2025-08-12,5.438393206745753,7.617693928902722,6.213683489283278,5.171425672667428,0.9327672048523444,5.328300146656237,3.408573058094246,5.972304659979064,5.082126430677496,0.7413169632624126
2025-08-13,5.789037560465818,8.108850280235343,6.6143152473213345,5.558996097498814,0.9327672048523444,5.5961987699969455,3.6283432827960134,6.31673138769562,5.38120681076234,0.7681174982516239
2025-08-14,5.784483346099518,8.102471077810984,6.609111790061305,5.469684164628968,0.9327672048523444,5.5633039419512365,3.6254888785998434,6.382140478971498,5.353647260252207,0.7598569793047047
2025-08-15,5.87048792461674,8.222939850612448,6.707377069753174,5.565619850266324,0.9327672048523444,5.666074849885093,3.679393198876452,6.4954124005617055,5.457647299268269,0.7797215459305222
2025-08-18,6.058994253521056,8.486985399116179,6.922756616433479,5.778068946058514,0.9327672048523444,5.843241894664095,3.797541624258144,6.722923718264988,5.659355817453046,0.8018690777897329
2025-08-19,6.144468352343912,8.606711115688798,7.020415791933728,5.902222085914774,0.9327672048523444,5.712455770004307,3.8511134605224084,6.7612401005750815,5.727638494971319,0.8004971449089108
2025-08-20,6.2575279256274055,8.765076499040944,7.149592991358305,5.979022179662197,0.9327672048523444,5.9500920400799835,3.921974797833535,6.920634430761633,5.860367157961125,0.8023155174869907
2025-08-21,6.168122200699083,8.639843655054811,7.047441702233892,5.885990226384,0.9327672048523444,5.932817777856833,3.8659387714476416,6.859842479702944,5.773348285117875,0.7985655471009266
2025-08-22,6.635995613434189,9.295205693104268,7.582014541906584,6.257339708716953,0.9327672048523444,6.576749504271696,4.1591836047321005,7.4531313842170706,6.183237637653217,0.8253605438995446
2025-08-25,7.111229647582093,9.960877938400172,8.124997323634739,6.649357416157674,0.9327672048523444,6.984473380165887,4.457041788851025,7.986221904630536,6.555611937194719,0.8501091792739985
2025-08-26,7.000727759024967,9.806095168270609,7.998742429154077,6.564605652893838,0.9327672048523444,6.818273509410648,4.387783508714687,7.804413654171414,6.527643197262949,0.8436901086992975
2025-08-27,7.134852217666883,9.99396666550743,8.151987496674861,6.7520510943523835,0.9327672048523444,6.84923569643574,4.471847495774548,7.970754140903178,6.669047751157314,0.8378660859361035
2025-08-28,7.937372929322119,11.118077578527071,9.068914520199868,7.588294696917265,0.9327672048523444,7.688349665632651,4.974836222834154,8.72753037971849,7.425573623688446,0.8698565208655947
2025-08-29,8.046522523288884,11.270966155666267,9.193624338727151,7.785405676140046,0.9327672048523444,7.677727093033927,5.043246937387776,8.752637358598204,7.557968419433145,0.8892257271105816
2025-09-01,8.429998542928391,11.808110645892572,9.631768202398954,8.140593365526668,0.9327672048523444,8.039062387192395,5.283594771624387,9.137835415084806,7.917760721866791,0.9096093452658779
2025-09-02,8.023253829389885,11.238373111818676,9.167038490002925,7.7437420618682635,0.9327672048523444,7.682128241790197,5.02866302627543,8.703684149766637,7.461785152579293,0.8837173812111964
2025-09-03,8.03632453505262,11.256681577460695,9.181972538513628,7.756357414114512,0.9327672048523444,7.5849906621444525,5.036855235532571,8.69426082099078,7.474594735484194,0.8920711263664334
2025-09-04,7.206158860003571,10.093847670018993,8.233459521465956,6.955112807761901,0.9327672048523444,6.730565968989875,4.5165397220796475,7.828893533049323,6.710767936812264,0.8541883643230995
2025-09-05,7.747199855031576,10.851697377906989,8.85163061907267,7.535357526884182,0.9327672048523444,7.248091847919208,4.8556431463575125,8.316542562195487,7.174768233825833,0.9101650103887227
2025-09-08,7.401207209674693,10.367056791288343,8.456313710909281,7.195058154964111,0.9327672048523444,6.996807704497116,4.638788431292155,7.996081289066513,6.89246392130829,0.9024930780309519
2025-09-09,7.220299258332167,10.11365448103928,8.24961575664169,7.019189111748646,0.9327672048523444,6.853958217871937,4.525402373039455,7.8264334586237485,6.7234571299035215,0.8824088298449401
2025-09-10,7.664119159663829,10.735324161655013,8.756706047520103,7.466506866981381,0.9327672048523444,7.208588646801138,4.5186142694798965,8.276060998345887,7.112201298836643,0.8935775142077664
2025-09-11,8.503498892060875,11.911064430599472,9.715746665981653,8.304185052638104,0.9327672048523444,7.949861452888416,5.006718167800394,9.114740412806052,7.820521251646261,0.9395691103112186
2025-09-12,8.54664714613253,11.971503273579176,9.765046079195077,8.34424590685056,0.9327672048523444,7.978738009551464,5.032123139366994,9.225962281348677,7.822093794531346,0.9293154581052804
2025-09-15,8.431649045330886,11.810422546053733,9.633653998283426,8.23197118490373,0.9327672048523444,8.032039424711368,4.964414177696677,9.127506022303713,7.70966315837506,0.9433938462702902
2025-09-16,8.641009653257214,12.103679206858166,9.872860782957346,8.431140041381695,0.9327672048523444,8.600839158188128,5.08768220802536,9.364886182084424,7.880418718877763,0.9498119938132259
2025-09-17,8.589620719656335,12.031697437129077,9.814145909628293,8.378891437977176,0.9327672048523444,8.321489733019396,5.057425261943597,9.31367392727225,7.847569319854629,0.968366470686511
2025-09-18,8.673388523176106,12.149033103023658,9.909855542579933,8.460604164836441,0.9327672048523444,8.246553074478928,5.106746346015324,9.463060538157851,7.917326152221869,0.9525229381085665
2025-09-19,8.639204826083681,12.10115114011494,9.870798661962622,8.427259096848667,0.9327672048523444,8.05988623323722,5.086619555920129,9.388730999513788,7.895999678364505,0.9510313187754815
2025-09-22,8.988141689586715,12.589915767023552,10.26947951219274,8.776908613108828,0.9327672048523444,8.856967159395671,5.292067755078126,9.863732397592502,8.211704035679919,0.9562261415518442
2025-09-23,8.96284374639737,12.554480302738225,10.240575127031057,8.721851344599173,0.9327672048523444,8.646627430170316,5.277172748518845,9.812130804732572,8.197966863717745,0.9582771181348357
2025-09-24,8.924245811742935,12.500415206429896,10.196474720869691,8.647238164096816,0.9327672048523444,8.859993630319776,5.254446929050067,9.820105826539047,8.173316436248871,0.9801277414428031
2025-09-25,9.144326976700345,12.808688420673096,10.447930371281624,8.893013575713546,0.9327672048523444,9.461504726485808,5.384027044361388,10.137031716082154,8.389063827016043,0.9955712935890212
2025-09-26,8.790212539631122,12.312671436455588,10.043333839312483,8.560975727305431,0.9327672048523444,9.078656154586422,5.175530376335693,9.76158715573982,8.057984853414382,0.9696540999994153
2025-09-29,8.978838807150357,12.57688498598903,10.258850422901103,8.783891221133926,0.9467031553506481,9.065038170354542,5.286590373226461,9.981673117033628,8.266863875694664,0.9962626443813978
2025-09-30,8.863921128944007,12.41591690841232,10.127550229525632,8.697098207725553,0.90017194531682,9.065038170354542,5.218928763037466,9.8940439885038,8.185853276708741,0.9963081806151634
2025-10-09,8.961409899921735,12.552471877974297,10.238936873261403,8.869483807293832,0.8886190346185315,9.065038170354542,5.276328523654407,10.047407321039806,8.284073222429221,1.0035884398270973
2025-10-10,8.638280168898254,12.099855949576124,9.869742186848024,8.600797296233834,0.8433862691592108,9.420845033194153,5.086075133208015,9.71695517544162,8.031306460436278,0.9578799067984055
2025-10-13,8.59565076171903,12.040143868467482,9.821035586667126,8.544121256060286,0.8352125418031727,9.725803575652655,5.078446020508204,9.696186662319517,8.020454298995833,0.9472650414948927
2025-10-14,8.115488927815452,11.367569130311171,9.272422504440957,8.116939890869316,0.7886182154798478,9.092147202999357,5.078446020508204,9.123067032103782,7.614135611389497,0.9094887357818492
2025-10-15,8.3222158377482,11.657136704200857,9.508620134550956,8.04909925428849,0.8148719713386346,9.128669184132113,5.078446020508204,9.336487500580233,7.7392760679085955,0.930990453082449
2025-10-16,8.396440834374049,11.76110552084843,9.593426550433879,8.342737709622746,0.8216246156058581,9.791543141691616,5.078446020508204,9.432440826744418,7.842576593453329,0.9345518173110912
2025-10-17,8.058964509021159,11.288393957513819,9.207840037809493,7.731483424451229,0.8014431548241209,8.805449651107232,5.078446020508204,9.031058305618714,7.4716185463409355,0.9031465845209415
2025-10-20,8.266689417511538,11.57935945304405,9.445177939857201,7.648905430267116,0.8290871393361069,8.799971353937318,5.078446020508204,9.222546185332817,7.644633445617801,0.92101801788774
2025-10-21,8.769552819803382,12.283732848103902,10.019728896619553,8.213219851769594,0.8860261894446614,9.282061504889684,5.078446020508204,9.784510156901243,8.079387835887292,0.9487892746170261
2025-10-22,8.819407590715933,12.353565677630886,10.076690899017075,8.145249606882917,0.8964298140489965,9.044668627526777,5.078446020508204,9.790361505772662,8.13360329329675,0.9412828726225391
2025-10-23,8.625765230297969,12.082325960814417,9.85544313483142,7.879171795338666,0.8685833728834316,8.72510129261517,5.078446020508204,9.56818482258009,7.934506045233982,0.9421579067362547
2025-10-24,9.21667988008855,12.91003494931232,10.53059781074285,8.509145230872484,0.9247988979509174,9.028233736017036,5.078446020508204,10.215847065604313,8.450493265793966,0.9758196445158525
2025-10-27,9.654723567681645,13.52361374229717,11.031088438343257,8.88967640114754,0.9754505347140077,9.296670297342784,5.312193056665023,10.624381370586532,8.851814301839486,0.9951682363847425
2025-10-28,9.553770713800555,13.38220654482541,10.915743876537968,8.794500704153382,0.9742182068454803,9.28272529189677,5.256647080058007,10.538260183127917,8.731565207344133,0.993666771379492
2025-10-29,9.67620206073524,13.553699206866634,11.05562887751126,8.890084744691928,0.9907184537469492,9.28272529189677,5.32401088872071,10.631148177228987,8.830451941101291,1.0228025767354763
2025-10-30,9.262103446393269,12.973660879272543,10.582496901750448,8.491948212920613,0.9515489331002086,9.28272529189677,5.09616679060012,10.241780899999455,8.4279444494624,1.0039576525333063
2025-10-31,8.662275469636839,12.133466769869843,9.897158226540554,7.820364590627641,0.9149550842566554,9.28272529189677,4.766131239506235,9.638473540542163,7.880945411485725,0.9807314042174546
2025-11-03,8.676975039054689,12.154056825876266,9.913953347510839,7.904505654453756,0.903978883322018,9.28272529189677,4.758982042646976,9.662497621362693,7.875401269997767,0.9836044944262722
2025-11-04,8.570936451773479,12.005525913922428,9.79279803674756,7.804093987839201,0.8875369519198469,9.28272529189677,4.758982042646976,9.539749906112311,7.755628454314475,0.9642882086691754
2025-11-05,8.530162986009733,11.948413496559239,9.746211958583375,7.897161485861132,0.8804228827221128,9.28272529189677,4.758982042646976,9.487576071678637,7.693223780234887,0.9741772633277321
2025-11-06,8.9231559094213,12.498888552879304,10.195229443486575,8.200046990123084,0.932590036457815,9.28272529189677,4.758982042646976,9.931261289875655,8.019022444542474,0.992143461289124
2025-11-07,8.822823549805344,12.358350497306029,10.08059383280414,7.952444532499923,0.914995820972621,9.28272529189677,4.6983333650594465,9.683399514620735,7.9973234347956925,0.9870920161136727
2025-11-10,8.650054761379499,12.11634891693796,9.883195349963005,7.827162427804088,0.8989098430883001,9.28272529189677,4.691285865011857,9.459550226506149,7.870628093593861,0.9780527660339073
2025-11-11,8.371633326330397,11.726357021387058,9.565082516216219,7.413695039871172,0.8801904757469429,9.28272529189677,4.691285865011857,9.210795711821161,7.621487424200466,0.9643577437288446
2025-11-12,8.37620791973585,11.732764769243296,9.570309257724793,7.772102947805771,0.8674708549061636,9.28272529189677,4.691285865011857,9.227891805942042,7.602920100899791,0.9605766979400079
2025-11-13,8.471780517837024,11.866635707339814,9.679506561463802,7.601853112474315,0.8841204382848517,9.28272529189677,4.691285865011857,9.358814494456658,7.731313010973371,0.9851068824632881
2025-11-14,8.096566751803339,11.34106436321373,9.250802807556605,7.31393292583935,0.8400163464263283,9.28272529189677,4.691285865011857,8.950143555784459,7.397221045553169,0.9573399332155745
2025-11-17,8.165516149863798,11.437643516474505,9.329581542384545,7.302962026450592,0.8463888704966345,9.28272529189677,4.691285865011857,9.047858480693908,7.452380751403534,0.9554003357989558
2025-11-18,8.187625919963045,11.468613226653892,9.354843252635126,7.136164615239667,0.843477589203494,9.28272529189677,4.691285865011857,9.071153500184725,7.474229931777213,0.9443288774487644
2025-11-19,8.19120523983355,11.473626869877286,9.358932835704374,7.125460368316808,0.8479768421110746,9.28272529189677,4.691285865011857,9.081225332567483,7.457839897013942,0.9466752241967235
2025-11-20,8.257026034528707,11.565823709841506,9.434136957528718,7.1644575043686745,0.8596219672836362,9.28272529189677,4.691285865011857,9.130497148886114,7.521276702002561,0.93605912818419
2025-11-21,7.785824644359151,10.905800090230333,8.895761708274554,6.756039651930224,0.7898835472161367,9.28272529189677,4.691285865011857,8.643923540393379,7.108570310776149,0.8984415839348164
2025-11-24,7.6975915457251665,10.782209773340655,8.79495021352823,6.745905592452329,0.7886987218953125,9.28272529189677,4.691285865011857,8.561318747914111,7.042380172816289,0.901199910527454
2025-11-25,7.944975032098196,11.128726034782932,9.077600368888593,6.745905592452329,0.8270717352045863,9.28272529189677,4.691285865011857,8.825049952421889,7.274965668846809,0.9171655909757028
2025-11-26,8.353629301786793,11.701138332107378,9.54451186128298,6.745905592452329,0.9368964113622004,9.28272529189677,4.691285865011857,9.274024132369494,7.609008624915441,0.9367834004428703
2025-11-27,8.353672745933892,11.701199185415152,9.544561498771346,6.496665518529487,0.9354910667451571,8.93975767898704,4.691285865011857,9.284609844741412,7.6057029493713175,0.93266083290079
2025-11-28,8.358756549750016,11.70832019708047,9.550370043066344,6.378657253852565,0.9354910667451571,8.777372023250182,4.691285865011857,9.295628588943666,7.615654113409911,0.9392115893407059
2025-12-01,8.544795766712696,11.968909999935576,9.762930769526195,6.670572434895478,0.9354910667451571,9.179062855862412,4.691285865011857,9.548490055134469,7.811785410254322,0.9514916039492218
2025-12-02,8.50968257061259,11.919726064426026,9.722811881728129,6.720260125285761,0.9354910667451571,9.119471451039118,4.664970998503817,9.466503446002909,7.766220910179435,0.9449226945512509
2025-12-03,8.50264820733009,11.909872855135399,9.714774708738895,6.493311599428144,0.9354910667451571,8.743010089076137,4.6579735420060615,9.404294330589908,7.771691442567393,0.934349981031697
2025-12-04,8.633198062098607,12.092737314964399,9.863935581493969,6.639517628401551,0.9354910667451571,8.802709679586435,4.6579735420060615,9.482094760924742,7.899172644114083,0.9437950574110372
2025-12-05,8.62333936101809,12.078927984797767,9.852671436773099,6.658771608427785,0.9354910667451571,8.919045422500997,4.645667397717279,9.416956434107767,7.915168992847675,0.9566599664816395
2025-12-08,9.103676664228901,12.751748507218952,10.401485002983375,7.068073958017741,0.9354910667451571,9.696565855695727,4.904440392262916,9.811792155533452,8.393996521887537,0.9815732091876117
2025-12-09,9.375963330189673,13.13314727765683,10.712588502916741,7.515263171530287,0.9354910667451571,9.956654599418416,5.051129886196708,10.043505434229811,8.606844643137656,0.9875218412391515
2025-12-10,9.187190229450433,12.868728055144977,10.496904153754699,7.639482397505994,0.9354910667451571,9.793191025018677,4.949431808114025,9.868238822658613,8.439613478987285,0.9873375425633021
2025-12-11,8.851743428248039,12.398859297251619,10.113636491611627,7.190719580027286,0.9354910667451571,9.260137936666608,4.768715938916165,9.51903743058214,8.102150768977719,0.973390840263507
2025-12-12,8.864718007985799,12.417033116896693,10.128460710610156,7.08694385516201,0.9354910667451571,9.253993801046413,4.77570575800635,9.541290811232848,8.128597884429398,0.9828316091612745
2025-12-15,8.658208626088,12.127770239987937,9.892511619049658,6.96671237801915,0.9354910667451571,8.95626042757086,4.66445258071146,9.345047041319566,7.9588092470854646,0.9654299989631273
2025-12-16,8.47550794736668,11.871856811481981,9.683765368513127,6.666957876923796,0.9354910667451571,8.781591659476232,4.657455901840393,9.157695011027108,7.802122386777935,0.9451113007086728
2025-12-17,8.971376856675297,12.566432844580586,10.250324706443674,7.241420137147334,0.9354910667451571,9.448173719331036,4.657455901840393,9.660288411495603,8.271352949448497,0.9771546561260537
2025-12-18,8.757167366495802,12.266384232643214,10.00557778915106,7.126333192772799,0.9354910667451571,9.252926833553635,4.539263682369545,9.423245447833919,8.123770326404612,0.9559732308480905
2025-12-19,8.739221449649452,12.241246936274232,9.985073525673036,7.068555928335932,0.9354910667451571,9.088289189295708,4.532454786845991,9.42867442342331,8.09454516224581,0.9606416178408499
2025-12-22,9.086529551035094,12.72773011518495,10.381893419570638,7.465336529230429,0.9354910667451571,9.475483414108183,4.532454786845991,9.805913436576374,8.392181906134136,0.9821011833574909
2025-12-23,9.258697411112001,12.96888996012467,10.578605306496751,7.598713153798737,0.9354910667451571,9.895762921592048,4.6115352114428205,9.998177690874035,8.562395804363836,0.9861089872833911
2025-12-24,9.39509325269359,13.15994304048209,10.734445562363348,7.767750206263759,0.9354910667451571,10.574568828332728,4.679470710165673,10.167130910380871,8.715975718087464,0.9936673867340028
2025-12-25,9.333790145966944,13.074074239499625,10.664403164245345,7.651835197028526,0.9354910667451571,10.541128519318324,4.648937102392567,10.157796119311126,8.646720967674076,0.9966721628080347
2025-12-26,9.211539430830886,12.902834592954607,10.524724545705633,7.563178413415192,0.9354910667451571,10.520073509938884,4.5880469520354135,10.030949044527391,8.552021658767405,0.9980668638057398
2025-12-29,9.290385936237264,13.013276873002388,10.614811306667233,7.643962843613231,0.9354910667451571,10.39869757351623,4.627318506103521,10.111699054562392,8.585618435727964,0.9915241069744586
2025-12-30,9.351791876640831,13.099289715698388,10.684971198297776,7.6733559114394785,0.9354910667451571,10.421635938604107,4.6579033328657555,10.202424977534962,8.647037432889013,0.9977681091909656
2025-12-31,9.118602218435361,12.772655105793516,10.41853832484066,7.400123217708228,0.9354910667451571,10.023478477630333,4.541757154628175,9.973656935716008,8.42977275795873,0.9855431688111257
2026-01-05,9.350482519285668,13.097455665971566,10.683475180656158,7.4765032051432865,0.9367510112127071,10.180858262933704,4.534944518896233,10.196868826337088,8.638101529270433,1.0136584087116967
2026-01-06,9.338134904379965,13.08016005171055,10.669367305783037,7.326847572194582,0.9281896919937029,10.11108867472023,4.522153561053557,10.17460254388916,8.645785046629896,1.0212706516819636
2026-01-07,9.347767576478699,13.093652777406556,10.680373199123618,7.362369983886275,0.9301354463616583,10.223496785487928,4.526818349352269,10.206769144444198,8.66809065453752,1.0244708028130314
2026-01-08,9.299960138817317,13.026687698975342,10.62575039515038,7.107031156798609,0.8980304992903927,9.929480448559886,4.503666769654715,10.220352341046473,8.60144463210192,1.0160447535028283
2026-01-09,9.317172219155228,13.050797092119488,10.64541620733903,7.13569279556017,0.8918104294300889,10.004785842588092,4.496911269500234,10.226400446656134,8.631651617761118,1.0238923695733035
2026-01-12,9.342597823818839,13.086411375037542,10.674466453229186,6.987487147538214,0.8900655758102834,9.991283927156102,4.496911269500234,10.27643594220522,8.676808105736345,1.0425154584744927
2026-01-13,9.03280908043635,12.65248250303542,10.320514628353061,6.751085500386629,0.8560359731643545,9.630207060928328,4.496911269500234,9.952803461879595,8.370035518494998,1.0220696895136512
2026-01-14,9.231334516276869,12.930562066215815,10.54734159286068,6.74095887213605,0.8602066367488259,9.969185576176116,4.496911269500234,10.196827068030935,8.538065257283044,1.0304535870398952
2026-01-15,9.368776144869722,13.12308000670081,10.704376721778594,6.808908699135421,0.884771606930751,9.92411804722443,4.496911269500234,10.363178432779955,8.666642709874724,1.036231458214813
2026-01-16,9.443240911087898,13.227384674637241,10.78945708849597,6.770474560679173,0.8896383204015023,10.030999927880751,4.525908185388232,10.445635963352576,8.759040389339914,1.0341084851541105
2026-01-19,9.371116397617408,13.12635805749089,10.707050597922931,6.73637342070831,0.8854960917551697,10.047829260548145,4.491340717613482,10.396701106783345,8.673512946590048,1.0269060682877358
2026-01-20,9.060195616211184,12.690843511402164,10.351805353150537,6.585623918834884,0.8426833055720232,9.907746949118277,4.484603706537062,10.08257595477777,8.403833577360057,1.0085595812389483
2026-01-21,9.461818058728525,13.253406151830687,10.810682570211663,7.408256599304267,0.8670481914382684,10.614317061934493,4.484603706537062,10.572905367748296,8.787311099109198,1.0139574710037262
2026-01-22,9.690158995589986,13.57324903599212,11.071575494898244,7.604712865560329,0.8955640628550887,10.701127102170627,4.484603706537062,10.786173746089679,9.010938966435635,1.0241489724041193
2026-01-23,9.332308794520847,13.071999273330663,10.662710633258246,7.210451685275066,0.8473158072435241,10.445753137669868,4.312263797224681,10.4087827126405,8.696519248721751,1.0305658892380343
2026-01-26,9.3230561655824,13.059038883632587,10.652138961538007,7.252786861117964,0.8643506971222058,10.37081243090138,4.305795401528844,10.354034253874694,8.715283788355666,1.0212266538344739
2026-01-27,9.495359022771991,13.300387822417973,10.849005090590111,7.33162906797601,0.901736037409012,10.421425569585605,4.305795401528844,10.499910957754846,8.904895254617827,1.028441685468311
2026-01-28,9.557984663081582,13.388109129400386,10.920558560963459,7.470792307041192,0.9281815664392624,10.431535510189294,4.305795401528844,10.548185968662704,9.016611375292383,1.022584433561558
2026-01-29,9.31460793805926,13.047205239196359,10.642486365655616,7.258312392258379,0.899163247167567,10.186208338708845,4.305795401528844,10.231381759533726,8.791244644381466,1.0167225664959776
2026-01-30,9.675382021968797,13.552550557974374,11.054691935081776,7.7996795322479855,0.9641835501738015,10.810579116660486,4.305795401528844,10.566304860131336,9.201739743848503,1.0295973212387455
2026-02-02,9.438212419844403,13.220341140681365,10.783711742062215,7.557287810538263,0.9627372748485409,10.443667992451841,4.305795401528844,10.286270584715119,8.958562858310325,1.0042927130641914
2026-02-03,9.52064213609105,13.335802514131595,10.877892531754432,7.910575761798579,0.9627372748485409,10.777007949150212,4.305795401528844,10.266833621123606,9.139582894927132,1.0229936443109395
2026-02-04,9.161745131666331,12.833086467723557,10.467831635830073,7.564222791353209,0.9627372748485409,10.377568503322903,4.305795401528844,9.849315824041266,8.818873710799267,1.0188778456684733
2026-02-05,8.976878300268357,12.574138854768863,10.256610428700574,7.210247825439438,0.9382759111451383,9.951623638657981,4.305795401528844,9.678620490721968,8.601015768853195,1.0031133861451085
2026-02-06,8.959795651945216,12.55021076029799,10.23709250018686,7.119282394786337,0.956054351441183,9.80320985155132,4.305795401528844,9.634449540911271,8.57464277756681,0.9957863599903881
2026-02-09,9.457886748756671,13.247899467233466,10.80619081778871,7.971398707803617,0.9853434448779042,10.75745899957476,4.305795401528844,10.053946315179957,9.097034972933098,1.025417525727203
2026-02-10,9.492689117175216,13.296648018604216,10.845954566714042,7.956894398985912,1.0203878648849636,10.662513166066166,4.305795401528844,10.143089646098115,9.120837356050092,1.0216537098646559
2026-02-11,9.242753936044362,12.946557534238709,10.560388950300455,7.7145517019930105,1.0046198468840368,10.328778159199189,4.305795401528844,9.839797371338365,8.890393363334173,1.0106382487749062
2026-02-12,9.465822085222351,13.25901469228623,10.815257405529652,8.21976289304028,1.0335541599157372,11.116226420361617,4.305795401528844,9.993879786167847,9.184098228152564,1.0239692888870975
2026-02-13,9.414907720528982,13.187697663142856,10.757084755036098,8.093016321013929,1.0206243851549774,11.03736921053613,4.305795401528844,9.98733896794574,9.116548211174218,1.0079377655062414
2026-02-24,9.594194793764832,13.438829568725813,10.961930760916232,8.450365447215411,0.9775776960124477,10.918763709239645,4.305795401528844,10.05853553931797,9.34297043039079,1.017877894589157
2026-02-25,9.746386937593819,13.652008926304207,11.135819219392495,8.270500257637895,0.9710339685420631,10.964934872429037,4.305795401528844,10.182923358071479,9.421560134350983,1.0322015015265407
2026-02-26,10.093547499439529,14.138285442876459,11.532470540704695,8.66175616376697,0.9955532365335039,11.728730523084147,4.305795401528844,10.477328250109261,9.730491287746837,1.0291748803673912
2026-02-27,9.90662754367293,13.876461967062355,11.318903518459262,8.543586096705914,1.0286660743354497,11.32891982281097,4.219598728688655,10.26252022212233,9.57422879702018,1.0185055561897125
2026-03-02,9.916595816643515,13.89042477732688,11.330292855496747,8.433543049929977,1.0201907646599517,11.32962477052431,4.223844584482514,10.329753113511027,9.537308901245723,1.0135384145821789
2026-03-03,9.440203135347652,13.223129585875887,10.785986251385859,7.8768006853943255,0.9471327137825598,10.531041727880455,4.0209313384267,9.846187956482202,9.0601540791119,0.9874846122912755
2026-03-04,9.352018693552099,13.09960742384163,10.685230349933752,7.865458684594385,0.9429308328782802,10.556133620090014,4.01489994141906,9.723689073830021,9.011542287947996,0.9736049836331083
2026-03-05,9.574131779385224,13.41072680067928,10.939007589226257,7.879836825272403,0.9559558848481631,10.543494829346976,4.01489994141906,10.00876323117675,9.191423811054559,0.9897789615831101
2026-03-06,9.449786759626901,13.236553609059493,10.79693610471342,7.685092564112103,0.9495510306538308,10.386102020881193,4.01489994141906,9.911745825206166,9.06561397760775,0.9935827754888299
2026-03-09,9.19219258185847,12.875734975777648,10.502619635034506,7.432250534985279,0.9280131386081845,10.077819984455713,4.01489994141906,9.666542295164879,8.789216697763175,0.9872077027616186
2026-03-10,9.561779028122128,13.393423991793481,10.924893845763295,7.669213657568795,0.9581536289344534,10.5923741411673,4.01489994141906,9.958529829847164,9.163099937143066,1.0172243880991667
2026-03-11,9.481469601314645,13.280932561003558,10.8331356112229,7.580234521773434,0.9381855540933003,10.55590581297829,4.01489994141906,9.900568881828645,9.087151667750705,1.0305738888466687
2026-03-12,9.371241808934592,13.126533724272086,10.70719388771484,7.570718540380761,0.9259409798982536,10.413570896544023,4.01489994141906,9.768411645128683,8.993046511187279,1.0207260629403054
2026-03-13,9.378654886262318,13.136917407835803,10.715663763732437,7.709376300461105,0.9174639669939906,10.397950540199208,4.01489994141906,9.812170219722885,8.963515889421899,1.0184972489038229
2026-03-16,9.549571720156088,13.376324908986119,10.910946279805193,7.96249954825976,0.9551395799018267,10.397950540199208,4.01489994141906,10.030259546836486,9.131112925812031,1.0328793145196897
2026-03-17,9.230210496179753,12.928987623040365,10.546057333916249,7.884742122121376,0.8909975230577224,10.397950540199208,4.01489994141906,9.760267573048406,8.791254748454259,1.0091995499297113
2026-03-18,9.633506415012816,13.493894343767206,11.006846595906346,8.374224855931692,0.9639963249266392,11.043452596907157,4.01489994141906,10.156522098623368,9.187538502945172,1.0296003980112973
2026-03-19,9.418277074427746,13.192417201757147,10.760934439656975,8.024914992384392,0.9789721535693041,10.473586037486644,4.01489994141906,9.912121713945886,8.999237885514397,1.0181357281289931
2026-03-20,9.44461918027127,13.22931525089229,10.79103184194665,7.819064656346492,0.9918021918392886,10.225871023434472,4.01489994141906,9.92721439882989,8.99515967864615,1.0313658501014873
2026-03-23,8.973618449905516,12.569572700507097,10.252885858297683,7.356610123110021,0.9486628645551944,9.85921958969648,4.01489994141906,9.438373338377113,8.528317265120362,0.9954039171622064
2026-03-24,9.148137181168027,12.814025469749529,10.45228375355679,7.5347030076792505,0.949333424046657,10.015351518882936,4.01489994141906,9.641094044209925,8.6729488735837,1.0004264406756715
2026-03-25,9.352584619129873,13.100400130009449,10.685876953127948,7.5558911931758415,1.011248417091704,10.239074157081394,4.01489994141906,9.835385164967715,8.880588267331522,1.0205565327727042
2026-03-26,9.199711974162359,12.886267577398167,10.511210982153388,7.230175063193174,1.033287472377775,9.904115494776125,4.01489994141906,9.611920901184448,8.734367610236724,1.0068701254307864
2026-03-27,9.111450363423502,12.762637322887224,10.410366910653499,7.060720449177312,1.0096837782782915,9.876101207490038,4.01489994141906,9.547671067288709,8.637875209502445,1.0140673117838233
2026-03-30,8.99483775403971,12.599295112648626,10.277130158910072,7.073056433834703,1.0071356522107335,9.712974136866178,4.01489994141906,9.421138349357928,8.520116469297255,1.0071368816110224
2026-03-31,8.754746006928022,12.262992573493545,10.00281124370354,6.822131800467804,0.9585871450288411,9.351807410133613,4.01489994141906,9.187963253233963,8.261990620653316,0.9799372892218502
2026-04-01,9.14661694423783,12.811896035706534,10.45054679362141,7.096443754041747,1.0304805866004074,9.824530313276393,4.01489994141906,9.56165442700741,8.639563371568599,0.9991889627553604
2026-04-02,8.875260924382076,12.431800844637534,10.140506611494846,6.871984121474229,0.9949204707474875,9.484908904953778,4.01489994141906,9.251878867161352,8.383230765778185,0.9761519359514409
2026-04-03,8.986125092883997,12.587091069383032,10.267175432079394,7.050342046287248,1.0148040911147846,9.885201446002775,4.01489994141906,9.334785932097542,8.478650088135259,0.9690590521879081
2026-04-07,9.083699170335422,12.723765529864858,10.37865954346912,6.901869519574899,1.0145211382570407,9.870373643833771,4.01489994141906,9.498443711692127,8.536110725593838,0.9725111909909634
2026-04-08,9.764856844353343,13.677880188502558,11.156922172106157,7.50820140559298,1.1166012317152756,9.870373643833771,4.01489994141906,10.218273636263755,9.166990550708356,1.029983456193989
2026-04-09,9.820759284492059,13.756184140178453,11.220793991611544,7.5679899714367265,1.1402506774510186,9.57511965424551,4.0318623323193785,10.286582196043312,9.259034300494891,1.022503514443447
2026-04-10,10.163307350388827,14.235999817850022,11.612175265534235,7.928211940034317,1.1733866240186133,9.839285177169334,4.1724936831029105,10.637628540431798,9.580392083783607,1.0611133178407575
2026-04-13,10.323142223196111,14.459884537825898,11.794795990520138,7.864114145292522,1.1716265440825855,9.895578372835443,4.238113069994958,10.830941986275791,9.738712059354496,1.069621516978092
2026-04-14,10.628395352755367,14.887460261651418,12.143565610348599,8.154261692464313,1.1716265440825855,10.258108560381661,4.3634331760315686,11.187889108040888,9.99293525811411,1.0948778198235838
2026-04-15,10.403097239836836,14.571879537395601,11.886149290640033,7.892474242552891,1.1716265440825855,10.02593167437762,4.270938191814485,10.998251008515009,9.744901863694546,1.0814732448474058
2026-04-16,10.701376420118159,14.989686675343753,12.226950764025968,8.31259511552414,1.1716265440825855,10.203786735224341,4.39339517875952,11.263466687081365,10.02474743341206,1.1157211077981106
2026-04-17,11.102847491727623,15.552037286740516,12.685655030938902,8.829703945477727,1.1716265440825855,10.60035570493937,4.5582170671947795,11.610098508709052,10.373080052966873,1.1317270939667874
2026-04-20,11.321651608893006,15.85852170807331,12.935651579281773,8.877858045447374,1.1716265440825855,10.978243387869282,4.648045974777166,11.840355451440955,10.605309852171711,1.1315064893748275
2026-04-21,11.078040939569993,15.5172901262127,12.657312088877134,8.763395629503217,1.1716265440825855,10.547392416461234,4.548032864492957,11.644641642866207,10.333820212974775,1.1350020106708625
2026-04-22,11.47901072562255,16.078938574342054,13.115443607614282,9.177263528382552,1.1716265440825855,10.795728468520526,4.712648952715007,12.034374656147792,10.68715687601484,1.1546385884505959
2026-04-23,11.35648134261031,15.907308590705204,12.975446594667362,9.073499912732302,1.1716265440825855,10.677681372065965,4.6623451432377205,11.99973833386581,10.510008337639173,1.1446353855303695
2026-04-24,11.107538189556127,15.558607664977638,12.6910144285665,8.667219797410944,1.1716265440825855,10.65121137861239,4.5601428091195295,11.833419015296801,10.259274812974576,1.1284940213694161
2026-04-27,11.30121235954458,15.829891938258262,12.912298537053758,8.71612785310136,1.1639687535191499,10.946121345434895,4.639654745834314,12.080188556103728,10.468600320387184,1.1226490765528703
2026-04-28,11.066743851439883,15.501466011186173,12.64440450251431,8.632148526255312,1.1188178580710948,10.756413935761412,4.543394902928354,11.842810040670535,10.21997930225389,1.1066264758124142
2026-04-29,11.130653563203918,15.590985949299316,12.717425099903345,8.705360529749445,1.1171396312839883,10.804508114448273,4.569632707161851,11.84121127373329,10.272057680188409,1.1344577296064595
2026-04-30,11.3537688087458,15.903509076406387,12.972347365492991,8.945000985154875,1.1171396312839883,10.881108739267564,4.661231526378102,12.158879441423867,10.437604372689394,1.1313748035096132
2026-05-06,11.895319226951019,16.6620723461309,13.591100508984395,9.357640734565761,1.1171396312839883,11.59838901129933,4.883562271788115,12.829911654389281,10.976122137745195,1.162453590732023
2026-05-07,12.244372826889292,17.151000488695733,13.989914737444565,9.552357677193807,1.1171396312839883,11.860340937402086,5.026864436191423,13.185048373829368,11.326783274743079,1.179344456686581
2026-05-08,12.14358101112947,17.00981886136428,13.874754171146261,9.459975449054214,1.1171396312839883,11.549553487480257,4.985484873410589,12.981919024230084,11.248312348741159,1.16798224333025
2026-05-11,12.675038421504217,17.754244601573788,14.481975460700435,9.894146443378775,1.1171396312839883,12.265384856603863,5.203671986244682,13.570336461414998,11.767169678700776,1.208855935971133
2026-05-12,12.773115853746875,17.8916241237515,14.594034684487632,9.949015631041625,1.1171396312839883,12.174819591070257,5.243937172800492,13.663199601051613,11.798663092065848,1.2106736931947026
2026-05-13,13.397406369160219,18.766083525333,15.307323246140065,10.418812689264493,1.1171396312839883,12.54986332748985,5.5002364405662725,14.277800532692282,12.425718153854874,1.2425032129197375
2026-05-14,13.054637201986147,18.285958145550204,14.91568935102872,10.149645365683604,1.1171396312839883,12.165895690482202,5.359514317787849,13.907179118570147,12.178331891446543,1.215675910009326
2026-05-15,12.666098936948073,17.74172284107541,14.471761574819523,9.83296950570914,1.1171396312839883,11.6725911518009,5.20000192673012,13.439284651454521,11.842773218516179,1.2088836269240986
2026-05-18,12.753894136316472,17.864699781467635,14.572072743948867,9.86323447946715,1.1171396312839883,11.859567585412016,5.236045795339228,13.57819173199086,11.90472377954197,1.2045179943504307
2026-05-19,12.694521100407531,17.781534479145794,14.504235565041245,9.809920867643594,1.1171396312839883,12.059657295890808,5.211670500099611,13.616165444365324,11.82285149605048,1.2025374758588738
2026-05-20,12.858030187921454,18.01056576392495,14.691054296017299,9.940111756612001,1.1171396312839883,12.203888470486469,5.27879831698647,13.852984254350527,11.993456488743385,1.206645274892706
2026-05-21,12.38628785139261,17.349784427164547,14.152060983792415,9.529108044181566,1.1171396312839883,11.889471249300616,5.08512692131196,13.339087057173321,11.529519214384845,1.17833589064412
2026-05-22,13.0218137905209,18.239981568877788,14.878186676593451,9.757948649828244,1.1171396312839883,12.122120246131972,5.077499230929992,13.842679168999128,12.124121668840635,1.2117874848584338
2026-05-25,13.659817758484081,19.13364974780617,15.60714366280634,10.276664209296845,1.1171396312839883,12.901859496550246,5.318655135393106,14.536604409056878,12.675266913913124,1.2372194714166298
2026-05-26,13.7600745592747,19.27408196623543,15.72169294309529,10.37516271260703,1.1171396312839883,13.04802092533086,5.3576916260557965,14.592008417172567,12.659753430924722,1.2439594493684776
2026-05-27,13.466728296290581,18.86318448941661,15.38652761729898,10.180779850866621,1.1171396312839883,12.770544166174595,5.243472854205797,14.190728619416804,12.43548065150116,1.2447923316982343
2026-05-28,13.91279812800068,19.48800570401172,15.89618858571266,10.527149314931664,1.1186694874935443,12.886321021247106,5.41715684056025,14.706789041547223,12.864704808896203,1.2691917533880654
2026-05-29,13.479482442227601,18.881049541901646,15.401099977740014,10.279908342898956,1.0813681939191475,12.768208679038306,5.248438872419573,14.158553653370767,12.466003777334274,1.2423856802082611
2026-06-01,12.819095934809491,17.956029577907824,14.646569626275268,9.765229206530348,1.0098736508173525,11.846661960534558,4.9913074705864755,13.50883132960055,11.821672259871415,1.215615297590057
2026-06-02,13.414598284668077,18.790164673093326,15.326966018826639,10.485475765967093,1.0335725920835372,12.667641146273994,4.983820509380596,14.146445542620997,12.338687839804834,1.2478992566209843
2026-06-03,13.841570825899447,19.388235833360284,15.81480721179809,10.951552539139293,1.078405842989393,12.551601685392097,4.983820509380596,14.543728921715248,12.76914845587471,1.2685493232792617
2026-06-04,13.943545096425913,19.531073754776152,15.931318802081053,10.984949663796046,1.0919048927693673,13.61723073449087,5.013061815091025,14.667292318203776,12.869941121756868,1.258056605846053
2026-06-05,13.306084585002546,18.638166809069897,15.20298274686749,10.446044935843918,1.0238320786752553,12.882314148905508,4.78387842404193,14.045700624028113,12.317738624801265,1.2177665769582353
2026-06-08,12.738782093243895,17.84353196325536,14.554806347614571,10.08341164535321,0.958067287476139,12.659815731134923,4.776702606405867,13.525299412382461,11.74583306229929,1.1727995461145135
2026-06-09,13.396371161866508,18.76463348448147,15.306140461037115,10.526577725272372,1.0078188256026717,13.2539725557844,4.776702606405867,14.183837363137583,12.393245137083714,1.21894005800947
2026-06-10,13.093467688568904,18.340348983184178,14.960055461419714,10.05865505602566,0.9847595414271942,12.98769706454265,4.776702606405867,13.955147128701421,12.08435771872838,1.1860321295050493
2026-06-11,12.88896071367292,18.053890928045575,14.726394237406302,9.772365004682218,0.9718484628741393,12.779265198997503,4.776702606405867,13.709637453202468,11.906097369713997,1.1726337080739746
2026-06-12,12.740952910768204,17.846572681873347,14.557286634069827,9.472972844358102,0.9750961792735839,12.280395488020595,4.776702606405867,13.574389886377672,11.7172220553415,1.1785124973885897
2026-06-15,13.537351343310219,18.962107964801735,15.467218594311177,10.155384973100759,1.0433996276438322,12.577667165109576,4.776702606405867,14.404253912501414,12.446127823984844,1.2410269774494112
2026-06-16,13.747110166436938,19.25592241563699,15.706880363228011,10.277047703698045,1.0594384913018078,12.844186599741075,4.843551699853168,14.53313791248765,12.700036803701343,1.2623819326992927
2026-06-17,14.062537714834459,19.697749703420453,16.067274853849185,10.415008571495607,1.0912276037207393,12.72117762991115,4.954687030822681,14.8871543987625,12.997489155345221,1.2821058908194956
2026-06-18,14.653384873542477,20.52536415546423,16.742352417236848,10.875454567437696,1.1521298010103613,12.806600525626376,5.16286160171545,15.574787688359143,13.450690513484464,1.3083636831305796
2026-06-22,14.70940665244669,20.60383526794569,16.806360588287372,10.875069500303212,1.1256202792772618,12.836109634782096,5.182599887009968,15.709999958786147,13.562367795193751,1.3412857647887384
2026-06-23,14.129279723300666,19.791236910646507,16.143531516485066,10.32552215576985,1.0719748631156087,12.408770020559576,4.978202399845282,15.156095283782719,13.070153284211827,1.2898427430781085
2026-06-24,14.468134691262513,20.26587957330276,16.53069320922079,10.562132790418106,1.1210587198695499,12.487051205226663,5.097591968722265,15.499437092224088,13.370586948619174,1.3080664669020814
2026-06-25,15.182397452153257,21.266365358429457,17.34678034298147,11.080271402591313,1.1786683942171785,13.0029608036475,5.349249849380018,16.3076255580372,14.01306157290874,1.3451615751721688
2026-06-26,14.332690559470448,20.076159576746036,16.375940337657045,10.37512510957609,1.0959299943302607,12.511104067449267,5.049870618792425,15.469437575750284,13.200614938569096,1.2904627127472845
2026-06-29,14.213038518549322,19.908559958429528,16.23923085695814,10.520066838639545,1.05139603920693,12.24973855124115,5.007713333430054,15.446034025730462,13.096993755124412,1.297382374216154
2026-06-30,15.051245441157498,21.082657443252135,17.19693147138833,11.230316897150047,1.0831079715270056,13.101296032215336,5.303040752478431,16.347543090867184,13.789336325392831,1.3361537081724315
2026-07-01,14.465308218029195,20.26192046126891,16.52746379762896,10.737853350624416,1.0334829184507308,12.55940507460709,5.096596110751529,15.771855943588891,13.324507601662017,1.3109269423434364
2026-07-02,13.227582476319665,18.528206934160924,15.113289479379642,9.614080483013609,0.9227687475284153,11.399762970396118,4.660505285288751,14.442413094016457,12.166617349872668,1.2360235299257671
2026-07-03,13.293345286776953,18.620322554147116,15.188427350808368,9.601129517101228,0.9358346314858176,11.380030380613325,4.6535145273608185,14.523100158646503,12.226707284864347,1.236842259101786
2026-07-06,13.17809595597948,18.458889922457846,15.0567482248785,9.835644336936914,0.9107954418202318,11.452379232153078,4.6535145273608185,14.52035761360056,12.13850349236828,1.214974405867529
2026-07-07,13.116937733269951,18.37322406415636,14.986871365255197,9.60411676198491,0.9209203945565708,11.166132899287698,4.6535145273608185,14.434895436244934,12.036484495411274,1.2036048082570736
2026-07-08,13.233260415376726,18.536160165977638,15.119776858064998,9.600923799640514,0.9204314864880512,11.274709270002399,4.6535145273608185,14.605734583632563,12.135170269338337,1.1831270408616938
2026-07-09,14.254989881214025,19.96732228556023,16.287162751477883,10.238029635039942,0.9984577704645098,12.221718308526345,4.6535145273608185,15.716163159370948,13.147960896108954,1.2363007471326795
2026-07-10,13.678046639471683,19.159183399153378,15.627971229426624,9.938821759004194,0.9356758278450118,12.108085127495102,4.6535145273608185,15.085904806575993,12.675508899296338,1.1823209264531374
2026-07-13,13.297526005940615,18.626178592462253,15.193204067874056,9.769131499435654,0.9142822058670481,11.777108992388477,4.6535145273608185,14.642514368823518,12.25092482519747,1.14564149015479
2026-07-14,13.865117177431697,19.421217799227087,15.841710300667675,9.589489844645318,0.9916975843584509,11.51131658618155,4.6535145273608185,15.219551484350793,12.770829694151173,1.1849072614601324
2026-07-15,13.382704818836583,18.745490694622116,15.290525861868636,9.261678942363135,0.9700262648663013,11.153963999238144,4.6535145273608185,14.733599532420252,12.308551158507633,1.1706208834706249
2026-07-16,12.97319009642332,18.171873139559285,14.82263125172507,9.252536922860848,0.9191023665582904,11.28440670234608,4.6535145273608185,14.310564455992937,11.866200538716331,1.1360850346090767
2026-07-17,11.710926113741186,16.403788282137945,13.380420552693575,8.313050175708012,0.8377596447975432,10.149891785606352,4.6535145273608185,12.987577672856446,10.659999625177901,1.0549114674082105
2026-07-20,11.587221831415643,16.230512587529898,13.239081148310968,8.30058060044445,0.7521894044569484,10.008089137671538,4.6535145273608185,12.903106165932119,10.496847919497469,1.0593641726450929
2026-07-21,12.60573928905065,17.657175566566373,14.402797133797872,8.30058060044445,0.8097348566366557,10.556760685489493,4.6535145273608185,14.0653364149881,11.421506909094024,1.1340888245775063
2026-07-22,12.39764242451219,17.365689062859357,14.165034250130256,8.089521204581091,0.7608994840843792,11.188229001397097,4.6535145273608185,13.8675299959173,11.310207808092533,1.09740231170229
2026-07-23,12.228881805841292,17.129301826516727,13.972215336526165,7.7304383264809235,0.7288887425261253,10.712797922822608,4.6535145273608185,13.684869238174276,11.161538366006509,1.1001061794207616
2026-07-24,11.961528789673753,16.75481374323377,13.666748821102141,7.718842668991202,0.7277954094123362,10.556500828258796,4.6535145273608185,13.433076865052143,10.929609852722294,1.0709845272185154
2026-07-27,12.183621245790237,17.065904223509282,13.920502489732353,7.718842668991202,0.7277954094123362,10.54066607701641,4.6535145273608185,13.6435922060101,11.117810828624965,1.1048034880755073
2026-07-28,11.011868816901096,15.424601172333432,12.581706554218746,7.718842668991202,0.7277954094123362,10.54066607701641,4.6535145273608185,12.412445624852527,10.064492144870481,1.0236514582825034
2026-07-29,10.935477569418305,15.317598033713528,12.494425069566113,7.718842668991202,0.7277954094123362,10.54066607701641,4.6535145273608185,12.35609471363547,9.996971110436473,1.039547911348338
2026-07-30,10.06358028991311,14.096309619982241,11.498231244652466,7.718842668991202,0.7277954094123362,10.54066607701641,4.6535145273608185,11.453760880798164,9.214433937792387,0.9982951603290801
2026-07-31,10.509452762403873,14.720854388562914,12.007666718572453,7.718842668991202,0.7277954094123362,10.54066607701641,4.6535145273608185,11.92066402164974,9.596238243763162,1.0288616649216247
2026-08-03,10.342038041050897,14.486352384390504,11.81638557166244,7.718842668991202,0.7277954094123362,10.54066607701641,4.6535145273608185,11.633330403687744,9.462264371489082,1.0161204421076024
2026-08-04,11.163287044355993,15.636696485812722,12.754710767806316,7.718842668991202,0.7277954094123362,10.54066607701641,4.6535145273608185,12.46147584142278,10.21476492157788,1.0734754822764065
2026-08-05,11.5865477567133,16.229568394167554,13.238310978393264,7.718842668991202,0.7277954094123362,10.54066607701641,4.6535145273608185,12.78652655394666,10.591690343821062,1.0876830948885896
2026-08-06,11.748214490595634,16.45601904795136,13.423024712193348,7.718842668991202,0.7277954094123362,10.54066607701641,4.6535145273608185,12.87613836209673,10.723785097969586,1.0816578512005115
2026-08-07,12.064163375730855,16.89857658519467,13.784014860641427,7.718842668991202,0.7277954094123362,10.54066607701641,4.6535145273608185,13.106066056984144,11.016825380084564,1.09628975074758
2026-08-10,11.755673391875433,16.466466918275433,13.431546944766195,7.718842668991202,0.7277954094123362,10.54066607701641,4.6535145273608185,12.720336292667644,10.739117514220176,1.0883202944840555
2026-08-11,11.665883625845863,16.340696138275078,13.328956866139203,7.718842668991202,0.7277954094123362,10.54066607701641,4.6535145273608185,12.657848407598564,10.666299342719993,1.0919970376833883
2026-08-12,11.958252726111967,16.75022487873711,13.663005726167693,7.718842668991202,0.7277954094123362,10.54066607701641,4.6535145273608185,12.915988824782474,10.991189124392257,1.1082790103499562
2026-08-13,11.962944917610054,16.756797349194727,13.668366830400476,7.718842668991202,0.7277954094123362,10.54066607701641,4.648360206383965,12.867216659172396,11.010163962731673,1.1033438671769609
2026-08-14,12.087231008088448,16.930887997092334,13.810370984751662,7.718842668991202,0.7277954094123362,10.54066607701641,4.696653207912072,12.984086288605699,11.149536283327985,1.1157287997294911
2026-08-17,12.564716415616331,17.59971379761611,14.355926092729057,7.718842668991202,0.7277954094123362,10.54066607701641,4.882186467721234,13.475833329415552,11.608815287343873,1.1507612396808904
2026-08-18,12.357976251987866,17.31012765894202,14.119713319493666,7.718842668991202,0.7277954094123362,10.54066607701641,4.801854847347623,13.21899119608205,11.425159031078675,1.1401177603926462
2026-08-19,11.428359265621296,16.00798980240278,13.057571341164794,7.718842668991202,0.7277954094123362,10.54066607701641,4.440639892638274,12.207381334449748,10.596098016246916,1.0687147921070947
2026-08-20,11.397218623753139,15.964370323361258,13.021991329778004,7.718842668991202,0.7277954094123362,10.54066607701641,4.4339789327993175,12.132387822665908,10.5763711993985,1.0755132287374258
2026-08-21,11.606571611246956,16.257616310034514,13.261189407660435,7.718842668991202,0.7277954094123362,10.54066607701641,4.4339789327993175,12.412375496522607,10.732948480451224,1.090893399369078
2026-08-24,11.072998662654985,15.510227282320578,12.651550991504417,7.718842668991202,0.7277954094123362,10.54066607701641,4.223490751103139,11.877764467309904,10.270594532532913,1.055912956873803
2026-08-25,11.205159819409884,15.695348733303522,12.802552871367364,7.718842668991202,0.7277954094123362,10.54066607701641,4.2171555149764846,12.011679203183126,10.460660662828476,1.0453380896134628
2026-08-26,11.336400620447305,15.87918101892182,12.952503190795355,7.718842668991202,0.7277954094123362,10.84686778887067,4.2171555149764846,12.175163243794987,10.588030335801514,1.0506818281813297
2026-08-27,11.832711628072472,16.574376310234005,13.519567652005104,7.718842668991202,0.7277954094123362,11.5284012893797,4.2171555149764846,12.683040980613786,11.087635925084932,1.0686723326458805
2026-08-28,11.62616031908883,16.28505470500327,13.283570656287779,7.718842668991202,0.7277954094123362,11.268020541749328,4.137215295085464,12.537816712586858,10.885038662094095,1.0536103002960784
2026-08-31,11.824348321783567,16.56266161710304,13.51001208361797,7.718842668991202,0.7277954094123362,11.91984617172335,4.131009472142836,12.789063559786802,11.047473717397875,1.0580039314999672
2026-09-01,11.593591592119578,16.23943487129981,13.246358973839957,7.718842668991202,0.7277954094123362,11.516168636806464,4.131009472142836,12.597717347319525,10.812639720554365,1.0440812280260756
2026-09-02,11.36649134302305,15.921329849645794,12.986883607757038,7.718842668991202,0.7277954094123362,11.573836856080305,4.131009472142836,12.352644292507987,10.618950437811637,1.019101834710241
2026-09-03,11.331452189057002,15.872249626812701,12.946849317443638,7.718842668991202,0.7277954094123362,11.968776782016308,4.131009472142836,12.32754257810099,10.599495531948271,1.019193522532283
2026-09-04,11.156458700704949,15.62713185339326,12.746908984340013,7.718842668991202,0.7277954094123362,11.16841179936724,4.131009472142836,12.116258555191193,10.419505355786022,1.0111954522840274
2026-09-07,11.676704246854491,16.355852853839913,13.34132006084563,7.718842668991202,0.7277954094123362,11.266273019953152,4.131009472142836,12.627869303839661,10.876882928204815,1.0456968412929961
2026-09-08,11.522990805208488,16.140542576207714,13.165693430308519,7.461072424926082,0.7277954094123362,11.009387315915133,4.070431886871152,12.492734272287857,10.723424716334035,1.03370819704513
2026-09-09,11.54774148488788,16.175211474752242,13.193972534784011,7.449880816288693,0.7277954094123362,10.909778573533043,4.064326239040845,12.502662466508914,10.72979420512641,1.0322476531148177
2026-09-10,11.463933983053767,16.05782020243189,13.098217544177821,7.449880816288693,0.7277954094123362,10.673863131049147,4.064326239040845,12.359580574246296,10.67258791842345,1.0271565175734487
2026-09-11,11.462642317036398,16.056010933406164,13.096741739928168,7.243372062301978,0.7277954094123362,10.581244475851765,4.064326239040845,12.395475878936846,10.631144616380805,1.0221158411019284
2026-09-14,11.184679438703133,15.666661349762014,12.779152834147931,7.232507004208525,0.7277954094123362,10.486878298858207,4.064326239040845,12.080078218840136,10.38931619917791,1.0108991590872947
2026-09-15,11.210943606392402,15.703450228967375,12.809161187521156,7.232507004208525,0.7277954094123362,10.457170428323199,4.064326239040845,12.106448947627985,10.419239541356413,0.9993104952711552
2026-09-16,11.634014957426789,16.296056894162117,13.292545041680572,7.232507004208525,0.7277954094123362,10.839877701685964,4.064326239040845,12.576942541904712,10.816535256312296,1.0188652309010122
2026-09-17,11.483423195263686,16.085119231370523,13.120485113204957,7.468407709822179,0.7277954094123362,10.790947091393008,4.064326239040845,12.37940689557108,10.702293699058501,1.0148149675138978
2026-09-18,11.771970949591486,16.489295316618445,13.450167861174057,7.656967184145442,0.7277954094123362,10.774760670755919,4.064326239040845,12.698377319785301,10.977633156946515,1.0376956942721887
2026-09-21,11.976895881131739,16.776338814124045,13.684306625188901,7.509329678997677,0.7277954094123362,10.774760670755919,4.128981009591024,12.870559704484107,11.137217240175834,1.0459765199179494
2026-09-22,12.003389328669455,16.8134488513706,13.714576944248416,7.434764463744583,0.7277954094123362,10.774760670755919,4.138114506521072,12.951105635490997,11.17305078614557,1.0460811301847086
2026-09-23,11.952139867059671,16.741662443561744,13.656021425856629,7.476902449056475,0.7277954094123362,10.704666155210106,4.120446485037148,12.87504765534433,11.124573852155002,1.0398291283595673
2026-09-24,11.594633202053874,16.240893880490788,13.247549074335632,7.249828517682585,0.6788177489523938,10.420664696153816,3.997197669545928,12.509022262917014,10.77503928949775,1.0119344930509562
2026-09-28,10.951630453471664,15.340223784024285,12.51288068782155,6.736728472213232,0.6777995223289652,10.113674831619885,3.775525362767896,11.887718655904834,10.192715073994584,0.9660527377276013
