date,EW_电力公用,EW_汽车整车,EW_生猪养殖,EW_能源资源,EW_创新药,EW_科技对照,Sector_Rotation_DualMom,Stock_DualMom_Top5,HS300
2022-01-04,1.0,1.0,1.0,1.0,1.0,1.0,1.0,1.0,1.0
2022-01-05,0.9576915796625048,0.9672064091607571,1.008550212159794,0.992032879321915,0.9948838428268432,0.9874118988941372,1.0,1.0,0.9899049669921193
2022-01-06,0.9486618016907133,0.9522910909112069,0.9997117662948402,0.9950922663588142,0.9724928344358447,0.9729931219015876,1.0,1.0,0.9797605212937177
2022-01-07,0.9251775491947417,0.936671954536815,0.9867104487814526,1.0221155340506547,0.9683131991727932,0.9593546875531718,1.0,1.0,0.9806017570990073
2022-01-10,0.9207439169630002,0.9332939979553746,1.06189160662607,1.0458928030378236,0.9893620780598142,0.9811054011920466,1.0,1.0,0.9850094504312427
2022-01-11,0.9221378921909722,0.9130765551402695,1.0326190966671227,1.0324218110920844,0.9894474148531385,0.9723897440774938,1.0,1.0,0.9756005014473038
2022-01-12,0.9197384237940149,0.9457821268757498,1.0326248488512806,1.0469340402673966,1.00873917675255,0.9480907364074578,1.0,1.0,0.9853213807491816
2022-01-13,0.9072182527622785,0.9322697457591513,1.0014571799847019,1.076176060449116,0.9912060829771429,0.9164298774186077,1.0,1.0,0.9691229654121332
2022-01-14,0.8984871674888475,0.9211426450615203,0.9910859808467182,1.0273963111378337,1.0118982688309688,0.9065238181757378,1.0,1.0,0.9611545081963044
2022-01-17,0.9049344921245345,0.9373618776032512,0.9918410831529336,1.0226853126253788,1.026183001760498,0.9442563065671317,1.0,1.0,0.96939890377031
2022-01-18,0.9336437507413166,0.9372220165387145,0.9830931893676901,1.072411901971345,1.0279508983918908,0.9543690160634011,1.0,1.0,0.9787671838731616
2022-01-19,0.9326108657808673,0.9137054931440444,0.9703531578370632,1.0826752440313057,0.9874110610442957,0.9445241145890061,1.0,1.0,0.9720631221703352
2022-01-20,0.9420497652632657,0.9032325805874961,1.0064541515624434,1.0846391441237566,0.9810634418348003,0.9399584014929421,1.0,1.0,0.9808335697212045
2022-01-21,0.9276175661306121,0.89442183594352,0.9661350798988769,1.0721258921386838,0.9282028131179226,0.9269245081997429,1.0,1.0,0.9718467637229513
2022-01-24,0.9331463005017626,0.8963304692264862,0.9653022426119794,1.0874161979973533,0.9184993854516106,0.9138445706746332,1.0,1.0,0.9733563925889096
2022-01-25,0.8874711020890899,0.8741598833262105,0.9262599504687324,1.0452882080099963,0.9025264506878715,0.8951389453201757,1.0,1.0,0.9513368369574388
2022-01-26,0.9016607644747002,0.8760416731057309,0.9478824033252305,1.0476319419527598,0.8774810824157254,0.8896688018995691,1.0,1.0,0.9582220785255088
2022-01-27,0.8904279228253272,0.8463069552383421,0.9279721645928917,1.0468705055290173,0.8687383357444509,0.8614916572979813,1.0,1.0,0.9394261417534183
2022-01-28,0.8699758430817168,0.837373732840268,0.971842974779103,1.010722486803469,0.862915371902339,0.8532813583959292,1.0,1.0,0.9280175038864197
2022-02-07,0.908399537124577,0.8599730567696545,0.9793801525998554,1.0879464884365357,0.8636370078783377,0.8616446198354712,1.0,1.0,0.942316275787883
2022-02-08,0.942458912063771,0.8617022454120375,0.9884784229607666,1.1423313133736124,0.8470408856953,0.8626911555713588,1.0,1.0,0.9371682054754544
2022-02-09,0.9690690257701996,0.8800511393761179,1.0547043708371637,1.1281637515561076,0.8543272089405308,0.8904876617249309,1.0,1.0,0.945970578097977
2022-02-10,0.9779062034523852,0.8705686200327033,1.0954102584244714,1.1650899635725558,0.8380372514659916,0.8890195559540923,1.0,1.0,0.9434901830404663
2022-02-11,0.9689536196729447,0.8488461533287887,1.067069872925558,1.1966011410975232,0.8145692031066006,0.8616474397323031,1.0,1.0,0.9356679304521462
2022-02-14,0.9290966528500084,0.8350520105026515,1.0303698159107257,1.182147368039546,0.8325227830799401,0.8607307769812496,1.0,1.0,0.9255602900911285
2022-02-15,0.9178478083431799,0.8538811353238923,1.0255247902124178,1.1489365516780843,0.8697150969529814,0.8751487360273614,1.0,1.0,0.9354052094803226
2022-02-16,0.9142603260391831,0.8632966275139856,0.9986765963198293,1.1537142816225554,0.8767592370798268,0.8803636917341315,1.0,1.0,0.9390422275159546
2022-02-17,0.9147211088552673,0.8647197720134311,1.0242956603760234,1.1578753388838412,0.8744785587891817,0.8716576194965384,1.0,1.0,0.9413148045911097
2022-02-18,0.9161323757322698,0.8685755922481558,1.043674866567659,1.1837742088009149,0.8939613694233565,0.9003081834627947,1.0,1.0,0.9458028189634922
2022-02-21,0.9068971677073067,0.8639765863777445,1.0474823527813795,1.1947738611574743,0.9055561648209415,0.9354133533061282,1.0,1.0,0.9423618249347007
2022-02-22,0.887508003762897,0.8482951033595955,1.0431079082036845,1.2140346977279555,0.8990177622322526,0.9089021983128179,1.0,1.0,0.9301284221592528
2022-02-23,0.8900757921739748,0.882659383340732,1.0172911533267175,1.1786983893161385,0.9124592736847307,0.9129129065186836,1.0,1.0,0.9400707435186507
2022-02-24,0.8792490635021892,0.8523736153103297,0.9899535902660785,1.1900969925452214,0.9045998960491545,0.8814905412563984,1.0,1.0,0.9210116790859258
2022-02-25,0.9279899901482298,0.8648225608182482,0.9909013905323331,1.1456210301188297,0.9393049846554483,0.8851863068464775,1.0,1.0,0.9299803874320952
2022-02-28,0.9398244738577644,0.8564272140859953,0.9942076269112243,1.166290435054743,0.9332488948888765,0.894370707098915,1.0,1.0,0.9316520817891861
2022-03-01,0.9410599543355102,0.8703295888187916,1.067881536593817,1.1827988471576623,0.9370096850352618,0.8948692123283056,1.0,1.0,0.9393873029719795
2022-03-02,0.9387798431733401,0.8660607203353052,1.0590076076951336,1.1835580793706697,0.9258165032020162,0.8898301039537141,1.0,1.0,0.9310328980746329
2022-03-03,0.9574246264140159,0.8518991123956915,1.035760605025066,1.202360489513807,0.9304364800184411,0.88395592824264,1.0,1.0,0.925548089426802
2022-03-04,0.964701685078404,0.8258477551633978,1.046393647097068,1.199173049197768,0.9292197982762082,0.8923671496238956,1.0,1.0,0.9143238849355343
2022-03-07,0.9567468966377829,0.8000102432129671,1.034724380646289,1.1808342540049153,0.9005201189459494,0.8543959237578241,1.0,1.0,0.885113054405812
2022-03-08,0.9232727706077357,0.7641398341452441,1.0021208649876967,1.131351678154251,0.8548186566942786,0.848137130222008,1.0,1.0,0.8673433968479579
2022-03-09,0.9382919570987279,0.7559830036830397,0.9996801864289477,1.1281357000329248,0.8431394728327769,0.8436859051820973,1.0,1.0,0.8594038145377011
2022-03-10,0.9492398649482132,0.7702750071802573,0.9860116421456404,1.132681100690729,0.8931629989656467,0.8362035720624491,1.0,1.0,0.8729243873995602
2022-03-11,0.9284844118506723,0.7747039877822467,1.0275916701887842,1.1358399274290565,0.9265600511821067,0.832152948389263,1.0,1.0,0.8757071555879546
2022-03-14,0.8952975704792985,0.7520945163937505,0.9676770266133884,1.1044343495204896,0.9081170314503312,0.8031412664469004,1.0,1.0,0.8489136833500579
2022-03-15,0.8268119280391375,0.7087045181827253,0.9185668219495532,1.0145531770008218,0.8867525723558711,0.7250751225009378,1.0,1.0,0.8100858825096355
2022-03-16,0.8787140813569905,0.7411253564988561,0.9422605739099627,1.058501327029651,0.9137036367491638,0.7365080549626404,1.0,1.0,0.845115819889726
2022-03-17,0.8685212362213021,0.7511474451787885,0.9771293093004327,1.0662611752962654,0.9608927006655478,0.7547882324659351,1.0,1.0,0.8617117735394021
2022-03-18,0.8784770085035366,0.7607364729540613,1.0144971559391789,1.0944651155966294,0.9680871402084226,0.7573883313643441,1.0,1.0,0.8674473058391358
2022-03-21,0.8749134339577466,0.7642722144942488,1.047234214821752,1.1124692717951505,0.9763604156235433,0.7552853441805866,1.0,1.0,0.8659921732738343
2022-03-22,0.8858200775242425,0.7654881803887563,1.0876256805338838,1.1422191332275267,0.9440747665788612,0.7472972840103425,1.0,1.0,0.8652904317306739
2022-03-23,0.875698994719655,0.7640733200087889,1.0818614530887622,1.128358658816064,0.9631744858728246,0.7805680152225192,1.0,1.0,0.8696058067028412
2022-03-24,0.856727553289613,0.7554721195074958,1.0882142193988762,1.1404767608908695,0.990940450450888,0.7620890289763219,1.0,1.0,0.8644792908973888
2022-03-25,0.8336602464770965,0.7378231743343331,1.102696876964496,1.1415060749062906,0.9454186951783228,0.7422179121685201,1.0,1.0,0.8488762679794576
2022-03-28,0.8480224781476925,0.7413385325476208,1.0963349252771002,1.1999144049582164,0.9347456301496082,0.7459890136811415,1.0,1.0,0.8435673522423291
2022-03-29,0.8498219699372213,0.7277067099496816,1.1523732622884468,1.2360288025299504,0.9305689332641122,0.7310590743859107,1.0,1.0,0.8406550536676718
2022-03-30,0.8590372480572388,0.7533385302568459,1.1646386367569197,1.2024448535761563,0.9593873061101951,0.744474126237078,1.0,1.0,0.8650472318217722
2022-03-31,0.8545876020575011,0.7407651988251158,1.142295284039279,1.2209655810050843,0.9571027248162006,0.7384059114752104,1.0,1.0,0.8586414763617207
2022-04-01,0.8617962183159175,0.7467257069707995,1.1568292342552684,1.2199631062534353,0.9427610313728896,0.7298247461976458,1.0,1.0,0.8695328060612897
2022-04-06,0.8698717494626678,0.7455127558878287,1.1526796189104067,1.218596272031835,0.9270343355838828,0.7178526621217611,1.0,1.0,0.8670282130195319
2022-04-07,0.862875090857641,0.7247308273004096,1.102816662958488,1.2305304400215284,0.9171285927191847,0.7016190379456984,1.0,1.0,0.8558969369215484
2022-04-08,0.8723529311239894,0.7368293955764387,1.0786435438200732,1.2652096280677925,0.9009540676447556,0.7055086069731227,1.0,1.0,0.8603028001541346
2022-04-11,0.8552185698149076,0.6941564206275795,1.0924930121994163,1.2643290399178735,0.9000281958143335,0.6777275347895638,1.0,1.0,0.8337262963968384
2022-04-12,0.8593447948640812,0.712302796912646,1.105671276816811,1.2622936882387876,0.9162330439286185,0.684329682662565,1.0,1.0,0.8499741244244079
2022-04-13,0.8490745936134597,0.7026491071061024,1.069541651756646,1.2814654542293913,0.8971101572961204,0.6703708418338276,1.0,1.0,0.8417923589272767
2022-04-14,0.8380196704880308,0.714263414235522,1.0928233905811777,1.3082815271065626,0.8953848877982823,0.6776439618831009,1.0,1.0,0.8523319028054409
2022-04-15,0.8552636645253416,0.7098837853613676,1.0863017128327332,1.267206135383687,0.9207342623556902,0.6695718410422549,1.0,1.0,0.8517582682377054
2022-04-18,0.8726171478557854,0.7228154957256162,1.149288136695117,1.2305641351890075,0.9124381334093334,0.694653623086016,1.0,1.0,0.8472108772989353
2022-04-19,0.8819463797963294,0.718602936193797,1.1412080424145905,1.267512350161147,0.8872533946791671,0.6935670564083443,1.0,1.0,0.8408091887269925
2022-04-20,0.872583108627077,0.7200889418170762,1.1114955155078041,1.2141253575058202,0.867297243340707,0.6888092000854171,1.0,1.0,0.8277721688612608
2022-04-21,0.8483674641234239,0.6865009391306433,1.0594968813550003,1.1860624369520596,0.8501427522849465,0.6716327850699646,1.0,1.0,0.812529675574168
2022-04-22,0.8867432195859616,0.6861933291871459,1.0319438395586835,1.239519906480736,0.8541630482739802,0.6308381056338502,1.0,1.0,0.8160719351168667
2022-04-25,0.8531155522076154,0.6375376414469814,0.9753588232831383,1.1585390013868626,0.806419428997402,0.5936485374464995,1.0,1.0,0.7757412157758653
2022-04-26,0.8422182072193988,0.6175206005849343,0.9285859452422125,1.117040833731923,0.8192388741619915,0.587267255305294,1.0,1.0,0.769479631499268
2022-04-27,0.8697009040056037,0.6317483554355561,0.9891716702952554,1.1763465578544812,0.8346850973272697,0.6166780716592014,1.0,1.0,0.7921354517753487
2022-04-28,0.8935882520145828,0.6401966443171812,0.9591240541880336,1.2670066246130627,0.8597429850392464,0.6011083590002128,1.0,1.0,0.797335171566758
2022-04-29,0.8956326405197161,0.6852467561924699,0.924468421323535,1.317202382317217,0.8666289303102164,0.6293384946420714,1.0,1.0,0.8166801382335264
2022-05-05,0.9037457140427837,0.7170657675969679,0.9279131569238727,1.302825582086653,0.8763855611227183,0.6456407050483729,0.9875853520889688,1.0087321656897528,0.8154537681243406
2022-05-06,0.882057256581359,0.7149409862452019,0.9125930286610611,1.2744445403729872,0.854034056103011,0.6299276008952116,0.9660715735304065,0.9930904921455153,0.7948356621351361
2022-05-09,0.8859269703217632,0.6928937440114725,0.9391820685100927,1.27820874214681,0.8650333539818226,0.6370651064005747,0.9689249643336334,0.9967725288146896,0.7884549180369533
2022-05-10,0.9162508427322862,0.6917445747212202,0.9395471419782272,1.2183897413747153,0.8692440349798745,0.6484583208596038,0.9235801616590494,0.9828671826807099,0.7970832278484224
2022-05-11,0.9074503107093507,0.7294085455188958,0.9259694821348645,1.2436699243166887,0.9027213011934317,0.653568064824031,0.9427433855893282,1.0139566296721303,0.8085833706978673
2022-05-12,0.9048605056653943,0.7234838308220297,0.9174639699983788,1.2185368552484435,0.9192898025779023,0.657559650070198,0.9236916788941887,1.0242110958236328,0.8049876315765389
2022-05-13,0.9251899225458036,0.7816088959546725,0.9014640875764292,1.2676903785292473,0.9143029935562604,0.6548725287046913,0.9609516930228161,1.0741091473328463,0.811059495522864
2022-05-16,0.9133457496425349,0.7566415722532045,0.9331844074498792,1.2919285216895517,0.8869746633145756,0.6527773614605114,0.9793250159572748,1.083075348390183,0.8045398671957683
2022-05-17,0.8991979318768818,0.7946748280056709,0.9210961802743051,1.3059330539692386,0.8711713402567421,0.6592243638069226,0.9899409196764237,1.0615799849476866,0.8145759303260725
2022-05-18,0.9184606205739237,0.7912045612316715,0.9152997667460352,1.296368475627507,0.8599608597905615,0.656278647086989,0.9826906494951513,1.0582907496375453,0.8117319554716417
2022-05-19,0.9242656197021348,0.8132917106299185,0.8941264019180224,1.2829902378197606,0.8681351524977904,0.6548800334422875,0.9725494979263188,1.0701891841309148,0.8132958772938516
2022-05-20,0.9367010838288489,0.8209417853472742,0.8969404614781691,1.3239219735076295,0.8867087889943114,0.6602670447701738,1.003577122158392,1.0898268927891357,0.8291571476066868
2022-05-23,0.9250813006171887,0.8563921958430151,0.9209778127442128,1.347624469791205,0.8797420708655904,0.6654604334278424,1.0215444068505692,1.0914733127855316,0.8243545594390944
2022-05-24,0.907480687062192,0.8441353234530846,0.8905123142666594,1.3363083674192522,0.8148793136458854,0.6242539617691257,1.0129664228909816,1.0378339854293712,0.8050718161603896
2022-05-25,0.9400543560884365,0.8703311086033066,0.9200668724058382,1.3743461291651058,0.8198212783721657,0.6298601545659179,1.0418003181130027,1.0733919727698162,0.8099569621565891
2022-05-26,0.9477082913727166,0.8500281005028483,0.9173908940478013,1.4176464478094484,0.8046897676146849,0.6458673987768832,1.0746234074212793,1.08549848682265,0.8119633614050282
2022-05-27,0.9439194865621584,0.8492688336195149,0.9088518885330252,1.4835429030191232,0.8155226622923306,0.6351109259369329,1.1245751237634083,1.1007352639231986,0.8136417661274986
2022-05-30,0.9468491425248854,0.8654706697648028,0.90298089974916,1.4893111635416207,0.8182850228996754,0.6509388990085108,1.12894765810521,1.0751330901694098,0.819278269701785
2022-05-31,0.965293928337832,0.8661111773383228,0.9268574574072586,1.5157337692797623,0.8409356379321504,0.6706342810346131,1.1489768767126745,1.0946654619032505,0.8319872950415481
2022-06-01,0.9495959696392992,0.8977154147417353,0.9059903127049337,1.4901852116705507,0.8222984623321572,0.6743477258355683,1.129610215811338,1.0667163153127304,0.8302911993558046
2022-06-02,0.940653694574989,0.9303780363318215,0.8915607535773972,1.4480911758707578,0.8146691687646528,0.6958093945907735,1.0977015292321246,1.0558874371248679,0.8315907734509475
2022-06-06,0.9467956643476416,0.9342026964926564,0.8875948863754748,1.4931758615821047,0.8425232429830478,0.724810919217047,1.1318772284387277,1.0938075618822234,0.8471500773217099
2022-06-07,0.9414021490856546,0.9144808266087109,0.902828950004522,1.4953253642529445,0.8669917108085916,0.728435586375313,1.133506623333321,1.098749333265316,0.8498025017462197
2022-06-08,0.9644198167123207,0.9528882293379698,0.9124532600611677,1.5621218546160733,0.8827965189744336,0.7204026989862363,1.1841405964150613,1.1380226756946445,0.8580751621925811
2022-06-09,0.9420553832004979,0.9119949296768014,0.9337262790472614,1.5896429779240882,0.8661494938278319,0.6952981580576328,1.2050025280701784,1.150966930529384,0.8491001501698432
2022-06-10,0.9517137163968962,0.9464089499204951,0.923034515328455,1.6222239255559436,0.8833694340243331,0.7141663078165922,1.2296999757414648,1.1781166853708247,0.8619757145776584
2022-06-13,0.916015674535839,0.9755222512911852,0.9532454466920249,1.6005737596631644,0.8534631541970402,0.7042514068355049,1.213288426106586,1.160325356481808,0.8518814949473996
2022-06-14,0.9351503191320869,1.0301466854765289,0.9933012289613274,1.6630923455533295,0.8575012458264164,0.6935911530161302,1.260679604563148,1.1811000792075728,0.8585833198617662
2022-06-15,0.9290980704047882,1.0341080609903959,0.990530949100071,1.615230635967191,0.8747046185970241,0.7012520702151397,1.2243988284077543,1.1539983138091623,0.8699516955364884
2022-06-16,0.927981084034677,1.0220343732930566,1.0426984489897462,1.5400610347411208,0.8843081401793385,0.7066156955390465,1.1674177573311975,1.1462665504909728,0.864226127112621
2022-06-17,0.9364209545214405,1.0324825243002138,1.0347678479787996,1.5385666991705094,0.918720893754456,0.7084122750507043,1.1662850010045387,1.1689290933586458,0.8762199901784651
2022-06-20,0.9533960398454027,1.0367824788707407,1.0537055024814495,1.4302019603933764,0.9299008763451878,0.7061744129329351,1.0841409057620752,1.1308327468751704,0.8805693236663402
2022-06-21,0.9737660225682425,1.040252223847766,1.0489317147121682,1.4381382672950374,0.9239162143156497,0.6989544013096941,1.090156891749401,1.1417497085344084,0.8795796464450821
2022-06-22,0.9619097682888312,1.018348110837542,1.0724619051303173,1.3994639185148445,0.9027427065055822,0.6710332778361991,1.0608404422706266,1.1226262918153462,0.8684072947772004
2022-06-23,0.956631511745134,1.0847191753861993,1.0698397542271876,1.4334484968556256,0.8977334588901941,0.6946998682376514,1.0866018889506344,1.132318494722633,0.88330328919743
2022-06-24,0.9578742777939152,1.0965018763509518,1.0702092384243675,1.4232154055655915,0.9315352836210635,0.6966231885331998,1.0788448636023595,1.1423784936459283,0.8936522993677004
2022-06-27,0.9496143986445826,1.1345614639923045,1.102643120462566,1.4720612596369198,0.9606138674291216,0.7028616600810957,1.1158716541830733,1.165764729028779,0.9037162206815493
2022-06-28,0.9614797950224434,1.1755926308271065,1.0761121833120606,1.501877900128277,0.9667288653799342,0.7187729146151498,1.138473664615356,1.1793176079328955,0.9131215094661902
2022-06-29,0.9648981120849106,1.0938327591320285,1.0049120832070924,1.4912318838791363,0.9543317077717628,0.7049121375927888,1.130403628341649,1.154359235144115,0.899058210386222
2022-06-30,0.9606546366815759,1.0921089626463105,1.011825170613679,1.48581383980548,0.9735534194460675,0.7052355813170228,1.1262965697777965,1.160275204788171,0.9120018951698586
2022-07-01,0.9857321164138966,1.1034273236114107,1.0372129018452538,1.4811889477981235,0.9776353329724009,0.6929307271770061,1.128690550184822,1.1752674115066901,0.9082821159612139
2022-07-04,1.014905550111138,1.0956340073574125,1.1476360611119643,1.4987732720970197,1.0291897743358296,0.6821173811528872,1.131404450573042,1.2033895421966094,0.9142425471733601
2022-07-05,1.0276123790326228,1.0926094953012284,1.1657074646473244,1.534552804498623,1.0300620062479635,0.6778061841359233,1.1433475739927792,1.2136183346103697,0.9129224352932682
2022-07-06,1.021980109045008,1.1005087437533578,1.1272217867387715,1.4376234018431622,1.0011304231051208,0.675856569324012,1.1113710671532018,1.1832240064370232,0.899589549317627
2022-07-07,1.0349124729504948,1.1683939087964104,1.1751292465918128,1.4458944372948594,0.9805688770557133,0.6669115213399098,1.148845681138384,1.23234162951478,0.9035555786012548
2022-07-08,1.0465112002695038,1.1350569903391683,1.1917196799211167,1.438924021597605,0.9802986584624916,0.6735610625425363,1.1296869028467091,1.2111671611388262,0.9005678392521805
2022-07-11,1.0573269670771754,1.0809295880911827,1.2088249043685195,1.4213748796660888,0.9789839787759546,0.6586384402246623,1.0958624028847481,1.185277309263574,0.8854870047674096
2022-07-12,1.064770413323946,1.040744953186565,1.1800796709828663,1.4441133342758972,0.9419638221563483,0.6438906954026995,1.0842580475343253,1.155945656037379,0.8771500874889305
2022-07-13,1.0739263227611844,1.0580110261836442,1.1956005467358537,1.4255539914425093,0.9461744350092193,0.6410367815831884,1.0862847361400334,1.1714435290884229,0.8787451210051721
2022-07-14,1.0170811904961932,1.0606819649842552,1.1825823816794467,1.4315334780920432,0.9628041545047342,0.653306358214117,1.0899341047242734,1.1633090055678075,0.878869567781299
2022-07-15,1.0007646034328408,1.076576328889024,1.1553109108893198,1.3917569433531587,0.9375755748492786,0.6492427078372064,1.0829580251736968,1.172800596791326,0.8639141967946822
2022-07-18,1.0335143565209535,1.087395771271751,1.1545575046789984,1.4570997701605437,0.9256217678245204,0.6855005230476255,1.113822190681438,1.1849454377335102,0.8728733479537961
2022-07-19,1.0129651213340911,1.0830981699246696,1.1543389095487455,1.4500191435263106,0.9137859486671169,0.7077088591080587,1.1089149165596557,1.1705543273569943,0.8681464039050261
2022-07-20,1.006471984651296,1.0608014794345642,1.1285831353307707,1.4504626607011062,0.9203216458783468,0.7156832339347803,1.0976704309990017,1.158859018608364,0.8710873740408498
2022-07-21,0.9768564142457383,1.042642093588586,1.1221023242187533,1.394307583260982,0.9289369212279538,0.7117196433292112,1.0670268539346988,1.1240625716072943,0.8613786954032979
2022-07-22,0.9737125481242894,1.0721357517329282,1.1050424930177767,1.3839566189158665,0.9247745732689076,0.7075022215294553,1.0781579138901565,1.138767616037663,0.8618211728295273
2022-07-25,0.9581152846775413,1.022944912167268,1.0867331519002565,1.3843486450197373,0.9227573435349623,0.710770175031959,1.0535770442507237,1.1139503046113832,0.8566175894944147
2022-07-26,0.9557580961044292,1.0474952195290155,1.091504498189941,1.4162515911730773,0.9196330425458208,0.7043823956039172,1.0783598598159994,1.1439156362674776,0.8633954652164144
2022-07-27,0.9586498551986834,1.0594001424772248,1.092640006397051,1.403109357805534,0.8986990974136395,0.7116173675834705,1.079484343262026,1.147610765108854,0.8591374333665802
2022-07-28,0.9564807977257888,1.0623343431483578,1.083512672906027,1.4220456649545368,0.8820469985151327,0.717210007709489,1.0882635955346964,1.1397502063329708,0.8592669637528431
2022-07-29,0.9563592046054509,1.0824739473597713,1.1250847943396767,1.3952032175116302,0.8615624939031117,0.7046003567622829,1.0883081807287487,1.146431888458461,0.8479669117983475
2022-08-01,0.9450285157275672,1.1390010313795316,1.11915989170946,1.4117058188506262,0.8597861882256996,0.7103005302655138,1.123160363644864,1.1776230871170341,0.8517442374737305
2022-08-02,0.9160069989211161,1.1174315125501653,1.0927452093801207,1.3753790862350757,0.8486557624012695,0.6883963814145985,1.0980747263210826,1.1546419187982822,0.8351403533922424
2022-08-03,0.8995421816763423,1.1049953976852276,1.0575408577391547,1.3642627953495026,0.8528501650029296,0.6966596538803168,1.0875268712004946,1.1229413559146677,0.8269966132989275
2022-08-04,0.9244717742442624,1.0845916632875263,1.0738921452241788,1.3535018551165037,0.8762406753169656,0.7089941655403741,1.0731972215076064,1.1230842819222608,0.8340246026396139
2022-08-05,0.9302376322161808,1.080651522576001,1.0794117822986296,1.3505653625831802,0.9086750922547046,0.7504071905577678,1.0700836696653946,1.1174769329596332,0.8452845957462384
2022-08-08,0.9499571050378588,1.0882084080089882,1.072992386768877,1.3949132525260013,0.8932374216901297,0.738990714470977,1.0913940836069935,1.1363247185616467,0.843487844579804
2022-08-09,0.9403553108794688,1.0797366236948587,1.0372023766794303,1.41069332128709,0.8909717452472246,0.7503613783061351,1.093319032919758,1.1223329337000896,0.8451585222148679
2022-08-10,0.9310868913534562,1.0774726765726075,1.027896598665429,1.4174124688796845,0.8662561540942281,0.736505387844974,1.0947765650486123,1.112087939658118,0.8356920267641905
2022-08-11,0.949612683013451,1.0867540122863055,1.0366406524640779,1.4309987369008608,0.9002354710300373,0.7814003985685642,1.10473862002864,1.1234274832552837,0.8527335080061774
2022-08-12,0.969165449654407,1.0668212154714256,1.0278837389825617,1.4774199068474918,0.9035809954645394,0.7570701436279538,1.1125259832594852,1.1230908278112435,0.8522473115327796
2022-08-15,0.9854708807702545,1.0629693129650306,1.0289605003159796,1.478416479760995,0.8897735246746731,0.7455008191830861,1.1108927397917603,1.1298895386101981,0.8511344076018271
2022-08-16,0.9917676135059812,1.076524233022386,1.063118826385956,1.4553296907704145,0.8738360875768659,0.7348832926726934,1.1093019687694021,1.150810832349577,0.8495397807743964
2022-08-17,1.0010823843508516,1.095270337001728,1.0673589690556977,1.4519144603821772,0.8855395269545019,0.7434885889484237,1.1176588064682043,1.1626915368109267,0.8574950206038717
2022-08-18,0.9688610892789202,1.0849842809823629,1.0371494458196397,1.4276388330838368,0.8602904836672028,0.752052729452651,1.1030671691861023,1.135251001207449,0.8499999491638985
2022-08-19,1.0214442902627698,1.054895759401883,1.0907858353920443,1.4612815290159862,0.8453300111067605,0.7296063917337138,1.1007692116190186,1.1569718747076039,0.8440976744517069
2022-08-22,1.0201893419496353,1.0728054483068752,1.1016581543249324,1.4884129935857562,0.8452758388766991,0.7269501677318809,1.1203324032416133,1.169962176601123,0.8502636868577491
2022-08-23,1.049223377548389,1.0558829108552124,1.120476679008982,1.5295193346442975,0.8232998117945008,0.7203240873108404,1.1269667130166519,1.1887979956971497,0.8461327452613127
2022-08-24,1.0323541941558148,0.9994851329257176,1.1104603642375397,1.5291900231654048,0.8149558314137735,0.6880307766102436,1.0967481075559002,1.155458019947479,0.8301372676408895
2022-08-25,1.057974834170423,1.0043463551221063,1.1214088785711753,1.6190767356078781,0.8261051771062408,0.6822048514109309,1.131649006731367,1.1776862593407913,0.837014375432742
2022-08-26,1.0582551153083444,1.0206535218953636,1.1172677088388774,1.5648020357134913,0.8181296570564903,0.6733750213023036,1.1218684986842242,1.169991173608954,0.8352464991718798
2022-08-29,1.0520354079122658,1.020380542596684,1.1205393476760597,1.5953674303065974,0.8085519797701974,0.674059918902442,1.1326752442175607,1.1755833473960158,0.831581216263892
2022-08-30,1.0405345990720036,1.0234597410263384,1.1298580287724012,1.5545989642701852,0.8016324349920344,0.6730234755251367,1.1199119288996549,1.160894441101214,0.8287899076104691
2022-08-31,1.039678093156584,0.9641460146020692,1.0997827297566092,1.5258586677922554,0.8181848317988394,0.6686681011040662,1.0771081048645477,1.1165340929837786,0.8294092946694278
2022-09-01,1.0320203585334748,0.9522699989423975,1.1032614803519165,1.5506238058822959,0.8158885973311331,0.6815796111275644,1.0785714527660233,1.1294299426106225,0.8222719060386168
2022-09-02,1.0533675974113457,0.9446445874154691,1.119421622249469,1.5457590380711532,0.8130241847955588,0.7295697118225886,1.0798307553810758,1.1326560632820448,0.8181791931904022
2022-09-05,1.0699380877648361,0.9384388490238844,1.1136468025242734,1.6341268190388285,0.800795719731208,0.7192256392146705,1.0961865005269504,1.1483460712828408,0.816514412543096
2022-09-06,1.09261789922399,0.9713405374955052,1.1082957813502923,1.6651585473443302,0.7943386161513343,0.7194927505171327,1.1141803516093682,1.16993534907829,0.824008467261042
2022-09-07,1.1060477769017754,0.9693199060320354,1.0922421009880894,1.6520198985630252,0.7892452989940092,0.7329166026208105,1.1050977042684043,1.165222915426713,0.8245581071889362
2022-09-08,1.114341530939073,0.9670226306715863,1.067537876721285,1.625246710432472,0.7796477630657402,0.7153088637065479,1.0899231570223755,1.1520116341246793,0.8210404523192952
2022-09-09,1.1122202632242904,0.9672111608877274,1.0663743479052552,1.6508174741759287,0.8030569602203295,0.7086690685634139,1.095314101274082,1.1572659409060428,0.8324486834974827
2022-09-13,1.0922763291275428,0.9841806564640504,1.1038886217269812,1.6379040005053818,0.7906838794017558,0.6957213767075674,1.1117078750195035,1.1659518875529162,0.8359722353548813
2022-09-14,1.0789208511588384,0.9690452039198351,1.0806581231319579,1.6377587591200218,0.786269762467932,0.6934621509718846,1.0981777785422968,1.1493704391209099,0.8266680087397421
2022-09-15,1.0631611172301665,0.9293028285096105,1.0470802464877875,1.6398783538170254,0.7805632275315492,0.666980132890164,1.0722646712849473,1.1095699120860898,0.8188921186758615
2022-09-16,1.0224756576759693,0.9088017194132261,1.0331550523081192,1.5508399798049957,0.7545613738585807,0.6554199382495788,1.0402198519441452,1.0789086356063085,0.7996890864040876
2022-09-19,0.9964491042728141,0.9154432603445649,1.0413676797436562,1.562912648167424,0.7501224846156104,0.6519483751913283,1.0482093280764324,1.080520470431887,0.7987368245534299
2022-09-20,0.9920287158422177,0.9195555717831009,1.0316949297710931,1.5695420401390618,0.7488045409512619,0.6456750236695769,1.0480155274129408,1.079869671877967,0.7997201980981195
2022-09-21,1.0138675711538347,0.9316909385519373,1.0054894296855013,1.5825245655313083,0.7241878830257875,0.6418373139136883,1.0466419609923783,1.0824404851184808,0.7938026725555204
2022-09-22,1.007327954844784,0.919138090765107,0.9963228237195805,1.6225620809537715,0.7144207359137551,0.6421949898577665,1.0475874363158793,1.0835293820475258,0.7868094551081637
2022-09-23,0.9979470278301533,0.9018448770185703,0.9811767082028581,1.6220622894404582,0.7119035688743258,0.6310252687807737,1.0356014157046192,1.056024327391887,0.7841002975945371
2022-09-26,0.9791877479534146,0.9031981045810797,0.9414539299449945,1.5235040601392398,0.7085380576018764,0.6238045775927171,1.0011692603470779,1.0401418999335976,0.780166803415779
2022-09-27,0.9837383885087488,0.9072970997732948,0.968551818638311,1.522769097662169,0.7544910753960752,0.6447676432231205,1.0121283654596451,1.0572176888406193,0.7914764125573301
2022-09-28,0.964339359090439,0.8730158335576881,0.9649817576902536,1.5115263570158881,0.744814645508103,0.6246558143570489,0.9956465245214051,1.0339379135416311,0.7785467585376687
2022-09-29,0.9558720763232643,0.8646709382340211,0.9751376916550519,1.5397794148895352,0.7658697935683415,0.6223754640165958,1.0021705064312596,1.0474333524954627,0.7782281178543502
2022-09-30,0.9575844439542437,0.8399327042778096,0.974801266514223,1.5563657351049611,0.7684513471932074,0.6154666619263421,0.9960963108600499,1.0319623678712238,0.7737020780781512
2022-10-10,0.9670834682008418,0.8184644710774855,1.0354706892889758,1.5811758299220673,0.7421448628105995,0.5809455250442316,1.0135676113228373,1.0493568425211244,0.7566317219305921
2022-10-11,1.0204689292413853,0.8266756043548522,1.0426461859047156,1.5697454770645831,0.7317682357594721,0.5864161328810861,1.01685597553058,1.0556321515378218,0.7580042966672866
2022-10-12,1.027062075570086,0.8623824558733338,1.0624404249631036,1.5610245435083812,0.7333947470442588,0.6110543738339279,1.0360482125342305,1.0799715978379993,0.7695174535586794
2022-10-13,1.0474277861417463,0.8542344861169063,1.074460523621635,1.5105103244692517,0.765959623785167,0.6159387047986087,1.0255170594769278,1.0734237175931807,0.7630850599815157
2022-10-14,1.0437779271514316,0.8757895549178482,1.0645383433963254,1.535662982284792,0.8494465215220882,0.6262786534102687,1.0366782372244336,1.0911195035475885,0.7813447775564709
2022-10-17,1.0334098127888467,0.8798223104306592,1.0627276784092023,1.528881595760631,0.862208225288644,0.635339560710186,1.0361557106425172,1.0872264040199746,0.7821463612027004
2022-10-18,1.0366952829225362,0.8784585062902275,1.0645214365612157,1.5126863936748756,0.868864922889529,0.6328578372637718,1.0325446901205102,1.0881636407513,0.7804901210204225
2022-10-19,1.0201732159707348,0.8580906329278704,1.0207114663288028,1.49459547998134,0.8523923237466612,0.6260298308141337,1.0062836363058398,1.0653482548716198,0.7679370608396291
2022-10-20,1.0107539930388145,0.8531798821176056,1.0082774140858513,1.4946026414842541,0.8522598635947187,0.6441490127248023,1.0002795309441266,1.0566668363480172,0.7635433982713689
2022-10-21,1.0234132502091156,0.8438297755713617,1.0032457051815773,1.506480761353015,0.8574158801773053,0.6441183609333274,0.9976113902885294,1.0644011833901652,0.7610963516963495
2022-10-24,1.0069276856210965,0.8261298061850085,0.9473193049317561,1.4745433403499675,0.8310729806381036,0.6327006060488356,0.9650489407270795,1.029118241017568,0.7388260724129758
2022-10-25,1.0210196565940766,0.8372973223367037,0.9376572489011974,1.444962575547716,0.8360527197733066,0.6332877799474163,0.9596631758567034,1.0390964903514606,0.737622476877199
2022-10-26,1.0192445017503908,0.8357464802307893,0.8956417556421153,1.4293304003165979,0.8820443993592196,0.6476600703218288,0.9412761558356167,1.0264269210290686,0.7436107662728898
2022-10-27,0.9707260062893328,0.8349635057599837,0.897603836525366,1.4546589292433316,0.8638327806768101,0.6813492230732942,0.9472295384950715,1.032543297040749,0.738373021077664
2022-10-28,0.9392137731398315,0.7901167091702408,0.861744085284713,1.4478930752966228,0.8581261753951022,0.6628196091229427,0.91618794870815,1.0071260254143393,0.7201096433034109
2022-10-31,0.9347448760784669,0.7920835000192851,0.860846020272337,1.353408654054849,0.8512783249404727,0.6747156723304646,0.8967008148575126,0.9804754736112825,0.7134751253872437
2022-11-01,0.9404866401977261,0.8203072113584567,0.8873233101836603,1.3789905661227964,0.9010982946588336,0.6908749648784144,0.9221944285987359,1.0062270734165324,0.7389887479373247
2022-11-02,0.9386948903969068,0.8589883610484575,0.8868996957049207,1.4160502580291539,0.8930396402740782,0.6951734526781672,0.9448040438571933,1.022601015778865,0.7478610710353174
2022-11-03,0.9290801225386143,0.8530002673582343,0.8811220254514164,1.413285899752764,0.8793326822831601,0.7048871756706226,0.9399421709295481,1.0148487668917454,0.7417794465575313
2022-11-04,0.950669524578757,0.891078470960783,0.8986568248074035,1.4669829100572527,0.905677905839034,0.7138956928048233,0.9720679204729442,1.0495427025230155,0.7660339605491514
2022-11-07,0.9447619559759702,0.8876114567996715,0.9074501805775441,1.5110138530541635,0.9038826388124374,0.7068393340272556,0.9837031903376314,1.0526646751969677,0.7676855238101042
2022-11-08,0.9475513230751704,0.8735445825340544,0.8928150027340743,1.5023262818541319,0.8930192425855036,0.7021573588423423,0.9713330210514021,1.0420710789209933,0.762404262912115
2022-11-09,0.9422420952573884,0.8596562298974548,0.8772756182784655,1.4770350042913454,0.8853527497135966,0.6946973040721159,0.9550992865081283,1.0231905364374252,0.7552760247795488
2022-11-10,0.9406609093687,0.8408634930503102,0.88563007924382,1.4619175437319851,0.8756983916964103,0.6842647541368478,0.9479129365383742,1.013342958069292,0.7494642383277765
2022-11-11,0.9595232210893817,0.8544908397641315,0.8924125647646421,1.501268003394838,0.867619022101088,0.694619912921992,0.9639584997130881,1.0216295991127784,0.770357875986347
2022-11-14,0.9455236628848434,0.839273624354212,0.889114321312195,1.463248973605156,0.8997062591410021,0.7017768955933227,0.9489114279199843,1.0170389454767803,0.7714921310798701
2022-11-15,0.9604627442955845,0.860580995901758,0.8944351907031346,1.4668211996665137,0.899304961123187,0.7263691720067201,0.9596068079191298,1.0218564454544543,0.7861239811174381
2022-11-16,0.9694971080707939,0.8512349518479809,0.8842050704917233,1.479968879290814,0.894163786456968,0.7245237996513939,0.9553415816699974,1.0199121733116732,0.7797017547605463
2022-11-17,0.9621876289874283,0.8351026358816083,0.8930847015395366,1.4428594965092971,0.8857850069933458,0.7322609167128296,0.9445196017207593,1.0058327607328372,0.7765039606406565
2022-11-18,0.9689810076042709,0.8284214532529428,0.8815620682270422,1.4292419985780251,0.9077670679441994,0.7190262316048918,0.9349672504567382,1.0079692756613037,0.7730277880297244
2022-11-21,0.9859083867169119,0.8409564610435991,0.8723276285582271,1.4136697677248717,0.9054655582581758,0.7238910793085622,0.9330227248486481,1.0089324136650915,0.7664308888285629
2022-11-22,0.9958464261592549,0.8377033724452028,0.8672209798365617,1.4461588919884432,0.8841699595097493,0.71399640960399,0.9371466069986245,1.0133611910910276,0.7665215804333875
2022-11-23,1.0080243553440722,0.8347876087396298,0.8542868099141654,1.4782999954876348,0.858208532893644,0.7023619398359676,0.9383430267394267,1.0120733601557452,0.767326010901293
2022-11-24,1.017831490589223,0.8385624722694291,0.8575805502877224,1.478265330601971,0.8638716238986632,0.6972019379465777,0.940956011700436,1.0171677647575952,0.7639258890979942
2022-11-25,1.030805626343049,0.822684718056529,0.8716488767875405,1.5210616111481885,0.8602086251730683,0.6917679312872522,0.9492428596853941,1.0261765995573329,0.7677829257803082
2022-11-28,1.0414474020315285,0.8089559296011066,0.8702286501236802,1.49831177532649,0.8445266499021791,0.6734194451209936,0.9387145869329384,1.0176650050640375,0.7591338748394845
2022-11-29,1.0181106742396775,0.8318286783970272,0.8805785968917306,1.5210489286217244,0.8658030064435901,0.6957538990396838,0.9560316659832265,1.0308138033652272,0.7825550834576269
2022-11-30,1.0143702161350419,0.8850201513419721,0.8921955782594819,1.5347821603335194,0.8620235682702354,0.6919893877799476,0.9834909533123269,1.0556218516985867,0.7834935178887149
2022-12-01,1.007814466697644,0.8875193186439292,0.8969149913223623,1.5222288956178947,0.8715813444338526,0.6959981970073095,0.9854633287917246,1.052414726771856,0.7919794866163787
2022-12-02,1.001947300354558,0.8735922069052451,0.9107049701636586,1.5140068448655823,0.8589167486940795,0.6987866178446894,0.980474618555405,1.0451472689957981,0.7871356195344829
2022-12-05,1.0265836716912835,0.8866118127519536,0.9135541528313645,1.5633746749921982,0.8506842714458653,0.7048451771216742,0.9905379050146651,1.0583048093952696,0.8025751535504434
2022-12-06,0.997996233423462,0.8942313160418525,0.9142267312898723,1.5591078874100657,0.848434477167508,0.7078887152147726,0.9915176149009913,1.0525484148913966,0.8069108629631542
2022-12-07,0.9836696470554457,0.8983707764177989,0.9199629154671319,1.5119393329740998,0.8446601567236589,0.6998985643993876,0.9856184081216602,1.043930903217974,0.8049268315993131
2022-12-08,0.9714013267924111,0.8906712507417227,0.8960182605826508,1.5105492380361354,0.8377196120439541,0.6946492234606021,0.9748419594766284,1.0296604020660152,0.8050771031149304
2022-12-09,0.9600537052426542,0.8893234191781375,0.8953404590141532,1.514689726721603,0.8496664638982832,0.696437514017725,0.9784324171772351,1.0330460616553985,0.8130205489688905
2022-12-12,0.9347529161213133,0.8684476280460245,0.8768326446509184,1.471268324351874,0.8505509197546325,0.70698038353755,0.9608766570785772,1.0128483250696672,0.8039105162609429
2022-12-13,0.9429591718709277,0.8674028378030925,0.9155400344390748,1.4794477631833487,0.8486679977924204,0.7013249912906535,0.9719957255459617,1.025369811658486,0.8023321569859471
2022-12-14,0.9376846120080825,0.8575367642275619,0.915366377415402,1.4865992046632543,0.8521719499278069,0.7018492870593743,0.9713636072777366,1.0253304419848435,0.8042039422379873
2022-12-15,0.9393561186763277,0.8764860815644998,0.9003113687624692,1.4607804755523344,0.8409008169304016,0.7064666736725944,0.9653062809107671,1.021306761122614,0.8036148534954386
2022-12-16,0.9536669751058655,0.8683120652992599,0.8988804010110866,1.4741813740212482,0.8485308693951041,0.6871551308929046,0.9670757236311499,1.0260761615535055,0.8040699382748048
2022-12-19,0.9288092016894024,0.8617002527234486,0.8785294266169807,1.4268340272103366,0.8033523313384257,0.6687710569454762,0.9391233949304852,0.9927610681850567,0.7916647094767635
2022-12-20,0.9262052331881762,0.852667774413143,0.863172794655723,1.4173888935780738,0.7990219992241634,0.6634916736442973,0.9297387210513757,0.9833371024291386,0.778609185270137
2022-12-21,0.9222182675749554,0.8406714183570921,0.8793501105645095,1.4103929052611228,0.7968697000271209,0.6560435757789806,0.9290514094653523,0.9816777988191485,0.7789184721108056
2022-12-22,0.906533202474106,0.8464963006207107,0.8945185807314358,1.3936962017921186,0.8108059333567327,0.6446229711637574,0.9359795479721946,0.9843505130284648,0.7800348328966502
2022-12-23,0.9146482110900208,0.8306337384789082,0.8800436022664405,1.3964085478923816,0.8135407989769536,0.6382850873771081,0.9290528850232721,0.9775654374076161,0.778446916434599
2022-12-26,0.9319439840515318,0.8415887549423062,0.8909535623949049,1.4077328658726984,0.8179587133388666,0.6426672043540259,0.9381403906426549,0.9925310640034732,0.7815519855056098
2022-12-27,0.9365276034916703,0.8462640327177655,0.9014749279830397,1.4333153445295013,0.8191822363966699,0.6479877220668291,0.9468259413854652,0.9972567174925789,0.7905733600527872
2022-12-28,0.9682882293715808,0.8197313137973001,0.8848659780474439,1.4322806417793623,0.8269460388036641,0.6385503890328407,0.9371159210282195,0.9925994733832152,0.7871998763666006
2022-12-29,0.965591651771055,0.8079141973551086,0.8740852842686845,1.400746781056264,0.849810018838803,0.6416069809750212,0.9322037696801908,0.9890631751610757,0.784238571790233
2022-12-30,0.9862291264130147,0.8172262938276753,0.8913614670382743,1.4110021951586416,0.849939554994219,0.6416214945675025,0.9412379397542756,1.00036373287409,0.787275113796612
2023-01-03,1.0026300528712928,0.8224889074305362,0.8792780620943624,1.423503472626885,0.8573215474555816,0.6674119530154073,0.9436919007658415,1.006108858331425,0.7905825105510319
2023-01-04,0.9969960231134348,0.8137935629626054,0.8762882890584719,1.407040512572529,0.8685869692632344,0.6722712696463361,0.940767140963357,1.0010030344796845,0.7916091964540793
2023-01-05,0.9996971384716761,0.8288526458082816,0.8760912341826372,1.4106273268878329,0.9058382108848709,0.6774013343669321,0.9557526880340275,1.0112032291109434,0.8069881338372199
2023-01-06,1.0007715389443608,0.8322448166598788,0.8738491764334345,1.4284636066389143,0.9069886040779036,0.6735591477968383,0.9594437200489988,1.0157950025126996,0.809491506812545
2023-01-09,0.984772304401387,0.8428075252023605,0.8914932400901298,1.432863755220323,0.9108609936237406,0.6742306690075979,0.9690940129764324,1.0233895612432393,0.8160455003441593
2023-01-10,0.9743277586756673,0.8813114464440919,0.8820258711424895,1.4135110782829179,0.9350960156875139,0.6720057142606551,0.9807633726740007,1.0315087792082023,0.8169308618854287
2023-01-11,0.9714366612186383,0.8677757373734056,0.8870719504024864,1.4464753054914767,0.9259546070050233,0.6640039744680503,0.9817214118833482,1.033586426916253,0.8154173694757669
2023-01-12,0.9740755993078435,0.8764623045318672,0.8833511099573291,1.4459462213913472,0.92978442983283,0.6633567963466025,0.9840740921845229,1.0408050063204926,0.817011182925576
2023-01-13,0.9720501887146069,0.8738311097505196,0.903019800710746,1.4587751787343717,0.9488429427316388,0.6640199329126202,0.9960389739697462,1.0514998473312507,0.8285017685879652
2023-01-16,0.9667944359126881,0.8700585452600996,0.9358816605250292,1.472033864840961,0.9846046451628547,0.6779906146474913,1.0156740203091557,1.0663780428331446,0.8414318292964375
2023-01-17,0.9586020903627588,0.8703452391627521,0.9293348409995226,1.471480624448285,0.9720695536888155,0.6804321815897709,1.0106533496741041,1.0572839825857294,0.8412850146357125
2023-01-18,0.9600832059406395,0.8723978506195245,0.9138461949097623,1.4780949510088006,0.9631026191984127,0.6856760895977257,1.0058432568578413,1.0559463139725267,0.8398762445948504
2023-01-19,0.955465783490233,0.8710681320174584,0.9107775305484648,1.4815387175610593,0.9811708055491817,0.6953364823367776,1.0099189556053008,1.0607240361464518,0.8451009757481283
2023-01-20,0.9823381934468893,0.8915620633619065,0.9106573078024437,1.5128667103215232,0.9802134029183762,0.6975467095565433,1.020918275786482,1.0797896876778805,0.8502901216304549
2023-01-30,0.9656287164449968,0.9165133267123702,0.911458613019678,1.4894209452826026,0.9584766521322543,0.7106794975343714,1.0186704240747977,1.0745165912944665,0.8543200010573898
2023-01-31,0.9671395872128871,0.9296502300496874,0.9243320171482862,1.5019860408406045,0.9304764525424021,0.6975283227390491,1.0206264042010453,1.0709294105714062,0.8452738184927492
2023-02-01,0.9701252247671167,0.9584569355334593,0.9406770370372303,1.5053993081608248,0.9343886718439033,0.7169849427242055,1.0346974496621335,1.0836278681602682,0.853219501135169
2023-02-02,0.9782502819087766,0.9542755003044996,0.9446359502303069,1.5124125872203196,0.9377855077064468,0.7372223680041521,1.0368030617943824,1.0882572364586593,0.8502132574452002
2023-02-03,0.9748457512815618,0.9410614527166538,0.9314106208632598,1.4898097954257612,0.9280834234277145,0.7455290972475525,1.023029586050425,1.0721820015613306,0.8421776965755774
2023-02-06,0.9728240091788457,0.9247124451361062,0.9460735011552874,1.4791020443033942,0.9156251387458827,0.7591871497928122,1.0173412139913107,1.0652113907651992,0.8310437770003233
2023-02-07,0.9933599093982232,0.9279788234340909,0.9327880300751029,1.4832071510522096,0.9092542348513861,0.7901996853795594,1.0136042634863658,1.0649516483017336,0.832539578446712
2023-02-08,0.9892846861649649,0.9163612361353985,0.9225183933733446,1.4732361529163844,0.9099402820547796,0.7799978904999213,1.0061297102844984,1.0562623541463438,0.8288604681191547
2023-02-09,0.9887986849123338,0.9244147782823681,0.9264396455270207,1.4815464105703868,0.9190717919905204,0.8365827189197914,1.0133525416827922,1.0642638364174126,0.8399866606070022
2023-02-10,0.9994262839215847,0.9103492740704416,0.9265172909858312,1.4656712264729548,0.9173081104953211,0.8488105814195526,1.0063183481173217,1.0593188301703735,0.8349951654867597
2023-02-13,0.9943534262505347,0.9177707382208546,0.9201749787324739,1.4644010511444119,0.92170839071543,0.8840979431039233,1.0076359541869886,1.0619265366823156,0.8425725914109343
2023-02-14,1.0012787997459505,0.914878188889063,0.9248995226402948,1.4858121420589987,0.9212370612018621,0.8647685423202089,1.0116897685093391,1.0664035494385349,0.842921530410663
2023-02-15,0.9952860321283546,0.9083958738598891,0.9119519814673522,1.4750857477943966,0.905066576744744,0.8944689710958925,1.0000916236763238,1.0539965983845612,0.8385290879088355
2023-02-16,0.9830664542864387,0.8927200225351136,0.9039325559296539,1.4613760086794827,0.8923769414297079,0.8507327615112805,0.9877491964969892,1.0407959912218494,0.8323878835202565
2023-02-17,0.9755676068430063,0.8835307690263418,0.9022621193197083,1.4716652496049702,0.8979332337985952,0.8279331195342735,0.9880271676358106,1.0424828610275831,0.8203944271432235
2023-02-20,0.9892104921742326,0.8940038944764508,0.9115858602169564,1.514678913087856,0.9132700743266261,0.8494656116959857,1.0049460213639672,1.0607086413320275,0.8405220664265157
2023-02-21,0.9959223942281272,0.9184378381547528,0.9240608052234199,1.5298818759231676,0.9078513924111226,0.8495013529345687,1.016281714018893,1.07325277810875,0.8427312000471748
2023-02-22,0.9882852980304573,0.9097251624376624,0.9351013711195753,1.5267202633952481,0.897282852141245,0.844310430552322,1.0134243441636313,1.0659291619908222,0.8351255092506443
2023-02-23,0.9855513577770608,0.9109537820271371,0.9305753140789226,1.5330416023127715,0.8893061816290615,0.8358789763279458,1.01133694969744,1.0643936357162682,0.8344534559906776
2023-02-24,0.9838665099654127,0.8933738534715341,0.9233218983858442,1.5193908380543437,0.8792818357315288,0.8606282359923719,0.9993856295997217,1.0526598671096272,0.825790984319095
2023-02-27,0.9825460461902052,0.8806190093732107,0.9179714723032922,1.5248046486589169,0.8714358609950557,0.8448726412505765,0.9930315514885119,1.0477152245427521,0.8222930538567814
2023-02-28,1.0055279297130602,0.8849410048796114,0.9189616157218188,1.5279091064465713,0.8784381898563896,0.8602998709105675,0.9970180494171575,1.0528288335851572,0.8275017208020299
2023-03-01,1.0159786951552967,0.8964569866214641,0.9201233109103115,1.5475229405528834,0.8827650932762726,0.8988521276887534,1.0050041977411328,1.0605125215739186,0.8391905672597194
2023-03-02,1.02502276148031,0.8919492278237153,0.9142834915409525,1.5736316029799569,0.8708403757188409,0.9196746372375069,1.0029910977167988,1.0603673696066527,0.8373189853520846
2023-03-03,1.039236612084659,0.8889654017572823,0.9128111850168086,1.6116248873893106,0.8731473376895652,0.9415583350714513,1.008466725087329,1.068888369144089,0.8399244372189387
2023-03-06,1.0517781771761723,0.8861894211730175,0.9129531670039985,1.59076053283996,0.8703563972440858,0.9249217997393111,1.0036488407707882,1.0657750036498843,0.8355441953814373
2023-03-07,1.041513990789146,0.8766348659650176,0.8926912082277624,1.6454284825701506,0.8554743850507869,0.8790273851690706,0.9997074319896976,1.064784427522805,0.8233114026392058
2023-03-08,1.0348693436174834,0.8711354783448932,0.8874390360113614,1.6275876975435617,0.8498636510608742,0.8928846794934115,0.9923200738277053,1.0551137929300074,0.8203132927254543
2023-03-09,1.0316014234709823,0.8632384153886816,0.8791706971882393,1.6288561690489711,0.8559055234898432,0.9117318449183025,0.9897167846054763,1.0515001611740615,0.8174142115371502
2023-03-10,1.0222439476822265,0.8207863321593826,0.8635367756989019,1.5782390350876856,0.85890767109662,0.9021030314866089,0.9663278034655252,1.0268666629920644,0.806694707860175
2023-03-13,1.0322719555731774,0.8067061072795817,0.8819764440386016,1.6522612922965376,0.8458855134894442,0.9424389706886616,0.9750101631717849,1.0388590754620033,0.815143871250455
2023-03-14,1.0383276222611082,0.8069062174776491,0.9143920798982463,1.6158526306126844,0.8504132112915944,0.948819072454195,0.9799628292902576,1.0374974574709497,0.8102656389640402
2023-03-15,1.0586007233121466,0.8018547928823859,0.9178244490047979,1.6252278625198207,0.8434548875406906,0.9466156610464028,0.978765615536962,1.0386091356125504,0.8107142167224326
2023-03-16,1.0598696958388163,0.7923100711338542,0.8828921015145259,1.5572884604689727,0.838672969453794,0.9445593852700309,0.9549239394296716,1.0141191833058554,0.8010043180184481
2023-03-17,1.060684319479223,0.7967239097279885,0.884050904518644,1.614341315231749,0.8155369871550829,1.0549525016012757,0.9587276308624855,1.017702005825095,0.8050036957845675
2023-03-20,1.0384427923157764,0.7965781888348544,0.871680888246849,1.5965972042473473,0.8022898879067677,1.127835135145883,0.9488023356957267,1.0035302683706946,0.800989270532446
2023-03-21,1.0358750756860264,0.81578005635028,0.877007509320411,1.5813741577621334,0.8368337731623463,1.1359534359605996,0.9639210543883362,1.0214674337827279,0.8097942866322393
2023-03-22,1.0310215435865682,0.8173596330005519,0.880081102993158,1.602590506016134,0.8384928572590561,1.330177315905499,0.9689430562054924,1.0280222504336627,0.8132643589110082
2023-03-23,1.031399756953055,0.8189212250695226,0.8814655327838152,1.6232300702292264,0.832209023132124,1.4336421867835842,0.9710912702643777,1.0304464926317836,0.8213263545533376
2023-03-24,1.018276868318037,0.8169142036722303,0.8824900869019935,1.598760422183362,0.825444413984224,1.5055204604272292,0.9651453651371611,1.020260293167826,0.8188772745342638
2023-03-27,1.0000954558825386,0.8147360405810155,0.9065291605210614,1.5907198511275422,0.8374451132616257,1.581467464303503,0.9733691121690498,1.0264005836046064,0.8159147498914637
2023-03-28,0.993344830502845,0.8177489869180752,0.9078947728502395,1.6360465389124537,0.8279171577567942,1.4979639735854156,0.9788008827481139,1.0344225287404323,0.8132789997081996
2023-03-29,0.9958134110608191,0.8169211019242347,0.8864598345636577,1.6498988859916324,0.8224382251178218,1.5272098344963727,0.9732284083407784,1.0296724442501877,0.8146269697718361
2023-03-30,1.009185910097304,0.8276237282630188,0.899849103466029,1.7181927605470937,0.8249856031371887,1.5551449070806933,0.9909157373354877,1.0527703061334568,0.8212116683086715
2023-03-31,1.0081918243638652,0.8231984599752513,0.9237877074200425,1.7160415297928004,0.8170821895799943,1.6427632801139362,0.9934980287943325,1.0537532256923734,0.8237331389360805
2023-04-03,0.9981124412786202,0.8234173880104616,0.9533042844352735,1.720312318296337,0.8068263821244523,1.862702817385071,0.9990006754831788,1.0542422553167075,0.8317941178563827
2023-04-04,1.0080101187840342,0.8140431591114337,0.9800673821672375,1.7541900136696877,0.8084534199134376,1.8904624657586842,1.0085907928671294,1.0648319389865875,0.8343434466673364
2023-04-06,1.00385806551197,0.8044637963848403,0.9781540830287672,1.743468217679556,0.8166766994765238,1.9579535015871583,1.006154961655009,1.0619076660238966,0.8330288250861915
2023-04-07,1.007457944242745,0.807426318386576,0.9614536792046495,1.7417503458730839,0.8505211073663135,2.0409210468746264,1.012962988763295,1.0725333043466048,0.838445920047012
2023-04-10,1.04210403945108,0.8046352792703532,0.9514391611497607,1.7662881088761968,0.8546687055161217,1.980997232205221,1.0142524401717046,1.0830222818020554,0.8346905555674161
2023-04-11,1.042306011157324,0.8044385910937889,0.9482879332552406,1.7698225380587729,0.848220199241001,1.9498813869197855,1.0119448902330819,1.081035461524098,0.8337421572604617
2023-04-12,1.0389903209339906,0.7952734333983849,0.9332361596727421,1.8054169540402507,0.8453866707164701,1.9909239966415015,1.0092899228216945,1.0796326994727574,0.8331605922609141
2023-04-13,1.0484083963450703,0.7868876449682869,0.9308892910498516,1.8155980374861356,0.8651356640938366,1.8635870705548883,1.0133121419722653,1.0892857696195053,0.8274041154874205
2023-04-14,1.0840861811217775,0.8001179878770863,0.9208755466627093,1.82267233510001,0.8654895020537794,1.9497902972460828,1.0159370578170792,1.1007840890145726,0.832085103700562
2023-04-17,1.094860829730151,0.8165390782642438,0.9282059643242636,1.9157391006630673,0.8707115769628819,1.9157339295603437,1.0376724938621351,1.1274034778309905,0.8437540224065188
2023-04-18,1.077270155730547,0.811615419767422,0.9273250177924109,1.9072138103070981,0.8579932695294337,2.1016448021765406,1.0309183029910562,1.117482715262934,0.846325922446476
2023-04-19,1.080225881363564,0.8023719153509216,0.9250721977510851,1.8853202575941672,0.8479812554930224,2.099289478296003,1.0213908552648703,1.1083838181303836,0.8387059975415649
2023-04-20,1.0848174340622148,0.7890268745310909,0.9250003705767981,1.8880217944698021,0.8282926849626119,2.3458403110569197,1.0115612786207657,1.1014193559931258,0.8363594031028311
2023-04-21,1.0715069313411745,0.7664387107925982,0.9091089700357056,1.8541569207721178,0.8384379013642431,2.2263087772541823,0.9985384106400044,1.0854426361355127,0.8199999389966771
2023-04-24,1.0810141891274543,0.7730286657099033,0.8930677043498942,1.8419221380830186,0.8405599799221777,2.277899943189648,0.9952645850714612,1.0841652388105572,0.8098481728996798
2023-04-25,1.0910277429214492,0.7526603804772819,0.8963334216470819,1.8700472344339574,0.8071277431626882,2.225727321084651,0.9835213888284892,1.073726544785786,0.8057859617122807
2023-04-26,1.1178575166431315,0.7643495630283267,0.8930774866681801,1.8499118317880205,0.8101488130189101,2.1070235878899743,0.9847197232374459,1.078992048596073,0.8050876770240127
2023-04-27,1.136733033862856,0.7675959214930815,0.8823983328958884,1.8420460481490961,0.817314077969154,2.000106627105485,0.9839521143727564,1.0792963803920428,0.8110226901854793
2023-04-28,1.1304468313014064,0.783661451283707,0.8729055614388741,1.9120917196322746,0.8256028970496918,2.1680577862540935,0.9983028837342259,1.0928266637216484,0.8192920971213536
2023-05-04,1.1830186938330303,0.7819834017166286,0.8475400633216572,1.912314403681022,0.8261988592197153,2.0323607469694065,1.000927163188979,1.0964287420162464,0.8195281799760651
2023-05-05,1.1848401894806162,0.7682538801788382,0.8416253151585358,1.9056938356145197,0.8127332778413484,1.8732544704306904,0.9923679083521243,1.0884290514679142,0.816809465275383
2023-05-08,1.194548449878303,0.7795490508168539,0.8341557621315265,2.0412736732221335,0.8036966422767762,1.8835637852965652,1.0070642332544184,1.1102636529433156,0.8261195888782797
2023-05-09,1.1816976808011528,0.7742420243614968,0.8419923453478427,2.000754856810331,0.7933715736988516,1.938674662690626,0.9988329376374088,1.098544805890116,0.8190458470463704
2023-05-10,1.1665640410801832,0.805362304306256,0.8315007006754381,1.9363323551128113,0.7990307656543948,1.8468044046563643,0.996807566687667,1.0933652551948745,0.8127411537558208
2023-05-11,1.1882641636634161,0.7995811881206006,0.8383547495900984,1.9130467781350933,0.7976735209915906,1.8080738474770581,0.9979922175057439,1.0933253551910072,0.8114791983756837
2023-05-12,1.2080383209713632,0.7850610161860829,0.8369636985653883,1.8842529720832182,0.7941046525341858,1.8404757798659925,0.9934607040980149,1.088743396483716,0.8007218726392974
2023-05-15,1.181889362393414,0.7949447242941067,0.832481539745865,1.8991244610516,0.8169645003655704,1.8828853528204312,0.9978852060092157,1.0960272108735616,0.8131512994215857
2023-05-16,1.1827899495403331,0.7843995804787742,0.8326073390112688,1.9021064090618172,0.829786874190365,1.8148556546977859,0.9988657600742085,1.099318580908557,0.808945730428354
2023-05-17,1.189462703542773,0.7817834379410998,0.8316080338237404,1.881818409567843,0.8202850316354166,1.8766605287467948,0.9946683455614534,1.0932408021513598,0.8052773973542848
2023-05-18,1.1881224609943568,0.7749100647031179,0.8061874254060917,1.9120212502627278,0.8075172321685283,2.1257637422448066,0.9867106099917755,1.089293229672113,0.8044447020140236
2023-05-19,1.1666120422330655,0.7714330164020424,0.8044590592184495,1.8902016418084655,0.8112195798384133,2.0509647871727985,0.9804820175554754,1.0833805113857786,0.8021001410193441
2023-05-22,1.193350904495893,0.7898269599886695,0.8043612236022819,1.8825815797140801,0.814597426791156,1.9523431809768421,0.9896544088025222,1.0911959300733833,0.8071406421412969
2023-05-23,1.1699316689754065,0.780623159676108,0.7972762482680993,1.846380962255578,0.8198771069763754,1.9235545365858062,0.9791969666006778,1.0787091787503957,0.7957248872201081
2023-05-24,1.1518219840821355,0.7721469730866025,0.79165332561376,1.8089698434011243,0.8070605649164327,1.9132405726325912,0.9656283714810975,1.0621859762069235,0.7847251749524419
2023-05-25,1.1648908577657102,0.7653418272209432,0.7769597926119308,1.7805126343517714,0.8052575624859307,2.07125068987986,0.9590634918449025,1.0546922752038168,0.7829776331321231
2023-05-26,1.192846169596465,0.7714465451690944,0.7728610107447325,1.754827952101303,0.8014338389071908,2.1659016533051054,0.9605069558039423,1.054140706544198,0.7830693414589749
2023-05-29,1.2382617873653157,0.7617997535514572,0.7564402824304735,1.797852532864024,0.7942198112330482,2.2429546576175663,0.964317915080417,1.0612403904337775,0.7796106564669104
2023-05-30,1.2305203746079156,0.7708992384675557,0.7562369732077006,1.7876075755790999,0.7861033635797605,2.404961597259686,0.9622940571289174,1.0585992502818684,0.7803856019960279
2023-05-31,1.2276114623580578,0.7726222232842993,0.7411023755648027,1.7221795717874335,0.7666864830448408,2.5137109516192093,0.946619632027969,1.0365778250136926,0.7724124678588742
2023-06-01,1.19474933982484,0.7817673281482769,0.7452068787628533,1.7431558953773485,0.7723497274402732,2.4486063845290906,0.9485455149677258,1.0358469047732561,0.7741053100341305
2023-06-02,1.1872385792636095,0.7927063346622001,0.756165829563382,1.7717284791968582,0.7750469549980996,2.3956663922546335,0.956569382503615,1.0450165038544645,0.7852823386233372
2023-06-05,1.19506146547499,0.7835977559960452,0.7419185164188841,1.792423001298177,0.7643603447916294,2.477720566043149,0.9516237689451954,1.042037760448159,0.7817065272537415
2023-06-06,1.1598921456367017,0.772142874859695,0.7349557478435844,1.798868137309204,0.7492725287582724,2.404015974534897,0.9383818507153711,1.0277854680011622,0.7743686410391705
2023-06-07,1.154072018492288,0.7578264147822678,0.7386651521084728,1.7950299329973478,0.7287021907949782,2.4041181819831996,0.9293547421386994,1.0150951989145507,0.7705414959844556
2023-06-08,1.1709633246611244,0.7585285337432425,0.7657843846426021,1.8305240328535417,0.7264475806836816,2.362836401022579,0.9421716833555586,1.0296741646400607,0.7768136541701354
2023-06-09,1.194082966627459,0.7773575566235651,0.7612583812461718,1.8302143693137716,0.738551168972298,2.5390099901155723,0.95256366724574,1.0430337623528465,0.7801720903703198
2023-06-12,1.1556931392214436,0.7912765617007808,0.767360973586129,1.827632675540556,0.7335249152454162,2.642153240611732,0.9498118604139147,1.0371210285042478,0.7817437392799361
2023-06-13,1.1508784609622662,0.7922989070582416,0.7654344755098778,1.7993140570321098,0.7330076330265901,2.7106367391872146,0.9457116210194918,1.032197987923331,0.7859072159812427
2023-06-14,1.127471752717665,0.7946166391552815,0.7594695293791435,1.8234958278530815,0.7340145626214346,2.8103648677964395,0.9437459494170476,1.0306290715115232,0.7857278662156479
2023-06-15,1.1383221795196012,0.8101709132023023,0.7668556583395497,1.8152128538030747,0.7595758176175078,2.7687836675259927,0.956808369115291,1.0460461090955557,0.7982282601954335
2023-06-16,1.120096107378938,0.8084782468146617,0.7809537846065138,1.822146422424322,0.764678484039366,3.017825356200799,0.9588791309631616,1.0457638377977339,0.8059252526300049
2023-06-19,1.1356733143807367,0.8130294710508755,0.780571161809622,1.8074683187714178,0.7519812609762319,3.2924296168165212,0.9578025796635432,1.0434670710389664,0.7993281500844379
2023-06-20,1.1372590354960321,0.8138947185486672,0.7779229587189265,1.7735762440666574,0.7452207450832172,3.4447824827449485,0.9523098613453607,1.0362808423842487,0.7979718429001784
2023-06-21,1.1456521394855461,0.8061221777636737,0.7663976427154328,1.7760058023516514,0.7228668167723025,3.1137842080333833,0.9436225644216625,1.0267293209638928,0.7857292896264861
2023-06-26,1.1724327249697801,0.806501452503274,0.7654389259767419,1.7544108699216303,0.7211226253213978,2.8374343397532074,0.9451367479516513,1.0288951138657096,0.7746803680127042
2023-06-27,1.1678886127218742,0.804947934666095,0.7753584045010006,1.8046891639910947,0.7208065950265621,2.779372530128594,0.9518239940803709,1.0379551209585618,0.7819472870297781
2023-06-28,1.1947832949644503,0.8067827984676073,0.7693220562482886,1.8295563706280582,0.7158374266597262,2.722181711227575,0.9564704236836251,1.0446550820530327,0.7810049890549867
2023-06-29,1.1839413559487637,0.7989850399831657,0.7773789279928498,1.8067531517703854,0.7135998381264438,2.7903660196400426,0.9519067993356011,1.0401330452020168,0.7771505958499434
2023-06-30,1.1739802149130836,0.8048479179797401,0.7829623365569526,1.8320568450935517,0.7239024663317143,2.9035554411533306,0.9584843463356648,1.0479959362623357,0.7813411173571728
2023-07-03,1.1836704868307526,0.8362127834716915,0.7862161489103409,1.8907690756866449,0.73342444175576,2.8846975405794284,0.9769985720678618,1.0711586551304282,0.7915957757233208
2023-07-04,1.1750771945568714,0.8653230336576094,0.7852774626464737,1.9025378222333582,0.7423344087626265,2.9714314972285294,0.9857389924233079,1.0818601147804165,0.7928424802730503
2023-07-05,1.1753244168362007,0.8541619384589764,0.7690458702553218,1.9130351665944714,0.7392755544847928,2.8484678487129327,0.9794380074527659,1.0775065071044154,0.7866998524736333
2023-07-06,1.1763036356344838,0.8537000553245071,0.7858590312950564,1.9034240654201213,0.7273104240738142,2.8926543626369576,0.9796232821386799,1.0750939127094643,0.78140273071202
2023-07-07,1.1860519555518132,0.8439181045851448,0.7927339445633678,1.9069699325505194,0.722907140961243,2.8773817210617976,0.9798948170337295,1.074494531229784,0.7779344885329
2023-07-10,1.198509575605712,0.838196170164929,0.7936294753011297,1.8947677287836568,0.7319014289843394,2.841917273879491,0.9820302036195864,1.0762602628701734,0.7817223881173658
2023-07-11,1.1908068121872641,0.8643020312598964,0.7903420597300582,1.8934083320752633,0.7365907758985867,2.9351100066674896,0.9871889473136611,1.0808927693440074,0.7868383300137354
2023-07-12,1.1891817836549623,0.8589623418739587,0.7959552931344245,1.9120962456647483,0.7338991613084395,2.7093954235993967,0.9883292366726241,1.0823421531567148,0.7815414115965276
2023-07-13,1.19192026074753,0.8521782874687096,0.7986859020647673,1.9573500116914344,0.7509018160334396,2.924549395758618,0.9971589946881144,1.095191214287147,0.7927225070738431
2023-07-14,1.1796873111174728,0.8427833672393763,0.7942623326296284,1.9618674647586725,0.749226186214276,3.0582354105099347,0.991824208238298,1.0885447012100926,0.7928607812695397
2023-07-17,1.1855558402360495,0.8353551392818072,0.8035909215907613,1.9295231757004971,0.739928493558793,3.045877474848033,0.9876604289183959,1.0814970841494165,0.7863684010927724
2023-07-18,1.1765036655615124,0.8467182126830755,0.8054655570855799,1.9149806948809385,0.7456216497804053,2.900919613352225,0.9893310557415276,1.0816339229789127,0.7838802789478548
2023-07-19,1.1758073452971434,0.8494255556667556,0.8087594706220435,1.9329574180803597,0.7432825380221911,2.855454770395388,0.9918925010761867,1.08304297847161,0.7830520571845132
2023-07-20,1.156370391632266,0.830404228909989,0.8048414559355385,1.9094215321099934,0.7397502936123954,2.6056282573632177,0.9798515818876411,1.070046178435509,0.777526986344406
2023-07-21,1.1649677601900204,0.8268383489346132,0.814751088988002,1.8946292131984712,0.7461098917409165,2.555300585122199,0.983046506143307,1.072453993017721,0.7771640165807022
2023-07-24,1.1768353914156875,0.8236950291313653,0.8029384874645582,1.8837689341108972,0.7500383795810704,2.575704853504611,0.9813596402302556,1.07107575375453,0.7737704017983773
2023-07-25,1.1429702229352519,0.867627681878757,0.7976470905000651,1.9336332923935275,0.7567850268956503,2.6167422719175066,0.9918474608171551,1.0834757469267895,0.7961167318893841
2023-07-26,1.1464370225961997,0.8475577877501336,0.8013803604215466,1.911226873579903,0.770128690846168,2.5444332396594946,0.9899879240785905,1.0786478146354626,0.7944692355165399
2023-07-27,1.1429752765019392,0.8531397648744166,0.8112835248291599,1.9088366925299893,0.775328713080772,2.486669629861875,0.9942301342118679,1.0800365543557864,0.7935202271763692
2023-07-28,1.1505769230315084,0.8868737064767424,0.8164493258923251,1.9243160137786484,0.7853691951331585,2.4583199007384273,1.0088688588753436,1.0959638371645357,0.811900934672559
2023-07-31,1.1616852653300238,0.9229186451570643,0.847531681648853,1.9135422557781396,0.7598944310116669,2.4700050336489663,1.0190245403630271,1.1052642928190006,0.8163525503963686
2023-08-01,1.1953116440170721,0.9188993308522325,0.8273592955763394,1.9395809523760037,0.7585305024037386,2.5399387812258953,1.0215930041900034,1.1101600289240021,0.8129711362783698
2023-08-02,1.1815201093202192,0.9179603747022397,0.8176667066715727,1.8782366288077068,0.7461902875192132,2.542702104510747,1.006847097932935,1.0934707414526477,0.8072559384191796
2023-08-03,1.192447128293152,0.9087068682444248,0.8240583417041218,1.8733680346975436,0.7569268960306555,2.5243564153822566,1.0106290454594153,1.0955728267198805,0.8143910902615308
2023-08-04,1.1824813424897183,0.9133100885514871,0.8210915943172783,1.8763933969050814,0.744788195879796,2.6675561297257917,1.0063209772843158,1.0908414980732535,0.8175622462643085
2023-08-07,1.1984144249794437,0.9078457000244449,0.8259435958384984,1.8847220330380152,0.711228949588094,2.7131292332437766,1.0008426241730837,1.0828985234630994,0.8113752893845063
2023-08-08,1.1983753051461603,0.8984320824309074,0.8179758030972584,1.8950137840384074,0.7134581895451239,2.6273825808132605,0.99854994335704,1.0809859607102976,0.8092562373354556
2023-08-09,1.1782249912807063,0.8899482723431107,0.807036446763508,1.8866725596931773,0.728092926996636,2.479827973072164,0.9938526516161433,1.0757263063416103,0.8067821459545133
2023-08-10,1.180109660081997,0.8853279481049817,0.8136454912831289,1.926378357439746,0.7311270897889706,2.425972586282744,0.9997779745706347,1.0820339115862334,0.8084398095476292
2023-08-11,1.1598233056148837,0.8631066028710767,0.7898047804332995,1.878164986320998,0.720836991447911,2.3797537401388844,0.9776442545299658,1.058569572415129,0.7898413201932171
2023-08-14,1.1772604541042644,0.8334767563721949,0.7887108609248602,1.8748389960721272,0.7275434139799819,2.3940413696050262,0.9750735880536219,1.0548784656481403,0.7840769129879114
2023-08-15,1.1949649064711987,0.8258293140552793,0.7844313502601336,1.8800814788333235,0.7237251322878423,2.374460064309761,0.9746807166196672,1.0548428529166085,0.7821715759089741
2023-08-16,1.1815832160838358,0.8130180333032047,0.7809751033428796,1.8493185722131196,0.7286731975819879,2.3177703607328377,0.966757872356497,1.0456560847092102,0.7764368569868622
2023-08-17,1.1747555802399814,0.8194111303114586,0.7850400389584623,1.8521067549394303,0.735933029102231,2.3533568159035774,0.9703852924251171,1.0483893658391066,0.7790329550110663
2023-08-18,1.1715790131967707,0.8020992247040744,0.769199061486043,1.8454434885228648,0.7255916333077745,2.2348723860092488,0.9584185800413304,1.0353069055710584,0.769456043548237
2023-08-21,1.1556982356089407,0.7872675234421058,0.7581187715617095,1.8223434701197376,0.7219434310133146,2.2669446031921168,0.9461515270231035,1.0205657630971938,0.7583841440166409
2023-08-22,1.161177503770783,0.7936277540080688,0.7584308328659962,1.8689337347496209,0.7101691334069811,2.419973438387833,0.9504070404717685,1.0276026380165366,0.7642144348093078
2023-08-23,1.143332313946031,0.7764941254723446,0.7526569849171911,1.8758479336078766,0.6991777040959688,2.2885604916791724,0.9396963851817725,1.0146266097066141,0.7516898428452754
2023-08-24,1.1270059966916535,0.7821287453938104,0.7628834673066677,1.8711709023975909,0.720210064407612,2.32794532516028,0.94611495301446,1.0239364525172843,0.7571384561889386
2023-08-25,1.1473266555642,0.7756154710121957,0.7707435690131369,1.8730500504466256,0.7162483245941345,2.1191843171355873,0.9490497321865212,1.024038080701396,0.7542353081125258
2023-08-28,1.1284629242271287,0.7828835577557798,0.7721001638804915,1.922965441480298,0.7273855917342225,2.179113727272224,0.9560514580166763,1.0329773547986005,0.7630740793836216
2023-08-29,1.1216441788622697,0.8118906393013429,0.7739268284976846,1.9062823975031975,0.7365637481886634,2.2363139010313686,0.9631868991355281,1.0405116398917384,0.7706970544546142
2023-08-30,1.10828103635721,0.8132784168269052,0.762733201488456,1.9033074518729394,0.7386008916776707,2.3037537145598477,0.9586670770951345,1.0362877933796684,0.7703723134391327
2023-08-31,1.1269909444484776,0.7990464496461149,0.7577956296861551,1.8931391782695621,0.7314172313333759,2.2981906553663434,0.9544183469729915,1.0311566345904424,0.7656461827679844
2023-09-01,1.1181558503641462,0.8090950558814911,0.7623215203699462,1.9335761426552873,0.7268947627287023,2.212206012151321,0.959359414675696,1.037962057145544,0.7709784831117381
2023-09-04,1.116125836019742,0.827482791452965,0.7676420928265522,1.9956337966946824,0.7315843543061711,2.213512786363265,0.9721067161706147,1.0534795496611844,0.7826628559925081
2023-09-05,1.131102707186356,0.8205453145546738,0.7629698511831086,2.0022990115909916,0.7354393162852514,2.1467667394102428,0.9735760628781439,1.053887778110614,0.7768400889428422
2023-09-06,1.1205693820442852,0.8233843807190344,0.7594925951166701,2.0075474717141555,0.7212324696760487,2.179766552882928,0.9682980594455443,1.0479991056331945,0.7751545671661814
2023-09-07,1.1122492083875712,0.8084604021564206,0.7511172142553526,2.0159873819044636,0.7099689189749678,2.0595706664216564,0.9590041960318545,1.0368799072170733,0.764264864221856
2023-09-08,1.1395638081285195,0.8038421873150692,0.7484386823560845,1.9844008502394028,0.7120577391071399,2.0463241703196107,0.9594939925607595,1.0380211049571006,0.760506652920584
2023-09-11,1.1347398687722423,0.8222508876476744,0.7572142042792084,1.9994448928656607,0.7323603686777719,2.114205716563791,0.972252694255007,1.0528805222613573,0.7661075712239188
2023-09-12,1.1436917160988354,0.8276643035811777,0.7702143482186644,1.9963699774598964,0.7306367696928289,2.1197350200750416,0.9776486125528745,1.0583536369466044,0.7646979878054351
2023-09-13,1.1495368053067578,0.8156724101178647,0.7615003938157459,2.024305521038877,0.724605236842481,2.046249451537775,0.9747247013243795,1.054905102729077,0.7598270759176161
2023-09-14,1.173709252500206,0.807874322396291,0.7560219177793349,2.0689772372678075,0.7243423706768658,1.998870798138154,0.9797890309128365,1.0619909066052435,0.7591879644513301
2023-09-15,1.1511162728540545,0.8059934830749348,0.7543891634411275,2.0488240953120243,0.7377507658285373,1.9467067850439566,0.9768562258405001,1.058958488407696,0.7541590539604872
2023-09-18,1.1407194151037041,0.8307541056715843,0.7556098682707567,2.046554511887925,0.7469744349069797,1.9029566468977563,0.9836358916007911,1.066914112306647,0.7580091769330163
2023-09-19,1.1466724022658705,0.8218654144477989,0.7573753110124131,2.0697772972856736,0.7461016096186281,1.9027346335143522,0.985019730808899,1.0683048843075147,0.7565432671142267
2023-09-20,1.1375248395372763,0.8098212657186392,0.7629137966281516,2.074166382996786,0.746351566651595,1.8997671093670558,0.9824855072133907,1.0633888761969632,0.7535313297809055
2023-09-21,1.1359127600709729,0.7991391211430552,0.7482274797103596,2.0553417712598403,0.735535448473524,1.9021491194040363,0.9712014728435289,1.0524472262210327,0.7467711450221788
2023-09-22,1.1274484019528832,0.808990484089494,0.7547320983146111,2.0703835793323195,0.7472896610351935,2.10634628744616,0.9783627491844116,1.0587628914178386,0.7602911078508214
2023-09-25,1.1300158191548773,0.8072887479967595,0.7517301224303802,2.053806792079876,0.7573242629764948,2.027818606657252,0.9786792481379233,1.0597976056337843,0.7553439418109639
2023-09-26,1.1283663704387072,0.796909256392876,0.7515746020758673,2.043699865369674,0.7528570575737497,2.093615435018713,0.9737186138344479,1.054247352825723,0.7509291314245383
2023-09-27,1.115519700485061,0.7935024555690533,0.7505496637269348,2.0448214966194675,0.768952073216925,2.10761740438947,0.9746735342986649,1.055738210074507,0.7524749555946644
2023-09-28,1.1109757749426754,0.8128886613587126,0.7340003869065858,2.051865498232118,0.764383350754206,2.111871399002296,0.9738570659620507,1.0584131811166912,0.7502426407117856
2023-10-09,1.122310896385216,0.8436987456685185,0.7106920842844264,2.0571034449041137,0.7920762749622203,2.072959759138041,0.9845951136576805,1.0768391520562992,0.7492686210097462
2023-10-10,1.1146289764985435,0.8487255991348909,0.7188177503386444,2.014812835772377,0.7787955322664852,2.0401779496035353,0.979321918869565,1.0681682424053445,0.7436561120753015
2023-10-11,1.1069750180580098,0.8379002334027572,0.7107849942761875,1.9891627708404016,0.7961997845241368,2.0686393144523745,0.9751735670875632,1.0643326437410867,0.7457753674687576
2023-10-12,1.1170727645406622,0.865588931888169,0.7163947171395332,1.9903502523789929,0.8078977383235536,2.012669529431451,0.9879188458317568,1.0792863235278658,0.7528586664877226
2023-10-13,1.1183541343843948,0.8656123221702706,0.7102468798538091,1.9995963120604987,0.8069262802992684,1.9431680590444087,0.9871355167559835,1.0788310964028982,0.7449339283190626
2023-10-16,1.11921500147341,0.8726565890857154,0.7075003599485753,2.0199247754748804,0.7979322335784418,1.881374935698424,0.9879372476725228,1.080657742944126,0.7374482107217395
2023-10-17,1.1375871360341452,0.8735068259497242,0.7093620622470328,2.0350924648546465,0.7931385676704473,1.8716074041364925,0.9921897863984284,1.0855888460642589,0.7400520358333501
2023-10-18,1.1154661507585324,0.9038232708230028,0.7003124420730739,2.0267466316139173,0.7860023661947071,1.8423909393266606,0.990087390584807,1.0851286086762018,0.7341906333466515
2023-10-19,1.0987932582900224,0.8760412427172719,0.668238272423482,1.9771280029978195,0.7754488438295838,1.8966756170049373,0.9644651364872371,1.0607178618005433,0.7185266071070894
2023-10-20,1.0997925312190928,0.8747271252644235,0.6625063708768869,1.959832587606233,0.761815232690824,1.8323695620198681,0.9576178992804821,1.0536633515071148,0.7138586329358957
2023-10-23,1.0760105690412427,0.8690667974902839,0.6624118104225356,1.9405736090564625,0.762890876512326,1.6549780313674272,0.9505980544748902,1.0452928991172934,0.7064680805203166
2023-10-24,1.0883195490312787,0.8595999102699107,0.6769154982457509,1.946396885020315,0.7778288672893616,1.6352459831524468,0.9591578365232647,1.0538629031751585,0.7090883765287675
2023-10-25,1.075256042973313,0.894017990473465,0.6944874658113684,1.9058135222224635,0.7750807454894213,1.5869361162205142,0.9648382726060483,1.0581105176635601,0.7126119283861662
2023-10-26,1.1180650124670535,0.9304101146610133,0.7045033076361067,1.9450545580755532,0.7839382042996788,1.6064080632283275,0.9893372439375376,1.0863172971706427,0.7145817256416267
2023-10-27,1.1275309329980208,0.9583181392615641,0.7241574402263902,1.938298301084013,0.8294309690234968,1.600962269300354,1.0132628026488346,1.1126464928311626,0.7243910597598695
2023-10-30,1.1302011475332,0.9440780493440792,0.7418924501758842,1.8845700259559532,0.8590269818122667,1.6231685165867649,1.0173082116373353,1.1141786464387258,0.7287399865589337
2023-10-31,1.136625147016701,0.918766781893557,0.7346877982224297,1.9100789407550205,0.8603217809325209,1.5941168922721984,1.0140945654802287,1.1109582497156922,0.7264491084872894
2023-11-01,1.1368498641424163,0.9236194929489678,0.7359158630567707,1.9121164316074826,0.8546297899073236,1.5694945194333279,1.0144194011315508,1.1111077506580616,0.7261483621116492
2023-11-02,1.1392964654199473,0.9155506580833114,0.7288370609928901,1.9242434878454742,0.8515763568646161,1.5545642741949797,1.0116939302880794,1.1085243240617269,0.7227244490129143
2023-11-03,1.1432909542078802,0.9282584229986405,0.7327730255834485,1.9241207151748088,0.8481142255216304,1.6150459237423596,1.01546896344042,1.112290050797817,0.7288140039225125
2023-11-06,1.1165659858234587,0.9464834449270277,0.722502733183824,1.8649852474818993,0.8677732346586543,1.677951395551015,1.0103283238869474,1.1079163390009021,0.7386705139428165
2023-11-07,1.111259784176844,0.9607780428697389,0.7253285948687256,1.8762503376755606,0.8594550301008058,1.8400692221920707,1.0124937471376714,1.1106568053527552,0.7360577416773666
2023-11-08,1.1115048064461184,0.9693351028533623,0.7190199057779618,1.8664396424033853,0.8710580241322821,1.8907303484341387,1.0142556286090634,1.1136308076757502,0.7342912888273422
2023-11-09,1.1244820360552945,0.9682543225924294,0.7189265278993728,1.8984769242781574,0.8587719370013533,1.9162643367836403,1.0169922245444512,1.1164794271885365,0.7346479549144773
2023-11-10,1.1350636811844006,0.943749829063083,0.7201377424983719,1.9076469596397243,0.858506376968039,1.9434322242955933,1.0150208985145432,1.113971904065471,0.7292924733085039
2023-11-13,1.1347682277763413,0.934016183027164,0.7214947850696204,1.91651220790664,0.8489194430788446,1.9870068755176775,1.0119333164808086,1.1101773860624407,0.7278538116400427
2023-11-14,1.1347994375007766,0.9405800732401638,0.726980420305057,1.8994341567115207,0.8463292655916114,2.073025534895435,1.0124789715766405,1.1107481259449088,0.728391454248016
2023-11-15,1.138975545979084,0.9524546442106809,0.7249710237141267,1.9221533862417177,0.8560850793624591,2.047289709918544,1.0199771885661364,1.1197406649169783,0.7335130897877378
2023-11-16,1.1419930343761677,0.9396704558585892,0.717355995403102,1.9175359970963644,0.8455096343368362,1.996483495936846,1.0126267380660035,1.111537825849029,0.7264202335817174
2023-11-17,1.1495452014935859,0.9332925890582021,0.7133067696790216,1.905190216502928,0.8511279683880336,2.113455404388692,1.0114901052377694,1.1109162949817875,0.7255468693603688
2023-11-20,1.151784347031557,0.9351767921127737,0.7356120888473755,1.9074866157951644,0.8603510138372493,2.133710425258868,1.021054479406489,1.119179694526658,0.7272252740828392
2023-11-21,1.1452003949883611,0.9233180497592822,0.7320812437282659,1.9127324739296039,0.8655268941571206,2.0888967474133295,1.018107557385987,1.1153564187547798,0.7281899399422286
2023-11-22,1.1426659666329684,0.9048157834668064,0.7379107802366368,1.9071482955044787,0.8523495664567301,2.00092149708466,1.011503476736792,1.1061711579819682,0.7207371641385861
2023-11-23,1.1439702607500557,0.9309078169364865,0.7403239628655471,1.9242879949146403,0.8551283257091105,2.0227074656102957,1.0207073055746831,1.117761828464149,0.7242151668491671
2023-11-24,1.1397758624519616,0.9155807727801142,0.7495696004349074,1.9346567855039862,0.8584815326123502,1.932754673639513,1.0210476416295815,1.1166459150739683,0.7194343365329564
2023-11-27,1.143137839524985,0.9409034143014019,0.7502285111889649,1.9266086181695243,0.8516636231062218,1.971549813748723,1.0250061159457171,1.1217833434345763,0.7141337579164507
2023-11-28,1.1374069877168334,0.9848986656875208,0.7407117563225927,1.9236190518555465,0.8687590330577132,1.9605432320018124,1.034760350909591,1.1358843798564142,0.7154719674486265
2023-11-29,1.1296873210810723,0.9460379850006575,0.7390944605663511,1.9291573896712728,0.8615587649756963,1.941941106958977,1.0236188989485295,1.1222436135597942,0.709327712893966
2023-11-30,1.1573548699900298,0.9334043203112682,0.7402214572088938,1.9505575557503598,0.868267438083275,1.9959067876105065,1.0300762063397402,1.1291935207772374,0.7109333203192904
2023-12-01,1.161570752171799,0.9153979880519182,0.7218808104410604,1.9443031280125185,0.8621639087413066,2.0826302350408685,1.0196391407084329,1.1217113803446161,0.7082243661500691
2023-12-04,1.1653528968550797,0.9184787195856376,0.7426132593837982,1.9526156170933482,0.840594599432701,2.083299103182749,1.02261632843035,1.1219571258325929,0.7035997043372334
2023-12-05,1.1611863930772128,0.9052366064903709,0.732902133587193,1.9181575923957317,0.8300110277134484,2.020865475761456,1.0100775371512587,1.1078954093779823,0.6902031715626905
2023-12-06,1.1536246659387221,0.9064493878094064,0.7615799432057916,1.8979458780464633,0.8334923617290169,2.042673092833515,1.0156560051501453,1.1104282435556692,0.6912892340321253
2023-12-07,1.1678152144991079,0.9045181216170847,0.7664057846194385,1.8783868682212501,0.822255712924883,2.0944751784491835,1.014177232049384,1.1073454243579421,0.6895982219565178
2023-12-08,1.181749472726573,0.8857156752810974,0.7500965884095687,1.905428690362003,0.8327741650383238,2.2977314684137906,1.0135794834750742,1.1093005234162177,0.6912615791929859
2023-12-11,1.1915816129166286,0.9007575975716298,0.7622571172443312,1.9105910815679372,0.8396038745627553,2.317678258245004,1.0242069024230112,1.1196888271964298,0.695327043890872
2023-12-12,1.2005357009417472,0.8998985229644281,0.7561173794159893,1.9242220451297167,0.8346545628977984,2.1950094539350067,1.0241548021781206,1.1198878191662913,0.6968212185820172
2023-12-13,1.1987395958868317,0.8874862647805677,0.7381446483374596,1.884196336685001,0.8293238954149362,2.1553951010809143,1.0105854761599786,1.1053867395006152,0.6851903252798769
2023-12-14,1.1965578739393417,0.8720972236720924,0.7306674311207924,1.8811501681225828,0.8319491870796983,2.166577263727693,1.0049785650975533,1.0999685738378013,0.6816031266235767
2023-12-15,1.1745607711062194,0.8689140096512569,0.733834830482212,1.8671431397718798,0.8036310689514403,2.0993922515454697,0.9930830258678722,1.0852892675144392,0.6794859046741749
2023-12-18,1.1875720002537256,0.8590492640703301,0.7434262284785561,1.8809114150149986,0.8052525922150692,2.1359624645213837,0.9974896399584074,1.0895295377634886,0.6770079497495293
2023-12-19,1.1802581603900506,0.8494527053609455,0.7348394637959362,1.8864340451924488,0.7988222101781015,2.1553335841663825,0.9907207855384905,1.082160463363909,0.6779585848449435
2023-12-20,1.1948257660781212,0.8300415824896492,0.7222650761870684,1.8942794110006875,0.7949472240874004,2.060124315445315,0.9851108511680241,1.0766617070626858,0.6705285836147099
2023-12-21,1.1867274998595578,0.8378561927421704,0.7260238278310587,1.8913533223053405,0.7949931976175922,2.1136547254303597,0.9863627679838226,1.0776044137940173,0.6773137797353053
2023-12-22,1.182623047431121,0.8342911994796289,0.7219328724539442,1.9227745077842402,0.7898614974219798,2.067029500039813,0.9857334244780276,1.0763028842159463,0.6786066434650687
2023-12-25,1.193616714290347,0.8427089815821962,0.717634725887375,1.9411613279415176,0.792412055338731,2.0349803445500942,0.9909033693962879,1.0830556143567436,0.6806854333218432
2023-12-26,1.2001431464059131,0.831574904478827,0.7148112506930175,1.9387421215794662,0.7856207655552122,1.9637717243396884,0.986643366123096,1.078063555968925,0.6760774457502532
2023-12-27,1.2203429486424286,0.8345073612590407,0.7454219349032501,1.97322215818159,0.7897980753605268,1.959793078767763,1.0036694672925297,1.0955293514949171,0.6784295304879339
2023-12-28,1.1961110524771852,0.8443530199508812,0.7453011580103918,1.9646492493669256,0.8063972619414261,2.021156433950459,1.0053660484901283,1.0976579473777175,0.6943276061381529
2023-12-29,1.200371644460798,0.8494924633306936,0.7514569198125682,1.9868898627991316,0.808475307601722,2.074711851794805,1.011761314055157,1.1045244119928581,0.6976970229362309
2024-01-02,1.2443449393152948,0.8336476097198361,0.7583510944642307,2.012979119607896,0.7978275609456723,2.0118097540802653,1.0172482738678168,1.1098081342133228,0.688595734037717
2024-01-03,1.2751004063534321,0.823451867655328,0.7505063910832751,2.042822475079551,0.7945359977195836,1.9301096333909362,1.0198608320886238,1.114122861958869,0.6869577948519284
2024-01-04,1.2775100773395562,0.810481912458398,0.743389515232481,2.069920754258798,0.7852077675641485,1.9186016794866094,1.0154103534953862,1.10951484178584,0.6806042989040741
2024-01-05,1.2737371312598442,0.7987681840118779,0.732919976991892,2.06731050332231,0.7658501977102754,1.8528061388800838,1.003752730120929,1.0969588341985896,0.6769560969261431
2024-01-08,1.2687632991712972,0.7851376402168799,0.7082342382279705,2.0602331930024915,0.753430128421687,1.8184154477384544,0.9888386662264528,1.0835959202053032,0.6682011035500871
2024-01-09,1.2724028711509179,0.7886789171606842,0.7089377450587909,2.0667044468702898,0.7544305872080386,1.8380560370519852,0.9913782442043628,1.0865347180957214,0.6695112515543126
2024-01-10,1.2728262609801342,0.7817140375090925,0.6979656424087934,2.047959898339002,0.7435926560991947,1.8081772258029818,0.9819778705488997,1.0778816272822833,0.666385848042758
2024-01-11,1.249891668809395,0.7985400399404976,0.7142741201993154,2.007312682300196,0.7479367648119329,1.8577270025575692,0.9845046933974857,1.0793451844153361,0.6701564633527616
2024-01-12,1.2672321666651991,0.7902811263217666,0.7235203453031875,2.011629712674799,0.7314860913476402,1.8016118002175774,0.9838415157954957,1.076157720045366,0.667816985968218
2024-01-15,1.273159152650924,0.7906053012437092,0.7079140659508012,2.038288795447183,0.7289271095084016,1.8442647979836249,0.9825175673461964,1.0769415413366672,0.6671567266837667
2024-01-16,1.2759740811805977,0.7947160421361149,0.7160134173286984,2.0394248395689756,0.7259780629463181,1.8624029945772425,0.9855364963022935,1.0792024557369206,0.6712146676386517
2024-01-17,1.2616616372144047,0.7672800795351179,0.6990057936852815,2.0121226481793,0.7057979211906584,1.8555836188459518,0.9637211627307115,1.05491968969191,0.6566157593947645
2024-01-18,1.2530241038932317,0.7722988170574361,0.6980908513656402,2.00950989345088,0.7189925110347098,2.024991718497614,0.966763039622583,1.0585493020833687,0.6658978214697111
2024-01-19,1.2395014630721914,0.7655636578212878,0.6908660428317859,1.9951328717899004,0.7182737725668774,2.03786054385879,0.9594124603668592,1.0498365916263916,0.6648906566295856
2024-01-22,1.2082484646876446,0.7403006718718176,0.6601828422387794,1.973016638173788,0.7036136791193417,2.0540186744069873,0.9336769318218623,1.0225284470475227,0.654545713347424
2024-01-23,1.2264570772346108,0.742227861629042,0.6637138289853296,1.9879955559753466,0.7040101533118549,2.115714006087707,0.9394988509894084,1.0297201156789468,0.6571954942946632
2024-01-24,1.2620734249674879,0.7505266310117031,0.6637198557167235,2.0511839952312436,0.7106039861206843,2.0895161015243855,0.9547903419043312,1.0474153608961774,0.6663817811546493
2024-01-25,1.2936969368904514,0.7708773431203828,0.6697643405467734,2.1693787513273666,0.7152018287695473,2.1515418513238114,0.9787311457038449,1.0762074473974348,0.6797638764764062
2024-01-26,1.3128920870790632,0.7650672995549349,0.6754618352943541,2.226279199027614,0.6909545823609452,2.0600497030118268,0.9803232442266733,1.0777180297850786,0.6779138490757476
2024-01-29,1.3297141570450572,0.746126552794131,0.6646052181064194,2.2166026077118346,0.6617398977504252,1.8976692514408404,0.9656879946472224,1.059599775041346,0.671841781785017
2024-01-30,1.3216240623195346,0.7257030153366961,0.6555027435411573,2.213053553516453,0.6429044564621555,1.823722007239708,0.9507743852435057,1.0427554305329174,0.6598605260723102
2024-01-31,1.3366024112021548,0.7063939561709961,0.6398717588333278,2.2298815010353583,0.6248892990010388,1.7896970563121732,0.9394530474612189,1.029758437823072,0.6538238407081254
2024-02-01,1.3194068111721515,0.7025632971330151,0.6460954309851895,2.181792034379002,0.6299877082407522,1.9378836086543896,0.935325356368695,1.0235776442711253,0.6543035301605493
2024-02-02,1.333805790787483,0.6854351855380754,0.6383841833669006,2.1932862490783487,0.6016214142525359,1.8739950345965055,0.9231362179271457,1.0091650771504774,0.6465595651683222
2024-02-05,1.3416082369649476,0.6589983806348737,0.6161922330593232,2.247953367363498,0.6117347465043854,1.902302462023231,0.9183825429595216,1.004172957272532,0.6507879087349627
2024-02-06,1.34031151875842,0.6989764906368161,0.6309387521779357,2.247792323804985,0.660637515901725,2.084477286101581,0.9484135785335891,1.0378332964797088,0.6734140407278497
2024-02-07,1.330721445893204,0.7254803523065079,0.6402345326055073,2.2744727069907977,0.6889111034662836,2.0820370462603894,0.9674128198972949,1.0606756214301352,0.6799084543486714
2024-02-08,1.3359103101138854,0.7422190468121945,0.6573683244863522,2.2646593698354986,0.686259177211796,2.1524130895103184,0.976229742155751,1.0696335789203284,0.6842396901844626
2024-02-19,1.4020790862852857,0.7464983347710397,0.6428652917868212,2.3836002248995474,0.6797531772908271,2.525009465027096,0.9911219620890019,1.0889891934523985,0.6921453139790116
2024-02-20,1.4068675674964197,0.7388097578815295,0.6584501448280651,2.385306772518878,0.6846267911918124,2.5550813230663425,0.9961259746422932,1.0917582305428366,0.693578078659715
2024-02-21,1.3833068807744027,0.7615740170319929,0.6604078464357701,2.384483740575464,0.6935324233734755,2.4327701288004038,1.0020432267277963,1.0989737204066463,0.702935378164673
2024-02-22,1.404075461375725,0.7670347944307446,0.6637477562001828,2.481369454808506,0.6924981976701895,2.5435755181581077,1.0153467411419101,1.1150904623548303,0.7089958548242937
2024-02-23,1.4059140872139484,0.7865291536546153,0.6638383267358042,2.445644688758969,0.6894759395907403,2.522154776376341,1.0169915392065914,1.1172952085226966,0.7096195121157666
2024-02-26,1.359178004017089,0.8126361775461042,0.6745698038383876,2.39973687131493,0.692394379433996,2.558812707671537,1.0173124186323828,1.1187075130484705,0.7022212326127809
2024-02-27,1.358763309557581,0.8455505181589509,0.6908608806471881,2.4124220826622906,0.698080076368892,2.788786792203661,1.0331511819477615,1.1363110080169134,0.7106453846411922
2024-02-28,1.3780482832969314,0.807970714388515,0.6686689675427611,2.401018906263806,0.6852720984833841,2.582257734377762,1.015495132751431,1.1160601026040171,0.7015910683003342
2024-02-29,1.3759520999807409,0.8386866902121368,0.6733328600544464,2.4024007827094307,0.6973520117656385,2.693295803607476,1.0280209422717572,1.1309892249127966,0.7149758070993618
2024-03-01,1.3561989221806976,0.8482303785506333,0.6654966444796093,2.3932392492868657,0.6974956783119708,2.834576007007456,1.0242744006110776,1.127275588384859,0.7193926509298416
2024-03-04,1.409108288200753,0.8345000827239571,0.6682811632380586,2.4810988174981774,0.7196575513068826,3.018081779586963,1.043837053527872,1.1513272179956646,0.7200159015325036
2024-03-05,1.436570111814067,0.8544485485881096,0.6775704281208128,2.487555426445355,0.7170523018251841,3.0432428982950785,1.0555856305479703,1.1627256942615969,0.7250273244044789
2024-03-06,1.4399521409096663,0.8458804350768226,0.6720031960404177,2.482778339866293,0.7126757572613596,2.9775150615173644,1.0505370193235122,1.1573576244563148,0.7220857442354387
2024-03-07,1.4566859984111384,0.8405584665148063,0.677131473721555,2.534175614033602,0.6789878452104885,2.933650848614979,1.0476780276704014,1.153027371615237,0.7177488147562953
2024-03-08,1.480147293426522,0.8391380015918871,0.664235828414992,2.59591346690452,0.6741822552303339,3.1321325431971814,1.0503299179601921,1.1581995111938899,0.7208376162748713
2024-03-11,1.4690577474090685,0.8739513092685819,0.6760061280762275,2.521719513479409,0.6964169598774264,3.173736857300174,1.0621175727023637,1.170112766763718,0.729856754033589
2024-03-12,1.3987240942696684,0.8970339082781504,0.683773207809015,2.424502713036022,0.7172883620875777,3.0592958363874962,1.0581755484906692,1.1658827652488777,0.7315302784903289
2024-03-13,1.4175305262986313,0.9222455649675302,0.6693171571815187,2.420957791287751,0.7084375366369984,3.044944709959203,1.059574033861178,1.1702401416279586,0.7264196235485006
2024-03-14,1.4278951064322134,0.910612308999393,0.6595313459716534,2.445349652943457,0.7010556505255369,3.03429400958462,1.0552790319604435,1.166889991452996,0.7243581179661884
2024-03-15,1.4400142516346701,0.9300210150793983,0.6619348776475341,2.4325637017337387,0.692748706086568,3.1794514583942135,1.0587335416967016,1.170588620674816,0.7259381039964278
2024-03-18,1.4572072872866682,0.975732535604164,0.6694670870268739,2.4324036764471084,0.6998807185630367,3.4010055681368314,1.0762448005060579,1.1917966882783289,0.7327572586327311
2024-03-19,1.434407618836478,0.965581184624288,0.6816603880711467,2.4462531997876793,0.6888285009443178,3.3262033986628667,1.0723844537019371,1.1824620878934764,0.7274910452207443
2024-03-20,1.4421957350431418,0.9690525741563912,0.6904163174657678,2.477688397125199,0.6820495672653191,3.258657689742894,1.077720365670072,1.1872656183785075,0.7290677777404966
2024-03-21,1.432342791177867,0.9731110038599156,0.7281635155065888,2.479612293918375,0.6745422583023323,3.2298366690988605,1.0867298352202093,1.1920189992054522,0.7281946168635536
2024-03-22,1.4417176988189855,0.9559627689526105,0.7212756314849618,2.4583460693396946,0.6603348496152702,3.2644843261940686,1.0758245230172168,1.180796087076626,0.7208563239601716
2024-03-25,1.4492172474975349,0.9455378237691145,0.718857409522,2.504261947910687,0.6598841474625887,3.206344582399857,1.0777478707531265,1.1843070545286756,0.7169441809439844
2024-03-26,1.4642311121295735,0.9516292282579252,0.7144176689069058,2.4827753954057004,0.652058061552836,3.0564386562458785,1.0756325441933454,1.1815782907541559,0.7206011267313491
2024-03-27,1.466004040957587,0.9108684930348601,0.6972479542208848,2.4786731676995064,0.6419679082897171,2.9346401943763185,1.0578240475311431,1.160270301874746,0.712272139884682
2024-03-28,1.4724345367424156,0.9255615801707516,0.6949769792352075,2.486638571336484,0.645208018787319,3.0271950911632626,1.0632233801514708,1.167456858507282,0.7159685344867015
2024-03-29,1.4994036717634338,0.91361621985232,0.7089073822312076,2.564411002969355,0.6409084915122623,2.978831604055078,1.0738697981041516,1.1780984061645976,0.7193275807201022
2024-04-01,1.4691016899063514,0.9551276377925745,0.7326789231837773,2.542883812094675,0.6550600608443213,3.079630380552001,1.0894292189146797,1.1942946658835591,0.7311547013734884
2024-04-02,1.4784402779772023,0.9392368260792557,0.7177727098406147,2.598942447018331,0.6455064324713116,3.0506256503664724,1.0843819871336668,1.1899942067423446,0.7281104322797028
2024-04-03,1.478192850207401,0.9199982855009214,0.7450137786871601,2.6322816674508083,0.6428231107329068,2.9047361805085425,1.090014868280356,1.1936743921471118,0.7254927797485226
2024-04-08,1.5370813014960976,0.9309183856162505,0.7344616440415183,2.624730605293618,0.6308032483428775,2.948345597846722,1.0934978944126055,1.1976969976456882,0.7191087821398527
2024-04-09,1.5247738880249853,0.9285733437752134,0.729798839923522,2.5873613820233765,0.6441303706109784,2.921777188489268,1.0913142235508604,1.1960340024981466,0.7185148131315736
2024-04-10,1.5395340787217158,0.9210480923718912,0.7160377861525091,2.6106479241619565,0.6303441746717894,2.810353275296274,1.0848356371619219,1.189096800797237,0.7126629678319304
2024-04-11,1.55574781052008,0.9349603223887358,0.6978561533231152,2.6126376615536775,0.6163941057907343,2.854627743748401,1.080252347424121,1.1865094430392493,0.712568616027808
2024-04-12,1.5498623886427123,0.9169428666979746,0.6771577305484034,2.6126114749841194,0.6069577308749688,2.9906754039506924,1.0655538130244095,1.171935882066144,0.706792414846987
2024-04-15,1.5785979243260535,0.9065374196567807,0.6687051816511329,2.700298665792088,0.6126766472688366,2.9742618863995602,1.0735871592626967,1.181867755179771,0.7216847490679186
2024-04-16,1.5526519650525938,0.8681701428572636,0.6505551206510967,2.7177172872650592,0.6016301419730853,2.8739014898533743,1.0526564307371464,1.156661731929705,0.7139655920931546
2024-04-17,1.5684576574356761,0.8965229611452197,0.6608023696023135,2.723206825322024,0.612200343777689,2.9962034677906844,1.0691154850420181,1.1755743464493111,0.7250047531754755
2024-04-18,1.528183100479684,0.9129480562673647,0.6641417422517663,2.6859152844467493,0.6047417407041105,2.995405662260731,1.0630898083102747,1.166900663958614,0.7258992652149895
2024-04-19,1.5267312892117497,0.9093429269631801,0.6565179212951128,2.7477293446446236,0.5979267534973394,2.890487065707698,1.0621047023415604,1.1663310729264633,0.7201771536460145
2024-04-22,1.5233389035273905,0.8944253354112813,0.6816485948918147,2.6417805301292385,0.594297214009442,2.7374613580073137,1.0567990750544753,1.154710036429886,0.7179897778767373
2024-04-23,1.4906155412071482,0.8847027427995057,0.6770444299602745,2.5920536122207003,0.5916140055833392,2.771517906939812,1.043600881959503,1.1391999650883406,0.7129712379505716
2024-04-24,1.529154954245759,0.8934054428133742,0.6732778739845624,2.6012248957782007,0.5845827780087999,3.0591617703121243,1.0481471695617377,1.1460845050971487,0.716102131761073
2024-04-25,1.512389258369496,0.8904653218189531,0.6730369753940285,2.6148126728926933,0.5879444553625001,3.019703699989607,1.0473844170405424,1.145396551126288,0.7178628909677451
2024-04-26,1.5005950698630866,0.915315011172603,0.6770698528540238,2.640844797353412,0.6060222835282069,3.3070510180344357,1.0613781501604862,1.1623218744511945,0.7288410487284351
2024-04-29,1.4784562483191848,0.9149062557287047,0.6802101981576996,2.580475826414174,0.6244488870537455,3.4060392596287428,1.0607379915725588,1.1621187257186028,0.7369022309931427
2024-04-30,1.5140435952420659,0.8826528177853299,0.6768119231879656,2.6027909064863293,0.6280272658978054,3.392705636673731,1.0603560288673997,1.163079578191572,0.7329333548878387
2024-05-06,1.5297116494995175,0.8916957096308695,0.6726866679747453,2.573015760214245,0.6494568608053769,3.35095107968746,1.0682410189982012,1.1735700548303556,0.7438088237237835
2024-05-07,1.5010492036193606,0.8730824254580654,0.6701218103406753,2.5902435749135795,0.6494633305404418,3.2939599024811024,1.06039617550098,1.162637920105815,0.7440388062463318
2024-05-08,1.4921335206538933,0.8693013165074562,0.6824842637088966,2.6254589883540893,0.6419493854887538,3.254211346717806,1.0625601503720152,1.1619136127626253,0.7381855375358506
2024-05-09,1.4910141387345086,0.874886160194015,0.683479522579747,2.6086452574022174,0.6471371220611419,3.3350717145458844,1.0644323244336276,1.1629107328215056,0.7451679777297192
2024-05-10,1.5109245119546437,0.8655475433364912,0.6834031899637484,2.6054459352896298,0.639507918095544,3.273867361365108,1.0622081313083747,1.1592908297118414,0.7455169167294476
2024-05-13,1.5365317079973273,0.8556311338713241,0.695049371558918,2.5848449305368955,0.6358931573372933,3.255114578979501,1.0641144476537758,1.1594585192921647,0.7451944125024258
2024-05-14,1.54778413740642,0.869435769458375,0.7077906495326489,2.559680921947434,0.6415378414653289,3.2031131986868484,1.0728253248880697,1.169203684777386,0.7436396411784606
2024-05-15,1.5140748043473127,0.8477093951141376,0.6977136482348288,2.5499599619205657,0.6319127214517308,3.2541452411874876,1.0557016750380495,1.1503005814928595,0.737338201398398
2024-05-16,1.490594729949564,0.8463313109891232,0.705941662048164,2.528551812077778,0.6320911307557355,3.3758723419665824,1.0528610236084495,1.1456599392323172,0.7402466364293521
2024-05-17,1.4900763798879122,0.8555590327536773,0.7182011723723536,2.548014230878397,0.6308809176530121,3.4471857979818825,1.0599581659148913,1.1507758415981177,0.7478946228622133
2024-05-20,1.5107588009095712,0.870174588519571,0.750733133433039,2.6082830679888636,0.6279851454177984,3.575075637665542,1.080165804984811,1.169412231719083,0.7505364733776405
2024-05-21,1.5167847631122342,0.8823619209460505,0.7499033369987087,2.611067849919971,0.6200299707526183,3.515396680569128,1.081308381716561,1.1705554620122967,0.7475267728327791
2024-05-22,1.5156125209229065,0.8908323887525406,0.7504300433923461,2.6010914221968413,0.6230061929354458,3.4807117936438865,1.0835809866245496,1.1739672440313582,0.7492124979538454
2024-05-23,1.5105155262231142,0.8793249576984327,0.7341523443124917,2.5781753135011294,0.6128586557268638,3.4497530196325465,1.0699127003207094,1.1595314250182804,0.7405380289623421
2024-05-24,1.5514801705692083,0.869616125378353,0.7449349720221068,2.5723052583004313,0.602724594199879,3.2801838446508205,1.0724704425565972,1.161047349405719,0.7323397925683705
2024-05-27,1.5926246631539611,0.8761287862432743,0.7429719742809708,2.6313288739126715,0.6004014358699874,3.3763500891091005,1.083294861435813,1.174140559900286,0.7393008815996682
2024-05-28,1.6015274656281107,0.8688115165321338,0.7344892835135531,2.66115579176451,0.5983359326406278,3.289406958177846,1.081933389413067,1.1743721376206848,0.733904934457013
2024-05-29,1.6060461023009245,0.8785034644398316,0.7401632667613702,2.691839223338811,0.5973112886905266,3.2857116424868282,1.0887538026531787,1.181980541308365,0.7347894826206606
2024-05-30,1.5808342153837736,0.8916995445114669,0.7353320251662707,2.6330561250736126,0.5894674227227238,3.2608592444219897,1.0795704339068555,1.1719706103211873,0.730883236592231
2024-05-31,1.5860354726988959,0.8874480242736734,0.7355496788154152,2.6141533130269026,0.5848761226548158,3.220251303979532,1.0760835019687138,1.1683346230076654,0.7279577206312203
2024-06-03,1.6176132923478144,0.8943024749852057,0.7486524197920587,2.633134127389817,0.5896173640215673,3.4261535890165153,1.0891717791070037,1.1813893078720668,0.7297518283203839
2024-06-04,1.637760650317734,0.8936063312779687,0.7523140109614064,2.5969510328494745,0.6028788446277605,3.4469835088396232,1.0946868431447305,1.1878635271465379,0.7352264697479429
2024-06-05,1.648977129453657,0.8910837527156498,0.7343682027497122,2.5713289882874815,0.6036951736545284,3.3900378288560113,1.0884820381362748,1.1815407464590102,0.7309812485956512
2024-06-06,1.66376350597307,0.873566924614139,0.7169146003301899,2.631490017537435,0.5932734671017029,3.49729264343968,1.0823159938054412,1.1757346308472643,0.7304629237061943
2024-06-07,1.6951081257286529,0.8755123922014412,0.7223870506010152,2.6345730483976197,0.5862849324903245,3.4126495808691084,1.0862322324543996,1.179511594626558,0.7267760862912304
2024-06-11,1.6718162278437048,0.8748562058759972,0.7301132928754983,2.601011329000627,0.5957740729170466,3.447370764469356,1.0861565289314046,1.178319597261848,0.7204242170986195
2024-06-12,1.694350163506449,0.8800054016053689,0.731515207888281,2.6746572936015904,0.6031606010859163,3.4525090374714575,1.0996242556791604,1.1947882247166333,0.720677584227793
2024-06-13,1.7054776900164081,0.8908722835098943,0.6958765440094266,2.6506089222967537,0.5994343265923807,3.6090363450438327,1.0897337968692766,1.1862228248562723,0.7170190116851848
2024-06-14,1.6567519494786986,0.9008714207299657,0.7047344474354283,2.6316480264714293,0.5867953613009143,3.912150485925205,1.0825730997003329,1.1780287968075116,0.7201509222177133
2024-06-17,1.6389472099070157,0.9179944364060414,0.7023893408573194,2.5873571652338248,0.5907043610211978,4.0257434018691205,1.0814394876207165,1.1766817568802375,0.7190662831591166
2024-06-18,1.646994193617035,0.9305611583802852,0.6860753452292968,2.6037939571721136,0.5838339266403252,4.135924100580529,1.0792970606016627,1.1751677055008147,0.7209758904705681
2024-06-19,1.6472695102948474,0.9197586420915906,0.6762004936273388,2.6233784104251003,0.5769275353443153,4.161948588096846,1.0727905058211644,1.1681028060288223,0.7175513673386168
2024-06-20,1.6700788377829272,0.9077299978843449,0.6699824293102249,2.672282245888387,0.5668489898328484,4.12888244248535,1.0712339547175682,1.1660114293923336,0.7123727953653729
2024-06-21,1.674023824911591,0.9186625098911005,0.677307720679975,2.659445971375797,0.5646492849809445,4.110695071722448,1.0748023282979176,1.1688106054732417,0.7108147705309206
2024-06-24,1.6971024254991893,0.8968320005003764,0.6558907546273074,2.6524600760144197,0.5599256651409374,3.9958085440626467,1.0634975153392032,1.1571968702458995,0.7069898622646654
2024-06-25,1.688206625994826,0.8928347281519518,0.6472172169222301,2.6509848608850017,0.5536463792450063,3.820602819772132,1.056118206711624,1.1494678452893723,0.7031450262466776
2024-06-26,1.6780805213918588,0.896710064704791,0.6449333137471669,2.654758365805416,0.566162031367393,3.940113523444129,1.060098258431495,1.1543384875712044,0.7076924171854476
2024-06-27,1.677208600851423,0.8822693563671564,0.6484234866301632,2.641765223919779,0.5568331990397352,3.844146020024004,1.0531898914008035,1.1459327633189873,0.702375571016507
2024-06-28,1.7261883607087865,0.8967187259645464,0.6441915902765194,2.714718767228928,0.551135777985715,3.8846863899595574,1.0650778421837928,1.1603256079026627,0.7039085844890907
2024-07-01,1.7696354885801582,0.9180515248776682,0.6655965370306829,2.779322163549823,0.5479736358437873,4.033184417232781,1.086431973171364,1.1825540623892785,0.7072690541333294
2024-07-02,1.781355378359436,0.9154962530190114,0.6579514328707491,2.8093406000849788,0.5428899639680103,3.9985789399052565,1.0851014688175313,1.1817278609135595,0.7059682599717539
2024-07-03,1.7829962624474978,0.9167706688519444,0.6580416743862573,2.7790800493730314,0.5458810122213863,3.9503326231379026,1.0844913018973126,1.18118454410153,0.7042658606094421
2024-07-04,1.780137892511362,0.9042466601954987,0.6417451449999549,2.790215774780639,0.534858097452692,3.9537212834423245,1.0722983158119201,1.1684400713314609,0.7006867957293593
2024-07-05,1.7690506002756008,0.9196060900000516,0.6465181458934444,2.7617456440622714,0.5494726630031463,3.9394767222222042,1.0798721129164128,1.1771645509293562,0.6976870590603644
2024-07-08,1.810131364953891,0.9239768997861119,0.6420118872073499,2.781876849526392,0.5357340164700631,3.9577498915527847,1.0805828361200869,1.1769640069777012,0.6917288646366782
2024-07-09,1.8229459938961488,0.9399831256067429,0.6301680974852433,2.783205423009773,0.5392965202734719,4.230523086616901,1.0834100719421813,1.181176430915812,0.6994663226079313
2024-07-10,1.7749384719628392,0.958775632829342,0.6431146848468189,2.7060723575662715,0.5421120610612427,4.277734312849903,1.0816135455590985,1.1778112603184578,0.6972610525309755
2024-07-11,1.7740053283476223,0.9763504712232217,0.6475032667738708,2.729236312903957,0.5590489567210057,4.1642034455998065,1.0955514631359267,1.1936208430611717,0.7052327632572911
2024-07-12,1.7441848174562395,0.9992233936058325,0.6371056178791702,2.7110388705176707,0.5611874594347814,4.045365979383552,1.0928600971305862,1.191996435733801,0.7060933167810971
2024-07-15,1.7668661971358532,0.9985245140263653,0.6632108030775626,2.7609674716681933,0.5540991392943702,4.065966180111705,1.1057700715950722,1.2039398273113475,0.7068753793644047
2024-07-16,1.7788633154924878,1.0274646182883602,0.6752337160946568,2.776398661269356,0.5541777576951175,4.295667357859477,1.1189579726074859,1.2183485388318003,0.711356276682597
2024-07-17,1.7339791859910847,1.0373961165028602,0.6784130709600633,2.7079790909304076,0.5672096766803371,4.143358819306094,1.1162758589044162,1.214512441976675,0.7120275165649419
2024-07-18,1.7675064235947275,1.0337017673363058,0.684237784881569,2.741867277523141,0.5705792147010883,4.116128183676649,1.1258344842417973,1.224970467543815,0.7159616207769164
2024-07-19,1.7711733103921588,1.002744540846996,0.6902308635623322,2.7157124410621667,0.5726726518326479,4.070819927300551,1.1202087695482414,1.2175662004288235,0.7196391043492303
2024-07-22,1.7287141064060934,1.0238721485110607,0.6858066172395813,2.6397514341859445,0.5741392489567562,4.064578534118617,1.112429513836384,1.2089632215679391,0.7147403342778667
2024-07-23,1.7191593606681101,0.9871777139929174,0.6620457196355318,2.592549101105905,0.5516371888487297,3.926571359358381,1.0828196098163974,1.1756145767558206,0.6994799466830954
2024-07-24,1.7616339356758077,0.9591325910466816,0.6480573300581941,2.6122901399282044,0.5438388705414567,3.9514964782293065,1.0760294665991617,1.1686741274324446,0.6950649329522645
2024-07-25,1.733291004883261,0.9683735871638447,0.6547035066300076,2.556926494358561,0.5453971000858807,3.7461389292281044,1.0729031689584736,1.1642936689314003,0.6912229437559527
2024-07-26,1.7171964434852363,0.9875064884062346,0.6519531549257905,2.545398914387804,0.5439774330991165,3.773254089313754,1.0727229073961075,1.1651316871315114,0.6932606580428291
2024-07-29,1.7335154234754733,0.989765714601688,0.6463869683787103,2.5601762094500415,0.5328687839772943,3.855051973824018,1.0702851882573574,1.1629965658440866,0.6894884159775819
2024-07-30,1.6966726828597702,0.9624082759937478,0.6593648653790897,2.4688493026832625,0.5344308622355667,3.770460894929257,1.0571085685284278,1.1456980641592553,0.6851449794774644
2024-07-31,1.6591724787844246,1.0008290963278694,0.6728186313155522,2.520580661358166,0.5653344451748511,3.9261433584204006,1.081845399332005,1.1740800965939795,0.6999285244414877
2024-08-01,1.6592383536057198,0.9914227059784444,0.6730206657272673,2.525880760252127,0.5580359454585494,3.9323443807026273,1.077547023899907,1.168544319934846,0.6952888151426497
2024-08-02,1.6436835059495336,0.9706191845888428,0.6832556752532264,2.50702034020045,0.559356796399057,3.632960300801369,1.0731828445751252,1.1622701727817228,0.6881971790030619
2024-08-05,1.6154792582189303,0.9375473652550467,0.6819395830449696,2.428486062893285,0.5557970202881835,3.351411376199829,1.053683523281876,1.1395519913413332,0.6798456209273913
2024-08-06,1.6161029439097263,0.9387886890111373,0.6852189887953068,2.4303397499596384,0.5642775940365845,3.466805291874231,1.0584336823955365,1.144734748742334,0.6797760771407322
2024-08-07,1.6377605062379905,0.9529486600543359,0.6696336667922271,2.4661898488064726,0.5593990154956182,3.4356632619775436,1.060941042654493,1.1493256893317223,0.6794730939766322
2024-08-08,1.6225232660303526,0.922730219090918,0.6835412517849059,2.461551023591367,0.5579444037730971,3.409434654573177,1.0556943709045215,1.1419111339224324,0.6797675366757039
2024-08-09,1.613806922250257,0.9164178207176902,0.6780717949732404,2.4860338412913205,0.5462701400486868,3.534414198764444,1.049108452910032,1.1349844100567141,0.6774677114502203
2024-08-12,1.612427920654328,0.9038987557997135,0.6841759083270684,2.4942270253005625,0.5554548763263605,3.527408169521701,1.0521710142461271,1.1378309192670402,0.6762960409860969
2024-08-13,1.6156643542386044,0.905045469996234,0.6896996996169364,2.5078082893564666,0.5452871756525233,3.5666046413266295,1.0518531227196164,1.1368821025314535,0.6780295520424406
2024-08-14,1.641777842121628,0.8949151425422978,0.6771364336343798,2.4921072006775815,0.5346843228948275,3.5807355410186346,1.043658882648133,1.1287590385323967,0.6729152369013146
2024-08-15,1.6563566506037484,0.9111014738018977,0.6795468649209615,2.5319614015581737,0.5379212573424642,3.56356801233235,1.0546324801346652,1.1412052915387372,0.6795674457807548
2024-08-16,1.640837624760085,0.9131743569873991,0.6609977285033201,2.5548808595573362,0.5332368546837786,3.667351852195121,1.0474510968883766,1.134671152906885,0.6803159565371655
2024-08-19,1.6461926060249505,0.9067197480709699,0.6526692931933463,2.558800537513926,0.527110324089123,3.719659394272681,1.041929001724671,1.1289871929841828,0.6826206620283795
2024-08-20,1.6351931981042775,0.8958244236803834,0.6343849649791679,2.4914227413668573,0.5162568799032065,3.6907908493047423,1.0224168256016983,1.1081511258411172,0.6776865100304699
2024-08-21,1.6210796694851526,0.8905723852103962,0.6222303109665279,2.495700947121466,0.5101835800180112,3.765076925931301,1.013480783506711,1.0992182812177582,0.675435894151102
2024-08-22,1.6459093182562052,0.8752170714256081,0.6147341851000697,2.5035578721558363,0.507648563662013,3.7289466965624842,1.0102795679212369,1.0963607443282155,0.6737076700492995
2024-08-23,1.6223606657301708,0.8814086540774477,0.612432635993856,2.5224611948501976,0.5060115705239158,3.679510909801362,1.008935675585274,1.0952063916197867,0.6765656756677053
2024-08-26,1.6103052746406805,0.8878263791755592,0.6162692536344144,2.5416439810713407,0.5046752222817826,3.582575224747461,1.0111712435087532,1.0969036626144058,0.6759621494723707
2024-08-27,1.6049887186785379,0.8698210923506244,0.5974331698887902,2.6107866135831928,0.5045820504244667,3.5468349308958396,1.0056851974544236,1.09254542005802,0.6721211769980862
2024-08-28,1.6197069133228423,0.8443682991922673,0.6059314285879308,2.594860561914851,0.49869993944794894,3.530410274488582,1.000933396499977,1.0865033842360474,0.6682905750884789
2024-08-29,1.5802170956555994,0.8456909707684118,0.60780508357384,2.5497789534032065,0.5046570903947423,3.3994643441463026,0.9958986514674258,1.0802216306647183,0.6664980941545586
2024-08-30,1.5623306639562733,0.8814964849135867,0.6151492865799979,2.5748817711232403,0.5193372175592914,3.5573357370348524,1.012238830526773,1.0985293872925794,0.6753946152367982
2024-09-02,1.5843208562812177,0.8576574342718711,0.6103588218226117,2.583349967178472,0.5020211660812612,3.402300313466469,1.0019524794488224,1.08731071650368,0.6639217205376818
2024-09-03,1.5482935228866883,0.8789765667176381,0.61854008882911,2.5233095339770535,0.5061225256457218,3.3720870407428607,1.0020426332172936,1.0867639831250935,0.6656332703982383
2024-09-04,1.5395202901475682,0.8827884077574311,0.6027083293470555,2.457395371932847,0.5074609162968711,3.3122652480552524,0.9919414864559736,1.076498353380698,0.6613095583054481
2024-09-05,1.5306577272428514,0.8867813035113478,0.6070353042697426,2.4264008681306666,0.5122076882101753,3.2158257576398426,0.9924745128773391,1.0767548420025286,0.6624468635650528
2024-09-06,1.5182439524201103,0.9037411336142323,0.5988206491823673,2.388404659079665,0.4993802329707367,3.1909298123174064,0.9838955011521209,1.0677383880824185,0.6570761311286717
2024-09-09,1.5042446651301837,0.8915014962852298,0.5981505503162464,2.320406771215857,0.5020325486291317,3.229488767292243,0.9746386522957301,1.0571488821558437,0.649268926026354
2024-09-10,1.5004621527139792,0.8879619122707392,0.5953787121343018,2.3472881906524714,0.49681627462862926,3.30095453186334,0.9727041000649168,1.05533601579002,0.6498389003947916
2024-09-11,1.4337071588611205,0.8914144993237656,0.5883986757631187,2.2896097340479264,0.5029138169397203,3.313857458558297,0.9601320466406142,1.0417306436137406,0.6478817104924681
2024-09-12,1.4439021786808846,0.8830872008458166,0.5803355402237442,2.307279799248297,0.5041747004759589,3.3412270675875853,0.9590356554660525,1.0414468457379167,0.6451050426362367
2024-09-13,1.4510619239971534,0.8739682176205591,0.5744020729947175,2.3237726864722505,0.5005300230479481,3.4927619451459018,0.9560295296656315,1.0383295092398643,0.6424152028411265
2024-09-18,1.4558357962990474,0.872726315414173,0.5583828253465175,2.374334531004676,0.49655003798086655,3.401958448985088,0.9536943963349099,1.0373085986484734,0.6448071430822727
2024-09-19,1.4566514392860448,0.8846863741937818,0.5708414111815981,2.3872672547157823,0.5030960073736497,3.362369466417945,0.9642243645247869,1.0480347895477458,0.6498960401727193
2024-09-20,1.4577975123672084,0.8822738127669687,0.5628935843579337,2.4100983274312777,0.4923344490192436,3.333897704761508,0.9588844472237014,1.0430048806550682,0.6509156090215765
2024-09-23,1.4954049674228944,0.8795965974610488,0.5583390971964677,2.4434217042942405,0.4912824423040555,3.3363766671476442,0.9639399898626688,1.0493785093529526,0.6532975853868562
2024-09-24,1.5501887981121476,0.9014242738837694,0.5891616985512886,2.5646323076563284,0.5109200824477494,3.6571315917799443,1.0036993398491645,1.0920888905849588,0.6815919426812775
2024-09-25,1.5502863383233798,0.9188015027987622,0.590879922606689,2.5823616587544778,0.5205878897131831,3.6746170833575045,1.0133533618062176,1.1030475879930148,0.691682705456644
2024-09-26,1.550057042299249,0.9523117045859792,0.6181639597347236,2.6279143797328772,0.5436240376791287,3.817093395915469,1.0426168195758458,1.1331154601940894,0.7209209874811003
2024-09-27,1.5673375301212977,0.9860377828876956,0.6501962245538706,2.6279866587301726,0.5968667162443532,4.004069417118014,1.0835602584592343,1.1766040145441428,0.7531236242480056
2024-09-30,1.665794442575083,1.0726569529287442,0.7033594028567035,2.7951594514773515,0.6708608826677998,4.629237673824521,1.1745819103113535,1.2754649085079548,0.8170083361038993
2024-10-08,1.6456458432276806,1.1216469308837258,0.7097771180914751,2.8097612861315255,0.7560074789701489,5.454697568037794,1.2156560685819466,1.322310969627117,0.8654533105994271
2024-10-09,1.5645153959591607,1.0480329504651187,0.6482327953938088,2.5930052800614307,0.7088179835262917,5.251932508953778,1.1326989782370553,1.233679363636476,0.8044272143951556
2024-10-10,1.6117277762277173,1.053930624726953,0.6713720565764686,2.702414288366259,0.6960405169827039,5.078966975261652,1.1543715297683894,1.256573763736429,0.812927823920011
2024-10-11,1.5895696672255668,1.0253226034857637,0.6595961062091671,2.6693579610179974,0.6517198997694827,4.94518906214414,1.1233559258633121,1.2221027498569248,0.7904336624462521
2024-10-14,1.5886013188597823,1.0440616614074771,0.6653455830007663,2.6882429832102135,0.6553106161201112,5.187229643036048,1.1321109290322162,1.231745552795384,0.8055167337194828
2024-10-15,1.5463696650190746,1.0117875181246219,0.6553125710320915,2.5989228768996018,0.6310176966669679,4.9990556365912315,1.0997613737205287,1.1957467873420093,0.7840950106399944
2024-10-16,1.543503127475082,1.0055108051324289,0.6571387470430562,2.5879612114938726,0.615250467420258,4.745348276992275,1.0921784441673708,1.1867941129458737,0.7791321870809184
2024-10-17,1.5264761344772186,1.009815506628781,0.646050043091115,2.5591017605033324,0.6096649704239819,4.833306289575888,1.0825990909268934,1.1774814858075227,0.7703137502503663
2024-10-18,1.5431700950813914,1.0544691419107937,0.6572585454879283,2.606850681126617,0.6416824038469123,5.462688945885141,1.1137086710150863,1.2122711380513247,0.7981743739279922
2024-10-21,1.522448729430968,1.0492270329562994,0.6628445944948163,2.58696325860322,0.6471620860563334,5.438210159289804,1.1117063441115673,1.2095679575913032,0.8002002942393532
2024-10-22,1.5609707688662753,1.0828657254818703,0.6770469885433443,2.605324084967416,0.6472980161024484,5.415836254678641,1.1308492716620528,1.2301247062945957,0.8047916075696974
2024-10-23,1.5597931049866889,1.0968275997156212,0.6768700370078622,2.603571574938205,0.6507194760602142,5.199984581698428,1.1345789799553012,1.2340211505314125,0.8079298217787945
2024-10-24,1.5554978411119043,1.0742256603170885,0.6696342850894911,2.598438276542584,0.6402415274976485,5.253969096784161,1.1227511896696332,1.221213403582354,0.7989062104431573
2024-10-25,1.515683544087123,1.0805697525288356,0.6751272492631426,2.587647862580072,0.6506404711973934,5.284530948201902,1.1228864538170023,1.2202327954011551,0.8045160759003315
2024-10-28,1.5270585811203927,1.0940110136057397,0.6907186610711923,2.5885597178956576,0.6533703715933512,5.191064675997018,1.1335732053029903,1.2304072217304225,0.806089148220786
2024-10-29,1.514019332798258,1.0874362009964909,0.6825874363452911,2.5443234802726686,0.6373837765753099,5.062116067461619,1.1181843213834726,1.2136904209414734,0.7980554174508122
2024-10-30,1.492371577189289,1.1036527660773068,0.6979913873354313,2.5134765341792984,0.6242991565432373,5.058787428557079,1.1160662542586437,1.209629812500833,0.7908976943794577
2024-10-31,1.4981919829553412,1.1001486652701509,0.6905215105317454,2.504936125782611,0.6195429183851858,5.068237966413824,1.111380287084757,1.2053024967608739,0.7912212153285068
2024-11-01,1.5032613404282666,1.0735537777454602,0.6971535989064537,2.5598313568042794,0.6181128991373998,4.888479721534613,1.1132520400269654,1.2072398667640605,0.7910138040349618
2024-11-04,1.5043572895655282,1.1308540155016795,0.7101429243298328,2.5472532780936525,0.6277595217483826,4.9686754607002905,1.131827379956784,1.227222971199141,0.8021452834773507
2024-11-05,1.5102360243989765,1.156713873331781,0.724599174188323,2.5674848959005883,0.6440008196750114,5.134649148284234,1.1501508818355357,1.2471763861741147,0.8224412919283441
2024-11-06,1.4940265970500395,1.1691530004820645,0.7360327722620568,2.536670540984166,0.642479272266587,5.050790336910773,1.1504811122565097,1.246413126828746,0.8183154339420434
2024-11-07,1.5127346668536092,1.1775741464495513,0.7505443330262054,2.57475011059156,0.6656893076798046,5.195976472008367,1.1713227614228596,1.2685413405362205,0.8430038848948643
2024-11-08,1.5037864268781174,1.1747347339043739,0.7474306971913487,2.546982156734793,0.6628761589767896,5.1025942153146975,1.1648838472789989,1.2618677314410138,0.8345349970972571
2024-11-11,1.5029513781002661,1.2386296621201516,0.7416720297461783,2.502979484014798,0.6734016901936546,5.209007989680725,1.175305645869578,1.2746622204609714,0.8400423769740916
2024-11-12,1.4816371979714313,1.2636311331649126,0.732772313340899,2.477099010107192,0.6878423018270735,5.141927857428889,1.1765063643349685,1.2765142847972981,0.8308129811001529
2024-11-13,1.500172374232749,1.264601916767381,0.7278208571114677,2.5141232213464986,0.6769745269483219,5.50625410968536,1.1778400092302395,1.2787749731444387,0.8359264828636573
2024-11-14,1.486216581975943,1.2160162587674939,0.7162142486108318,2.5020859825032478,0.652411510179171,5.27853643342294,1.153166392948678,1.2517504792190732,0.8214339237438133
2024-11-15,1.4780390402852206,1.2091894682385653,0.6989456045948614,2.5022873207638705,0.6350150409945151,5.02446170583711,1.138910552636882,1.2370612983865101,0.807039579971795
2024-11-18,1.4955456117009343,1.2316338925620192,0.6896288621578098,2.536591790920307,0.6319952445893795,4.828176890899404,1.1448397358342768,1.24477765090832,0.8032878756914968
2024-11-19,1.4818284429590256,1.2009345972709073,0.6966704023224295,2.538299843759649,0.6381059386085541,4.954666789469311,1.141738410312232,1.240159127979955,0.8086785358796107
2024-11-20,1.4889210910854862,1.2118157419521665,0.7013268403517368,2.5435952042616123,0.6532732310034431,5.0540316640245235,1.152330602901567,1.252099679054973,0.8104846408886951
2024-11-21,1.5002044756323927,1.2293877805634068,0.7038697893688319,2.540239076047983,0.6471146512143532,5.057869498201674,1.155777919447095,1.2560876301645134,0.8112014299178576
2024-11-22,1.4566331231742824,1.1914639173850832,0.6788880938717078,2.4779708386332584,0.6200922262646292,4.895451631033073,1.1184106083998964,1.215774081250167,0.7860682647503476
2024-11-25,1.4312450414285558,1.228400794702492,0.6797341178882403,2.4944917067579295,0.6202898343715019,4.728799820578876,1.1232877569541202,1.221308305619238,0.7824877764594268
2024-11-26,1.417998601864985,1.186434772706205,0.6795025990484226,2.486431825858163,0.6205891329509212,4.7617449244894665,1.112839500239953,1.2094748368439496,0.7808801355900481
2024-11-27,1.4386990245024696,1.1760417863851127,0.6836468859359385,2.5084977908506088,0.6307129874963667,4.918794019912223,1.1211024090611401,1.2183727727947562,0.7944757425375131
2024-11-28,1.4263681640276533,1.1533953775462034,0.6815143841423088,2.4941180878056706,0.6226419135486223,4.83256998068717,1.1100089320441884,1.2057290808972159,0.7874615806163965
2024-11-29,1.4315304291332835,1.1758328362082444,0.6897550235194996,2.4909284445728357,0.63438841495517,4.938709042746068,1.1217197345832086,1.218564272140997,0.7964152414765637
2024-12-02,1.4500585837159394,1.2317739223898188,0.6961760680997868,2.4961479987684663,0.6448539132323544,5.07845302109684,1.1415562697679673,1.2407441099637597,0.8027288819209526
2024-12-03,1.4772181149742047,1.2375973409740555,0.697687088078567,2.5300259330904087,0.641688704645046,5.03412976729393,1.1493854629488847,1.2498112713405292,0.8035949257437053
2024-12-04,1.4887379763783983,1.199540241629957,0.683051759577393,2.602601502107164,0.6313591743967641,4.941314312493587,1.1421808660442565,1.2431435431654316,0.7992567761981292
2024-12-05,1.4824348289914193,1.1998799571900578,0.6801280930718762,2.573827291432891,0.6266789871705953,5.098262653055915,1.1360816660599364,1.236550298665362,0.7974329802257719
2024-12-06,1.4899507040891455,1.1958485867141473,0.6847275021959388,2.5813293909191652,0.6476866417005759,5.059789613615477,1.1462858749559575,1.2476331376981749,0.8079159943592248
2024-12-09,1.5059104666106575,1.202105460844146,0.6741038000027626,2.5962273762757033,0.6499378531010367,4.883373377688697,1.1485041105493563,1.2510992919530988,0.8065800216155089
2024-12-10,1.4866816857814589,1.2076031238162657,0.6797242067948114,2.588431389630956,0.6499693774917945,4.8723729644210545,1.147858140467432,1.249736149997264,0.8124904301039179
2024-12-11,1.4943995154058154,1.2271353851778268,0.6893942892052641,2.6207192863147006,0.6488850966375012,4.992926450074794,1.158509785981386,1.2607740506315257,0.811106468080519
2024-12-12,1.4989030284977654,1.2334410723057894,0.703643257128579,2.6255733647662303,0.6503936098562833,5.180454233767987,1.166155470606887,1.2674051338808305,0.8191739540217952
2024-12-13,1.4881776286818524,1.223799135159095,0.6896210371807657,2.5734537992936297,0.6336926675423783,5.059828217892405,1.147396793449553,1.247419845585198,0.799790351917994
2024-12-16,1.528167495915098,1.1936263639947662,0.6810198475239726,2.6076410764947653,0.6241636048103,5.043189029817876,1.1446411113332833,1.2452234679094054,0.7954511856503906
2024-12-17,1.5198968500510026,1.2036961050633963,0.6673629504231067,2.608226863928632,0.6220358413895093,5.114710456466019,1.1400135994493923,1.2412295633368147,0.797523468486191
2024-12-18,1.5279593814164805,1.2249358585260248,0.6627265436371063,2.6129315150801897,0.6220329142952303,5.132965396988352,1.1440724618864788,1.2466449420067407,0.8015612783449378
2024-12-19,1.5076715036437762,1.20793376186248,0.6635919257182346,2.5819304039518203,0.6209621239380786,5.25217337499304,1.1350485011572218,1.236287258441821,0.8022880312499668
2024-12-20,1.4844389359841426,1.1941781996418084,0.6590992898886386,2.5335985438627526,0.6162061033659537,5.333988738381381,1.1214402196782012,1.22103456562811,0.7986847683856373
2024-12-23,1.521221150059296,1.1850295065282908,0.6497767362733388,2.578445714637672,0.6119614493510561,5.298607442647727,1.1245321821583112,1.2257263062889605,0.7998698595805195
2024-12-24,1.532101681277247,1.208889879018963,0.6537812910346074,2.599809987708883,0.6168434399150627,5.343316618299015,1.1357130978198244,1.2382292060136537,0.8100606678033606
2024-12-25,1.5339429021983446,1.2104515520763006,0.6478672487545727,2.6419175838810554,0.614967825744879,5.3663198387870885,1.1372130183307472,1.2406672794835438,0.8104553592943123
2024-12-26,1.4982408557694744,1.2203708135243438,0.6445461526456455,2.60795156906796,0.6112117514499353,5.519086593747897,1.1283039677936477,1.2309131676075298,0.8108317497887747
2024-12-27,1.5166058338755597,1.2323974574386274,0.6556046407316681,2.604514804001851,0.6134071958313566,5.4412131220820505,1.1376787679088234,1.24044270135495,0.8095203817181166
2024-12-30,1.5070813651086346,1.2418710659753789,0.6509278393576324,2.64439012422899,0.6147515679270927,5.343645923481388,1.140358040002736,1.2447011107790997,0.8131854612816988
2024-12-31,1.5077318256139285,1.2118734663460573,0.6413634693663502,2.6374952707174635,0.6010774726454686,5.098741786216861,1.1259284875093614,1.2291633385089165,0.8001421377393987
2025-01-02,1.4623714420017213,1.1580275563232996,0.6310323371634087,2.582524181205033,0.5838018114970034,4.985677629109933,1.0943555326378274,1.1939205190507154,0.7768559498064658
2025-01-03,1.4517268602454727,1.1230247616418099,0.6200929720976269,2.596070070172999,0.574809999141112,4.965136213359484,1.0801293871217772,1.1787607990698519,0.767658682348586
2025-01-06,1.440932952114367,1.1102869250209066,0.6212247785769476,2.5852484472130772,0.5826124418885945,5.066588756796818,1.0784990511510026,1.1767287692709052,0.7663989637569086
2025-01-07,1.4263467027335883,1.135128488453247,0.6256384062974382,2.5583024017421265,0.5746311364485659,5.3011503435750535,1.0774709769859185,1.1750333363596526,0.7719169175428257
2025-01-08,1.446572380988931,1.113492391343172,0.6275345031573881,2.5681363580566203,0.5682943654509139,5.197388487354687,1.0755243374616574,1.1732131221587858,0.7705156712449647
2025-01-09,1.4167762180206698,1.1083185369369044,0.6262352978886104,2.5104077814807235,0.5645677644140027,5.1122145010267355,1.0634029818634199,1.1593784110843481,0.7686168411870014
2025-01-10,1.3868380024689382,1.0948647730509096,0.6123628042079793,2.4817881387366603,0.5562235724363331,4.927665529691002,1.0460477111440079,1.1408028021914811,0.7589791297469469
2025-01-13,1.3770378942928747,1.0774833770796726,0.6113011779938168,2.4978431285741265,0.5605449913666232,4.904850107279183,1.04386414602116,1.137881778228623,0.7569521927135587
2025-01-14,1.40389099415994,1.1445262434274568,0.6267285995694479,2.521363784371817,0.5762645461650615,4.998043751428958,1.0740149287305838,1.1711531251309706,0.776885434745254
2025-01-15,1.407879140006954,1.131807157707305,0.6194783542173109,2.509784372062982,0.568552178283312,4.908759840398359,1.0658918343854706,1.1622436762245272,0.7719006499903907
2025-01-16,1.4044290083719873,1.1434982290959455,0.6224592800804379,2.5444657492004072,0.5665064691784734,4.954010735613081,1.0707760349586355,1.167701732779258,0.7727868249092816
2025-01-17,1.3965290759049622,1.145030508247567,0.6270263931208007,2.520137025651031,0.5649705159904179,4.918854653888452,1.068801414186598,1.1649915861207303,0.7752186206538932
2025-01-20,1.3876258412866325,1.158313661202629,0.6303860519024426,2.474034800554864,0.578188886325944,5.090626147315516,1.072154575194957,1.168684659712906,0.7787431892333191
2025-01-21,1.3852978031174046,1.1569096279741262,0.6333085725435832,2.426855066318898,0.5757615490331606,5.194514369838089,1.0675396150488117,1.1633434786081855,0.7793408184408961
2025-01-22,1.3784996624887005,1.1486050245686095,0.6287156071845218,2.39244647031031,0.5675208764384649,5.587893708482572,1.0573277739812417,1.1520610074236695,0.7721021642961778
2025-01-23,1.3822884655610732,1.1400207631338575,0.6312051373811488,2.408727217050144,0.5695177376702382,5.429023166323677,1.05934900311608,1.1543545307569016,0.7734700621115472
2025-01-24,1.3722149139079884,1.1564194585217797,0.6320309932343972,2.4149504111554116,0.5737744910183233,5.416779576572264,1.0632608109266173,1.1584787605996725,0.7793914511978497
2025-01-27,1.4001775458847334,1.1572209763885777,0.6331685642921062,2.452645785093814,0.5705082329503571,4.974636965777369,1.0702330997926555,1.166011910574779,0.7761818631024445
2025-02-05,1.3858645097346125,1.170156151222321,0.6300051999451407,2.4014816683088633,0.5740375646714002,4.4765986358750745,1.066227198895331,1.162120195913274,0.7717093029048752
2025-02-06,1.3891265890488635,1.2035490354724072,0.6305697089872384,2.4092891133819676,0.5866371506071208,4.560350822936638,1.0783794458128695,1.1761771850818419,0.7814181848868323
2025-02-07,1.390923387875355,1.2571534928011565,0.6336502710651084,2.429804988649084,0.5979732800809516,4.84710887810906,1.0953222399220108,1.1952810937837324,0.7915593770747469
2025-02-10,1.3824976451484854,1.2869874858744583,0.6275287511576867,2.4233328734080968,0.6033461126927385,5.010382618989447,1.0984624051948657,1.1990203394614014,0.7932591329597881
2025-02-11,1.3778879083141544,1.2799219156720094,0.6218648667497251,2.4324736512842073,0.5959054621158272,5.065085625932187,1.0926602430881696,1.1932090899220664,0.7896137778035333
2025-02-12,1.3777923005432473,1.272143248073719,0.6226976393725545,2.4264951241622654,0.5967300561962295,5.059317172706942,1.0913748989877317,1.1912526442081919,0.7970820077819888
2025-02-13,1.3844974397076,1.2548204185794025,0.6414247569053911,2.414103484517688,0.5940200208321083,4.914212763215989,1.0939233535166895,1.1922688873359668,0.7940883714451569
2025-02-14,1.3857438153819366,1.2712823044343315,0.6373216862255174,2.4047637424391457,0.6099787278112515,4.884784451225422,1.1006223492396854,1.1992079881140005,0.8009754431128759
2025-02-17,1.4216963567714618,1.2610935723867152,0.6443406271996618,2.368077058104005,0.617062413154573,5.257623996252865,1.1061915861980967,1.2030680852241549,0.8026812993300804
2025-02-18,1.426814373494711,1.2379750110153382,0.6349052785157321,2.3492354616203546,0.6067512232074852,5.161538809779798,1.0942353684810575,1.1900804242559608,0.7956425327359059
2025-02-19,1.4272199129915073,1.2534018806981253,0.6538976501689969,2.3223320458722974,0.6093703983198562,5.172305201756643,1.1020097011924217,1.1936044970091222,0.801209492523533
2025-02-20,1.4284226210046613,1.2464150578760327,0.6432170350567407,2.3179864486420048,0.6213885627690472,5.099476466540747,1.1013012581005188,1.1951150694938064,0.7989190211406997
2025-02-21,1.4159893354481705,1.2383971633372153,0.6438417514858192,2.3037734817947335,0.6376815130537347,5.458890738752976,1.10260583635878,1.1968460295255343,0.8089943297412528
2025-02-24,1.4071174049725736,1.2247264005340448,0.6512708873002651,2.2908575677285743,0.6294671485087046,5.393986716163308,1.0972573426858911,1.1887591739611172,0.8072197431150111
2025-02-25,1.39102581826901,1.2244407412351532,0.6375991536971631,2.2733393256115417,0.6207101846561268,5.331886754538417,1.085358635754727,1.1774493537467965,0.7982591685450591
2025-02-26,1.405647035815997,1.2209522644049993,0.6390951187446979,2.2699778667213413,0.6373276173249595,5.359111883178362,1.093021553307119,1.1863426241529438,0.8052318482074666
2025-02-27,1.4032497901446253,1.223837837785405,0.6352220078887078,2.290333928817425,0.6351716277018546,5.1805703974028,1.093061403182428,1.1875901407382257,0.8068941887219078
2025-02-28,1.39951396194349,1.1785063163233627,0.6297286409386396,2.2662311241803725,0.6151880584175485,4.8157651307473275,1.0733128282338535,1.16545135990746,0.7910197010227192
2025-03-03,1.3940224153926546,1.184651819882928,0.6328590767081846,2.263277654808152,0.6124399885269334,4.707623747026561,1.0734183465008864,1.1653235773143307,0.7906994335841573
2025-03-04,1.3899116146589923,1.176819410321739,0.6412496643535434,2.226798417878967,0.6108310453692822,4.707107654792745,1.0701879569570198,1.16062209814213,0.7900379542332733
2025-03-05,1.4020963074031985,1.1855689124039688,0.6346003414494122,2.226597149173548,0.6060067012424987,4.777909093244635,1.06972642560544,1.1608596201345305,0.7935659796675916
2025-03-06,1.385422980858075,1.1980906912482918,0.6379536722194662,2.2287127506269324,0.6191470586398242,4.935947864971607,1.0754147918370986,1.1668641376511466,0.8044786605297312
2025-03-07,1.378932450814885,1.1868703132896918,0.6392877339723948,2.2412554353770346,0.6115041265565325,4.800266960147873,1.0713980204230336,1.1615891157196954,0.8019931818620845
2025-03-10,1.3722518533623165,1.1752650889308554,0.6452238455443075,2.248597403553649,0.6109224011894677,4.878560204471195,1.070752453479274,1.16028415066407,0.7988999067665888
2025-03-11,1.3759937329174576,1.1658860717755826,0.6547616140322244,2.2596821337716277,0.6122467381461684,4.877195245723256,1.0743129128901867,1.1632139739787888,0.8014648930967612
2025-03-12,1.3818844936994472,1.1692066433803583,0.6479667618959477,2.242012384057448,0.6079578301726865,4.856283337000327,1.0704296670780233,1.159766457619368,0.7985806560500539
2025-03-13,1.3988031769140397,1.153372380870984,0.6453180127814921,2.3007963718305424,0.6038316482697588,4.775097387349573,1.07343650671438,1.1641447748123015,0.795397706071761
2025-03-14,1.4028417325656481,1.188237604591747,0.6529622562189158,2.3094172138498887,0.6272068741298384,4.872722264698438,1.0922045091826038,1.1852010292650934,0.8147109510112811
2025-03-17,1.4019332862404952,1.1903481582886863,0.6587428166601857,2.3169685034639533,0.6290139987208084,4.906061916552046,1.0957284985814544,1.1886613926736462,0.8127244795145748
2025-03-18,1.3941584180337163,1.196786296503118,0.6532402014912565,2.308294523566374,0.643001410861189,5.064707751818182,1.0979206042006766,1.191912215762276,0.8149480505880197
2025-03-19,1.420220265274653,1.1985408889516742,0.6572222253594867,2.301044790212334,0.6428671035367548,4.838533586390428,1.102950373547925,1.1976791992050873,0.8154452276593113
2025-03-20,1.419471870737628,1.2011133422736764,0.6598171059102992,2.3082180474723852,0.6340135178339957,4.831646699803381,1.1018282272022275,1.1964712605615848,0.8082923848536872
2025-03-21,1.4202108118025027,1.169972498182702,0.657477310756911,2.302970911967582,0.6193637031440432,4.7138282207722515,1.089855340204032,1.1834965308625667,0.7960315305835055
2025-03-24,1.42009693718879,1.1700356929550215,0.65152992667693,2.3114955021688957,0.6155568723390263,4.785130577720859,1.0873450271016556,1.1810931999946934,0.8001295303862614
2025-03-25,1.4468819585358954,1.1632068954223789,0.6625916727145652,2.3430253730618533,0.616286793434719,4.674625509703736,1.097094024540019,1.1914525610786837,0.7996101887747774
2025-03-26,1.4318488190426077,1.1938339401767823,0.6739690356104254,2.347466654024846,0.6159272010215865,4.643819043109976,1.1046470477102541,1.1991942440975225,0.7969793188572437
2025-03-27,1.4128301629657474,1.1914855973038887,0.668744139776316,2.3588792421966875,0.6305029221738505,4.57082898649279,1.1058675212918845,1.2011263604569558,0.7996339800702134
2025-03-28,1.414078429800406,1.1988492422509838,0.6658516525416942,2.324560776485727,0.6302293916933571,4.515557136586128,1.1031594796251156,1.1985690442217793,0.7961271024540605
2025-03-31,1.4278664517959563,1.2051323679681853,0.6567573197581842,2.3301623427241034,0.6239581783741667,4.551287044315859,1.1017898741006789,1.1981081435355683,0.7904619273186076
2025-04-01,1.4588329601833492,1.2044887457390234,0.6575666132186113,2.350165632127274,0.6464921971769898,4.56801847819793,1.116572496666546,1.2146302139519973,0.7905387915038625
2025-04-02,1.4456110463127154,1.1943083686994949,0.6578561535953482,2.3415015726977395,0.636614289540013,4.602037126725927,1.108524047383235,1.205600446096218,0.7898681616547338
2025-04-03,1.4641473184710827,1.1794521251798005,0.6710612984504198,2.3359622387305534,0.6306751642313863,4.409637846849895,1.1104664669710629,1.2051013579281624,0.7852150316251371
2025-04-07,1.4089135595559767,1.060117481289532,0.6588877428858831,2.143583526382482,0.5705644443958918,3.7131951510782657,1.0361296448257449,1.1173647150879025,0.7298927459933511
2025-04-08,1.437963397316993,1.0643063073045087,0.7090797999953066,2.2478430201274344,0.571176606418116,3.527237587351317,1.067308379521192,1.1470568651131416,0.7423614182458886
2025-04-09,1.4508938795867106,1.0779875781296726,0.7066119629664913,2.237260744162008,0.5703080113467797,3.6585958096359055,1.069899390074367,1.1516327574107152,0.7496889338957824
2025-04-10,1.4442751488249435,1.1008876751635353,0.7097003870437467,2.2503592198180793,0.5828375243639561,3.8973786158460966,1.0803580248559874,1.1634373266640141,0.7595147389108654
2025-04-11,1.435082527104732,1.1239795799692673,0.6945073794271714,2.217493035836387,0.5794216713409572,3.9315051764474656,1.074467398311508,1.1591687568145896,0.7626466494433938
2025-04-14,1.4530962410890962,1.1670400422572078,0.699380874084707,2.2607572468274486,0.5876717777776942,4.031174172234282,1.0941579236204468,1.1817597457727915,0.7644004949402811
2025-04-15,1.464426993509982,1.1562032262490958,0.6957121796080561,2.268921518953218,0.5797741117188108,3.9921242195601816,1.0905337870691894,1.1779941428068914,0.7648260947808591
2025-04-16,1.477209844529553,1.155452366716947,0.6969523081523658,2.2988393177876185,0.5736950374339199,3.9247582042568046,1.093273794211061,1.181463360463138,0.7671818397178375
2025-04-17,1.477198999726844,1.1342928313380467,0.7009136147716918,2.298821470418327,0.5746318985192368,3.9640359297632504,1.0908661666992736,1.1785616781767818,0.7670602397633867
2025-04-18,1.467511176467112,1.124401776786623,0.6925734611878736,2.299504824847296,0.5703875553494285,4.017533025504228,1.0833902069220696,1.1707443654108625,0.767121446429423
2025-04-21,1.4694911291306094,1.139330452104262,0.6931373163678687,2.2829860117088305,0.5691770430187745,4.145364314376502,1.084719402631462,1.1719131119145885,0.7696343765918036
2025-04-22,1.465053514896218,1.137104077710937,0.699139180699059,2.2899263778580066,0.569192152734128,4.12569767658155,1.0861841275124955,1.1732879253644717,0.7694454696391534
2025-04-23,1.4577907521079139,1.1530208550295817,0.6914424098835955,2.292700016885058,0.5709344496631642,4.317794292488793,1.0866845578981241,1.1749975185605102,0.7700412687470815
2025-04-24,1.4706615341258416,1.1436447667280887,0.6976679438613725,2.303458779991391,0.5680042705609502,4.2668805943633545,1.0886973718412865,1.1770366543457573,0.769527824123355
2025-04-25,1.4801487143428993,1.151787148155159,0.6933031745949803,2.293696533908818,0.5725670516914342,4.395747989954109,1.0911163124303263,1.1805288730908283,0.7700640433204903
2025-04-28,1.4951309490158609,1.136156501136507,0.6824421343761662,2.2904780406044565,0.5740194575739246,4.3417457159022685,1.0871924747762198,1.1770303271753155,0.7689710671412706
2025-04-29,1.4572894130518266,1.1278477913160891,0.6756747387884121,2.271939455630583,0.5721836707917934,4.3243681507530765,1.075487505672201,1.163913403425087,0.767640788040907
2025-04-30,1.4449408571942441,1.150891221495451,0.6759734357873306,2.2734374313964367,0.5749402765723929,4.318868395960939,1.0793327578614105,1.168655521670635,0.7667245181500113
2025-05-06,1.4535249593453754,1.1610843142941263,0.6822111969740466,2.284311103229473,0.5863483685684493,4.462675223383297,1.0898347639302104,1.1799259917259093,0.7744457085688295
2025-05-07,1.4610802888571233,1.1647529365583709,0.6808070997531863,2.30845640184834,0.5815616721701253,4.479737407597027,1.0917323663047145,1.1821350435949298,0.7791399141683244
2025-05-08,1.4672846419790537,1.163975868987986,0.6933414066033575,2.300767284908158,0.5846565791411457,4.775002569331473,1.0969685515140588,1.1872498384268957,0.7834648463275472
2025-05-09,1.4743213331177765,1.15976405229987,0.6775978610597093,2.3071634588281222,0.5868539838040897,4.739195935469296,1.0936796090056773,1.184497075250607,0.7820945083793126
2025-05-12,1.4692548877300835,1.1712893280445622,0.6714750040952899,2.308184438273518,0.5851169945412515,4.809239579480166,1.092574493048407,1.1836279982753533,0.7911337772341684
2025-05-13,1.471901432011696,1.1700940447086208,0.6697620069430481,2.3258759918114085,0.5921418219991816,4.824453522781278,1.096485966232452,1.1881156890274809,0.792282266436072
2025-05-14,1.4777001220538704,1.173454242790665,0.6746921543782879,2.3610841609604543,0.5976904911273813,4.922692645368853,1.1049684848672214,1.197322429450405,0.8018298963045184
2025-05-15,1.4929496593539533,1.159301596381035,0.669313732513753,2.358213827571867,0.595519688000346,4.793610637037987,1.101750765468592,1.194044667589924,0.7945070575759497
2025-05-16,1.485988599391682,1.177009786510042,0.6654567911006973,2.3311283580915467,0.5989868487085828,4.862714728181411,1.1015714474316922,1.1940808928821085,0.7908236770158783
2025-05-19,1.4927704315480081,1.1734652948858912,0.6664486869388524,2.334632907920554,0.6008974950650245,4.798485922346218,1.1032758275601908,1.1959307397415424,0.78839574481497
2025-05-20,1.5167794973009097,1.1878818656011536,0.670386614222589,2.3327198355428576,0.6128831707243532,4.815571210621789,1.1150598529940443,1.2089012043314615,0.7926712642836717
2025-05-21,1.5156983422338208,1.2115843107902267,0.6665700388597551,2.381314563873576,0.620274295269467,4.797209990724954,1.1254163130526238,1.2207537423157158,0.7963741659066651
2025-05-22,1.5135251633529951,1.2166480884368371,0.6606136053753088,2.387911876978144,0.6153440477069515,4.7878238172450125,1.1228574981406119,1.2182586110152815,0.7958625513825875
2025-05-23,1.4983267144309436,1.2249757401115804,0.6533087737100989,2.3645087885981897,0.6112639329947264,4.712311286711326,1.1159663139091134,1.2109886357586086,0.7894386982704523
2025-05-26,1.5143308242455495,1.1916761848862603,0.6568096670907286,2.3606747146890052,0.6021217338490624,4.701425956317771,1.109779051384705,1.2038192492313124,0.7849311628351479
2025-05-27,1.5062255854280184,1.1769307710904384,0.653801971902814,2.354792331051566,0.6146934162586004,4.548565481691176,1.1089093990601655,1.2030334646388643,0.780719900198564
2025-05-28,1.494955436219516,1.15508590518792,0.6509201079634026,2.385034769788198,0.6120675291690809,4.650164214743401,1.1040568025308022,1.1977703015457715,0.7800773318773856
2025-05-29,1.4897764127874396,1.1686400850084422,0.6572283994523795,2.3803752135162566,0.6286606234747345,4.7974737557851475,1.1135776593479703,1.2080551949349905,0.784645057256699
2025-05-30,1.4850726085026018,1.1517113108615813,0.6732193904094282,2.3795790577846967,0.6240296637881705,4.72591652877846,1.113352010208081,1.2067884040376111,0.7808896927771031
2025-06-03,1.477870037897514,1.1277233810414709,0.678827524349006,2.3633053864016085,0.6315767164155897,4.652031226310641,1.1106593553572133,1.2034224767550645,0.783285293217547
2025-06-04,1.4694997786350867,1.1299093059455696,0.6795277500730971,2.3624478880897817,0.6416981558228454,4.87416488560092,1.1135401776290097,1.2066087376387364,0.7866872451204948
2025-06-05,1.466969596014004,1.1383689205106722,0.6666263073346173,2.3590695188315434,0.637380860600374,5.1055738060350375,1.108778978331995,1.2020616508065944,0.7884793193656041
2025-06-06,1.4761210164169436,1.1338356450437912,0.671005289016065,2.3764620807110393,0.6286290002122786,5.113210126925688,1.109325959686089,1.202402816190988,0.787752973149386
2025-06-09,1.4758726483700875,1.1579597340763783,0.684606067961417,2.3863541637557586,0.6417195741748318,5.2073660897050225,1.1240498350229546,1.2180719954149186,0.7900430378434086
2025-06-10,1.4721020985100315,1.1544976866170498,0.6783002335563391,2.3872937937591314,0.6536357490939974,5.138328266229765,1.124995703163303,1.2195192063412943,0.786020682159475
2025-06-11,1.4747896464348438,1.1860888185689191,0.700207612820954,2.410701925886707,0.6492346939572252,5.137638128272652,1.1395213681871184,1.234450119766699,0.7919502050219949
2025-06-12,1.4697629758999393,1.203995305231179,0.6905219249802533,2.39690121098745,0.6695988958635082,5.294725791282138,1.1448766164560047,1.2410403540684998,0.7914568914944067
2025-06-13,1.4856222871634113,1.1811344360677982,0.68572830309493,2.429141697342404,0.6531396544743833,5.309153901236463,1.1388616657008304,1.2345924253371177,0.7857597912873003
2025-06-16,1.4812438337451053,1.1752877284499246,0.6799913844347596,2.4093611385632787,0.6496112427902845,5.449445778067203,1.1320720638557986,1.2273344627277512,0.7877145410567586
2025-06-17,1.4958516977343486,1.1660067556758618,0.6812793457825935,2.430532106816914,0.6373068256144105,5.34246302756355,1.1306467785198215,1.2256557967580934,0.7870199165677886
2025-06-18,1.4983488423406937,1.162269627004598,0.674036215512631,2.4150539859290023,0.6292184759678964,5.535601441189103,1.1235854367341922,1.2181864664577258,0.7879536740775517
2025-06-19,1.4863170308287748,1.1464869620841742,0.6659841665540832,2.4135558457442663,0.6197234792942529,5.558238766329699,1.1125145878495795,1.206271414208527,0.7814710544322453
2025-06-20,1.4782872350794494,1.143151421754924,0.6635509427179995,2.401191795030091,0.6185110672465753,5.49887776730738,1.108277121929523,1.2016703760192373,0.7821935371047601
2025-06-23,1.4704139344369804,1.1453032322508208,0.663035172513309,2.4230746731755253,0.6241748590323788,5.3959743022350475,1.1113912874285568,1.205195611351626,0.7844827884211609
2025-06-24,1.4702855790290792,1.1605456426325227,0.6690876595680396,2.4035644660903652,0.6306766624555885,5.469109523839387,1.1168848026578335,1.2109788490371156,0.7938634725327443
2025-06-25,1.4889841405915119,1.1747115399841028,0.6714492572509955,2.405442299252129,0.6349787004905476,5.581272760399523,1.1249388895886876,1.2198652045701175,0.8052572662581459
2025-06-26,1.4918012047676767,1.1583335653279192,0.673024699747228,2.406193991586828,0.6234834655578744,5.710357788842242,1.1187529183405571,1.21282723324945,0.8024010907393889
2025-06-27,1.4649116904140778,1.1512877764572558,0.6696695504853521,2.397811598271972,0.6239332572549682,5.850082537065851,1.111625344738322,1.2050423550874145,0.7974675487746956
2025-06-30,1.4715339673468966,1.1548229488259365,0.6712314508528763,2.399147136427047,0.6310867532158821,6.017900691598519,1.1165044265912873,1.2104169239775076,0.8003796440049475
2025-07-01,1.490024847891128,1.155169543578183,0.6710034958746285,2.4121311450273626,0.6413465927429162,5.919259321228626,1.1241403300841395,1.218994735198521,0.8017385946664777
2025-07-02,1.4986345077789154,1.1536729028109087,0.6782234792409094,2.4371030537559264,0.6378555584610845,5.762658524585047,1.128671047268753,1.2236248782445853,0.8019262815526953
2025-07-03,1.499113785836489,1.1600461712805237,0.6831723334926078,2.417463807589582,0.655789168025855,6.014024999081703,1.1361649627078338,1.2317215186185022,0.8068844281904465
2025-07-04,1.5093767436296126,1.1637799539417755,0.6851453347894708,2.4271119631147346,0.6647959453499116,6.005893984420181,1.1431360044822667,1.2394167915889165,0.8097587013612872
2025-07-07,1.5217974687378237,1.1736911792474027,0.6810065331292854,2.3952428808515456,0.6448718427778997,5.932121091864056,1.1357293929131584,1.231367618886782,0.8062961528255195
2025-07-08,1.5140517085527634,1.1805598338760244,0.6841004180462293,2.408500517576651,0.6507632584210361,6.303253255644702,1.1402669025431398,1.2362639630400813,0.8130630479496256
2025-07-09,1.5009270951810103,1.1694877091803886,0.6922843508378697,2.405534928191477,0.6571944542743868,6.305975127083314,1.1408523282396457,1.2364105786422532,0.8116290632024894
2025-07-10,1.4925000616371662,1.161201633127345,0.699530917478708,2.4393748356465306,0.6624669506225881,6.229030673691055,1.145383359656293,1.2410441752634072,0.8154159460649278
2025-07-11,1.487292447791205,1.157223526180603,0.702555923542183,2.416593056228087,0.6735487885218517,6.273437842714942,1.1464825250241153,1.2420911508778756,0.8163885423561291
2025-07-14,1.501340533075242,1.16140912297329,0.701697119819459,2.445871226406601,0.6739934506801982,6.346212626748755,1.1521267942557276,1.248469329693067,0.8169703107000822
2025-07-15,1.4866482805029635,1.1822987009999373,0.6883682086535248,2.4329247388216215,0.6744215104908801,6.986237552935524,1.1485660263052155,1.2452955106313153,0.8172541794900711
2025-07-16,1.4822478508976762,1.1933760435461933,0.6898633738097858,2.4256726316782973,0.673356134789083,7.138025952335123,1.1494896791334959,1.2462382135546985,0.8148421081527868
2025-07-17,1.4774454900138059,1.2187114383359756,0.6888958748526883,2.417411477855986,0.6866254154415835,7.408660764265496,1.1570505897246066,1.2547784331517968,0.8203911736327355
2025-07-18,1.487534839966714,1.224702935141165,0.6938982454927669,2.4492508835951394,0.6924255266033652,7.40913629018113,1.166451565921873,1.2650108058305534,0.8252832333387199
2025-07-21,1.5107783743265637,1.2256925972702284,0.7140648667807246,2.4918003567298883,0.6903564915698037,7.434929917181322,1.1804211677242449,1.2794154306932697,0.8307853262610129
2025-07-22,1.5218702084847804,1.2259814298990042,0.7382969358067608,2.576503723496649,0.6935110252105332,7.417584686393574,1.1993256372612677,1.2991146886639575,0.8375670655267158
2025-07-23,1.5193924532487,1.2288441952706526,0.7346444168121812,2.5550405473542948,0.6902666712058886,7.385939745945905,1.1951882641873104,1.2947001507249651,0.8377319778395247
2025-07-24,1.508181087413273,1.2431185286817263,0.7304734123260567,2.5531042172888143,0.725733242563087,7.514055076461637,1.2069447949880279,1.308128161239403,0.8436834618978316
2025-07-25,1.4970982035199445,1.2532394280782644,0.7262867228466157,2.5292121245171972,0.7189834764828656,7.760209774316985,1.2012487116960284,1.3020002022784336,0.8392355063733199
2025-07-28,1.4951422687562332,1.266004042119836,0.7211044647623034,2.4952471223309205,0.739587603144028,7.966651808332956,1.2053261705286777,1.30689239105252,0.8409966722688029
2025-07-29,1.4955424318393749,1.2735302486366389,0.7103401735125385,2.513094457139768,0.7662413685503348,8.539890784265197,1.2136371851923176,1.316887176969599,0.844291054981275
2025-07-30,1.5277657599861967,1.2575177110355544,0.7104533340485067,2.556074440070769,0.7652829878694031,8.585404790329738,1.2197014546297975,1.3236870321323861,0.8441310229341968
2025-07-31,1.4956695206032027,1.2340686892488157,0.6975136558661879,2.516079771198583,0.7476578248454581,8.85596481717122,1.1961498066342298,1.298077459618879,0.828748628696164
2025-08-01,1.4908868891043083,1.2576876319817571,0.6961232572701503,2.4616597962614257,0.7356912808661827,8.543073543724386,1.190483361746483,1.291805340010022,0.824547126591041
2025-08-04,1.4952788711434648,1.2432612542857362,0.6960879003782555,2.4523271739818755,0.7334047530479402,8.534463801569142,1.1867988984390518,1.2876716909930626,0.8277544778979863
2025-08-05,1.5061346765353831,1.2552336387860095,0.7008228109445177,2.4717356845784053,0.7435877324910025,8.693640124446915,1.197596608834862,1.2994891086320204,0.8344136004872111
2025-08-06,1.5052387275678238,1.2553843291610414,0.7026564482970532,2.5033486881899036,0.744073880804183,8.68683327831924,1.2013295597551268,1.3035620952343239,0.8364541615957636
2025-08-07,1.504164221005188,1.2541904524572538,0.703892684938053,2.5154981199411663,0.7358512838764273,8.747977714554342,1.1998632211522073,1.301837020972178,0.8366943113385839
2025-08-08,1.5096170424272106,1.2449362188717714,0.7074257788258161,2.524502211556994,0.7402548740323432,8.768397981457781,1.2024620429480402,1.3045286178019317,0.834722073950258
2025-08-11,1.49007599603698,1.2572862752550362,0.7064886042075257,2.4991427130622217,0.7452663680563465,8.985541810712848,1.2006284573898796,1.3025303941795527,0.838289548199231
2025-08-12,1.4887626915212724,1.2579988353011446,0.7036868463190858,2.5224875216786553,0.742500702340643,9.904862445795624,1.2009525734071642,1.303072265240716,0.8426236308566981
2025-08-13,1.4809912119397532,1.2601926180108498,0.7020524266811597,2.506788180661467,0.764379384439839,10.866351479862109,1.2051423556528034,1.3078794393190605,0.8492837701679503
2025-08-14,1.4729610361199386,1.246227051198957,0.6935627354027672,2.4950620318043755,0.7546846232654915,10.919474716476866,1.1940652018903504,1.2959888077817319,0.848619850684201
2025-08-15,1.472163462803505,1.2669087969745594,0.6957786566076974,2.4999480374035183,0.7556071175854141,10.961705149510832,1.1994216881701476,1.30186020688313,0.8545249722180684
2025-08-18,1.4723123649684307,1.28081923361779,0.6982866247121443,2.483944525975935,0.7733526506616463,11.399913871581767,1.207042600877911,1.3102554154375876,0.8620609158835343
2025-08-19,1.486683549818443,1.2691401613285966,0.7000549092820479,2.468962042267674,0.7560978868872344,11.960743264726174,1.2009667043078982,1.3033181337734523,0.858799474964743
2025-08-20,1.488660296459248,1.318391938137719,0.7051696208374283,2.519954427468556,0.75810393042409,12.048310764940487,1.2179602669275877,1.3220675308558614,0.8685644800026007
2025-08-21,1.5021851100083912,1.3074554085574142,0.7180242910664366,2.5565493594348503,0.7669982641762204,11.951790581265353,1.2289885221052956,1.333620193376442,0.8719552479632494
2025-08-22,1.497810972222751,1.3402877624713625,0.7195681086192913,2.5500813270520455,0.7726549674599468,12.927084946293421,1.2361645904375382,1.3415768480725674,0.8902414003109113
2025-08-25,1.5164520213145545,1.3466987474884144,0.7267915609682549,2.5621242573885232,0.7931022067807748,14.195342751032138,1.2506162419252547,1.3573372738600962,0.908791290352424
2025-08-26,1.514387914310427,1.3387793841990085,0.7516285546902352,2.567258806806181,0.7821625388225621,13.625466314438395,1.2544036738377282,1.359990170840377,0.9054094695456145
2025-08-27,1.4919341076451202,1.291923217862832,0.7401823777131279,2.516747060429608,0.7623495619028997,14.194081102796062,1.2267914790610799,1.3297356539880847,0.8918943869827024
2025-08-28,1.4900816820132834,1.294922138975779,0.7360846125503095,2.5026702149089366,0.7630402049673959,15.918418651243261,1.224547964892321,1.3274738738428515,0.9076850967868513
2025-08-29,1.4819233627361221,1.316346003460639,0.7345585829794862,2.4985349786846123,0.7811275795871899,16.05308662122608,1.2321519889017263,1.3360961787336292,0.9143907852449211
2025-09-01,1.4838932274523913,1.304666385359289,0.7311341067797499,2.503129415052957,0.8192230506281091,17.016438515516285,1.2416157174179485,1.3469269180323726,0.9198713236602379
2025-09-02,1.5016526732067836,1.293529960534413,0.7279799791271458,2.529111276597921,0.8264186410012853,16.4088265379067,1.246155428282195,1.3522218647457573,0.9131084954242406
2025-09-03,1.489362444964028,1.2755967180324437,0.7158760430131597,2.5079086593833306,0.8245354467166803,16.813193979554754,1.2338590693905362,1.339194077357764,0.9068814796965674
2025-09-04,1.4903533538470308,1.2634150233342918,0.718960923580533,2.50233558693673,0.791578180622369,14.89632360448327,1.222318009165523,1.3260368135109606,0.8876408287097879
2025-09-05,1.4921186591738103,1.2851594930154584,0.7246154835568186,2.4974507977097318,0.8327204768391102,16.163830783563,1.2409664739338235,1.3466056686633825,0.9069821351772582
2025-09-08,1.509946209113164,1.2845996629073684,0.7495774847356207,2.5160813779409636,0.8428041048950025,14.848718505233364,1.2572305589968735,1.3632632208249826,0.9084559754278599
2025-09-09,1.509206451595628,1.290200809352647,0.7457069862532181,2.501384411016041,0.8270904966483228,14.605259789627384,1.2507485499144881,1.3562348964357194,0.902088245371625
2025-09-10,1.5111220740960032,1.291244461242611,0.7462503425036927,2.484389925258698,0.8220585056834636,15.60220595978524,1.2482292533964778,1.3533748506945404,0.9039401028719326
2025-09-11,1.511392366625876,1.3040454314617063,0.7718733237769186,2.4920707250111573,0.8209126341548234,17.433293197884286,1.2597443915260331,1.3646881184126045,0.9248174729780682
2025-09-12,1.5056542008385634,1.2898919509611937,0.7699519631839752,2.4850268616089872,0.8261198275737289,17.53596021435402,1.256312172952748,1.3609589032551999,0.9195229946937256
2025-09-15,1.4982179346384221,1.3177525667784078,0.785530973951336,2.4933047552982766,0.8239515566856617,17.00948192407851,1.2657597660079414,1.3705968037337999,0.9217715771290391
2025-09-16,1.4882335514120466,1.3116312408387434,0.7694750409847103,2.490796081165439,0.8198309969422156,16.977642057001802,1.2562017152896179,1.3608562327723803,0.9197952728526048
2025-09-17,1.4899614065303723,1.3199085950922405,0.7616475582649271,2.5124907215614445,0.8197385823385702,17.053095234639144,1.2576831400609043,1.362993770248105,0.9254250660615115
2025-09-18,1.4619426925765637,1.2899521507125375,0.7436463032299537,2.4522756087570956,0.831202214031004,17.22795708798914,1.2387883947158937,1.342921618653915,0.91466530019226
2025-09-19,1.4508092166015256,1.279500868260717,0.740831479994997,2.4700935125624213,0.8134086118490955,17.312385835038917,1.2304528423593453,1.3337490626685402,0.9154402457213773
2025-09-22,1.4388480359818412,1.2700917629545496,0.735153597186512,2.4497343392846123,0.8115727836329097,17.638569336143053,1.2221444191628938,1.3247850876236342,0.9196470347810417
2025-09-23,1.4463407967348103,1.241787438616986,0.7307053851097657,2.4625349342470955,0.7880482410404724,17.81298067067614,1.2106832526632865,1.3122093721398835,0.9190715701136573
2025-09-24,1.4432287749981816,1.2389479993118093,0.7367500120249362,2.4603402530258895,0.7925655030857918,17.65794414150949,1.2127838069934986,1.314190272120567,0.9284849926745156
2025-09-25,1.4354194582741944,1.2397562248121692,0.726654357657795,2.4663100669609124,0.8102298434379236,18.07045701742312,1.2143003569162212,1.31651127088824,0.9340600862383601
2025-09-26,1.4429548599887234,1.2326539025516707,0.726736209097358,2.4848430435857143,0.794323506472076,17.432492565529696,1.2112684979639312,1.3131057518166744,0.9252270086106166
2025-09-29,1.4423475529099634,1.2424236481338171,0.7270751664977132,2.45688539103018,0.7987699752976248,17.69772989075949,1.2118300046213393,1.3137143384221037,0.9394619303687729
2025-09-30,1.437673652739017,1.2558274050048055,0.7242066351445193,2.4489197386911887,0.8180921206103949,17.267912653853223,1.2177801652260736,1.3205659098234614,0.9436591622413817
2025-10-09,1.488883287947487,1.2591410927769802,0.7254433422364902,2.499923376582257,0.8189952067353188,17.230021333673818,1.2328555528026486,1.3373996791099945,0.9576468172025275
2025-10-10,1.4925614673499383,1.2452533794631837,0.728504311924382,2.5266295468708733,0.8021183217005539,16.666016123292767,1.2293385462472997,1.3332582868669163,0.9388073647276736
2025-10-13,1.497534863297573,1.225367496288195,0.7250417999005826,2.508251390193734,0.7808243390142255,16.423588755755848,1.2167473907691377,1.319350394509146,0.9341599283414291
2025-10-14,1.5144374329916985,1.218073234116766,0.7280303877594784,2.534411331447204,0.755626676797214,15.244737080090898,1.213733539265879,1.3157821809382542,0.9229932703168998
2025-10-15,1.5120029779707136,1.255165181553691,0.7256560594370426,2.5380393264471306,0.7715956529954726,15.791097801736987,1.2254211719648656,1.3290373682477266,0.9366628946279433
2025-10-16,1.5211460083979216,1.261743386965296,0.7185236463547275,2.574219920627224,0.772826517601225,16.076534412758814,1.2296634597884115,1.3342474684395706,0.9391302756435064
2025-10-17,1.5136262544437222,1.2107772240851529,0.7117333310686071,2.5542636199065822,0.7531439859237685,15.73140717217922,1.2080194387550671,1.310387578300254,0.9179444320743241
2025-10-20,1.5117461218438593,1.2104461017064485,0.7074517406646386,2.5933041709778317,0.7543905896062272,16.44522825235303,1.210292526425034,1.3132101381026327,0.9228216476387116
2025-10-21,1.5047895170010823,1.221473132215251,0.7143312388603725,2.589724852482089,0.7617723943600139,17.97411169562605,1.2157721091863112,1.3189203494397792,0.9369849921661545
2025-10-22,1.5091572733594754,1.2208396472281606,0.7077905731672754,2.6309540151310933,0.7540556348365446,17.99936949208076,1.2155333017812204,1.3190687786428026,0.9338734160741695
2025-10-23,1.5307376778684254,1.226522843717504,0.7105066464918511,2.6836321750361263,0.7508147561650804,17.57828675361115,1.2248969717657965,1.329405860986164,0.9366744852590534
2025-10-24,1.5168616283078455,1.2364085278129546,0.707299988053887,2.6685352071006276,0.7549864882404025,19.05226047342994,1.2235281456493052,1.328075909973355,0.9477240169060515
2025-10-27,1.5545341784054514,1.2466987801429992,0.718802204384131,2.691129415347212,0.7639436522213843,20.00714807055238,1.2405967536862934,1.3464971208586316,0.958976079580864
2025-10-28,1.555994667977282,1.242970199157298,0.714588340236526,2.668743334006751,0.7541297864292766,20.045300516153347,1.2333818413724689,1.3386684926182202,0.9540864600077448
2025-10-29,1.5847080978939736,1.248818651697807,0.7145812073615228,2.665636184132736,0.7597912307457251,20.473320199740037,1.2406567335305727,1.3468371335497356,0.9654462952174385
2025-10-30,1.5900083487317245,1.2444567331869751,0.7071788983022818,2.6857283841586823,0.7362416505151391,19.69061640482687,1.2322290822344377,1.3378538268522846,0.9577340519524594
2025-10-31,1.5504771116774285,1.2378012774214844,0.7118354316361213,2.675011028348077,0.7484811234869535,18.35425350997701,1.2295201679711405,1.3345075213923265,0.9436538752868399
2025-11-03,1.5664690840044875,1.2296064294593532,0.7207580072031979,2.7627047141691143,0.7372524154566324,18.54679654732736,1.237883094245671,1.3433207383664039,0.9462434662900701
2025-11-04,1.5722475070998,1.2109814237277534,0.7106577254960875,2.7434892500892394,0.726161726597371,18.430804772529132,1.2261305568103944,1.330776512394195,0.9391866020438117
2025-11-05,1.574477431159103,1.204838839692164,0.7144924131673309,2.736466600010864,0.7231303976224548,18.537476147037676,1.224906306197367,1.3291543429591028,0.9409268234655347
2025-11-06,1.5920983452990485,1.208202057584299,0.7127715931456734,2.7746356443565654,0.7239651542564428,19.388909878743156,1.2314417277327563,1.336600899600681,0.9543772425075183
2025-11-07,1.5859120284300223,1.2029480053456134,0.7104576725546252,2.808668297278576,0.7185852642330803,18.845400718466674,1.2298048518364142,1.3349126025653524,0.9514065840885007
2025-11-10,1.587307073993985,1.2103385123260344,0.7252397553164041,2.8526401339615015,0.7243218590943087,18.444868617262987,1.2424641367270217,1.3481699242786074,0.9547123540876772
2025-11-11,1.5824214978717153,1.1937204258255412,0.7251901297776793,2.829830571370264,0.7200435683419725,17.669155481470014,1.2348157742504249,1.3395878643145713,0.9459919292605453
2025-11-12,1.5751704036868304,1.192854612282378,0.7191516006029685,2.8531497238714616,0.7219221695318441,18.09205416861358,1.2341280018168355,1.3392006452091871,0.9447193999713255
2025-11-13,1.5596617828499415,1.2058228970457963,0.7226521695628079,2.842341539325072,0.7346821512854118,17.970827173595403,1.2390103230796166,1.3444565486498443,0.9561404418470554
2025-11-14,1.5401482629852394,1.193155614249163,0.7168568993525273,2.8148558391029384,0.7297865432264171,17.14549734149411,1.2272720426719093,1.3316518494258578,0.9411063765755349
2025-11-17,1.5293686284953367,1.203809004131241,0.7117106532877592,2.838649674248784,0.7177195256050302,17.324601396643185,1.2239998196188477,1.3283085392547322,0.9349883534491756
2025-11-18,1.5187541870141397,1.1923817398222207,0.705602781690624,2.8076571971801805,0.7134805820750735,17.367632070956844,1.213757604800628,1.317203295640677,0.9289164895028504
2025-11-19,1.5282429781018163,1.1893204969316356,0.7079849317081505,2.8733931548238845,0.7095426364695431,17.628693213416398,1.219814307669554,1.3238495058580968,0.9330035087077129
2025-11-20,1.5264346762434795,1.1718250896472124,0.7001306542061931,2.8282628929303644,0.7049612851690936,17.76115136079273,1.2078233978640613,1.3108936081265277,0.9282566369072099
2025-11-21,1.5115594497469034,1.1537913149066168,0.6859204432959284,2.785183367843607,0.6872829549739232,16.52432330354782,1.1871116693226038,1.2885567578941228,0.9056162708059424
2025-11-24,1.5057750921428616,1.1849630822884176,0.6947859504265496,2.7182223353144774,0.6938419381312928,16.078896971977585,1.1922439145127215,1.2937453829696102,0.904485675911717
2025-11-25,1.5104636724321543,1.188107399314047,0.6978066768406028,2.717454962603812,0.6983020272889208,16.484497172332677,1.1961212713955747,1.2979039630223053,0.9130987348927786
2025-11-26,1.5120480249662214,1.181546941192228,0.6954438117086982,2.698159925280367,0.7021567255617189,17.7408923858478,1.193863164042341,1.2955207600619287,0.9186339729531577
2025-11-27,1.5322713193101316,1.1779611892429658,0.6938495687001645,2.737976573934619,0.7001914082461108,17.82531574225664,1.1986399433357942,1.3009854340343812,0.918181938339873
2025-11-28,1.5262287259846183,1.2137427994298153,0.6991422932124194,2.718797833432506,0.7037437381374171,17.916166783302472,1.206342174241577,1.3092913827045058,0.9204713930006794
2025-12-01,1.5396557338099386,1.2183020759005472,0.6973209111060573,2.7508855422500926,0.7026628381671484,18.259733083837368,1.2112194054775114,1.3148849876224413,0.930602824657133
2025-12-02,1.5440025738788292,1.2238623268310989,0.6877510811543797,2.7716847097962383,0.6910116999531876,18.390850999570002,1.2074992592809906,1.3113294270195575,0.9260985427323155
2025-12-03,1.553589140711753,1.2028615859722138,0.6835152655559817,2.76390018435079,0.6868445692466562,18.40585086466057,1.201232701168974,1.304567848792088,0.921363464907328
2025-12-04,1.5497612788906818,1.1904276708109855,0.6789528318166146,2.7692687286840103,0.6902700722264268,18.629026288024704,1.1982185441429776,1.3014817971631574,0.9245187600464817
2025-12-05,1.5474777959319264,1.1989084153699658,0.6826990858965569,2.7667563565457964,0.6954328754885549,18.61395094473408,1.2024699508400607,1.3060112003415456,0.9322399504653001
2025-12-08,1.5368639000651838,1.1961951243420086,0.6800245967728612,2.737457507294817,0.6974793458894489,19.62688853647238,1.197495004101297,1.3005979787237267,0.9398080225468248
2025-12-09,1.5360142144269782,1.19288929760414,0.6715718789898925,2.7035116686547247,0.6927496897123306,20.537884146639296,1.1891297651523816,1.2917566737981423,0.9350229219981
2025-12-10,1.5438834728675173,1.1940582796001487,0.6734108608201332,2.6838805274269832,0.6935240565002314,20.516867807674977,1.1897714001194193,1.292355745311853,0.9337223311809301
2025-12-11,1.5435382898646226,1.1949053355405248,0.6751376707553691,2.6778538082056733,0.6887873646917829,19.713282207101447,1.188337647715634,1.290630395250054,0.925661352260628
2025-12-12,1.552941454081711,1.198441982131304,0.6760373402952105,2.670331147777731,0.6921511092154092,19.629251029110122,1.1912986665309657,1.2938978879950487,0.9315105540830003
2025-12-15,1.5507896783618258,1.18526903662802,0.6793022832923369,2.6670428793093595,0.679897871410202,19.26649434592723,1.1849889908358608,1.2865930053689056,0.9256359342099484
2025-12-16,1.5358281517382877,1.204703687005869,0.6779782403536915,2.6604238549115404,0.672499038368884,18.657755953037736,1.18295933374162,1.2843998044243101,0.9145526473916478
2025-12-17,1.5422994394962684,1.2018536322944362,0.684856747437555,2.6672749442814028,0.6792252959333039,19.78594849690589,1.1887725058632992,1.2904797621180146,0.9312919588471564
2025-12-18,1.5521396367332996,1.1879655812491663,0.6811817126601364,2.725607756236942,0.6784759281622909,19.02834143162175,1.1912035686602767,1.2934486094870892,0.9257849856591329
2025-12-19,1.5435023661561507,1.2019621710908803,0.6844175806854587,2.703866580664733,0.683849250345117,19.062555810522465,1.193802933624635,1.2961565389101024,0.9289134393367691
2025-12-22,1.535687199726007,1.211812023008739,0.6833567075766604,2.7400591061478705,0.68074282760082,20.016529328557667,1.1962918741606807,1.2990213378498452,0.9377479403753505
2025-12-23,1.5418686593782747,1.199526807882382,0.6759225858537623,2.759603719309423,0.6771518854227908,20.37871621662381,1.1926710265310407,1.2954412821945835,0.9396004079088743
2025-12-24,1.5469767377200185,1.2044177700959546,0.6705457159363379,2.749431525387992,0.6765941200412715,20.58895818846657,1.191460623644866,1.2944365933276059,0.9423099721113117
2025-12-25,1.5475505180533744,1.2003632316059698,0.6719476083070343,2.753581172099834,0.6824378769332144,20.670451864445646,1.1936627964260205,1.2968182775759007,0.9440337226361943
2025-12-26,1.5446014491406934,1.2146127931717388,0.673213427315891,2.757342459805378,0.681847294355834,20.248622685334905,1.1966110890544355,1.300047570837032,0.9470236987737284
2025-12-29,1.4956631340681281,1.2127806162044323,0.680352121347397,2.8064046286162716,0.6752396091990115,20.49174775283084,1.1931443700719342,1.2956759441183276,0.9433903409373943
2025-12-30,1.4693389247792132,1.20774271962356,0.6863326521917159,2.8771383100359675,0.6710318931090753,20.761055871426894,1.194578271344688,1.2968940206882456,0.9458121728061395
2025-12-31,1.4645399570062128,1.2053993477424083,0.6804125325668662,2.87596035968099,0.6639107851021152,20.00378010815762,1.188640336901789,1.290610954580653,0.9414723965053198
2026-01-05,1.4658319956868953,1.211038425025116,0.6797686426222234,2.8323441433304763,0.6940607590481359,20.32509962659812,1.1969277680738803,1.2999617489969975,0.9593272553690516
2026-01-06,1.4703564918233432,1.2357164246110288,0.6883067786492728,2.896932569812855,0.7016151520590115,20.073301482575808,1.213615996992378,1.3181484934046706,0.9741608230568123
2026-01-07,1.4755759448270411,1.2288384851943073,0.6827290397911726,2.8642867128014244,0.7049523075925129,20.196680804990294,1.2095789149998173,1.313980819336824,0.9713083077373531
2026-01-08,1.4792278231389375,1.222360288932073,0.6824894905650806,2.8459204118045776,0.7072814202494514,19.909900424635822,1.2080654814973248,1.312295963474949,0.9633754357924758
2026-01-09,1.4759158724315147,1.2298646154259754,0.6806051465437646,2.8730786724310677,0.7182336656573693,19.834436163822147,1.2143877991660426,1.3195255230285177,0.9677001646072929
2026-01-12,1.4869889369518188,1.2379082421430139,0.6801520419840453,2.840600822447554,0.7275447899122858,19.84148628897213,1.218039886514951,1.3236609248148556,0.9740026211093828
2026-01-13,1.4827215796241315,1.219232712015142,0.6730561987264588,2.873679096287755,0.7390160302254909,19.226626586114325,1.2178018776219164,1.3238695444987736,0.9681292213027634
2026-01-14,1.4612897039250448,1.2106302492211423,0.6706975247555358,2.863744086132614,0.7295470246266972,19.44875629748375,1.2077465577353617,1.3127214743152609,0.9642451398145262
2026-01-15,1.4579509346068726,1.2009115863481996,0.6680750473746978,2.8748020263888803,0.7180621970696045,19.89875376897736,1.2014412252321995,1.3058087659336313,0.9661765049773593
2026-01-16,1.4520394955841336,1.2093634772049802,0.6553570448414794,2.8244046689884073,0.7089784383475107,20.04282835718229,1.190331590951749,1.2941748699827271,0.9621999017846486
2026-01-19,1.4729768443883975,1.2265749965537651,0.6578650636200283,2.8532665577882748,0.6947600590655009,19.8408725070278,1.1957219152815093,1.3000667449574432,0.9627251403838906
2026-01-20,1.4844990985189328,1.2131666853931793,0.6554333196320976,2.893158510995985,0.6802950040318723,19.04903273954297,1.1924588952533925,1.2965623502200738,0.9595574412360053
2026-01-21,1.4620139562523506,1.2130497992875522,0.6486955280119121,2.896265331802778,0.6757626137703826,19.36760281427429,1.1850390798415182,1.2886761861796827,0.9604096576391885
2026-01-22,1.4573522442177447,1.2063183652512888,0.6452465298923886,2.98202371270682,0.6721916923539546,19.968158642225415,1.1874734216618192,1.291650970537811,0.9605397980586676
2026-01-23,1.4444857180078512,1.2148977814163187,0.6459069606449223,2.94148317632553,0.6794930534885021,19.073609390966023,1.1866597520867719,1.290689810494245,0.9562264565305548
2026-01-26,1.4439702585675358,1.1887227916215697,0.6598601659666304,3.052820124998483,0.7020301058485899,18.98960772120234,1.20344356053801,1.3086130295721101,0.9571347959896382
2026-01-27,1.426127889168121,1.198461271191849,0.6444112522806714,3.0276943793133415,0.6967262085050708,19.46932002656294,1.193006838986018,1.2979293757696817,0.9568761419059234
2026-01-28,1.410922014575405,1.190141929368434,0.6472796851165117,3.1189853963509946,0.6803606815923546,19.401485185586697,1.1914583214793633,1.2959873551763739,0.9593770747483834
2026-01-29,1.4193234412981173,1.1969415163055173,0.6568409577254858,3.1670024852001477,0.6846126662151287,18.92522639796598,1.2029163366739541,1.3082202468448103,0.9666728686710292
2026-01-30,1.414818065056518,1.1799390025595526,0.6569970212227765,3.1812388275822903,0.6692534366317084,19.55064418915135,1.1944763412197945,1.298714180008373,0.9570079090806463
2026-02-02,1.400883058101684,1.1504141083820727,0.6353865952732373,3.025793087660759,0.6493591814952028,19.102362926128908,1.1595131199441515,1.260862042698734,0.9366002645510683
2026-02-03,1.399350320208359,1.1627239583863338,0.6360165561643191,3.0174620077889918,0.6574743739194544,18.55112743355869,1.1642303858114706,1.266125403536892,0.947606687184114
2026-02-04,1.4194894329282577,1.1791810313939277,0.6451357365585029,3.1268259093754964,0.6658927751639007,17.549205989283898,1.1856362604118391,1.2895814971392574,0.9554509009682212
2026-02-05,1.418683664453301,1.1861469184132958,0.6434675044109766,3.0796619655751596,0.6656643500314763,17.385661371412926,1.182631194275391,1.2863152569018654,0.9497035746929722
2026-02-06,1.4172254442061354,1.1785775652130386,0.6409273471375571,3.1340232972386097,0.6618647392290361,16.95455276474846,1.182769983764665,1.2866465187201892,0.9442492677059567
2026-02-09,1.423507790273391,1.1831262976415442,0.6441355660808622,3.1619175813612195,0.6652826223184922,17.755566980759763,1.189242678317148,1.2937083913250045,0.9595936365401732
2026-02-10,1.4198566043387963,1.1878646234150831,0.6395320613415225,3.1780419634758648,0.6695882585847374,17.810801107864098,1.1906375771278732,1.295596969355439,0.9606591612246591
2026-02-11,1.419316403977103,1.1978691916669186,0.6398247254510939,3.2280822171971404,0.6660797398979255,17.21722797925085,1.1951632580426903,1.3006709773344798,0.9585287218889039
2026-02-12,1.4172973193597533,1.1952416636175294,0.6310466000613658,3.2430578243542225,0.6649152505444464,17.25703396242911,1.1917104880020395,1.2973991618839544,0.959699782319811
2026-02-13,1.408989048129239,1.1901608922224305,0.628236181018598,3.1319687440675756,0.6569524213763175,17.276186407969085,1.1772200991759485,1.2812789322323581,0.9476674871613396
2026-02-24,1.4279174434140574,1.2008794915199728,0.6277198839792905,3.265768712510661,0.6575522907393164,17.394661248314158,1.1925833033290498,1.2986130500305144,0.9572527357447916
2026-02-25,1.4256331023003834,1.1971118217558958,0.6332994464532959,3.2407149994412765,0.67288673791936,17.81089128136303,1.1973060065540537,1.3035349379790697,0.9630159228836649
2026-02-26,1.4412174725464577,1.1814406083370246,0.6331998532603089,3.2177005442559303,0.6653389441862222,18.30376780700491,1.1923646616119576,1.2979767405614158,0.9611833831018737
2026-02-27,1.4608395019131597,1.1809963531336516,0.6439370048439561,3.248615761707675,0.6617109359374024,17.544428983415834,1.2005564045604105,1.3064425926061536,0.9578837134348603
2026-03-02,1.4876197179121051,1.1883225838292681,0.6393653522017377,3.489461355693597,0.6384774736069132,18.142109957859624,1.2141137329752203,1.322024202916784,0.9615483863096317
2026-03-03,1.4944188032925145,1.1648688103579388,0.640444837210036,3.673253131096797,0.6194571011565515,17.82453116965029,1.216396817713179,1.3245189648538431,0.9467504038928225
2026-03-04,1.4927685911503197,1.156786372546886,0.6403021206329849,3.6068988357410894,0.6093599518742803,17.323165689361797,1.206025876616895,1.3128469508859806,0.9359180440708303
2026-03-05,1.5121252678135546,1.162318112822446,0.6346736761908317,3.5622479881510962,0.6123119200301769,18.149819440723583,1.2063692909162027,1.3136316148737726,0.945082166390624
2026-03-06,1.5211048851412163,1.1613069307617494,0.658000571676027,3.4996887055826402,0.6298134754952389,17.949149693827167,1.2191190693952434,1.3263288802078184,0.9476741975267194
2026-03-09,1.52665916490404,1.1592048005507334,0.661624803303557,3.5668390756598773,0.6220567302757082,17.345920197832623,1.222586455567868,1.329979360775078,0.9385269527925769
2026-03-10,1.5267516340755098,1.1664180664178019,0.6589129036432633,3.4154588621825894,0.6345820034098272,17.8823692647624,1.21766642030457,1.3246305655598767,0.9505854793793496
2026-03-11,1.553010807835971,1.175321355540483,0.6657266970095252,3.472411418457851,0.6302002010386046,17.672166190123658,1.2286116020079298,1.3364754416369302,0.9566329419970224
2026-03-12,1.582103103509536,1.1722952368791257,0.6803915188868004,3.527790652540275,0.6272300848914799,17.23876433658877,1.2407556386931382,1.349125985541938,0.9531891011465549
2026-03-13,1.5667334064041025,1.1721150644169431,0.672412925322614,3.47053828028939,0.6229993020316501,17.45558069612208,1.2296957821308963,1.3372309863266134,0.9494434971984199
2026-03-16,1.5414472663064736,1.1886920554536193,0.6745540272099847,3.4226040072244124,0.6280829632101136,17.82069571193089,1.2285978646668627,1.335849059249922,0.94993538731517
2026-03-17,1.532373457556904,1.1796207137324528,0.6706309422428325,3.37632622743897,0.6331863306770998,17.218902664642965,1.2225213063055747,1.3292821144881104,0.9429972762016866
2026-03-18,1.5270838741115216,1.1663172193563565,0.6634757290710331,3.3438694790961585,0.6353873512072514,18.017062076596055,1.2148106268493042,1.321098024524674,0.9472457508644653
2026-03-19,1.524093765338045,1.1520068411786208,0.6570382754000929,3.4140759698547254,0.6261323207563121,17.816510627908993,1.2105586029296072,1.316756532429167,0.9319784495599093
2026-03-20,1.5244521342377546,1.1405942643078921,0.6506822092846114,3.38215373455013,0.616488196436656,18.40747583546646,1.199881900478897,1.3051819851606081,0.9286775598264633
2026-03-23,1.4964481315332032,1.115338485371482,0.6121604718571079,3.385684180452061,0.592033672157969,17.661894682140904,1.1666839939778753,1.270489920565815,0.8983749731839541
2026-03-24,1.528129861446792,1.1235977171522344,0.6140935781987958,3.337252389816061,0.6104327819510661,18.137936925560894,1.1780025079180447,1.283102176359358,0.9099096845823228
2026-03-25,1.5564053595980019,1.131897500475968,0.6219008938846349,3.2974926997802223,0.6116799058801599,18.59212902889853,1.1847719709027316,1.2901673467616237,0.9226683259570123
2026-03-26,1.5624557309069944,1.1138757568260578,0.6141020025873203,3.321264574800188,0.6017530571498124,18.182554894623955,1.1768116133503348,1.2817578394379052,0.9104814890504093
2026-03-27,1.551182621999234,1.1212171544497276,0.6246355267433088,3.3387775352448004,0.6227239649853662,17.943382774111353,1.1901451859417573,1.2960231343336932,0.9155724195849102
2026-03-30,1.5168575856463051,1.1196607729222106,0.6209628086554705,3.3685512759035636,0.6260141939002483,17.898993722169692,1.1865283271019247,1.2922114670900935,0.9134129019991777
2026-03-31,1.4970842839535499,1.123429529194453,0.6093326566978947,3.302718383250806,0.6225315286117121,17.681367416304575,1.1738311530504737,1.2787410905290866,0.9048925680669951
2026-04-01,1.4945222144566974,1.1299833353023412,0.6104193821615261,3.288090069929305,0.6550134349408702,18.58143093641956,1.1864272528226127,1.2928574801213215,0.9203504030794448
2026-04-02,1.498205829416579,1.108093939497013,0.6225926622040481,3.331388478331611,0.6486621681793036,17.94694484255232,1.1879714261583292,1.293709138016303,0.9107621043299112
2026-04-03,1.471398113749011,1.0944691254777528,0.6070860877276056,3.2936368372866154,0.6353429834397729,18.35062927364991,1.167310035737447,1.2715439577687917,0.9030095988726557
2026-04-07,1.450244304075835,1.0982608054569916,0.618131380184954,3.3663044482907045,0.6393442163080397,18.937097561323537,1.1756311957189007,1.2801229686303757,0.9029744202905153
2026-04-08,1.4701819882913092,1.1283541302632591,0.6273854076229671,3.28758818873062,0.6526675630694528,20.462962139605416,1.1882281246515902,1.2936516642170455,0.9344806024688014
2026-04-09,1.4636108061253918,1.107125563855808,0.6167481639387805,3.296205711567892,0.6439132786240805,20.386085982816912,1.17610104080141,1.2807496828073826,0.9285161043685466
2026-04-10,1.4607628899961553,1.120205189451389,0.6151001210494255,3.2788037607523006,0.6458197350276643,21.226018180165028,1.177248309025392,1.282160127429589,0.9428197565357403
2026-04-13,1.4616122215087501,1.1261395448444798,0.6379760453748498,3.2677516154724002,0.648831246514144,21.11195597642664,1.1876932938151241,1.2922839128532713,0.9447696260394681
2026-04-14,1.46460375313905,1.124212690370738,0.6693327553904156,3.2315278606001168,0.6568043311010443,21.843321542568837,1.199733928448924,1.3036464151873288,0.9559797997667607
2026-04-15,1.4768401049252478,1.1133773193920538,0.6847007120270096,3.2113302840873055,0.6655039671156687,21.68839260915192,1.2066136547170767,1.3103476606166788,0.9527185621923749
2026-04-16,1.4726286199863896,1.120913717994837,0.6759190045746267,3.194698825815635,0.666306365429238,22.620384656342175,1.203505021858292,1.30743488278218,0.9631627375443895
2026-04-17,1.4627369266644465,1.1179952570243634,0.6732799474280013,3.1597267873287946,0.6539860045310265,23.72882387733007,1.193236113722189,1.2960705397676324,0.9615489963428476
2026-04-20,1.4775039760317719,1.1175309656198231,0.6720714522173558,3.1537538762606636,0.6507073698425989,23.911103379521997,1.1934703771215476,1.2964139859625712,0.9673992148872473
2026-04-21,1.5042312292587328,1.1054268548142154,0.6618768338486914,3.2055701610106984,0.6473076249254381,23.750455208801498,1.1942568113618057,1.2979758238646393,0.9695455150866267
2026-04-22,1.4979065384515484,1.109040647537801,0.6658237677985881,3.1770544567630092,0.6468292021913565,24.92140680550768,1.193156426369112,1.2964717310855791,0.975977298630574
2026-04-23,1.5076610513803763,1.101773703736469,0.6474488142423556,3.229945054914314,0.6422117896771986,24.881321588072954,1.1888303905849538,1.2928427774436784,0.9732728180382724
2026-04-24,1.501621358890616,1.0892223854498007,0.6278774087163287,3.250354121886266,0.6378308862430533,23.95428079809448,1.1778624071012893,1.2818515042700547,0.9698245036108851
2026-04-27,1.4952202365326683,1.1178970804771382,0.6183830785907561,3.243380480194891,0.6381979967381077,23.98702417776512,1.179127850728182,1.2839445465021966,0.9701453810826636
2026-04-28,1.5067661620081558,1.1003838129323023,0.6288945421284665,3.3241446970363633,0.6522958878139488,23.89860824978288,1.1923447729585468,1.2980800536034331,0.9675549767018116
2026-04-29,1.4980142372127245,1.1107569986617831,0.6424939805758034,3.3641943011483764,0.6561241893478956,24.079797156161604,1.2026370633505918,1.3087034914641933,0.97815715065685
2026-04-30,1.4952840880323182,1.1005252710479845,0.6438268401448667,3.3732380711242365,0.652539050533063,24.938097370464252,1.199814385783444,1.3054323323167287,0.9775389836643239
2026-05-06,1.505352981477221,1.1013000698096178,0.649198526603383,3.312425481000369,0.6553713095491872,25.36696162370876,1.2003167658852707,1.3056222085347648,0.9917295763420952
2026-05-07,1.5194046301150064,1.0976601401781978,0.6426940865880979,3.146642401493993,0.6605282695275626,26.28610097759489,1.1892330556244368,1.293601459827334,0.9964912922841951
2026-05-08,1.5182496344579854,1.1000306040102534,0.6348260961649578,3.122801286491059,0.6507580044503615,25.750677886197526,1.181333912691307,1.2852588776466662,0.9906760489775304
2026-05-11,1.5363269618794415,1.1014147444523825,0.653549463467321,3.126229185570821,0.6719711238309838,26.64384966688835,1.1993738062084793,1.3042554376089848,1.0069283505820195
2026-05-12,1.548136260095735,1.0796474161617948,0.6372346225009162,3.1429880899227816,0.6695612171739496,27.820666424607808,1.1909145329186943,1.295861932778335,1.006157675285416
2026-05-13,1.5547183061252499,1.0750608556608954,0.6285404059591286,3.121483982270037,0.6605699003648062,29.377655373911768,1.1828375418462216,1.28737977504936,1.0163848821568302
2026-05-14,1.533639770183023,1.054688607869947,0.6458655442578931,3.112931319769805,0.6397339007088954,28.901201507485943,1.1735579555521143,1.2757081322318533,0.9993558049235749
2026-05-15,1.5382452345307658,1.04344056492683,0.6369918466639319,3.147450590166536,0.6348354897525665,28.220986809287524,1.1693404162366476,1.2715697817438978,0.9881710492469618
2026-05-18,1.5336415056912613,1.0184279124571924,0.6185914558115847,3.139458170674321,0.6221650277842674,28.26074700904974,1.151017193810341,1.252224169734263,0.9828700639416453
2026-05-19,1.6015047365387538,1.0254867742441636,0.6204052404604063,3.133637586951287,0.6229946652827909,28.385749697832285,1.1633543602820655,1.2659823387465468,0.9868066082864848
2026-05-20,1.531261696277383,1.0043597204945949,0.6096610200478803,3.1393214696429665,0.6189661200357301,28.8156718494476,1.1432438521639372,1.2440991071780876,0.9863627074494176
2026-05-21,1.498191851787639,1.0048675423765563,0.6010639626509994,3.044792599426581,0.6227449817318791,27.581839338200712,1.1297082228396744,1.2294664119795338,0.972616218953119
2026-05-22,1.4995617223212052,1.0051303357851715,0.5962450669898643,3.013571845644316,0.6066185734960927,28.539598262321988,1.1199947856176398,1.218870607911673,0.9852231654013531
2026-05-25,1.5205650516488423,0.9970433575140047,0.5930216764248673,2.9887508870393096,0.600254328336097,30.53858502683624,1.1159239904811846,1.2145148892046815,1.0007792157616284
2026-05-26,1.5409845420570734,0.9859848670445561,0.5893199381956582,3.0143773746067803,0.5927641243174661,31.07318028046797,1.1141812220621385,1.2128141645965407,1.0061174130931398
2026-05-27,1.5435480726404731,0.9639236883020775,0.5752741471183962,3.0081618218578616,0.5927423465730991,30.696950803853795,1.103787292114219,1.2021067334514655,0.998049113774242
2026-05-28,1.5664914164854853,0.950129173513054,0.5675740246841027,3.002462925264646,0.5786312035131362,32.3920680541926,1.0952808631717486,1.1930779846147797,0.9992777206718874
2026-05-29,1.639625354309262,0.9463470638329522,0.5740695698111337,3.0383056263799233,0.588043779875892,31.360204027806272,1.1133212278104525,1.212935962193274,0.9947854360669907
2026-06-01,1.6926206575653695,0.9452770292806669,0.578499718868584,3.103654028870588,0.5796985108640993,30.460696138061238,1.1236137895956415,1.2242133556167647,0.9850523561007866
2026-06-02,1.6667766332431508,0.9543076480254314,0.562228490020109,3.0816682468102066,0.5693261890946905,32.66445887863131,1.1103959823204868,1.2105028788737782,0.9993480778361684
2026-06-03,1.6600816278417259,0.9359532672804336,0.554217709558581,3.128800936907373,0.5578300122972429,34.21796090027518,1.1009806554965922,1.2004795276432814,1.0042791796679964
2026-06-04,1.6286651778835466,0.9197831439668518,0.5359153872565152,3.089800521206703,0.5457002426164088,33.797190828618305,1.0782047750524768,1.1761560159934996,0.9973524558412172
2026-06-05,1.5860143466472871,0.9142821771091088,0.5352736817682046,3.1009648518731123,0.5452702536555175,31.974146060983802,1.0716190151950573,1.168772799341044,0.9794937334337822
2026-06-08,1.5755902706659182,0.9021401840128064,0.5234616251872737,3.169390160840159,0.531120996886904,30.868330063687882,1.0618022488176788,1.1585862073385809,0.9584915098627089
2026-06-09,1.583954339023031,0.8950101741103098,0.5184633476940151,3.0628055727592782,0.5318461098525425,32.27483843111298,1.052371844750615,1.1483228633923743,0.9764214028120465
2026-06-10,1.5704451224878004,0.8767040601871204,0.5219311126646947,3.020848312274143,0.5414289000543506,31.272170029716968,1.0485886182425315,1.1437874984539278,0.9655998202435423
2026-06-11,1.596003290944368,0.8638302924718586,0.5187481789807306,3.0106313646675953,0.5390809716668892,30.508105061448784,1.0460244268232275,1.141134588135484,0.9602760603648169
2026-06-12,1.603830894887691,0.8759599198117921,0.5226340777701773,3.0367148273501128,0.5538849962814397,30.5901805537341,1.0591128033057857,1.1556106266572235,0.9714414983229136
2026-06-15,1.5894535737125304,0.8836082803822994,0.5277990110158908,2.9680462420217606,0.5467735206664519,32.68881684112031,1.0536472507155499,1.149047653648401,0.9947024715495723
2026-06-16,1.5698049705299268,0.8826501779751599,0.5206417759594281,2.9080323676758213,0.5410889724686998,32.610141186098915,1.0415043405802005,1.1358859543539075,0.993181252052504
2026-06-17,1.5607816612062189,0.8581962868397751,0.5078035553356925,2.8856114616130104,0.5389975614592826,32.97684810203745,1.0269885289734064,1.120474642333886,1.002769754146443
2026-06-18,1.5140379085870561,0.848096983369843,0.4921586710523161,2.8030784123427566,0.5435017364773191,35.71226173921247,1.0079335930744626,1.1001586349812604,1.004846510559163
2026-06-22,1.5198960501414538,0.8404937587111863,0.49445587673929503,2.856189371396957,0.5525392141517533,35.57672231602737,1.0150188414258217,1.107981778350905,1.0288531477205565
2026-06-23,1.5167674722683802,0.8201919084691186,0.49614611824433164,2.784780843469062,0.552085124218445,33.870477314393554,1.0051492342824457,1.096706134401586,1.0003296212812085
2026-06-24,1.4814061602552995,0.8013649812824757,0.47936053570967985,2.7720455024610895,0.5597337064290295,34.483792964852576,0.9909124950139148,1.0819163993855934,1.005135462959288
2026-06-25,1.470186534883946,0.7974713319176898,0.47586915813834535,2.6838806115057348,0.562292053979779,35.7466311782535,0.9816077963657591,1.0716785784867897,1.0208100631079327
2026-06-26,1.4698623677149203,0.7616416482615059,0.48747399274693276,2.6706759970890266,0.5438430531611069,33.55436950306162,0.970124295012759,1.0578078583228552,0.9899255047770649
2026-06-29,1.4932643024836658,0.7694749510997579,0.5109652183083746,2.686194799188066,0.5856424807985053,33.25819462550179,1.000598966218078,1.0904250042125163,1.0018618213761705
2026-06-30,1.4856110603222072,0.764347327146517,0.5010300327432556,2.6099779947210133,0.5767829438327003,35.28927970977568,0.9856431450245942,1.0742956594308521,1.0125398427944365
2026-07-01,1.487919262857795,0.7680396433377144,0.539939656597132,2.6571688603892922,0.6015288554854101,33.63227784333505,1.0142323015125951,1.1009004492091297,1.0083802296368334
2026-07-02,1.5008826702016707,0.7682522339646357,0.5391064460232257,2.6833734380402516,0.5931820246444889,30.742293874668512,1.0149284493560875,1.100191422423737,0.978553468903045
2026-07-03,1.498554683712984,0.7902149930726322,0.5331123076871535,2.739925042307335,0.602987057625231,30.795897781920353,1.025792769099959,1.1120318463169236,0.9846289930486678
2026-07-06,1.496277759240787,0.7812230783573823,0.5633478515175563,2.8378900864128473,0.6081869138679934,30.357883716398227,1.0438866868788512,1.127304366232715,0.984593204433311
2026-07-07,1.4791986044352048,0.7598898298008762,0.5587331975446039,2.803953413648927,0.5868209679397448,30.6886823614106,1.0242611192563327,1.104125544641991,0.9744796670845358
2026-07-08,1.489859788896728,0.7514613325058799,0.5376111439104516,2.8250959588014894,0.5768513637575655,31.156159892485103,1.0137856499619384,1.0932647286731463,0.9670112337616746
2026-07-09,1.491208797088595,0.7617784678789212,0.5379705521661912,2.8002604838448324,0.5858940961120986,33.2327961143995,1.0182845094335007,1.0998644838133436,0.9915709677058545
2026-07-10,1.5048684889302955,0.7808816401334242,0.5496651853265448,2.7934133171671096,0.6059697004093749,31.06521717754451,1.036164639905811,1.1192538065220428,0.9721462900321554
2026-07-13,1.5108934649415031,0.7431172913081474,0.5479417832339829,2.8733729579218767,0.5985138055621649,30.575080666549738,1.0297046504019738,1.1109005006967998,0.9547798644302813
2026-07-14,1.5313008347879606,0.7522175380415641,0.5447088048531505,2.955280212255905,0.6090984628533317,32.36374573847063,1.0433056394536389,1.1291790879224477,0.9753418473635853
2026-07-15,1.5166422984559744,0.768293242767637,0.5596666350973039,2.9567741072474876,0.6281084105163376,31.469668419959095,1.0581151935827384,1.144823162449012,0.9733655430871508
2026-07-16,1.5026181166511017,0.7848101368668292,0.5743320765047334,2.91983098237015,0.6358906623617884,30.4277934198829,1.0662310998745856,1.1491077125204912,0.9554002682112672
2026-07-17,1.531579407871833,0.7638537829208197,0.5589587744786835,2.96361822190479,0.6011644162973525,27.488483760365465,1.0504914516917887,1.1316432269438166,0.9209661299391051
2026-07-20,1.5868158594012933,0.7741041603208688,0.5642915523413827,3.122369299178635,0.6220891763818469,28.021390193597373,1.081459638851891,1.1693513866357124,0.9350428497498321
2026-07-21,1.5732935854415593,0.7668407104903285,0.5475780222613214,3.0372021937872113,0.6269458817391548,30.89905097265736,1.0669696728234788,1.1552579615363447,0.9636957032310376
2026-07-22,1.592899627056013,0.7640633834061192,0.5519472846524645,3.1326622212251687,0.6330925461377169,29.519059869468887,1.079357968378307,1.1677578529974224,0.9592251764775225
2026-07-23,1.6046859629618426,0.7769393681770406,0.5534314732430781,3.1522785553379165,0.6310005194709395,29.356791492926963,1.0858120330530499,1.1759338345513721,0.9614127555912053
2026-07-24,1.570502917860694,0.7573232105588928,0.5352258059872549,3.1063446127830328,0.6107847556945429,28.413555474670922,1.0584375656915632,1.1457627891524427,0.9453871829987776
2026-07-27,1.5622381336462432,0.7706970675086416,0.5434945885040461,3.085514495659499,0.6252996661356163,29.091478034657595,1.0679433324984036,1.1550886068192208,0.9562122224221741
2026-07-28,1.5725815920204917,0.7876155324872322,0.5461076089451343,3.0963271928283347,0.6202737494516118,25.628120192789794,1.0741048581426464,1.160599277343759,0.9291871409064858
2026-07-29,1.5891732372958507,0.8208670276998364,0.5467685967345074,3.1073071204575973,0.6312551378327885,26.22724023732397,1.0902656423439314,1.1787754508083153,0.9354375412407837
2026-07-30,1.5994697183120483,0.8559180880777542,0.5538579985957045,3.178153921570068,0.6370229075333479,23.79666730888812,1.1107805692885102,1.1984143516662948,0.925160108301227
2026-07-31,1.5962736559336226,0.8714603610976074,0.5523837065500419,3.1581061551278733,0.6407192362556446,25.14512265849551,1.1136670552874748,1.202916373866809,0.9329841909891959
2026-08-03,1.597133037873742,0.863615659708091,0.55505776992956,3.111962011462833,0.6325235733006812,24.657741174660924,1.1067567177881161,1.1960428709879023,0.9238298292008632
2026-08-04,1.5751767400619052,0.8432631465765713,0.54409930408706,3.059084717175511,0.6438185154061453,27.062853166897224,1.0943186413739234,1.1829504244521227,0.9355733753036152
2026-08-05,1.555133115588053,0.8420659824952819,0.548321195877802,3.033944790085927,0.6506642380101471,27.25789915179245,1.0934497372309024,1.1809993775833898,0.947209758904702
2026-08-06,1.5550489367774845,0.8169916220164353,0.5461376391535067,3.113955140791405,0.6337320308856261,27.701313938293506,1.0861313188372559,1.1724814376843429,0.9458178664494913
2026-08-07,1.5472712016141077,0.8139149752219093,0.5450561874440886,3.1332217252616212,0.6686641016325786,27.610737624925438,1.0971144456775404,1.1840549901232653,0.9545875006227386
2026-08-10,1.5557085159013762,0.8164377726770649,0.5655968086360453,3.191507873527443,0.6770063844480497,26.510197330452844,1.1140794794354711,1.200601258997129,0.9561304779711884
2026-08-11,1.5620950332279482,0.8090450109230843,0.557179519177533,3.208381536277675,0.6801089248479066,26.441751201661106,1.111859779141552,1.1987497346488225,0.9483554012849296
2026-08-12,1.5490772924390035,0.8249739129790636,0.5568367484685234,3.1470403783552237,0.6762596202698442,26.94906253503209,1.1087378883226156,1.1952098425079467,0.9538717283156031
2026-08-13,1.5508977200558869,0.8061381686811453,0.5577952100451739,3.1185103314767724,0.6811348959737971,26.9388343857262,1.1039055662806132,1.189764856384878,0.9483883430786102
2026-08-14,1.5391903137394398,0.7929342767406297,0.5461167167783917,3.131197643856607,0.6711844917615737,27.407176601204736,1.0916731784923606,1.1769374579017617,0.948780797781102
2026-08-17,1.5367115969174427,0.7886894265803984,0.5502079778965591,3.141655621040814,0.6732069876514569,28.719349859908395,1.0931755512544852,1.1786646500848448,0.9640757539247972
2026-08-18,1.538092459608125,0.7801462919556204,0.5729076131038331,3.1907826665865007,0.6666826709829875,28.230744518171345,1.1013238401900427,1.185711785779498,0.9609676346877049
2026-08-19,1.541284127570161,0.7641120076511364,0.552519687226341,3.245849510020745,0.6540027479551719,25.78876164657935,1.0890273553064986,1.1722962447467553,0.9330856598475082
2026-08-20,1.538183966351821,0.7872208932234627,0.5614353447035557,3.2364169499629143,0.6909597422287405,25.678335705108637,1.1103658959361642,1.194096974446667,0.9339100180671467
2026-08-21,1.5266211817067052,0.7724303464929698,0.5501321190735166,3.2631943965506767,0.6609418603049589,26.6141838519767,1.0922429131758047,1.1751860127610854,0.9392264575472765
2026-08-24,1.5374629382357634,0.7662312598935241,0.5473248414417161,3.3015345950559207,0.6362179907094643,24.966758574700272,1.085321524970707,1.1684080055004655,0.9278863467449101
2026-08-25,1.541837211259266,0.7801168174821899,0.5628817037242405,3.2885806104682076,0.6495399321739468,24.865440556544026,1.0997359217672014,1.1830153430087516,0.9256304439110008
2026-08-26,1.5563981504452364,0.7848982569755486,0.5604343185350918,3.2934630322869958,0.656558709396699,24.971007472380755,1.1049080878802655,1.1890044848067207,0.9335122764101136
2026-08-27,1.5515299896554915,0.7803898015921081,0.5695940953123048,3.3451341122430898,0.6643808884942642,25.754686166461116,1.1126590443500572,1.1968321544163516,0.9415409235699514
2026-08-28,1.546470132944706,0.7879521710166267,0.5783175194265936,3.38332539546249,0.6497338651131571,25.54769594941607,1.1151325520214537,1.1990223379127758,0.937250153270842
2026-08-31,1.5396759301988783,0.7768985707128926,0.5763992059636089,3.437978789271804,0.6358934052730882,26.025440036534356,1.109136111715056,1.1919411534482791,0.9404853627613322
2026-09-01,1.5530866805804928,0.781639315507343,0.5827994371078532,3.4094554661594545,0.6456333975658765,25.887917587669104,1.1164423356386781,1.200283241052938,0.9377103216603443
2026-09-02,1.5739364815883647,0.7664934675708514,0.5733896320658664,3.3523629952618,0.638931135730903,25.228098170620413,1.105451096074629,1.1891220921516676,0.9248014087700375
2026-09-03,1.5805373082024645,0.7632105897626371,0.5673479266009139,3.3570077635372493,0.642808252541487,25.22165056136741,1.104749726528576,1.1895671119813067,0.9257412666119637
2026-09-04,1.574863152907244,0.7702974971224914,0.6111949588158585,3.345781827298459,0.6377568933363478,25.13816865859928,1.1206089699295894,1.2032645922223937,0.9248205231441484
2026-09-07,1.5579067234556372,0.7691532897707283,0.6192634290061138,3.2774669200641076,0.6344669082870236,26.701878717871587,1.1150892774115317,1.1967416009998306,0.9303057384807901
2026-09-08,1.56206650202033,0.7755252112299554,0.6177862867559508,3.3576799851161696,0.6433564086709268,26.331579844366313,1.1255832037094724,1.2084291914826681,0.9269936648050453
2026-09-09,1.5835951734310916,0.7727259611579533,0.6191032088660635,3.4126505243633143,0.6307484109683665,26.378687666307556,1.1276269759811917,1.211708807244315,0.9298126282976075
2026-09-10,1.579620612540784,0.7603898319412865,0.5994789104797885,3.3698317676797482,0.6187477406683624,25.97632420977605,1.1091913224297285,1.1927207214130642,0.9248896602419969
2026-09-11,1.5867372716331878,0.7578609134323587,0.5925903892020643,3.3277153964686055,0.6087094133102948,26.421849970977622,1.100532297818687,1.1840116128948255,0.9171147869001434
2026-09-14,1.590751763401369,0.7667358872069293,0.5874988981412405,3.28048162237818,0.6180844989072426,25.45654723494425,1.1020413889015206,1.1861096656676795,0.9109996105954604
2026-09-15,1.5912679116347912,0.7549877011834176,0.5810086183219981,3.2573836943690058,0.6125891100559568,25.45299822021567,1.0927892684094196,1.1765772326696944,0.9048907379673458
2026-09-16,1.5906740898867062,0.7504014667678888,0.5715788509537428,3.238573137735065,0.6135804150216553,26.71945390642996,1.0869244269103047,1.170242999391073,0.9110374326548716
2026-09-17,1.5771964390815634,0.7546511325786883,0.5728768988355777,3.1965919489972445,0.6167272340041958,26.352753462310538,1.0851042653774932,1.1674732364704297,0.9069477699727385
2026-09-18,1.573415617042108,0.7526769747189457,0.5731294323329008,3.180465714801433,0.6221420588940855,27.094693843774092,1.0849225676628966,1.1675185091069855,0.9165531496523287
2026-09-21,1.5655441054691448,0.7580091398359159,0.5848319096922394,3.2484974303293535,0.6440597550066731,27.47365723066039,1.102090361833439,1.1848243867797381,0.9230951458640223
2026-09-22,1.5611340457925011,0.7768480479801761,0.5735381345059104,3.264335708187591,0.6458474575326293,27.369109900806677,1.10437748413503,1.1880788869173209,0.9241165448125285
2026-09-23,1.5654333958088995,0.7849996750227841,0.5582022164260909,3.2517517435695686,0.6460209594595808,27.12949768607182,1.1006053089640078,1.1847852163371837,0.9185634124444713
2026-09-24,1.5831267285178419,0.7738694943593913,0.5507649045414367,3.27051023380671,0.6299731250658345,26.405568298049783,1.0928411850758353,1.176909441745093,0.902675097325713
2026-09-28,1.6146572390283669,0.7936460390324431,0.5533702162776533,3.3319343466755984,0.6304107668137772,24.616614246773967,1.1080706391830493,1.194576572863497,0.8826682446192499
