date,BH_CSI300,EW_Domestic,EW_AllWeather,TSMOM_12_1,DualMom_12m_Top3,XS_Reversal_5d,Trend_Pullback,LowVol_4,MA200_Barbell,Sector_RS_63,RiskParity_AW,Donchian_55_20,Offshore_TSMOM
2018-01-02,1.0,1.0,1.0,1.0,1.0,1.0,1.0,1.0,1.0,1.0,1.0,1.0,1.0
2018-01-03,1.0063254744105807,1.0083151637752787,1.0034752250817618,1.001758818609475,1.0063254744105807,1.0083151637752787,1.0000948676596149,1.0083151637752787,1.0019234048345103,1.0000948676596149,1.0003672018375294,1.0063254744105807,0.9923357664233575
2018-01-04,1.012363427257044,1.0131997784257976,1.007310469898227,1.0065761986341544,1.0123634272570443,1.0131997784257976,1.0006261265534577,1.0131997784257976,1.0064569498739178,1.000626126553458,1.0027050321825932,1.012363427257044,0.9963503649635035
2018-01-05,1.0143760782058655,1.014684541620204,1.008209519823372,1.007853071568849,1.0143760782058655,1.014684541620204,1.0006925339151882,1.014684541620204,1.0073418791451711,1.0006925339151882,1.0030992676383168,1.0143760782058655,0.9963503649635035
2018-01-08,1.019551466359977,1.0188198373143862,1.0110926528428257,1.01146117090413,1.019551466359977,1.0188198373143864,1.0012996869367232,1.0188198373143862,1.010395485290151,1.0012996869367232,1.0047383577192277,1.019551466359977,0.9978102189781021
2018-01-09,1.0281771132834963,1.020586663960213,1.0120040398854735,1.0135157306485656,1.0281771132834963,1.020586663960213,1.0020681149796036,1.020586663960213,1.0108555088294335,1.0020681149796036,1.005277119152635,1.0281771132834963,0.9963503649635035
2018-01-10,1.0324899367452558,1.017562028768928,1.0107395601135254,1.0134196377471139,1.0324899367452558,1.017562028768928,1.001413528128261,1.017562028768928,1.0103910276813206,1.0014135281282612,1.0049369446754288,1.0324899367452558,0.9996350364963502
2018-01-11,1.032777458309373,1.021832949698464,1.0132840491225703,1.0149914677047247,1.032777458309373,1.0218329496984637,1.0010435442557633,1.021832949698464,1.0130830775154982,1.0010435442557635,1.0058093764410159,1.0327774583093732,1.0
2018-01-12,1.0393904542840713,1.0178427506167715,1.014044246760625,1.0203179089867769,1.0393904542840713,1.0178427506167713,1.0008158618726877,1.0178427506167715,1.0170689583266839,1.000815861872688,1.0082129122411325,1.0393904542840713,1.0156934306569343
2018-01-15,1.0370902817711327,1.0002084502040764,1.003412798064351,1.0123580394492715,1.0370902817711327,1.0002084502040762,1.000369983872498,1.0002084502040764,1.006496421729636,1.0003699838724982,1.0038239983426067,1.0374088556641747,1.0156934306569343
2018-01-16,1.0497412305922944,1.0056361849427218,1.0066532284019418,1.0186787950937028,1.0497412305922942,1.0056361849427216,1.0002371691490373,1.0056361849427218,1.0097735359700302,1.0002371691490375,1.0051036452792208,1.0437362731370363,1.0156934306569343
2018-01-17,1.0474410580793558,1.0031341362190886,1.0035515150862844,1.012295144888377,1.0474410580793558,1.0031341362190884,1.0005597191917277,1.0031341362190886,1.0049280361005284,1.0005597191917277,1.0028424515429117,1.0382798060470508,1.0072992700729926
2018-01-18,1.0543415756181713,1.0083959748662756,1.0061084479305766,1.0155473162299344,1.0543415756181713,1.0083959748662754,0.9993738734465423,1.0083959748662756,1.0073625763992564,0.9993738734465423,1.0030743608722248,1.040759416919073,1.0054744525547445
2018-01-19,1.0534790109258194,1.003635922605726,1.0034818318821583,1.0146311313064422,1.0534790109258196,1.0036359226057256,0.9993928469784653,1.003635922605726,1.0049482505053067,0.9993928469784653,1.0022118233275195,1.0409003470753002,1.0065693430656935
2018-01-22,1.0756181713628523,1.025249504816648,1.0166651734180125,1.0271041312304539,1.0756181713628525,1.0252495048166477,1.0004743382980745,1.025249504816648,1.0179333566423765,1.0004743382980745,1.0079619655575593,1.0518377551982256,1.0065693430656935
2018-01-23,1.085681426106958,1.0295803227025508,1.020131013342839,1.0317389839899735,1.0856814261069585,1.0295803227025504,1.001584289915568,1.0295803227025508,1.0218420066142675,1.001584289915568,1.0103173388007258,1.058474336795803,1.0098540145985402
2018-01-24,1.085681426106958,1.0409729637658358,1.028210873744771,1.0363809124608652,1.0856814261069585,1.0409729637658356,1.0025709135755625,1.0409729637658358,1.0308419910069029,1.0025709135755625,1.0146648256816855,1.0613433492735653,1.0153284671532847
2018-01-25,1.0747556066705004,1.035508154426809,1.0240696670425211,1.0302868682823512,1.0747556066705009,1.0355081544268085,1.00357651076748,1.035508154426809,1.0253717768466264,1.00357651076748,1.0127356610276756,1.0531416254947052,1.00985401459854
2018-01-26,1.0876940770557795,1.0422145359725288,1.0275304577132702,1.033553656844478,1.0876940770557797,1.0422145359725286,1.0039370078740162,1.0422145359725288,1.028170388030862,1.0039370078740162,1.0138718185916733,1.0579583295067378,1.0069343065693428
2018-01-29,1.0580793559516968,1.0238127640574588,1.0155638747425892,1.017713500098813,1.058079355951697,1.0238127640574586,1.004477753533821,1.0238127640574588,1.0148930791018307,1.004477753533821,1.008555493798857,1.0404881202191887,1.0010948905109487
2018-01-30,1.0448533640023006,1.014730837573265,1.0094806840148578,1.0111687729086036,1.0448533640023008,1.0147308375732649,1.004420832938052,1.014730837573265,1.0081594196792911,1.0044208329380522,1.0056608337115085,1.0322781075498506,0.9978102189781021
2018-01-31,1.0517538815411158,1.001116547945115,1.0006580137339272,1.0064613460116139,1.051753881541116,1.0011165479451145,1.0020586282136426,1.001116547945115,0.9996012471071545,1.0020586282136426,1.00096434180819,1.0351204850336815,0.996715328467153
2018-02-01,1.034502587694077,0.975655968250545,0.9814343181341786,0.9895284998972216,1.0239850805946824,0.9756559682505447,1.002305284128641,0.975655968250545,0.9846408379194418,1.0023052841286413,0.986747169423247,1.0270102781442951,0.9974452554744522
2018-02-02,1.039965497412306,0.972502803027413,0.9771701362562526,0.9852454369551642,1.0212708550140808,0.9725028030274125,1.0044208329380522,0.972502803027413,0.9797051777119988,1.0044208329380522,0.9814317864458221,1.0257762470474752,0.98978102189781
2018-02-05,1.0316273720529041,0.9644504884609486,0.9720026999033392,0.9816117252382506,1.0137381138900916,0.9644504884609482,0.9947606204969177,0.9644504884609486,0.9762830005005724,1.0051418271511248,0.9788334395490669,1.0235552472995786,0.9934306569343063
2018-02-06,1.0316273720529041,0.953294896205661,0.9603566673031226,0.9723908887376641,1.0061578189208238,0.9532948962056605,0.9947606204969177,0.953294896205661,0.9643427672235232,1.0038041931505555,0.9668219764646665,1.0167866968031083,0.9802919708029194
2018-02-07,0.9856239217941346,0.9291520344879336,0.9410427630646576,0.9513709834104479,0.975780625602411,0.9291520344879332,0.9504011725371889,0.9291520344879336,0.947965850254515,1.0049995256617026,0.9517391575833144,0.9918445643227641,0.9759124087591239
2018-02-08,0.946808510638298,0.9095625483149034,0.9280982054532263,0.9349687589160888,0.9465319764300867,0.9095625483149029,0.9129728883211679,0.9095625483149034,0.9390938735406904,1.0049615785978565,0.9444728899547136,0.9763945078772795,0.9839416058394159
2018-02-09,0.9269695227142036,0.9019852457302799,0.9211806043671436,0.9246450366850263,0.9331369442083614,0.9019852457302795,0.8938428763885349,0.9019852457302799,0.9325885731729726,1.0081016981311075,0.9380124512983316,0.9638109813820726,0.9791970802919706
2018-02-12,0.9502587694077056,0.9270003762963998,0.9418862458853209,0.942998043159803,0.9577891190437614,0.9276961127903977,0.8924716084997695,0.9270003762963998,0.9334640723600727,1.0081681054928378,0.9547835401406014,0.9695060517415356,0.9857664233576641
2018-02-13,0.957159286946521,0.9295831042099433,0.9452492675202068,0.948695562293688,0.9636326044962737,0.9282047753921413,0.8935801541267231,0.9295831042099433,0.9359345735152487,1.0094203585997539,0.9589554579225034,0.97524914571705,0.9916058394160582
2018-02-14,0.978723404255319,0.9410143476564741,0.9530974326645225,0.9575710178112252,0.9789287408188293,0.9348703198533738,0.8930006870944519,0.9410143476564741,0.9344762998758022,1.0087657717484113,0.9636506539745087,0.9716597119823533,0.9879562043795618
2018-02-22,0.989649223691777,0.9517723354521138,0.9617096346758216,0.9664530375830884,0.9916448565399707,0.9450594695836312,0.8917073838630063,0.9517723354521138,0.9405300467228228,1.007304809790343,0.9704363535283008,0.9734544288497019,0.9897810218978101
2018-02-23,1.0023001725129386,0.9603046335278421,0.9683529778272976,0.9735148225195166,1.002147994700332,0.9535315892213037,0.8917157819359376,0.9603046335278421,0.9458663982049422,1.0073142965563042,0.9754444046159892,0.9741723155966411,0.9905109489051094
2018-02-26,1.0109258194364579,0.9795754176072415,0.9831947970728507,0.984196327373357,1.01808762421894,0.9726664561450064,0.8925387930832211,0.9795754176072415,0.9576732427809623,1.0082439996205297,0.9863085139037397,0.9752491457170501,0.9916058394160584
2018-02-27,0.9821736630247271,0.9655207667919068,0.9706245887741448,0.9678215110884644,0.99680139945096,0.9587109330120357,0.8934289888139566,0.9655207667919068,0.9463272240612302,1.009249596812447,0.9748698967262863,0.9673523915007177,0.9835766423357664
2018-02-28,0.9741230592294424,0.967404835837751,0.9717749919060424,0.9669730124174224,0.9960453469868847,0.9605817136880453,0.8952849629318105,0.967404835837751,0.9470138233032765,1.0113461720899348,0.9753621427140365,0.9662755613803089,0.9824817518248176
2018-03-01,0.9798734905117886,0.9810753475847932,0.982164438672294,0.9728955869622815,1.0011283533715556,0.974155807091863,0.8968302083512002,0.9810753475847932,0.9551839569490898,1.013091737026848,0.9825333135155511,0.9666345047537787,0.9828467153284671
2018-03-02,0.9813110983323752,0.9809766446796427,0.983640347460862,0.9752309638236837,1.0025971449698121,0.974057800339919,0.8976280252796894,0.9809766446796427,0.9575381996791209,1.013992979793189,0.9854707701884411,0.9727365421027627,0.989051094890511
2018-03-05,0.9861989649223695,0.9855915207878546,0.9864757107163012,0.9760731953222391,1.0075910364038838,0.978640127651365,0.8975860349150321,0.9855915207878546,0.95925162912644,1.0139455459633817,0.9865972709388834,0.9702239384884751,0.9864963503649634
2018-03-06,0.9942495687176542,0.9923848476877193,0.9934000560320184,0.9855926546867888,1.0158162693541197,0.9853855411053554,0.8968134122053373,0.9923848476877193,0.9660577669663409,1.0130727634949253,0.9937669212075667,0.9774028059578682,0.9937956204379561
2018-03-07,0.9861989649223696,0.9834560813591071,0.9855109714324478,0.9774879293331621,1.0075910364038838,0.9765197495118793,0.8981487058014404,0.9834560813591071,0.9589977900785918,1.0145811592828011,0.986805443731156,0.9727365421027627,0.9890510948905108
2018-03-08,0.9994249568717657,0.9932079422094416,0.9922037490733773,0.9845924312337907,1.0211039191078426,0.9862028303279368,0.8975104522586489,0.9932079422094416,0.9637125444515956,1.0138601650697283,0.9907528573092085,0.9702239384884751,0.9864963503649632
2018-03-09,1.01178838412881,1.0204698576914084,1.0124459755997346,0.9948484940419019,1.0337355268528474,1.0132724670735591,0.8966034603820507,1.0204698576914084,0.9792987062686342,1.0128355943458882,1.0041993709715595,0.9695060517415358,0.9857664233576641
2018-03-12,1.0086256469235195,1.0213116989236892,1.0130723920205327,0.9958562355680728,1.0305041853366834,1.0141083707858425,0.8964438969963529,1.0213116989236892,0.9797834324112689,1.01265534579262,1.0046550800881267,0.9684570385381174,0.9857664233576641
2018-03-13,0.9942495687176542,1.011944180610783,1.0062909683054422,0.9890286459387676,1.0158162693541195,1.0048069217330027,0.8961835567354773,1.011944180610783,0.9746816596576561,1.012361256047814,1.0001652320774708,0.9658096602859957,0.9864963503649632
2018-03-14,0.991374353076481,1.0000479818406443,0.9972325193380945,0.982961403244575,1.0128786861576065,0.9929946270476061,0.8959484106933964,1.0000479818406443,0.9675182964795593,1.0120956266008925,0.9937793484264972,0.9569514699849094,0.9857664233576641
2018-03-15,1.0000000000000002,1.005571155356203,1.0000710071008092,0.984797939913206,1.021691435747145,0.9984788455299104,0.8960575856415053,1.005571155356203,0.9687184438369524,1.0122189545583917,0.9941644976115258,0.9572371589291944,0.9806569343065692
2018-03-16,0.9882116158711906,0.9960354849914073,0.9924931362354454,0.9801308586340958,1.0096473446414425,0.989010430404357,0.8964942854339415,0.9960354849914073,0.9624856817419504,1.0127122663883887,0.9884762299046439,0.9486446318862716,0.978832116788321
2018-03-19,0.9910868315123638,0.9947201936947309,0.9919727474593283,0.9777281303697823,1.0125849278379553,0.9877044158787356,0.8961835567354772,0.9947201936947309,0.9624408262793785,1.012361256047814,0.988571481055946,0.9528727498764265,0.9806569343065692
2018-03-20,0.998849913743531,1.0087747561907217,1.0022999675860227,0.9839145151782965,1.0205164024685396,1.00165985131528,0.8962423432459975,1.0087747561907217,0.9703133682107246,1.0124276634095442,0.9953579563224905,0.9744660312507325,0.97992700729927
2018-03-21,0.9902242668200116,0.9965065197702859,0.9959575683137354,0.9819489163825678,1.0117036528790013,0.9894781429672262,0.8962675374647919,0.9965065197702859,0.9675696718278327,1.0124561237074288,0.9944974578951505,0.9556411192833888,0.9908759124087589
2018-03-22,0.9453709028177114,0.9615299283224681,0.9711152075500807,0.9606699815347949,0.965877355013402,0.9547482419916781,0.8962843336106548,0.9615299283224681,0.9493313887758783,1.0124750972393517,0.9789479602097263,0.9224206863998411,0.9963503649635037
2018-03-23,0.9347326049453709,0.9325602164622528,0.950327418699227,0.9442070719957304,0.9550082971863046,0.9259828539836303,0.8980311327803998,0.9325602164622528,0.9339783281027516,1.0144483445593404,0.9658787190773794,0.8908612751604708,1.001094890510949
2018-03-26,0.951408855664175,0.9665874950765949,0.9753813426155482,0.9615527960602961,0.9720462797260788,0.9597701376446638,0.8993160379389139,0.9665874950765949,0.9327440751678264,1.0158998197514473,0.9821659920101429,0.9357088595532602,0.9970802919708031
2018-03-27,0.9378953421506614,0.9675399305705595,0.975655891820758,0.9567929763793527,0.9582396387024688,0.9607158555954921,0.9003322047636213,0.9675399305705595,0.9329697103896852,1.0170477184327869,0.9815730731975697,0.9506580543508567,0.9952554744525547
2018-03-28,0.930132259919494,0.9700277401196743,0.9752118544847699,0.9526831424886285,0.9503081640718842,0.9631861185831158,0.9004833700763876,0.9700277401196743,0.930410801755136,1.0172184802200934,0.9782706333413541,0.9611778580973134,0.9857664233576643
2018-03-29,0.9462334675100635,0.9812986861205397,0.9827173368391702,0.9609958549460518,0.966758629972356,0.9743775704172601,0.8990137073133811,0.9812986861205397,0.9282110992637528,1.015558296176834,0.9823920897327343,0.9656072491484532,0.9817518248175183
2018-03-30,0.9445083381253597,0.9968912287469884,0.9951592951208219,0.9660141804921588,0.9649960800544484,0.9898601385852159,0.8993664263765028,0.9968912287469884,0.9292941650535262,1.015956740347216,0.9916215300295963,0.9993813559133933,0.9846715328467155
2018-04-02,0.933582518688902,0.9801049486455314,0.9861900654395526,0.9538091721064217,0.9538332639076997,0.9731922523922122,0.8993748244494342,0.9801049486455314,0.9312635368571287,1.0159662271131777,0.9891129726225129,0.9772344006576948,0.9831052530261859
2018-04-03,0.9358826912018404,0.9839753805160995,0.9877167014915539,0.9561591793059447,0.95618333046491,0.9770353860434137,0.9003154086177582,0.9839753805160995,0.9305057224515499,1.0170287449008637,0.9896294027832097,0.9816637917088344,0.984133404150339
2018-04-04,0.9315698677400809,0.971395992209709,0.9804732412229269,0.9517529158068391,0.951776955670141,0.9645447203687523,0.9005001662222505,0.971395992209709,0.931052488713637,1.0172374537520164,0.9881769333830761,0.9589631625717437,0.9843353624068691
2018-04-09,0.9330074755606672,0.9729673280394153,0.9826155902036354,0.9532216703065409,0.9532457472683972,0.9661049735411189,0.9026416748197741,0.9729673280394153,0.9336342326154408,1.0196565790721948,0.9906205463226937,0.9595168364531361,0.9866762421984677
2018-04-10,0.9562967222541693,0.9850307142579771,0.9897736370848518,0.9770154932017119,0.9770401711601507,0.9780832764991272,0.9019446347664625,0.9850307142579771,0.9331295513765825,1.0188691774973915,0.9921228332640342,0.961731531978706,0.9859143087761043
2018-04-11,0.9545715928694655,0.9821700433512706,0.9891528965572339,0.9752529878020696,0.9752776212422432,0.975242781951173,0.9019950232040513,0.9821700433512706,0.9347115279030607,1.0189260980931605,0.9926030058595545,0.9550874454019964,0.9859693883006124
2018-04-12,0.9496837262794712,0.9823289808017241,0.9882935273192909,0.9702592225030829,0.9702837298081713,0.9754005984131858,0.9025912863821853,0.9823289808017241,0.9336044458117819,1.0195996584764258,0.9921626501033678,0.9611778580973135,0.9866211626739596
2018-04-13,0.9332949971247845,0.9710694721152715,0.9830529087525481,0.9535154212064813,0.9535395055880486,0.9642205032258883,0.9060428943570178,0.9710694721152715,0.9372375223232524,1.0234987192865959,0.9936044680790248,0.9534264237578189,0.9903941101027717
2018-04-16,0.9209315698677402,0.9694121294916194,0.9820462317636617,0.9408841325090447,0.9409078978430436,0.962574849866902,0.9060428943570178,0.9694121294916194,0.9372375223232524,1.0234987192865959,0.9932014917473617,0.961731531978706,0.9903941101027717
2018-04-17,0.9111558366877517,0.9532685158074716,0.9721990616678166,0.9308966019110716,0.9309201149749001,0.9465450973544417,0.9065467787329057,0.9532685158074716,0.937396248051785,1.0240679252442848,0.9910355093544215,0.9368162073160451,0.9909449053478538
2018-04-18,0.9065554916618748,0.9564868427750797,0.9751839457147647,0.9261965875120255,0.9262199818604798,0.9497407254092428,0.9102839211874078,0.9564868427750797,0.9404107545122443,1.028289536097145,0.9944388945431337,0.9473360110625019,0.9950299700822122
2018-04-19,0.9157561817136286,0.9612271598136497,0.977241350149189,0.9355966163101178,0.9356202480893208,0.9544476089141108,0.9073529937343263,0.9612271598136497,0.9379810646122533,1.0249786547765871,0.9928784111202155,0.9473360110625019,0.9918261777399849
2018-04-20,0.9002300172512939,0.9452208517368157,0.9660863623463702,0.919734067713337,0.9197572988281517,0.9385541935902674,0.9072186245674229,0.9452208517368157,0.9359225355187815,1.0248268665212035,0.9891584150242713,0.9323868162649053,0.991679299007963
2018-04-23,0.9091431857389304,0.9389015006774739,0.9615114255002131,0.9288403456114889,0.9288638067373414,0.9322794130174348,0.9069498862336159,0.9389015006774739,0.9347949644250868,1.024523290010436,0.9876085505010117,0.9152229259417389,0.9913855415439192
2018-04-24,0.9249568717653823,0.959106935995668,0.9746374100122849,0.9449966451082099,0.9450205143181616,0.9523423390694389,0.9082851798297189,0.959106935995668,0.9363820257832519,1.0260316857983118,0.9921527992098137,0.9401382506043998,0.9928451489433867
2018-04-25,0.9243818286371476,0.9628690103978454,0.9766428591401797,0.9444091433083289,0.9444329976788589,0.9560778794992486,0.9089570256642361,0.9628690103978454,0.9362435346278147,1.0267906270752305,0.9928557456180224,0.9484433588252867,0.993579542603496
2018-04-26,0.9068430132259918,0.9476713042352359,0.9668274559609129,0.9264903384119658,0.9265137401801309,0.9409873630070867,0.9086798892574977,0.9476713042352359,0.9353149862647105,1.0264775637985015,0.9898101584601325,0.9351551856718676,0.9932766052187009
2018-04-27,0.9079930994824611,0.9525019298964512,0.9691659325201814,0.9276653420117273,0.9276887734587361,0.9457839181864055,0.9091501813416599,0.9525019298964512,0.9346111257294608,1.0270088226923448,0.9902877879965767,0.9473360110625019,0.9937906807807777
2018-05-02,0.9039677975848188,0.9450130392921577,0.96395422990779,0.9235528294125621,0.9235761569836184,0.9383478468501847,0.908629500819909,0.9450130392921577,0.9351776767547014,1.0264206432027327,0.987322055370848,0.9395845767230073,0.9932215256941928
2018-05-03,0.9125934445083382,0.9572438592754627,0.9731320308467118,0.9323653564107736,0.9323889065731567,0.9504924026598516,0.9097296483739311,0.9572438592754627,0.9357616909677017,1.0276634095436872,0.9929053541360223,0.9523190759950338,0.9944240953126219
2018-05-04,0.9097182288671651,0.95593546534857,0.9732205328816745,0.9294278474113697,0.9294513233766439,0.9491932368567518,0.9089066372266474,0.95593546534857,0.9364223500230004,1.026733706479462,0.9946049763626427,0.9506580543508565,0.993524463078988
2018-05-07,0.9266820011500863,0.9754578096229995,0.9877665888969958,0.9467591505078522,0.9467830642360692,0.9685778897173096,0.908570714309389,0.9754578096229995,0.9357638975947944,1.0263542358410025,1.003398754240064,0.9694829663182001,0.9931572662489334
2018-05-08,0.9396204715353651,0.9808842209385106,0.9916129654161533,0.9599779410051695,0.9600021886203768,0.9739660284649477,0.9077644993079682,0.9808842209385106,0.9348702722029278,1.0254435063087,1.0057034168354844,0.9689292924368076,0.992275993856802
2018-05-09,0.9399079930994825,0.9796538831121844,0.9906801191272766,0.96027169190511,0.9602959469400281,0.972744368231459,0.9064543999306597,0.9796538831121844,0.9339258190174511,1.0239635708187085,1.0050677398853658,0.9694829663182,0.9908439262195887
2018-05-10,0.9462334675100632,0.9856156538635663,0.995293741121469,0.9667342117037983,0.9667586299723562,0.9786640905160995,0.9061184770134011,0.9856156538635663,0.9337875857994086,1.0235841001802493,1.0081470095844258,0.9755733790135169,0.9904767293895341
2018-05-11,0.9399079930994824,0.9746513891430825,0.9869897962651354,0.9602716919051097,0.9602959469400281,0.9677771569342439,0.9069498862336162,0.9746513891430825,0.9343873437116195,1.0245232900104362,1.0030850898749686,0.9589631625717432,0.9913855415439194
2018-05-14,0.9496837262794708,0.975510332521426,0.9868178356906683,0.9702592225030827,0.9702837298081716,0.9686300421708737,0.9070338669629309,0.975510332521426,0.9335114402736339,1.024618157670051,1.0019503432865817,0.9556411192833885,0.9914773407514332
2018-05-15,0.9476710753306498,0.9816394268852726,0.9886195830418042,0.9682029662035001,0.9682274215706126,0.9747159079318,0.9066643517539463,0.9816394268852726,0.9300118373844285,1.0242007399677457,0.9985065984519027,0.9683756185554151,0.9910734242383731
2018-05-16,0.9430707303047727,0.9784868711263385,0.9854933500796902,0.963502951804454,0.9635272884561922,0.9715855872002609,0.9067399344103296,0.9784868711263385,0.929225102243111,1.0242861208613991,0.9954128307504471,0.9644999013856678,0.9911560435251354
2018-05-17,0.9344450833812536,0.9700956741979412,0.9789686651234766,0.9546904248062427,0.9547145388666539,0.9632535735212167,0.9064460018577284,0.9700956741979412,0.9288035385970805,1.0239540840527472,0.9910059986471171,0.9556411192833885,0.9908347462988376
2018-05-18,0.952558941920644,0.9827854436798295,0.9890358681528798,0.9731967315024868,0.9732213130046844,0.9758538418511373,0.9064879922223857,0.9827854436798295,0.9293605877416142,1.0240015178825546,0.9982776583089337,0.9644999013856678,0.9908806459025945
2018-05-21,0.9505462909718229,0.9876472629943843,0.992612082686077,0.9711404752029041,0.9711650047671254,0.9806813706744478,0.9065971671704948,0.9876472629943843,0.929333688154836,1.0241248458400538,1.0002288664504773,0.9728050096065547,0.9909999848723622
2018-05-22,0.9430707303047727,0.9877634058368069,0.9930744812036625,0.9635029518044542,0.9635272884561921,0.9807966943595007,0.9070758573275882,0.9877634058368069,0.9300983230003096,1.0246655914998584,1.0008918646769156,0.976680726776302,0.99152324035519
2018-05-23,0.9309948246118458,0.9753350751909304,0.9843584234107465,0.9511654140069583,0.9511894390308384,0.9684560209332002,0.9078820723290089,0.9753350751909304,0.9314135004617273,1.0255763210321607,0.9963152498818112,0.9656072491484529,0.9924045127473212
2018-05-24,0.9220816561242091,0.9696575781091437,0.9816342510230898,0.9420591361088063,0.9420829311216488,0.9628185673313078,0.9085455200905949,0.9696575781091437,0.9336764154481344,1.026325775543118,0.9968791485615375,0.9611778580973132,0.9931297264866794
2018-05-25,0.9220816561242091,0.9584767556382027,0.9725948162644935,0.9420591361088063,0.9420829311216488,0.951716603384355,0.9098808136866978,0.9584767556382027,0.9340089419981332,1.0278341713309942,0.9906315493375609,0.9423529461299694,0.9945893338861467
2018-05-28,0.9252443933294996,0.9579999455915502,0.9729604767260788,0.9452903960081506,0.9453142726378129,0.9512431562867699,0.9085875104552521,0.9579999455915502,0.9339191813557548,1.0263732093729259,0.9920607855849612,0.9401382506043995,0.9931756260904363
2018-05-29,0.9056929269695226,0.9365059344171344,0.9574965139019712,0.9253153348122045,0.925338706901526,0.9299007427251602,0.9075125571200245,0.9365059344171344,0.9341919476989995,1.0251589033298558,0.9835602709604591,0.9185449692300937,0.9920005962342613
2018-05-30,0.9016676250718804,0.9300730582888783,0.9522075068037094,0.9212028222130393,0.9212260904264082,0.9235132377775838,0.9075797417034763,0.9300730582888783,0.9338233095128675,1.0252347974575478,0.9796539316469505,0.9113472087719916,0.9920740356002722
2018-05-31,0.912593444508338,0.9342212817005507,0.9547718651871654,0.9323653564107738,0.9323889065731567,0.9276322037016009,0.9077477031621057,0.9342212817005507,0.9332136455567707,1.0254245327767775,0.9806542340404658,0.9085788393650294,0.9922576340152995
2018-06-01,0.9157561817136285,0.9297249557215455,0.9512600093289124,0.935596616310118,0.9356202480893208,0.9231675903833589,0.9076469262869281,0.9297249557215455,0.9325136350130049,1.0253106915852397,0.9784299535466113,0.8991663833813576,0.9921474749662832
2018-06-04,0.9194939620471535,0.9283809594030493,0.9499311793623976,0.9394153780093429,0.9394391062447873,0.9218330732929069,0.9083019759755825,0.9283809594030493,0.9320420939566769,1.0260506593302354,0.9780422392017614,0.8983766464403595,0.9928635087848898
2018-06-05,0.92840713053479,0.9433155480268842,0.959354251283979,0.9485216559074948,0.948545614153977,0.9366623280186042,0.9074705667553673,0.9433155480268842,0.9320751275502179,1.0251114695000485,0.980589233286773,0.8975543223159688,0.9919546966305044
2018-06-06,0.9318573893041976,0.9460108505418333,0.9605922982425579,0.9520466667067793,0.9520707139897923,0.939338620520776,0.9069078958689591,0.9460108505418333,0.9312513546122905,1.024475856180629,0.9804049224637691,0.896997799928755,0.9913396419401629
2018-06-07,0.9252443933294996,0.9363275968671053,0.9548520831343521,0.9452903960081506,0.9453142726378129,0.929723662992792,0.9073194014426009,0.9363275968671053,0.9316520111799843,1.0249407077127417,0.9790614954232192,0.8974048088388068,0.9917894580569799
2018-06-08,0.9082806210465783,0.9241048617854226,0.9477687651092723,0.9279590929116679,0.9279825317783874,0.9175871350618039,0.9074957609741617,0.9241048617854226,0.9323031555901141,1.025139929797933,0.9772368096289952,0.8975792412288291,0.9919822363927586
2018-06-11,0.9160437032777456,0.922352410358556,0.94708485612776,0.935890367210058,0.9359140064089719,0.9158470437035496,0.9080248395688442,0.922352410358556,0.9331026473222457,1.0257375960535065,0.9776737423430721,0.8981025383988961,0.9925605714000949
2018-06-12,0.9229442208165611,0.9295262521030332,0.9510225100766139,0.9429403888086273,0.9429642060806026,0.9229702882247219,0.9074117802448471,0.9295262521030332,0.932138222970877,1.025045062138318,0.9782117689437485,0.8974961781859615,0.9918904371852449
2018-06-13,0.9123059229442206,0.916177459552097,0.9427505568840033,0.9320716055108331,0.9320951482535054,0.9097156449262516,0.9070422650358626,0.916177459552097,0.9318725139725662,1.024627644436013,0.975529636767485,0.8971307007973436,0.9914865206721848
2018-06-14,0.9108683151236341,0.9148004834095513,0.9432340404149169,0.9306028510111312,0.9306263566552491,0.9083483806189893,0.907680518578654,0.9148004834095513,0.9341121700856164,1.0253486386490858,0.9769499691302399,0.8977619799231383,0.9921841946492888
2018-06-15,0.9036802760207013,0.8927478862329142,0.929114880673051,0.9232590785126216,0.923282398663967,0.8864513207713796,0.9080920241522958,0.8927478862329142,0.9335739623726863,1.0258134901811986,0.9726785166673492,0.8981689888331905,0.992634010766106
2018-06-19,0.869752731454859,0.8493797135104878,0.900780678601859,0.8885964723196563,0.8886189169451162,0.8433890244813759,0.9094273177483989,0.8493797135104878,0.9322340795442051,1.0273218859690745,0.9637729594614046,0.8994896912147876,0.9940936181655734
2018-06-20,0.8740655549166187,0.8575404345579118,0.904882015577704,0.8930027358187622,0.8930252917398854,0.8514921878296098,0.9083691605590343,0.8575404345579118,0.9301059260559745,1.0261265534579276,0.9637504564695516,0.8984430968746542,0.992936948150901
2018-06-21,0.8619896492236918,0.8383745197409285,0.8932688920008642,0.8806651980212662,0.8806874423145319,0.8324614505236979,0.908923433372511,0.8383745197409285,0.9311366447415642,1.0267526800113855,0.9608775626476517,0.8989913129575812,0.9935428229204913
2018-06-22,0.8729154686601495,0.8580455966854311,0.9069156321984366,0.8918277322190008,0.8918502584612805,0.851993787040371,0.9095700849882338,0.8580455966854311,0.9330766841925233,1.0274831609904196,0.9661184124892992,0.8996308983876627,0.9942496768183464
2018-06-25,0.8450258769407706,0.8359043199648598,0.8928245190687801,0.8633338949247836,0.8633557014551065,0.8300086731071027,0.9106870286881187,0.8359043199648598,0.9334582882597785,1.0287449008632972,0.9621951407681306,0.9007356368578037,0.9954706062782783
2018-06-26,0.845600920069005,0.8471810011670861,0.9000878387489338,0.8639213967246643,0.863943218094409,0.841205819692139,0.9112161072828011,0.8471810011670861,0.9337325869689169,1.0293425671188705,0.9645787339895024,0.9012589340278705,0.9960489412856144
2018-06-27,0.8159861989649222,0.8298468084437891,0.8892752344618899,0.8336650540308049,0.8336861111703275,0.8239938853139899,0.9107038248339816,0.8298468084437891,0.9338920653013154,1.0287638743952199,0.9610041911682983,0.9007522494663772,0.9954889661197808
2018-06-28,0.8156986774008049,0.8289108196458066,0.8879859531220792,0.8333713031308645,0.8333923528506764,0.8230644980603276,0.9082095971733364,0.8289108196458066,0.9317860279608575,1.0259463049046593,0.9589229519109514,0.8982852770932053,0.9927625296566248
2018-06-29,0.8392754456584243,0.8573734213013217,0.9075915506693429,0.8574588769259758,0.857480535062081,0.8513263525202533,0.9132064505675583,0.8573734213013217,0.9359000687467708,1.031590930651742,0.9682607838358251,0.9032275281438359,0.9982245825036883
2018-07-02,0.8136860264519838,0.8412075835717493,0.8944665932360927,0.8313150468312818,0.8572440931238493,0.8352745327089247,0.9144157730696894,0.8412075835717493,0.9367676310690963,1.0329570249501954,0.9591668019993961,0.9044236359611314,0.9995464910918851
2018-07-03,0.808223116733755,0.8420597812138463,0.8963209291861335,0.8257337797324145,0.8557954605135963,0.8361207197870962,0.9128705276502996,0.8420597812138463,0.9371358507597828,1.0312114600132827,0.96236462210963,0.902895275972365,0.9978573856736336
2018-07-04,0.8001725129384704,0.8296816898229032,0.8861882108316148,0.8175087545340839,0.8580786314754081,0.8238299312774411,0.9153059688004246,0.8296816898229032,0.9385711483961737,1.0339626221421128,0.9557626079528325,0.9053041042155293,1.00051956269153
2018-07-05,0.7935595169637721,0.8143240996106567,0.8740511378480774,0.810752483835455,0.8554096833510834,0.8085806584004624,0.9124590220766579,0.8143240996106567,0.9367380732137905,1.0307466084811698,0.9485944885401019,0.9024882670623129,0.9974075695568165
2018-07-06,0.80448533640023,0.8240371706877907,0.881870248965224,0.8219150180331897,0.8572204741138995,0.818225223028225,0.9143905788508949,0.8240371706877907,0.9381261398656154,1.032928564652311,0.9534467743776888,0.904398717048271,0.999518951329631
2018-07-09,0.8303622771707877,0.8450567356381691,0.8979180740772883,0.8483525990278239,0.8568976809779192,0.839096536642785,0.9140462578607048,0.8450567356381691,0.936827933229399,1.0325396072478903,0.9620645090035801,0.9040581585725133,0.9991425745788249
2018-07-10,0.8131109833237491,0.8326351834336497,0.888523976849765,0.830727545031401,0.8564410467855568,0.8267625938493836,0.9135591696306797,0.8326351834336497,0.9371105161760218,1.031989374822124,0.9570583409848935,0.9035763929238804,0.9986101391752455
2018-07-11,0.8139735480161011,0.8323466671021128,0.8882930650860805,0.8316087977312222,0.8557875875102795,0.8264761124282577,0.9128621295773681,0.8323466671021128,0.9366100094654463,1.031201973247321,0.9569201485035916,0.9028869696680781,0.997848205752882
2018-07-12,0.8387004025301895,0.8583511213750274,0.9086090333760459,0.856871375126095,0.8559529205799281,0.8522971568593279,0.9130384891089289,0.8583511213750274,0.9361061947598504,1.0314011953325122,0.9686272508076916,0.9030614020581005,0.9980409840886608
2018-07-13,0.8392754456584242,0.8593987363707647,0.9094407493471589,0.8574588769259758,0.8568976809779193,0.8533373830093441,0.9140462578607049,0.8593987363707647,0.9368294556167287,1.0325396072478903,0.9691625128635195,0.9040581585725136,0.9991425745788249
2018-07-16,0.8346751006325471,0.8587039149639563,0.9080371145591657,0.8527588625269297,0.8565040308120897,0.8526474621892964,0.9136263542141316,0.8587039149639563,0.9354747901696375,1.032065268949816,0.9666772395423463,0.9036428433581749,0.9986835785412566
2018-07-17,0.8309373202990221,0.85783455112601,0.9064081659247898,0.8489401008277047,0.8588659318070674,0.8517842299887362,0.9161457760935714,0.85783455112601,0.936119135372929,1.0349112987382614,0.9638954636481029,0.9061347346442072,1.0014375547666667
2018-07-18,0.8300747556066702,0.8528684690274645,0.9022158851972069,0.8480588481278835,0.8582597105516899,0.8468531737485581,0.9154991244778486,0.8528684690274645,0.9353383230766701,1.034180817759227,0.9609352233899314,0.9054951492141255,1.0007307008688116
2018-07-19,0.8248993674525587,0.8433756893851588,0.8954521282692897,0.8427713319289566,0.860440532470386,0.8374273468365263,0.9178253906798647,0.8433756893851588,0.9379571459587002,1.0368086519305582,0.958237049723143,0.9077959955015621,1.0032735389169403
2018-07-20,0.8389879240943068,0.8562236572583618,0.9068644379834025,0.8571651260260353,0.8580786314754083,0.850184697781917,0.9153059688004249,0.8562236572583618,0.9376397601900688,1.0339626221421128,0.967435879525185,0.9053041042155298,1.0005195626915298
2018-07-23,0.8536515238642896,0.8665579767818871,0.9151585979002869,0.8721464219229949,0.8604405324703862,0.8604461291806045,0.9178253906798648,0.8665579767818871,0.9395518591481387,1.0368086519305582,0.9728550660709722,0.9077959955015622,1.0032735389169403
2018-07-24,0.8706152961472109,0.8788533693735329,0.9249830828944133,0.8894777250194775,0.8589604078468668,0.8726548021669481,0.9162465529687491,0.8788533693735329,0.9385261578929558,1.0350251399297992,0.9792014047684829,0.9062344102956486,1.0015477138156832
2018-07-25,0.8691776883266245,0.87887733040989,0.9248287142255256,0.8880089705197757,0.8573700611769152,0.8726785942057234,0.9145501422365931,0.87887733040989,0.9370988114601141,1.0331088132055795,0.9787651029938992,0.9045565368297203,0.999693369823907
2018-07-26,0.8550891316848763,0.8671912127642155,0.9158659522161785,0.8736151764226969,0.860172850357622,0.8610748989391795,0.9175398562001948,0.8671912127642155,0.9395594415295238,1.0364861018878677,0.9737498294609295,0.9075135811558118,1.0029614216113938
2018-07-27,0.8536515238642897,0.8630960016344351,0.9126221482093202,0.872146421922995,0.8601649773543054,0.8570085714005621,0.9175314581272634,0.8630960016344351,0.9395534217996319,1.0364766151219063,0.9718587035344524,0.9075052748515251,1.0029522416906425
2018-07-30,0.8467510063254743,0.8501199867855576,0.9024171466394951,0.8650964003244257,0.8608184366295827,0.8441240765969131,0.9182284981805751,0.8501199867855576,0.9401586285528023,1.0372640166967093,0.9658759421321385,0.9081946981073273,1.0037141751130059
2018-07-31,0.857676825761932,0.8571022450876485,0.9080604524312885,0.8762589345221603,0.8608341826362158,0.8510570889168556,0.9182452943264381,0.8571022450876485,0.9402762629073692,1.0372829902286322,0.969560288316496,0.908211310715901,1.0037325349545088
2018-08-01,0.8257619321449107,0.8350406063634532,0.8937850226175434,0.8773412834032726,0.8632748136643594,0.8291510512918708,0.9208486969351922,0.8350406063634532,0.9414033785887765,1.040223887676692,0.9659401198103116,0.9107862650448009,1.0065783103874326
2018-08-02,0.8062104657849337,0.8170101716311106,0.8820026129098071,0.8776613349430455,0.8635897337970229,0.8112477855109678,0.9211846198524507,0.8170101716311106,0.9412198769767244,1.0406033583151513,0.9627056695107273,0.9111185172162717,1.006945507217487
2018-08-03,0.7926969522714202,0.8026660737792983,0.8732822351437322,0.8791815797569683,0.8650856044271755,0.797004856816208,0.9227802537094292,0.8026660737792983,0.9427855644885021,1.0424058438478332,0.9615764301226075,0.9126967150307588,1.0086896921602468
2018-08-06,0.7843588269120183,0.790217466970056,0.8649081134989768,0.8792535913534172,0.8651564614570249,0.7846440502346538,0.9228558363658123,0.790217466970056,0.9424151005296748,1.0424912247414866,0.959091781521436,0.9127714717693396,1.0087723114470089
2018-08-07,0.8076480736055204,0.8075735894067703,0.8760237245147171,0.8804617859160612,0.8663452849578305,0.8018777596555923,0.9241239453784638,0.8075735894067703,0.9424716107004235,1.0439237264016707,0.962382199241347,0.9140257237166427,1.0101584794804657
2018-08-08,0.7944220816561242,0.7941792100568015,0.8674155573373515,0.8790215539870817,0.8649281443608438,0.7885778510825296,0.9226122922507999,0.7941792100568015,0.9420318902293593,1.0422161085286037,0.9595623620672495,0.9125305889450233,1.0085060937452193
2018-08-09,0.8168487636572743,0.8182780072136624,0.882814515640933,0.8773572859802612,0.8632905596709927,0.8125066790283935,0.9208654930810551,0.8182780072136624,0.9406771094134007,1.040242861208615,0.9626692774190785,0.9108028776533742,1.006596670228935
2018-08-10,0.8102357676825762,0.815944414115209,0.8815221495123491,0.8764611416688963,0.8624087832995343,0.8101895448002789,0.919924908912731,0.815944414115209,0.9406415627909599,1.0391803434209288,0.9621494670072159,0.9098725715732555,1.005568519104782
2018-08-13,0.8148361127084531,0.8270105788675625,0.8869480056619741,0.8753409612796902,0.8613065628352113,0.8211776597114111,0.9187491787023259,0.8270105788675625,0.9373636710917965,1.0378521961863212,0.9613223298387605,0.9087096889731071,1.0042833301995906
2018-08-14,0.8108108108108109,0.8227860264257867,0.8847964000198959,0.8784694650809729,0.8643849071319988,0.8169829031071897,0.9220328252185287,0.8227860264257867,0.9396023156479516,1.0415615216772611,0.9626221683204049,0.9119574539492357,1.0078726792133752
2018-08-15,0.7814836112708452,0.7947861176810833,0.8640537370073984,0.8751649329328147,0.8611333567622461,0.7891804781773984,0.9185644210978334,0.7947861176810833,0.9339249793346663,1.0376434873351683,0.9529409724998484,0.9085269502787979,1.0040813719430604
2018-08-16,0.7906843013225991,0.8026119606156672,0.8684455067361829,0.8742367834674725,0.8602200883775214,0.7969511253136061,0.9175902446377835,0.8026119606156672,0.9323728708567817,1.0365430224836363,0.953026012590032,0.907563418981532,1.0030165011359018
2018-08-17,0.7714203565267393,0.7804896325509934,0.8535443967361728,0.8695080219673236,0.8555671434174152,0.7749848263910549,0.9126269835352874,0.7804896325509934,0.9294876092152462,1.0309363438003996,0.9464952473682275,0.9026543931480485,0.9975911679718436
2018-08-20,0.7788959171937896,0.7851198050214696,0.8572109165382065,0.8687078931178905,0.8547798430857559,0.7795823421792716,0.9117871762421408,0.7851198050214696,0.9301719184472929,1.029987667204251,0.9478422372069619,0.901823762719371,0.9966731758967069
2018-08-21,0.7972972972972974,0.7981436596053321,0.8661913306901106,0.8686598853869245,0.8547326050658565,0.7925143393034711,0.911736787804552,0.7981436596053321,0.9308814929834924,1.0299307466084822,0.9507725197337056,0.9017739248936503,0.9966180963721987
2018-08-22,0.7944220816561243,0.7932051217730941,0.8631420548090344,0.8691639665620673,0.8552286042748017,0.7876106330594391,0.9122658663992342,0.7932051217730941,0.9313659301988971,1.0305284128640555,0.9503349101824748,0.9022972220637171,0.9971964313795347
2018-08-23,0.7949971247843589,0.7944228830745852,0.8638661385905215,0.8704601752981487,0.8565040308120897,0.7888198054705282,0.9136263542141316,0.7944228830745852,0.9318066092356648,1.0320652689498158,0.9509902623541349,0.9036428433581745,0.9986835785412563
2018-08-24,0.8001725129384704,0.7983281963255505,0.8676658115275976,0.8717883891882073,0.8578109493626439,0.7926975744831798,0.9150204343207549,0.7983281963255505,0.9344004846150213,1.033640072099422,0.9538694990597961,0.9050216898697789,1.0002074453859833
2018-08-27,0.8228867165037379,0.8200193186096154,0.8822596991418369,0.8720604329970145,0.858078631475408,0.8142357089265542,0.9153059688004246,0.8200193186096154,0.9352421663172696,1.0339626221421123,0.9584160576236287,0.9053041042155291,1.0005195626915298
2018-08-28,0.8185738930419781,0.8167221063636492,0.8800490142778675,0.8742927924869325,0.8602751994007373,0.810961751972555,0.9176490311483035,0.8167221063636492,0.9360690998951936,1.0366094298453663,0.9586611806093543,0.9076215631115391,1.0030807605811611
2018-08-29,0.8159861989649225,0.8130394213060443,0.8779921148827219,0.8735806778109372,0.8595745021055605,0.8073050409529703,0.9169016026574031,0.8130394213060443,0.9362811280170127,1.0357651076747945,0.9581503120288468,0.9068823020300162,1.0022637476342895
2018-08-30,0.8021851638872917,0.7984888079000463,0.8685911333423464,0.8740447525436082,0.8600311362979229,0.7928570532616105,0.9173886908874281,0.7984888079000463,0.9365230214901606,1.0363153401005603,0.9558384285830801,0.9073640676786491,1.0027961830378689
2018-08-31,0.7975848188614147,0.7902078927481343,0.8632313918980874,0.8749328955664789,0.8609050396660647,0.7846345435398758,0.9183208769828208,0.7902078927481343,0.9369764768167529,1.0373683711222852,0.9548153808644775,0.908286067454481,1.0038151542412708
2018-09-03,0.7964347326049456,0.7926646583176188,0.8647227690228323,0.873676693272869,0.8596689781453596,0.7870739815015658,0.9170023795325806,0.7926646583176188,0.9357153551989081,1.035878948866332,0.9542749676575975,0.9069819776814574,1.002373906683306
2018-09-04,0.8044853364002301,0.7988774300720849,0.868822174901068,0.8723884858252821,0.8584014246113882,0.7932429344751053,0.9156502897906148,0.7988774300720849,0.933472151107974,1.0343515795465335,0.9543902873181421,0.9056446626912869,1.0008959394423358
2018-09-05,0.7875215641173089,0.7849519725078848,0.8580428765958545,0.8732206198286924,0.859220216956314,0.7794156933911534,0.9165236893754872,0.7849519725078848,0.9348422081952854,1.035338203206528,0.949716550469395,0.9065085183371114,1.0018506512004781
2018-09-06,0.7826336975273146,0.7840996421529225,0.8578331113901599,0.8721884536129237,0.8582045995284736,0.7785693745361427,0.9154403379673282,0.7840996421529225,0.9347080349592274,1.0341144103974964,0.9506480085502551,0.9054370050841175,1.0006664414235518
2018-09-07,0.7823461759631973,0.7811171253217386,0.8553045803741302,0.8723964871137763,0.8584092976147049,0.7756078934450118,0.9156586878635461,0.7811171253217386,0.9347577995341414,1.034361066312495,0.9490877425803355,0.9056529689955735,1.0009051193630871
2018-09-10,0.7725704427832089,0.7689990244486163,0.8453528072857331,0.8725405103066742,0.8585510116744035,0.7635752617357977,0.9158098531763124,0.7689990244486163,0.9348658223923308,1.0345318280998015,0.9435949255283115,0.9058024824727353,1.0010703579366116
2018-09-11,0.7685451408855667,0.767857354058397,0.8447321109833472,0.8712603041475814,0.8572913311437488,0.7624416435655369,0.9144661615072779,0.767857354058397,0.9343310892010859,1.0330139455459642,0.9439264498864002,0.9044734737868515,0.9996015706163929
2018-09-12,0.7717078780908571,0.7717385476500244,0.8483342495809554,0.8723164742288331,0.858330567581539,0.7662954630352028,0.9155747071342314,0.7717385476500244,0.9356545967041076,1.0342661986528798,0.9468349582474167,0.9055699059527057,1.0008133201555733
2018-09-13,0.773433007475561,0.7696175355798719,0.8468260639040625,0.87127630672457,0.857307077150382,0.7641894104979156,0.9144829576531409,0.7696175355798719,0.935191861368531,1.033032919077887,0.9465736288693842,0.9044900863954249,0.9996199304578955
2018-09-14,0.7685451408855667,0.7576960505588866,0.8366682941912775,0.8721324445934633,0.8581494885052573,0.7523520079060134,0.9153815514568077,0.7576960505588866,0.9354114784191501,1.0340480030357657,0.9402536472431472,0.9053788609541097,1.0006021819782918
2018-09-17,0.7616446233467512,0.7504544213384198,0.8309082338688384,0.8716843724377809,0.8577086003195281,0.7451614540150299,0.9149112593726455,0.7504544213384198,0.9353933579304505,1.0335167441419226,0.9375427926270935,0.9049137079140503,1.0000881064162153
2018-09-18,0.7814836112708455,0.7653145576183219,0.84309127320644,0.8720604329970143,0.858078631475408,0.7599167815103953,0.9153059688004244,0.7653145576183219,0.9354638928404035,1.0339626221421123,0.9441042318477149,0.9053041042155288,1.0005195626915293
2018-09-19,0.7958596894767109,0.7768809589241377,0.853045954988416,0.8728605618464473,0.8588659318070673,0.7714016047983858,0.916145776093571,0.7768809589241377,0.9365950129184517,1.034911298738261,0.9506102386239563,0.9061347346442062,1.001437554766666
2018-09-20,0.7981598619896494,0.7784781603372825,0.8546026346610252,0.8722524639208782,0.8582675835550061,0.7729875411238074,0.9155075225507795,0.7784781603372825,0.9364562318282891,1.0341903045251881,0.9520146595801057,0.9055034555184113,1.0007398807895622
2018-09-21,0.8151236342725707,0.7884087863867941,0.8622959050750042,0.8727885502499985,0.8587950747772178,0.7828481263051646,0.9160701934371878,0.7884087863867941,0.9362239892026077,1.0348259178446075,0.9552947159838551,0.9060599779056253,1.0013549354799038
2018-09-25,0.8159861989649227,0.7901940815490108,0.8640860009557279,0.873340639156107,0.8593383120060627,0.7846208297513656,0.9166496604694588,0.7901940815490108,0.9370628107188317,1.0354805046959499,0.9569919734655247,0.9066331129014126,1.0019883500117481
2018-09-26,0.8231742380678554,0.7955222139240392,0.8681299556008111,0.8742607873329551,0.8602437073874708,0.7899113827214977,0.9176154388565774,0.7955222139240392,0.9373299003171924,1.0365714827815204,0.9585128370444123,0.9075883378943916,1.0030440408981556
2018-09-27,0.8237492811960901,0.7902220278822482,0.8627265111135443,0.875204939375286,0.8611727217788286,0.784648578978657,0.9186064114624902,0.7902220278822482,0.9366579759521514,1.0376909211649756,0.953223447264815,0.908568481800231,1.0041272715468168
2018-09-28,0.8105232892466939,0.7794348129358899,0.8551215773220489,0.8768372022281294,0.8627788144554137,0.7739374464359705,0.9203196183405093,0.7794348129358899,0.9394803928171799,1.0396262214211185,0.9517283687345203,0.910262967874733,1.005999975380096
2018-10-08,0.7866589994249572,0.7635967765940223,0.8421702613809227,0.8777893555589547,0.8637157018500882,0.7582111160237911,0.9213189890193538,0.7635967765940223,0.9403008731787114,1.0407551465705351,0.9440440293452632,0.9112514180848592,1.0070923859495085
2018-10-09,0.787521564117309,0.7610018885089257,0.8400238364182994,0.8777413478279886,0.8636684638301887,0.7556345297268534,0.921268600581765,0.7610018885089257,0.9402648745672649,1.0406982259747661,0.9426891474070974,0.9112015802591384,1.0070373064250004
2018-10-10,0.7584818861414608,0.7359023412514255,0.8201950469705139,0.8756290076654856,0.8615899909546083,0.7307120099871989,0.9190515093278581,0.7359023412514255,0.9399577688017801,1.0381937197609346,0.9324394462652951,0.90900871592743,1.0046138073466393
2018-10-11,0.7377803335250146,0.7051881847002553,0.7973698221002008,0.877509310461653,0.8634401467340076,0.7002144808851692,0.9210250564667524,0.7051881847002553,0.9452886386963869,1.0404231097618832,0.923743824254853,0.9109606974348219,1.0067710887232106
2018-10-12,0.7553191489361704,0.7134710787479397,0.8055015007029408,0.8848624945879422,0.870675436781956,0.7084389555454919,0.9287428854907692,0.7134710787479397,0.9524089235948333,1.049141447680487,0.9310275888833691,0.9185941910743675,1.015207435893717
2018-10-15,0.7412305922944223,0.7012256795719407,0.7960970318421966,0.8784854676579613,0.8644006531386319,0.6976326035232528,0.9220496213643913,0.7012256795719407,0.9489723504419939,1.0415804952091843,0.9270157337501591,0.9215228655929458,1.0078910390548774
2018-10-16,0.7455434157561819,0.6968587318531865,0.7914302765864666,0.877581322058102,0.8635110037638569,0.6941021872045474,0.9211006391231357,0.6968587318531865,0.946931997800091,1.0405084906555366,0.9219327481929046,0.9171314443126275,1.0068537080099729
2018-10-17,0.7311673375503165,0.6871230087087873,0.7837934305649435,0.8813019212079652,0.8671719503060723,0.6844514482332794,0.925005743036267,0.6871230087087873,0.950683931219146,1.0449198368276265,0.9184533671755696,0.9201716590451556,1.0111223711593587
2018-10-18,0.7124784358826913,0.6710511127937798,0.7710507351175689,0.8831822240041328,0.8690221060854715,0.6692302894892056,0.9269792901751615,0.6710511127937798,0.9535695764560739,1.0471492268285751,0.912361011926064,0.9249008819624214,1.01327965253593
2018-10-19,0.7584818861414606,0.7145886393914086,0.8081474151564898,0.8831022111191896,0.8689433760523058,0.7140037068821823,0.9268953094458469,0.7145886393914086,0.952882213509243,1.0470543591689605,0.9355439467975635,0.9228740721407361,1.0131878533284164
2018-10-22,0.7872340425531916,0.7397713717671345,0.8292854286305236,0.8818700126910628,0.8677309335415505,0.7387850237446324,0.9256020062144011,0.7397713717671345,0.9516376124314153,1.045593397210892,0.94851038297081,0.9218606672298933,1.0117741455327058
2018-10-23,0.7544565842438185,0.7164929830185649,0.8116133255970661,0.8813499289389314,0.867219188325972,0.7155376724132776,0.9250561314738559,0.7164929830185649,0.9538600989927692,1.0449767574233955,0.9414034668705529,0.9303057081535825,1.0111774506838669
2018-10-24,0.7354801610120759,0.6950740646911042,0.7940795663169817,0.8826141325210355,0.8684631228499935,0.6941473122438409,0.9263830269970273,0.6950740646911042,0.9557530041976895,1.0464756664453099,0.9315635779148275,0.9333459228861105,1.0126278781625828
2018-10-25,0.7636572742955722,0.7178571389495746,0.8127385741861568,0.8816459766132216,0.8675104894486858,0.7169000094951723,0.9253668601723202,0.7178571389495746,0.9537738551000284,1.0453277677639703,0.9417488800036478,0.9292923032427398,1.0115171077516674
2018-10-26,0.7495687176538242,0.7090302746835954,0.8057604294543094,0.8820380397494437,0.8678962666111989,0.7080849142168099,0.925778365745962,0.7090302746835954,0.9547988233512156,1.045792619296083,0.9385050977272925,0.9316569147013727,1.0119669238684843
2018-10-29,0.7213916043703278,0.6924036025056745,0.7909318464505654,0.8819100191335345,0.8677702985581334,0.6914804106248187,0.9256439965790585,0.6924036025056745,0.9537670968164618,1.0456408310406993,0.9277736296002634,0.9286166999688447,1.0118200451364625
2018-10-30,0.7369177688326625,0.7041319173604073,0.7999727702589082,0.8809738683796978,0.866849157170092,0.7031930879453001,0.924661422046077,0.7041319173604073,0.9516012053375128,1.0445308794232058,0.9314314934511606,0.9238874770515786,1.0107459944085526
2018-10-31,0.7558941920644047,0.7215604201997773,0.8138727120919997,0.8817099869211762,0.8675734734752184,0.7205983531061565,0.9254340447557718,0.7215604201997773,0.9508008533092368,1.045403661891662,0.9383506437097159,0.9194960557712604,1.0115905471176783
2018-11-01,0.7872340425531913,0.7489401173159809,0.832716847797115,0.8812619147654936,0.8671325852894892,0.747941544470532,0.9249637526716098,0.7489401173159809,0.9516153227019907,1.0448724029978191,0.9432915977658717,0.9232118737776837,1.0110764715556015
2018-11-02,0.7843588269120183,0.7484748153052428,0.8324206509602058,0.8819820307299833,0.8678411555879826,0.7474768628537909,0.9257195792354417,0.7484748153052428,0.9519507293293342,1.0457262119343527,0.9435459414283779,0.9225362705037885,1.0119026644232247
2018-11-05,0.7751581368602644,0.7429132099593511,0.8289955606054836,0.8822060668078243,0.8680615996808471,0.7432333036224433,0.9259547252775225,0.7429132099593511,0.9525382823829357,1.0459918413812739,0.9429820071931929,0.9234827867575083,1.0121597022042628
2018-11-06,0.7734330074755605,0.7462396735970681,0.8310128293716192,0.8827021466944728,0.8685497258864758,0.7425788297262805,0.9264754057992735,0.7462396735970681,0.9523908067502379,1.046580020870886,0.943592510619066,0.9184680851590752,1.0127288572908475
2018-11-07,0.7740080506037951,0.7471858534148494,0.8318703935162023,0.8842223915083957,0.8700455965166285,0.7413994996763286,0.9280710396562519,0.7471858534148494,0.9534343353061364,1.0483825064035681,0.9447110817349682,0.9165059845822343,1.0144730422336075
2018-11-08,0.7587694077055775,0.7300275217562509,0.8201850675979147,0.8853025654551302,0.8711084519643685,0.7236927175418606,0.9292047795019996,0.7300275217562509,0.9535159622432947,1.0496632198083684,0.9416122915563562,0.9009539818822014,1.0157123315350418
2018-11-09,0.7498562392179412,0.7282208218075273,0.8176951892854399,0.8849425074728853,0.8707541668151216,0.723796404030109,0.9288268662200837,0.7282208218075273,0.9511427030967644,1.0492363153401016,0.9395097687634756,0.9018996029473489,1.0152992351012304
2018-11-12,0.7521564117308797,0.7402128955225133,0.8257396020925327,0.8867187935186265,0.8725019735514052,0.7315080255135935,0.9294527067823496,0.7402128955225133,0.9518454930105547,1.051342377383551,0.9426081390862946,0.9021039821644421,1.017337177508034
2018-11-13,0.7694077055779182,0.758997824426066,0.8379716536622984,0.8878469751963272,0.8736120670190449,0.7508338609377497,0.9616737339508044,0.758997824426066,0.9517399654291542,1.0526800113841202,0.9462405624965624,0.9162347138296716,1.0186315463339768
2018-11-14,0.7607820586543989,0.7542256534734927,0.8353174015855109,0.8875589288105313,0.8733286388996476,0.7436660570453525,0.9492810311937063,0.7542256534734927,0.9524801672742366,1.052338487809507,0.9459025175516504,0.9118655855720008,1.0183010691869276
2018-11-15,0.7745830937320297,0.7686126861813202,0.845831527858754,0.88966326768454,0.8753992387719114,0.7604004528922618,0.9802627880864513,0.7686126861813202,0.95501484436466,1.0548335072573771,0.9507243331865388,0.9282679294889354,1.0207153883445372
2018-11-16,0.775733179988499,0.7681153060104361,0.8466934282953741,0.8916475872311337,0.8773517435944264,0.7632362865719756,0.9963733016706788,0.7681153060104361,0.9578828169491328,1.057186225215825,0.9529757652130346,0.9381265096944857,1.0229920086908764
2018-11-19,0.7803335250143759,0.7652437571797925,0.8448459091321788,0.8912635253834058,0.87697383943523,0.7598741534453279,0.993951384421057,0.7652437571797925,0.957805456036764,1.056730860449674,0.9522897880319651,0.9513067271230896,1.0225513724948105
2018-11-20,0.757044278320874,0.7430845747781413,0.8299214170436475,0.8889831581625217,0.8747300334900011,0.7378704587918095,0.991408282306325,0.7430845747781413,0.9564069430026356,1.054027132150651,0.9468822084904309,0.9299489866735384,1.0199350950806712
2018-11-21,0.7685451408855665,0.7534275398206544,0.8372979108354743,0.8900633321092561,0.875792888937741,0.748140848758477,0.9926129096238296,0.7534275398206544,0.9576418912210506,1.0553078455554512,0.9498806708988828,0.938302918350038,1.0211743843821055
2018-11-22,0.7622196664749856,0.749152956446729,0.8344425146907914,0.889383222587238,0.8751236836558307,0.7438962595120862,0.9918544405720675,0.749152956446729,0.9573403704533416,1.0545014704487252,0.9487926752215126,0.9316185108815387,1.0203940911182394
2018-11-23,0.7420931569867741,0.7238820264308145,0.81658162812364,0.8848544932994473,0.8706675637786395,0.7188026519230634,0.9868039290038628,0.7238820264308145,0.9537175524567637,1.0491319609145253,0.9407860072774491,0.9165176515215813,1.0151982559729653
2018-11-26,0.7443933294997126,0.7267823812647517,0.8184670808538418,0.8847584778375153,0.8705730877388405,0.7210880204430481,0.987413577504504,0.7267823812647517,0.9535401915847151,1.0490181197229875,0.941213757447921,0.9175492369148938,1.015088096923949
2018-11-27,0.7403680276020704,0.7259907231278069,0.8173278798430067,0.8850625268002997,0.8708722618648709,0.7200333775476454,0.9809683191657017,0.7259907231278069,0.9526152494214076,1.049378616829524,0.9404264333891765,0.9127033696428182,1.015436933912501
2018-11-28,0.758769407705578,0.7432917600522736,0.8295933113936779,0.8852625590126579,0.8710690869477857,0.7397426267299814,1.015772714195234,0.7432917600522736,0.9537133114242881,1.049615785978561,0.944617465127296,0.9304073275276288,1.0156664319312851
2018-11-29,0.7441058079355954,0.7233128505115036,0.8166744343008719,0.88511853581976,0.8709273728880871,0.7142980569624305,0.973234009159139,0.7233128505115036,0.9544449758668847,1.0494450241912545,0.9413026296640531,0.9122916851055553,1.0155011933577605
2018-11-30,0.7806210465784934,0.7555308670435451,0.8378146700265493,0.8849665113383676,0.8707777858250717,0.7498831750139027,1.0363975408794013,0.7555308670435451,0.9531773435687763,1.0492647756379863,0.9466019161161758,0.9400592475872316,1.0153267748634844
2018-12-03,0.7768832662449684,0.7525215844018172,0.8389674104737803,0.8860226814196192,0.8718170222628617,0.7475975802626249,1.0355616424043899,0.7525215844018172,0.9546041946504141,1.0288954664114218,0.9479533630350454,0.9329111011530967,1.0165385244026648
2018-12-04,0.7694077055779185,0.7465017065132479,0.8346614701311668,0.8887751246616686,0.8745253354037694,0.7420215162499959,1.03877863075484,0.7465017065132479,0.9561549547806629,1.023685869113136,0.9482446875320847,0.929694046862219,1.0196964171411351
2018-12-05,0.7673950546290973,0.7457309264292862,0.8362955596224327,0.8912475228064166,0.8769580934285968,0.7416469816482161,1.0416683092440526,0.7457309264292862,0.959386789871518,1.017173872490279,0.9510627588972869,0.9289570676617926,1.0225330126533079
2018-12-06,0.7567567567567569,0.7356720014136616,0.8295278600526762,0.8928397792167883,0.8785248210885985,0.7317356495485182,1.0435292995979468,0.7356720014136616,0.9610075207361981,1.0067546778937075,0.9505216691395324,0.9248785954548615,1.02435981688283
2018-12-07,0.7478435882691202,0.7282697772872017,0.8257511635646121,0.8930158075636635,0.8786980271615635,0.7247916490415469,1.0437350372250105,0.7282697772872017,0.9631400544565824,0.9963354832971362,0.950818762778996,0.9233005443696171,1.0245617751393599
2018-12-10,0.7478435882691202,0.7269581612490937,0.8256076708950199,0.8940719776449152,0.8797372635993538,0.7226646242703547,1.0449694629873927,0.7269581612490937,0.9646707840633338,0.9937306846479933,0.9518754691549935,0.9232653167518863,1.0257735246785404
2018-12-11,0.7541690626797013,0.7336712750882272,0.8305092399191351,0.8951841567456269,0.88083161106036,0.7289050245625014,1.0462693507220222,0.7336712750882272,0.9645687911368587,0.9989402819462792,0.9533301588038338,0.9241828075439535,1.0270495336629806
2018-12-12,0.7541690626797013,0.7323711885097395,0.8289159452739427,0.8952161618996042,0.8808631030736263,0.7283190880475798,1.0463067575633065,0.7323711885097395,0.9638579550013514,0.9989402819462792,0.9524778169061696,0.9230091356185531,1.0270862533459861
2018-12-13,0.7650948821161591,0.7388029423064925,0.8332671435241189,0.8937519261051418,0.8794223434666898,0.7358967518440863,1.0445953945745494,0.7388029423064925,0.9625440267168336,1.0054522785691362,0.9525718205851599,0.9256818781910657,1.0254063278484855
2018-12-14,0.7501437607820589,0.7192008675018886,0.8197228504242108,0.8926317457159357,0.878320123002367,0.7175170946765704,1.0432861551295989,0.7192008675018886,0.9613841877960341,0.9781018927531363,0.9480619213421355,0.9125861765832122,1.0241211389432943
2018-12-17,0.7461184588844166,0.7163325482670797,0.8174367378973235,0.8912715266718998,0.8769817124385463,0.7146023555112441,1.041696364375016,0.7163325482670797,0.9621455267529588,0.9807066914022792,0.9476529766397728,0.9173273677396884,1.0225605524155617
2018-12-18,0.7400805060379531,0.7130251663168153,0.8169253940251161,0.8941839956838358,0.8798474856457856,0.7121308006294462,1.0451003869318876,0.7130251663168153,0.9647645475685737,0.9702874968057077,0.9496067049992247,0.9186563461790069,1.0259020435690593
2018-12-19,0.7277170787809089,0.7009503976249694,0.8080047608938669,0.8952241631880987,0.8808709760769426,0.7000168076237132,1.0463161092736275,0.7009503976249694,0.9651314329164392,0.9572635035599936,0.9475942910824641,0.9173273677396883,1.0270954332667372
2018-12-20,0.7208165612420935,0.7021339015253641,0.8094869763677482,0.893751926105142,0.8794223434666896,0.7038053284217554,1.0445953945745494,0.7021339015253641,0.9671664188174517,0.9637755001828507,0.9489770547152546,0.927294706034578,1.0254063278484855
2018-12-21,0.7087406555491665,0.6947967941684262,0.8063178859552493,0.8956722353437813,0.8813118642626717,0.6979295356587522,1.046839805051608,0.6947967941684262,0.9693487656907074,0.9468443089634222,0.9497765786934202,0.9296204183033856,1.0276095088288135
2018-12-24,0.7058654399079934,0.6923248466491058,0.8068592598230144,0.8955842211703436,0.8812252612261893,0.6934787163910191,1.046736936238076,0.6923248466491058,0.9704253512143873,0.933820315717708,0.9505610934507099,0.9332751090115118,1.0275085297005484
2018-12-25,0.7058654399079934,0.6890374704105786,0.8064295516220433,0.8951681541686384,0.8808158650537264,0.689088242824124,1.0462506473013797,0.6890374704105786,0.9709388938378826,0.9207963224719937,0.9506712695900449,0.935933065890149,1.0270311738214772
2018-12-26,0.7144910868315127,0.6976523057882047,0.8122054037048879,0.8944880446466202,0.8801466597718162,0.6981199039403386,1.0454557519240884,0.6976523057882047,0.9702157173256732,0.9325179163931366,0.9517015794407269,0.9352685766704897,1.0262508805576112
2018-12-27,0.7032777458309378,0.6824721361425445,0.8009509970072726,0.8956722353437813,0.8813118642626718,0.6844932332402212,1.046839805051608,0.6824721361425445,0.9714250219166927,0.918191523822851,0.9495336071948628,0.9362653104999785,1.0276095088288135
2018-12-28,0.7067280046003456,0.6874638635037973,0.8033912605457918,0.8999449233997532,0.885516048033732,0.6904042100725655,1.0518336183630626,0.6874638635037973,0.9749791110330921,0.9364251143668508,0.9530443887227322,0.9372620443294675,1.0325115865100436
2019-01-02,0.6912018401380108,0.6769464009429041,0.7941513006649299,0.9045663208256084,0.8830203059823722,0.6810085807667945,1.0488691261912815,0.6769464009429041,0.9750255953288266,0.9319130397659963,0.9495583896296241,0.9435746919162309,1.037813740301897
2019-01-03,0.686889016676251,0.6732433352950573,0.7898848574649404,0.9176252008093585,0.8847602397153391,0.6774579389185731,1.0509358541722393,0.6732433352950573,0.9805932743441552,0.9337493134316134,0.9533714507263138,0.9571967209192469,1.052796262609072
2019-01-04,0.7179413456009204,0.7085514437690379,0.8115425983501815,0.9045663208256086,0.8846972556888064,0.7146214701428703,1.0508610404896706,0.7085514437690379,0.976357913235984,0.9336828419867041,0.9605575713953866,0.943574691916231,1.037813740301897
2019-01-07,0.7173663024726858,0.7115853460041421,0.8160970897411083,0.9036107930219197,0.8858782061862954,0.719744091594747,1.0522637970378321,0.7115853460041421,0.9769608175433003,0.9349291815787519,0.9629325387727894,0.9425779580867422,1.03671745818186
2019-01-08,0.7208165612420936,0.7145477213898512,0.817203967078814,0.9004257003429562,0.885807349156446,0.7218913458858435,1.0521796316449425,0.7145477213898512,0.9758730257899737,0.934854401203229,0.9619876366341392,0.9392555119884456,1.0330631844484024
2019-01-09,0.7236917768832665,0.7138826814627119,0.8165156512671389,0.9007442096108526,0.8858230951630792,0.7209955128925637,1.0521983350655846,0.7138826814627119,0.9759887279098372,0.9348710190644564,0.9617024473153093,0.9395877565982752,1.0334286118217482
2019-01-10,0.7242668200115012,0.7119492105058399,0.8156774954894468,0.8953295520566148,0.8857679841398631,0.7214534179498082,1.052132873093337,0.7119492105058399,0.974186130641873,0.9348128565501609,0.9584222891046661,0.933939598231171,1.0272163464748707
2019-01-11,0.7311673375503167,0.7175154823063379,0.8186255572205466,0.891825950109755,0.8854058259873,0.7258711645896401,1.0517026944185677,0.7175154823063379,0.9727636592619854,0.9344306457419328,0.9584205298390658,0.9302849075230447,1.0231966453680674
2019-01-14,0.7248418631397359,0.7106304963834127,0.8132214883049426,0.8934184964492368,0.8846263986589573,0.7181935843444804,1.050776875096781,0.7106304963834127,0.9726853524342951,0.9336080616111812,0.9558985665746155,0.9319461305721932,1.0250237822347963
2019-01-15,0.7412305922944223,0.724995017863017,0.824426674999203,0.8934184964492368,0.8848783347650883,0.7321373139889811,1.0510761298270554,0.724995017863017,0.9728792627589113,0.9338739473908181,0.9627766947987999,0.9319461305721932,1.0250237822347963
2019-01-16,0.7406555491661878,0.7233926253477776,0.8242296143645311,0.8937370057171329,0.8852404929176514,0.7301690721883509,1.0515063085018248,0.7233926253477776,0.97326203629983,0.9342561581990461,0.9628280254725359,0.9322783751820228,1.0253892096081418
2019-01-17,0.7383553766532494,0.7175088168963074,0.8200904604547274,0.894692533520822,0.8861616343056928,0.7230063733699054,1.0526004586093909,0.7175088168963074,0.9742831144494193,0.9352283030808436,0.9607616425650216,0.9332751090115118,1.0264854917281792
2019-01-18,0.7512938470385282,0.7274001339883868,0.8280442808283761,0.8915074408418585,0.8836816382609662,0.7320726778580341,1.0496546698582518,0.7274001339883868,0.971333956379106,0.9326109899375431,0.9639943607908424,0.9299526629132152,1.0228312179947217
2019-01-21,0.7544565842438186,0.7263471937744687,0.8290501349129616,0.8908704223060658,0.8844610655893087,0.7296324655012382,1.0505804891800383,0.7263471937744687,0.9717254560933853,0.9334335740682945,0.9642682906602419,0.929288173693556,1.02210036324803
2019-01-22,0.7423806785508915,0.7148413074761528,0.8193795068107468,0.8943740242529254,0.8849885568115204,0.7181147516761731,1.0512070537715505,0.7148413074761528,0.9732776072192919,0.9339902724194094,0.9601815602952398,0.9329428644016821,1.0261200643548332
2019-01-23,0.7435307648073607,0.7165189440543948,0.8201888771898213,0.8918259501097547,0.8840674154234791,0.7199910122906309,1.0501129036639847,0.7165189440543948,0.9717366200109957,0.9330181275376119,0.9593677740771885,0.9302849075230448,1.0231966453680672
2019-01-24,0.7501437607820587,0.723365163615402,0.8256444522372521,0.8918259501097547,0.88468938268549,0.7270289942994743,1.0508516887793498,0.723365163615402,0.9722151715875835,0.9336745330560906,0.9627208838177134,0.9302849075230448,1.0231966453680672
2019-01-25,0.7602070155261645,0.7289449879040415,0.8315709190895794,0.8978776261997853,0.8850121758214703,0.7312553863537276,1.0512351089025138,0.7289449879040415,0.9744426337296374,0.9340151992112504,0.9694346947792377,0.9365975551098085,1.0301397654616364
2019-01-28,0.7530189764232319,0.7197523382130251,0.825164481889059,0.9007442096108522,0.8848389697485053,0.7212644354112454,1.0510293712754502,0.7197523382130251,0.9752424457000745,0.93383240273775,0.9669889516907771,0.9349156971542673,1.033428611821748
2019-01-29,0.7547441058079358,0.711704292786514,0.818861401659822,0.9042478115577118,0.8853979529839834,0.7099603706804987,1.0516933427082467,0.711704292786514,0.976811724411157,0.9344223368113193,0.9648440666047549,0.9355063155822091,1.037448312928551
2019-01-30,0.7564692351926395,0.7112488890923591,0.8190854834862648,0.905203339361401,0.8860671582658938,0.7088137314302234,1.0524882380855383,0.7112488890923591,0.9776381950801004,0.9351285959134797,0.9654633291847485,0.9362133939818578,1.0385445950485883
2019-01-31,0.7665324899367456,0.7164173194799999,0.8205553039736904,0.9042478115577118,0.8866103954947387,0.7125382788511149,1.0531335060976923,0.7164173194799999,0.9777481630242588,0.9357019121258218,0.9658416928672304,0.9367873752709844,1.037448312928551
2019-02-01,0.7740080506037957,0.7328674851079203,0.8365731783759093,0.9067958857008824,0.8874449338462975,0.7320367453332371,1.0541247873917263,0.7328674851079203,0.9792189465355037,0.9493459736812075,0.977972874398892,0.9376691436281933,1.0403717319153167
2019-02-11,0.7895342150661303,0.7489063912164652,0.8520371834071372,0.9058403578971933,0.8883267102177559,0.7485029644126847,1.0551721789476871,0.7489063912164652,0.9795904685783968,0.961257466450106,0.9882160442889623,0.938600823401848,1.0392754497952794
2019-02-12,0.7981598619896496,0.7561211340373641,0.8587366433444686,0.9061588671650896,0.8891769945759478,0.7553916457620192,1.0561821636623632,0.7561211340373641,0.9803501487457887,0.9684043621114449,0.9929482046719705,0.9394992288978721,1.0396408771686252
2019-02-13,0.8154111558366882,0.7727991137837659,0.8710009785554164,0.9058403578971931,0.8889014394598671,0.7721651951256271,1.0558548538011256,0.7727991137837659,0.9800341059179943,0.998183094033691,1.0011959105544377,0.939208078968605,1.0392754497952792
2019-02-14,0.8131109833237498,0.7719130240881327,0.8710880854428442,0.9071143949687785,0.8884526782708213,0.7717107716931573,1.0553218063128242,0.7719130240881327,0.9801012838078139,0.9946096462030214,1.0018236593307575,0.93873392051237,1.0407371592886623
2019-02-15,0.8079355951696382,0.7709352756965988,0.8733847027277194,0.9147586173982908,0.8893108356323298,0.7720447417593529,1.0563411427378215,0.7709352756965988,0.9832417445433903,0.9874627505416823,1.0068129434346196,0.9396406445778016,1.0495074162489597
2019-02-18,0.8315123634272573,0.8011998043853503,0.8969537293473019,0.9173066915414615,0.888303091207806,0.8024177586042821,1.0551441238167238,0.8011998043853503,0.9832834658469523,1.0386821694479458,1.0240006349011854,0.9385758676936249,1.0524308352357257
2019-02-19,0.8292121909143189,0.798334608029184,0.8952561707096501,0.9255879325067664,0.8877598539789613,0.8011502939531372,1.0544988558045696,0.798334608029184,0.9855255998385506,1.0410644680017254,1.0266477879418738,0.9380018864044983,1.061931946942715
2019-02-20,0.8297872340425535,0.7974451178042886,0.8932054678954919,0.9201732749525287,0.8881771231547407,0.8003569295651328,1.054994496451587,0.7974451178042886,0.9841202676376792,1.0398733187248355,1.0228065589331914,0.9384427705831029,1.0557196815958374
2019-02-21,0.8269120184013803,0.8015589476586291,0.8913541030419504,0.9125290525230166,0.887807091998861,0.8050680596070093,1.0545549660664963,0.8015589476586291,0.9813806294550615,1.0613140057088526,1.0180663684766615,0.9380517978209443,1.0469494246355397
2019-02-22,0.8703277745830941,0.8645046820920194,0.9276550031068804,0.9087069413082606,0.8871300137136341,0.8726406469569453,1.0537507189788837,0.8645046820920194,0.9796235720946419,1.2173545609814225,1.040811015282718,0.937336400851888,1.042564296155391
2019-02-25,0.9174813110983326,0.9092485242166904,0.9614525270809136,0.9090254505761569,0.8833509721216697,0.9143478239059079,1.0492618980247672,0.9092485242166904,1.0305385911044098,1.292396965425483,1.0633985901812033,0.9842562948390127,1.0429297235287367
2019-02-26,0.9016676250718807,0.8898084430590366,0.952141385871174,0.9096624691119497,0.8830360519890059,0.9023276305323757,1.0488878296119242,0.8898084430590366,1.00341389223685,1.2328395015809905,1.0575998592621068,0.9632125188613878,1.043660578275428
2019-02-27,0.8959171937895346,0.8821074994878225,0.944657367605182,0.9055218486292973,0.8856262700801648,0.8942400785804351,1.0519645423075583,0.8821074994878225,0.9949153976112751,1.223310307365872,1.0507294451135787,0.9548762917636342,1.0389100224219336
2019-02-28,0.901955146635998,0.8869216207714413,0.9517031344194273,0.9004257003429559,0.8844138275694096,0.9048106003934808,1.0505243789181125,0.8869216207714413,0.9965466909872016,1.2066342174894142,1.0529163348329835,0.9600875503484116,1.0330631844484017
2019-03-01,0.9249568717653828,0.9088035648106156,0.9610322959935758,0.891188931573962,0.8832722420885036,0.9235588754824617,1.0491683809215562,0.9088035648106156,1.0234957716030373,1.2507067407343386,1.0521301581106175,0.9837746288426293,1.0224657906213752
2019-03-04,0.926106958021852,0.9096812878699634,0.9647769029493717,0.886729801823413,0.8829809409657898,0.923749685230603,1.0488223676396764,0.9096812878699634,1.0199976312334151,1.2245014566427619,1.0521531758620035,0.9847247590031731,1.0173498073945348
2019-03-05,0.9361702127659577,0.9356926765155946,0.9829773461365022,0.8832261998765533,0.8833667181283027,0.9556220182551243,1.0492806014454092,0.9356926765155946,1.046703779892958,1.2447509943498893,1.0569815887851117,1.0128819375193796,1.013330106287732
2019-03-06,0.9422081656124213,0.9566412209714233,0.9886749306895803,0.8860927832876203,0.8827841158828749,0.9820938523522661,1.0485885748816495,0.9566412209714233,1.078672414528623,1.3233668466246193,1.05874935105913,1.035558616336238,1.0166189526478435
2019-03-07,0.9088556641748133,0.9275738542233611,0.9705658613718069,0.8864112925555167,0.8842799865130273,0.9538943267371078,1.050365399842654,0.9275738542233611,1.0464326108821151,1.2864412190410341,1.0547167020391812,1.004093359110969,1.0169843800211893
2019-03-08,0.893617021276596,0.9190340462309621,0.9723303676379147,0.8946925335208216,0.8846893826854901,0.9475160861547528,1.0508516887793502,0.9190340462309621,1.0311677669375303,1.23998639724233,1.0571461731907286,0.9948490661048557,1.0264854917281785
2019-03-11,0.9157561817136287,0.9514641320045162,0.9939977932372359,0.8911889315739617,0.8839493203737304,0.9664358394930771,1.063201776799543,0.9514641320045162,1.068085287226947,1.2709562784414663,1.0621761275004413,1.0299544473231403,1.0224657906213754
2019-03-12,0.9157561817136287,0.9567446928961381,0.999170055224419,0.8975591169318885,0.8843193515296104,0.9657705692229438,1.057020371120476,0.9567446928961381,1.0794947265381214,1.2757208755490255,1.0651382611031917,1.0356706240992724,1.0297743380882902
2019-03-13,0.9062679700977576,0.9266254508544035,0.9802657244652174,0.898833154003474,0.883516305191318,0.9525158856737025,1.057020371120476,0.9266254508544035,1.045512051141657,1.2364129494116607,1.0594986948584333,1.0030667179220298,1.0312360475816733
2019-03-14,0.9036802760207018,0.9197748364164517,0.9753419413832158,0.8921444593776509,0.8838154793173486,0.949176559255806,1.0611413082398542,0.9197748364164517,1.0354077390514156,1.2221191580889825,1.0570072788753908,0.995650967217482,1.0235620727414128
2019-03-15,0.9151811385853942,0.9261245448140444,0.9805691245742137,0.8940555149850289,0.8837839873040821,0.9547426629847883,1.0632017767995432,0.9261245448140444,1.0403347330199875,1.2256926059196518,1.0588416059504298,1.0025244900160004,1.0257546369814872
2019-03-18,0.948533640023002,0.9526939241740966,0.9986167112790535,0.8966035891281996,0.8835084321880016,0.9754126738235303,1.0607438774356197,0.9526939241740966,1.0684686011152271,1.256662487118788,1.0642765201162427,1.0312856902693923,1.0286780559682531
2019-03-19,0.9387579068430135,0.9448489084341312,0.9955019921672853,0.8981961354676813,0.8838627173372483,0.9657773620248241,1.0611692336509522,0.9448489084341312,1.0635721985941267,1.2376040986885501,1.063959095261715,1.0227935058780853,1.0305051928349818
2019-03-20,0.941058079355952,0.9485923151341848,0.9952137934683999,0.9023367559503338,0.8840674154234798,0.9712016150340375,1.061414995019811,0.9485923151341848,1.0640401701167588,1.2650005320570168,1.0648119980147535,1.0268457220879983,1.0352557486884766
2019-03-21,0.9401955146636,0.9551831688523152,0.9993237855072735,0.9001071910750594,0.8840989074367462,0.9744881886498832,1.0614528044611737,0.9551831688523152,1.0712929770975146,1.270956278441466,1.065561070772256,1.0339802833082339,1.0326977570750564
2019-03-22,0.9243818286371479,0.9377088641531093,0.9916707967381668,0.9074329042366753,0.8853743339740341,0.9538625596553225,1.0629840868363702,0.9377088641531093,1.0582924576406292,1.23879524796544,1.0657060802123324,1.015064449034051,1.0411025866620083
2019-03-25,0.9186313973548017,0.9380415481103362,0.9946899362613396,0.9093439598440534,0.8863663323919246,0.968319531955228,1.064175084239301,0.9380415481103362,1.068522487322503,1.2256926059196516,1.067616028275511,1.0154245775031896,1.0432951509020827
2019-03-26,0.9074180563542267,0.9153004120906217,0.9811273194120711,0.9077514135045717,0.8876023939126295,0.9424493157662667,1.065659104812794,0.9153004120906217,1.036962526419919,1.1899581276129565,1.064323174849381,0.9908074286345928,1.041468014035354
2019-03-27,0.9088556641748132,0.9118460026759615,0.9798641554821376,0.9048848300935047,0.8874291878396645,0.937005710552097,1.0654511528852983,0.9118460026759615,1.030740104354466,1.1756643362902783,1.0632816618977299,0.9870680503229705,1.0381791676752428
2019-03-28,0.9120184013801038,0.9124311869324605,0.9772505396888992,0.8946925335208218,0.887807091998861,0.9391471503896597,1.0659048661816528,0.9124311869324605,1.0325690910965801,1.1816200826747276,1.060834742331934,0.9877015089129595,1.0264854917281792
2019-03-29,0.9606095457159289,0.9650964351868437,1.0038186666039846,0.888322348162895,0.8876968699524285,0.9737040422989065,1.0657725331368826,0.9650964351868437,1.0867184792316154,1.2852500697641442,1.0671188912483183,1.0447113370656005,1.0191769442612644
2019-04-01,0.9827487061529615,0.9974337530042164,1.0246253230578934,0.8969988324219365,0.8949712126068488,1.006401195095066,1.0646193451753148,1.002092794115685,1.1275790013582332,1.3246193414550789,1.0720651573412372,1.0757237927211214,1.0278060933520956
2019-04-02,0.9738355376653248,0.9803762416013466,1.0169927482524117,0.8917943621878098,0.8826550950021673,0.9910749197751278,1.0646855116976999,0.9832320052421457,1.1074120901978508,1.2976699383549746,1.0703439020399268,1.0608425515239535,1.0270981677137372
2019-04-03,0.9988499137435307,1.0083071663105474,1.0292864631231884,0.9082563402570817,0.9368460124627657,1.012171018866988,1.0619348748385502,1.0056042445170932,1.1406228622359473,1.3419584250669832,1.0718040381851772,1.095306055385583,1.0304907497578553
2019-04-04,1.0192639447958596,1.022550766875867,1.0361821447355646,0.9164787570998905,0.9401303104906805,1.0264628180962476,1.06140554265947,1.025293357080991,1.1535621166133596,1.3643232897049251,1.0735759178635764,1.105784214480046,1.035204134410478
2019-04-08,1.0031627372052903,0.9985176425863788,1.025448545417057,0.9122212560532267,0.9113927027464239,1.000632516177258,1.0588912148088383,1.0047813815773134,1.1231247439610834,1.3308365750350246,1.0699960513322044,1.0790207962733132,1.0408739820450144
2019-04-09,1.0031627372052903,0.9962342429714354,1.024579214105405,0.9076797080572834,0.9122137772534027,0.9952263289772726,1.0566793624891098,1.0011084942635275,1.122103503523452,1.324046021921113,1.0683797288890984,1.0765533028954852,1.0351077526803125
2019-04-10,1.0100632547441057,0.9929758076632613,1.0277262575995134,0.9053391719337041,0.8933290635928913,0.9926449100518776,1.0566888148494504,1.0016802668217668,1.1181149504559167,1.3120075870690877,1.0697244055987678,1.0730321638480826,1.0384411306578327
2019-04-11,0.9861989649223691,0.974971607994483,1.015328604719353,0.8995287370800589,0.8785497224672736,0.9762832276409794,1.0592976663034894,0.9844813457617585,1.0958615742871498,1.293452340382289,1.0672479703857638,1.0535764176155484,1.0362710420599295
2019-04-12,1.003737780333525,0.9936630390966931,1.0224627243331954,0.9101640420368295,0.9040030321836151,0.9946319342217441,1.0578703598920407,1.0009400058260824,1.1145054659758746,1.3219825123816622,1.0675500129644884,1.0737748017113504,1.0363337270410546
2019-04-15,0.9732604945370901,0.9604466543726713,1.0051552888223332,0.8956256606654618,0.8580228597928043,0.9579435526480393,1.0186459533510281,0.9727461735437495,1.0762827433531712,1.2777784830738543,1.0620486193356455,1.0378804235194956,1.0363637606790193
2019-04-16,1.0129384703852788,0.9911819148795509,1.0212293765717657,0.9096202209166349,0.8834761695091461,0.9818918514092758,1.045714974627535,1.006551983089909,1.1079388501864433,1.318928820330663,1.0653268309861053,1.0710936426469004,1.037579205685599
2019-04-17,1.010350776308223,0.9912865817380211,1.021843058780468,0.9062711268950702,0.8793707969742521,0.9835857239517429,1.0474854899465083,1.0057101098310912,1.1088734669775446,1.3158359774024608,1.0653405803926694,1.0712067480264682,1.0340589661352502
2019-04-18,1.0092006900517538,0.9889609665719019,1.0200090884714843,0.9054794610392085,0.8777286479602947,0.9827466272704148,1.0455103626483633,1.0037155816205507,1.1069483161307476,1.3142223819128749,1.0650397734202979,1.0686936355672119,1.0350569665307108
2019-04-19,1.0255894192064405,1.0012457730237652,1.0267067994763,0.9115537681967765,0.8966133616208063,0.9959290917617678,1.0588560426678582,1.0147097065990842,1.1218474690690183,1.3309885816452662,1.0672438747460096,1.0819688758578274,1.0367107218251936
2019-04-22,0.99252443933295,0.9749334352100884,1.0161724166741002,0.8991523522802126,0.8596650088067619,0.9696271710493345,1.057792936465618,0.9891736910586296,1.0933173285476994,1.2913170841726185,1.0654078415599453,1.0535351672395346,1.0379913828540805
2019-04-23,0.9965497412305924,0.9699394463078375,1.0154409694979067,0.9062517697623215,0.8686968283835281,0.9670632996969168,1.0564695136675377,0.9794334089509446,1.0853820547225306,1.2842788889272954,1.0641049327206453,1.048138549641543,1.04609346833676
2019-04-24,0.9910868315123634,0.9725419646259794,1.0183252640652032,0.9076696530705793,0.8736232754254007,0.9740074707514172,1.056185923067949,0.9791078828012085,1.089676324910144,1.286723265763726,1.0650868337024237,1.050950889922966,1.048128103719561
2019-04-25,0.9677975848188614,0.9455039851040231,1.0056303090538925,0.9014383181917178,0.8457067421881229,0.9439223844459258,1.056913805606893,0.9526861920864709,1.0557399844392314,1.2512952851322083,1.0628037240672754,1.0217330364278248,1.0511744718942209
2019-04-26,0.9588844163312249,0.9428565646833797,1.0047214698932274,0.9055663551631427,0.8563807107788467,0.9446965026864689,1.0586437082643836,0.9459782459681727,1.0537713622930651,1.25236752887753,1.0640360805207456,1.0188721739167192,1.0573946996658459
2019-04-29,0.9588844163312249,0.9243192100911238,0.9957526350654738,0.9016679457198369,0.8218955814857387,0.9245266809959677,1.043336896647795,0.9340032125810084,1.0269252192105947,1.2270990603417622,1.0601376836633734,1.000514616656622,1.0606823361470739
2019-04-30,0.927257044278321,0.8950232328125884,0.9789692662334383,0.8875004261109808,0.7816629306437796,0.8967235040346119,1.014938480042496,0.908580731667332,0.9916993826830401,1.1907424216745537,1.0583459330919376,0.9667189684992428,1.0568090500605272
2019-05-06,0.901380103507763,0.8720354208186033,0.9582865280168915,0.8766317800006231,0.7643830153186291,0.8648851860534188,0.9807293496984534,0.8879547971932241,0.9661095327188205,1.1695395592151103,1.0430573451299017,0.9422377392322466,1.053526490474088
2019-05-07,0.8924669350201266,0.8572203444006768,0.945302881339745,0.8660411512574433,0.7534955451496378,0.8492527635257607,0.9650102077069184,0.871763685450805,0.9496962240233083,1.1503345109583483,1.0335643010569384,0.9262299902609078,1.0430769647188785
2019-05-08,0.8861414606095458,0.8555056058901535,0.9453392188052008,0.8632194692071485,0.7488702884281353,0.8500704806070879,0.963997181195363,0.8707879911322756,0.9477965016248975,1.14381926372016,1.0334602589956567,0.9243772084828313,1.0426828093849132
2019-05-09,0.8861414606095458,0.8600005005396243,0.9491715164103702,0.8639506042521624,0.7499786466731501,0.8597194888801917,0.9722038096357131,0.8738462369479593,0.9527762999974729,1.1463586117180862,1.0357074929712227,0.9292339600223831,1.042905872816036
2019-05-10,0.9005175388154113,0.8683876466648466,0.9563007399335091,0.8676757805078416,0.7567784980873942,0.8690443553375228,0.9840555693291612,0.8821009163437228,0.9620682411622901,1.1526503713872305,1.0406923758571858,0.9382963047562949,1.042443718998094
2019-05-13,0.8847038527889591,0.8581800202931323,0.9480422451778246,0.8584093802675751,0.7460409578950157,0.8558895566302793,0.9720083867546467,0.87249206439557,0.9507594285742788,1.1382394810379266,1.0368852704408833,0.9272669238781848,1.0349687240890115
2019-05-14,0.8939045428407131,0.8657733605312341,0.9554679595986616,0.8657135576140913,0.7527903453665468,0.8637637162822365,0.9808342617973008,0.8802181267786892,0.9591719290462445,1.147767159425603,1.0427658310549461,0.9354715581950499,1.0432184546323804
2019-05-15,0.9068430132259919,0.8747549239555473,0.9661017073015113,0.8721956808677568,0.759217002394053,0.872264777757906,0.9916262905626972,0.890910903935343,0.9691224125194987,1.1541586355396383,1.0509578824670234,0.9451761731839131,1.049934800189027
2019-05-16,0.91345600920069,0.8809388726836114,0.9710369621134555,0.8762953687009395,0.7639788709081768,0.8781942305110945,0.9994224848590285,0.8970852456255831,0.9759734780535326,1.160808844395947,1.053410636379417,0.951857954370725,1.053219800299964
2019-05-17,0.8858539390454283,0.8507176682415724,0.9491249941214988,0.8623409993520801,0.7402143571850688,0.8440656532245037,0.9604464060103141,0.8692843905128034,0.9424920471337997,1.1241844268020953,1.0400973837196854,0.9192038228176606,1.0524379874834042
2019-05-20,0.8775158136860264,0.8506798347935981,0.9443664261603513,0.8610199975772802,0.7413858472703357,0.8450913036428689,0.9571572171711474,0.867015987252264,0.9431797890267477,1.1321438982870307,1.0353399991204413,0.9140615517740751,1.0475479463695514
2019-05-21,0.8916043703277744,0.8637714527572128,0.9538193289552406,0.8684000967375557,0.7527792049137607,0.8594775028893238,0.9700642342941082,0.8793109794658934,0.9596570475847649,1.149153172633605,1.0409016202835515,0.9283514026976872,1.0494073859772857
2019-05-22,0.8832662449683725,0.8556935515250331,0.947992490599102,0.8614986206267021,0.7442700736258541,0.850432623884583,0.964629700768651,0.8731476655589594,0.9482092269544131,1.1350421216377806,1.0366562467827865,0.9214814662520882,1.0445894826172097
2019-05-23,0.8720529039677974,0.8470305035596637,0.9376265709845034,0.8581530514833497,0.7409848150450066,0.8407913171743443,0.9456088334295508,0.8613630008422423,0.9399903124680523,1.1347317495012295,1.0311021027269056,0.9061009740294316,1.0410871922468539
2019-05-24,0.8734905117883841,0.8466360201764879,0.9359357237848046,0.8579282569768932,0.7423625048669958,0.83857543085829,0.9422122499761402,0.8608615528582458,0.9388138396397981,1.1369610849619394,1.0298880397137178,0.9042108779978365,1.0386061027193771
2019-05-27,0.8841288096607247,0.8622314668950656,0.9486001505083265,0.8633693341931588,0.7514657414874127,0.8568826303418874,0.9397328393020432,0.8753872846618631,0.9607278068499592,1.1509505390274666,1.036867016320624,0.9142588296092276,1.039044085185386
2019-05-28,0.8875790684301325,0.8612350898278553,0.9466754885492692,0.861658125940969,0.7518396142198737,0.8559206274120595,0.941054474534986,0.8750784730595849,0.9584025271267752,1.1495637212798968,1.034531864217269,0.9178266689442879,1.0344083397560278
2019-05-29,0.8893041978148363,0.8609875932782792,0.9456830124735646,0.8592377107025907,0.7518372357994874,0.8560679185515366,0.9417905751710556,0.8747641295875632,0.9585014831718409,1.1484411004583344,1.0330471711242344,0.9196105886118179,1.0286002638533924
2019-05-30,0.888154111558367,0.8574904118125855,0.9452810091492181,0.8577949968372631,0.7482747547388723,0.8539599173158979,0.9431289399639091,0.8727206333820677,0.9528813877045341,1.1410211032189173,1.0351985255094296,0.9184213088334645,1.030019981455362
2019-05-31,0.8890166762507189,0.859090883799422,0.945985009060978,0.8559138871518522,0.7491340219792958,0.855912211170094,0.9439319588396211,0.8737892171195524,0.9558787097725406,1.1424324353517192,1.036833651119884,0.9193132686672296,1.0243195931807922
2019-06-03,0.8867165037377804,0.8499154643278478,0.9418095205383954,0.8557871023799941,0.7473771566717422,0.8478279352532756,0.9434802607220332,0.8642995317629844,0.9540872993149461,1.1396008842758425,1.0358564218834656,0.9235573644057424,1.0306148048351649
2019-06-04,0.8852788959171939,0.8513506606269503,0.9414261404943014,0.8620633530926886,0.7479735105275161,0.8487325327383721,0.9442330909180132,0.8657590174899364,0.9534170752053136,1.1405102047913473,1.0362352063381248,0.9224950941630017,1.0419763826149693
2019-06-05,0.8757906843013225,0.8423443883974682,0.93515456209364,0.8611175321142575,0.7483578274567927,0.8409686961918743,0.9447182481554226,0.8566003220695307,0.9477451468432291,1.1410962113457839,1.0357044113028948,0.9194322750553596,1.0475739519690783
2019-06-06,0.8703277745830937,0.8307802438109263,0.9267512148977431,0.8632205709270323,0.7487553966939753,0.831016224890618,0.9452201349527427,0.8448404645650058,0.9394486869696843,1.141702425022787,1.0344507274476633,0.9173425703507408,1.0600228507494955
2019-06-10,0.8818286371477861,0.8340264073818755,0.9314574048161007,0.8634405403029197,0.7475428105205681,0.838505700582225,0.9436893802209165,0.8481415665829769,0.9441427807030093,1.139853473307927,1.0341601362642938,0.9147492181113169,1.0606656029158699
2019-06-11,0.9111558366877515,0.867395872126768,0.9515074766928653,0.8799237728179339,0.7464494951183159,0.8699427349725299,0.9423091915282864,0.8820757800014857,0.9641028517555091,1.1381863856961683,1.0372283241353597,0.9116525721461465,1.058299434759776
2019-06-12,0.9033927544565842,0.8592725590625713,0.9475107840414105,0.8773167714353329,0.7467012889685315,0.8615877914892048,0.942627053166589,0.87381498704921,0.9614291257111015,1.1385703210249367,1.0374965313679219,0.9184651932695213,1.0611132696980545
2019-06-13,0.9031052328924668,0.863555550460202,0.9511572757294139,0.8808739037651501,0.7468470643554984,0.8651214981842223,0.9428110783256065,0.8781704642876961,0.9663882432271725,1.1387925993731713,1.039240473241043,0.9246584851998619,1.065836770611695
2019-06-14,0.8944795859689476,0.8496253901651437,0.9437807918312119,0.8759877184867109,0.7480265197591403,0.8521319424343241,0.9443000091576559,0.8640045483516636,0.9594945972817701,1.1405910332816143,1.0393252550667265,0.9289937895511003,1.0694839142716703
2019-06-17,0.89850488786659,0.8519204264125793,0.9438675375448633,0.8780082783358981,0.7483114443791212,0.8533546869467654,0.9446596946957353,0.8663384260574969,0.9589339959031856,1.1410254864168001,1.0392724227927979,0.926206808182447,1.0678796884002626
2019-06-18,0.925531914893617,0.8841002920356961,0.960755197920706,0.8986656359951266,0.7475626889824272,0.8877771071654511,0.9437144745607824,0.8990629074413619,0.975577791385421,1.1398837839917773,1.041879551011508,0.9228004976207597,1.071657306607522
2019-06-19,0.9146060954571593,0.8657145578259332,0.9563241227723341,0.8933751608206127,0.7486096213070081,0.8666542200386635,0.9450361097937252,0.8803660109433272,0.9753883529788543,1.1414801466745526,1.0448055625220964,0.9444770193769519,1.0842438857119727
2019-06-20,0.9493962047153538,0.910487341750014,0.9839625761786854,0.9202474563674309,0.7488547890032708,0.9154273618857535,0.9453456066520727,0.925896534631247,1.0051128861908845,1.1418539784420378,1.0521318528480215,0.9522186342898779,1.090417684607769
2019-06-21,0.9493962047153538,0.9098325485867602,0.9821552830781258,0.9267008360580239,0.7493716290116083,0.9145495673969746,0.9459980594885887,0.925230659672907,1.0053506933905338,1.1426420562221422,1.0536589310900164,0.962747230571457,1.095867845816802
2019-06-24,0.9493962047153538,0.903429008077665,0.9827809737105231,0.9250419935912357,0.7486891351544447,0.9113644419179784,0.9451364871531893,0.9187187449049914,1.0086965558192698,1.1416013894099533,1.0547223707869207,0.9748241498356212,1.1027412530195773
2019-06-25,0.9321449108683153,0.8881198960206969,0.9715560452807848,0.9124955700664649,0.749199349008829,0.8953527194766447,0.9457805752097499,0.9031505396682403,0.9960127908689512,1.142379363628774,1.0521238299558702,0.9698695162913485,1.0911590739706518
2019-06-26,0.9393329499712479,0.8950841483761959,0.9758875727018206,0.9147995862124747,0.7492391059325473,0.9038003862937842,0.9458307638894818,0.9102326558345785,0.9992343392861941,1.1424399849964744,1.0523503322471748,0.9639858889575248,1.0907920800850306
2019-06-27,0.9508338125359402,0.9035038587666783,0.982489786191105,0.9210179640704285,0.7490800782376743,0.912990648866839,0.945630009170554,0.9187948623757066,1.0067430922710063,1.1421974995256732,1.0540921654938447,0.9673921995192122,1.0950600301094768
2019-06-28,0.9686601495112135,0.9208341810686709,0.9865186879452534,0.9295506019208651,0.7481656689921542,0.9268108377458525,0.9444756695367178,0.9364184850530038,1.0063477763823223,1.1408032080685657,1.0511849113054392,0.9444770193769515,1.087940048709466
2019-07-01,0.9778608395629672,0.9250278240043145,0.9924543370870234,0.9281884735205203,0.7393415642066463,0.9288863828106853,0.9458140343295711,0.9406831016858171,1.007237869540987,1.1273482107800625,1.0536277043607152,0.9450963485699857,1.0917468773691448
2019-07-02,0.9769982748706153,0.9212349405716264,0.9997085247164395,0.9389560738595809,0.730565996678971,0.9240812314949839,0.9474786255406825,0.9368260270560521,1.0015428255683005,1.1139672231150175,1.0596324955184218,0.9822561001520297,1.1172235663633374
2019-07-03,0.9680851063829786,0.9123378061254294,0.9934910370870439,0.9342337524794592,0.7195965372693769,0.9149918687532725,0.9493523362506773,0.9277783164793751,0.9907970016987954,1.0972409885337109,1.0589106079220207,0.9729661622565187,1.1171827991260717
2019-07-04,0.9623346751006323,0.9076034805764266,0.9882850759791342,0.9314306431582449,0.7203278345633498,0.9104727570312384,0.9487751664337593,0.9229638666582359,0.9868852088701687,1.0983560708391313,1.0569318094087206,0.9692501870983143,1.1115870703823756
2019-07-05,0.9631972397929843,0.9088646827332324,0.9879103046409428,0.9253405745234411,0.7166713480934852,0.9118876495686684,0.9487082481941166,0.9242464135459406,0.9869803923353304,1.0927806593120293,1.0558295520000707,0.9571732678341501,1.1035063515047712
2019-07-08,0.9439332949971245,0.886092497143679,0.971724385595749,0.9163261953731447,0.7013141049200533,0.8886998900197618,0.9481979966168411,0.9010888288585784,0.9696153993453435,1.0693639308982,1.0513872992086497,0.9546959510620138,1.0992046120053405
2019-07-09,0.9436457734330074,0.8911364647206486,0.974880724362138,0.9196116083018638,0.7078957805658098,0.8923804874078127,0.9505986884640221,0.9062181611251119,0.972336805025112,1.079399671646984,1.0540267890872494,0.9550056156585307,1.0999583804710318
2019-07-10,0.9445083381253593,0.8901271586959675,0.9770594042545008,0.9263609696481977,0.7078957805658098,0.8912359118718902,0.9485744117148311,0.9051917734887517,0.9783920406163626,1.079399671646984,1.0543321158818775,0.9720371684669675,1.1120678675230211
2019-07-11,0.939620471535365,0.8855662207349952,0.9725521863620414,0.923497616788823,0.7035079968019721,0.8863646217765311,0.9481143488172878,0.9005536456871992,0.9723527968838616,1.0727091778144615,1.0522541349039287,0.9639858889575247,1.1103583082166137
2019-07-12,0.9453709028177112,0.8881986922929206,0.9753404698046805,0.9252680372635786,0.7035079968019721,0.8898777483346502,0.9489090029130446,0.9032306694976715,0.9752898671400879,1.0727091778144615,1.053684003087944,0.9655342119401098,1.1135512797751386
2019-07-15,0.951696377228292,0.900953944342508,0.982679748217122,0.9326134809839609,0.718133942681431,0.9001567904105741,0.9489173676929998,0.9162017929054516,0.9828147213582757,1.0950108239228702,1.055509864128535,0.9664632057296609,1.1152361600950402
2019-07-16,0.9456584243818286,0.8999718466274967,0.9814743424446271,0.9288641329072295,0.7166713480934852,0.8994595897955172,0.9489508268128213,0.9152030740553351,0.9808464500601116,1.0927806593120295,1.054930172966611,0.9627472305714565,1.1096465305479855
2019-07-17,0.9433582518688901,0.8968104567205873,0.9825157967720952,0.9272284118894232,0.7115522670356746,0.8973883729555894,0.9489424620328659,0.9119881804206805,0.9842866620735778,1.0849750831740865,1.0560974066752618,0.9745144852391038,1.1106784381870907
2019-07-18,0.9427832087406554,0.8922355259454317,0.9813815010947958,0.9319433979399301,0.7100896724477287,0.8918993945351759,0.9494192544903199,0.907335822988942,0.9854284624885287,1.0827449185632456,1.0571390062830228,0.9862817399067513,1.12029169002449
2019-07-19,0.9514088556641749,0.9017114126027147,0.9834295493228065,0.9331498255485954,0.7239843210332146,0.8987117494957197,0.9494945375099181,0.9169720806459383,0.9849941551362078,1.1039314823662338,1.056744251349165,0.97389515604607,1.1115064355773543
2019-07-22,0.9439332949971247,0.8853929916340549,0.9732585669623456,0.9247865621921911,0.705701888683891,0.8845911491213937,0.9496785626689355,0.9003774848369565,0.9738292288941298,1.0760544247307229,1.054116215469587,0.9692501870983145,1.110597957396659
2019-07-23,0.9491086831512362,0.8945092956359527,0.9803487132657475,0.9308958184222846,0.7115522670356745,0.8942907470278844,0.9499964243072381,0.9096480742201964,0.9814805985484661,1.0849750831740865,1.0562986856028596,0.9723468330634849,1.1169995670286177
2019-07-24,0.9539965497412304,0.8989171794401948,0.9838227695654446,0.9332352399975021,0.7130148616236203,0.8995537517569161,0.9497538456885334,0.9141305575588011,0.9850713041924146,1.087205247784927,1.0569671498161042,0.9726564976600021,1.1200622461330871
2019-07-25,0.9594594594594591,0.9023098184688493,0.9861214837833602,0.9302275582066067,0.7130148616236203,0.9040804738122724,0.9498374934880867,0.9175806140020333,0.9866656263481797,1.087205247784927,1.0573224164318813,0.9692501870983146,1.1146475489410272
2019-07-26,0.9652098907418052,0.9050355771008638,0.9895740872675516,0.9344769366722072,0.7130148616236203,0.9077219505424589,0.9498291287081313,0.920352503687806,0.9911936501608857,1.087205247784927,1.0585671137290822,0.9745144852391041,1.1222852918504118
2019-07-29,0.9652098907418052,0.9025669664589858,0.9897148825647767,0.9299277829798597,0.703507996801972,0.9038155517757608,0.9494108897103646,0.9178421139944408,0.9911699948075913,1.0727091778144615,1.0581712271675503,0.9732758268530359,1.121572050482855
2019-07-30,0.9654974123059226,0.9059440277652024,0.9924921428776593,0.9333404680940409,0.7078957805658097,0.9082347847872138,0.9499127765076846,0.9212763290760623,0.9947926197721091,1.079399671646984,1.0595798657338946,0.9779207958007914,1.1242484075870938
2019-07-31,0.9562967222541687,0.8994996524790111,0.9864785323484339,0.92305098401873,0.7020454022140262,0.9025055598272428,0.9502390029259427,0.9147228884385689,0.9866176952658998,1.0704790132036206,1.057591469780843,0.9677018641157293,1.1103028784286915
2019-08-01,0.9307073030477283,0.8767737261654773,0.9776066640440169,0.9091635169904672,0.6795183321592739,0.8801530749458549,0.9510336570216993,0.8916123459245542,0.9814944591347814,1.0692332620984661,1.057014022638484,0.9869010690997853,1.1307768635069164
2019-08-02,0.9292696952271418,0.8762189616310214,0.982449946028685,0.9106946763470514,0.6756913316086925,0.8798637111723806,0.9522381853352675,0.8910481924910735,0.9893112491046729,1.070587495703657,1.0596582927107985,1.0030036281186712,1.1492269409786329
2019-08-05,0.8979298447383551,0.8485452462171189,0.985747749563884,0.8985796798029028,0.6525078049699915,0.8521516399556753,0.9186001357357779,0.8629061239227674,0.9566187028343189,1.1557067204299265,1.1261374762651866,1.031802435594755,1.182224194918433
2019-08-06,0.9062679700977568,0.8557335966477807,0.9764742515085995,0.9073578545886982,0.6606984587965223,0.8584350709086778,0.9271302042392481,0.870216130825963,0.9661283986027884,1.0756094453229068,1.0642880360755385,1.0361377399459937,1.1871915234685104
2019-08-07,0.903680276020701,0.8540445119859583,0.9747567523147435,0.91219379342321,0.6623274436889233,0.8581330646116877,0.92448294160024,0.8684984599003308,0.9661073472824236,1.0711235465057118,1.0609444995845518,1.047595330017124,1.2003194632080008
2019-08-08,0.9160437032777453,0.860018945902075,0.9829920809270778,0.9162275715059458,0.6646650223472241,0.8618031061962002,0.9371309742088338,0.8745740058257507,0.970234426868163,1.0726564637115876,1.0641114946175956,1.0540982865439816,1.2077704560331168
2019-08-09,0.9071305347901089,0.8511464231428019,0.9767374167994293,0.9107010728206776,0.658846595645007,0.8532616619296454,0.9280126251189175,0.8655513234670285,0.9607175106234183,1.075082798920888,1.0646167750941915,1.0534789573509475,1.20706083766882
2019-08-12,0.9125934445083377,0.856907313571102,0.9848940713727239,0.9169568326031003,0.6615682344889169,0.8587940315300183,0.9307734604462271,0.8714097118699919,0.9694648961987392,1.080001300139741,1.0705553431282995,1.066484870404663,1.2219628233190527
2019-08-13,0.9246693502012648,0.8679882850419702,0.9873317930637111,0.9187848320062141,0.670750025511985,0.8698131891812799,0.9279367248910532,0.8826782189812545,0.9682329521236767,1.0767097601271243,1.067747705816378,1.0432600256658857,1.1953521346579237
2019-08-14,0.8990799309948243,0.8446590302886916,0.9766003020311824,0.9058530225924581,0.6500187860585916,0.8466658922138065,0.9274099025736637,0.8589541372273307,0.9616126007443944,1.076098474124781,1.0657236837705482,1.0636978890360098,1.2187695406797172
2019-08-15,0.9194939620471533,0.8638188278110485,0.9910437233780844,0.917961364324414,0.6629571601694619,0.8658650037839087,0.927434217449851,0.8784381973748218,0.9758853083864841,1.0761266873248894,1.0688390453101884,1.0640075536325266,1.2191243498618654
2019-08-16,0.9330074755606668,0.8787646467949493,0.9981864110049677,0.9248927504167116,0.6745178262301829,0.8815981845642634,0.926720981081693,0.8936369611245972,0.9806830952971183,1.075299100121717,1.0692409254040667,1.0510016405788114,1.2042223642116332
2019-08-19,0.9482461184588842,0.9056498969635859,1.0121750176937723,0.9455123927187374,0.6970744680088212,0.9099747194857899,0.9250918843771502,0.9209772203708038,1.0138158518068525,1.0734088157144714,1.070698232286965,1.0510016405788114,1.2042223642116332
2019-08-20,0.945370902817711,0.9000624180489096,1.008890582155156,0.942713320383455,0.6934656032025521,0.9053964386262399,0.9247757909867165,0.9152951783179398,1.0073273303554544,1.0730420441130657,1.069810940987433,1.0525499635613966,1.205996410122375
2019-08-21,0.9485336400230012,0.9022914568308441,1.0104092858111329,0.9437259273657517,0.6949909638612236,0.9078019768071016,0.9246380066883224,0.917561941609547,1.0095353702635517,1.0728821693124528,1.0699633789131398,1.0513113051753287,1.2045771733937816
2019-08-22,0.9488211615871184,0.9013030190958818,1.0107137152136845,0.9428673881434732,0.6936331585703946,0.90647601097798,0.9250999893358792,0.9165567754402498,1.0078004986059619,1.0734182201145075,1.070483976857083,1.0525499635613969,1.205996410122375
2019-08-23,0.9401955146635993,0.8892401850253228,1.0116572021949217,0.9439819160535853,0.6824147787330511,0.8928292585409482,0.9242246537931397,0.90428978857331,0.9923225167862567,1.0724025449106143,1.0712718348983137,1.0903290443364748,1.2492831303444787
2019-08-26,0.9476710753306492,0.8970648769014543,1.0162201501800467,0.9489955547055153,0.6888204633493407,0.8994881852156598,0.9251648290057115,0.9122469064380596,1.001689070650876,1.0734934553147955,1.072951441696152,1.0872323983713046,1.2457350385229948
2019-08-27,0.9545715928694648,0.90540117443636,1.0240739207989384,0.9565528531434827,0.6939095378418205,0.9083861591653118,0.9250270447073174,0.9207242884348138,1.011720919047692,1.0733335805141828,1.0747891884648562,1.0971416654598496,1.2570889323517431
2019-08-28,0.9528464634847611,0.9038683320931943,1.0232395534875065,0.9527736303685772,0.6910702597019821,0.908266313868219,0.9250189397485883,0.9191655040908763,1.0129282787991678,1.0733241761141465,1.0744605881701446,1.093116025705128,1.252476412983814
2019-08-29,0.9554341575618169,0.9068551671793385,1.0242142145129096,0.9515466309760409,0.6923782034886794,0.9119443355641665,0.9252620885104602,0.9222028887188278,1.0158608826781155,1.073606308115228,1.0745818492488624,1.0847550815991682,1.2428965650658077
2019-08-30,0.9505462909718227,0.8966074671588443,1.017381064555693,0.9457669869870517,0.6861688269830141,0.9021012549778097,0.9246217967708639,0.9117817554401607,1.0120373582227586,1.0728633605123803,1.072624393599809,1.0844454170026512,1.2425417558836591
2019-09-02,0.9652098907418055,0.9203090358074343,1.0350756986454954,0.9664096150515734,0.7042231104982384,0.9207952867244745,0.9242894934629721,0.9369078587662191,1.0392153395796286,1.105965845583293,1.0896889240418834,1.1084919402606366,1.245380229340846
2019-09-03,0.9649223691776881,0.9199824392784052,1.0402050832610583,0.9682805725153508,0.7022268221074947,0.9212822453506493,0.9236816215582918,0.9364922499288781,1.0388465459357386,1.1014278849038772,1.0951530188790133,1.1113651418325623,1.2620562609018204
2019-09-04,0.9827487061529615,0.9366136723917808,1.0532160112886777,0.9821869898524456,0.7150106353970893,0.9421192126632324,0.9238923504852476,0.9494699803507968,1.0576265773111566,1.1213304996600677,1.1085540825713733,1.1096786431561008,1.2567341231695945
2019-09-05,0.9930994824611847,0.9460913669088569,1.053919389122924,0.986864504973598,0.7236944881010702,0.9559252411857951,0.9246217967708639,0.9558917406202472,1.0683288144323577,1.1358532594155617,1.1089581925818994,1.0987704012709618,1.2290590069620204
2019-09-06,1.0048878665899945,0.9562367553326236,1.0580238312032473,0.994353859342323,0.733784409044626,0.9660995584672213,0.9276368414180772,0.9646423038472974,1.079785013237058,1.1528663076762897,1.113200181040834,1.101447708324059,1.2191243498618654
2019-09-09,1.0008625646923521,0.9603993189399095,1.0605693081962047,0.9953563985826878,0.7319304180857911,0.9700906182661114,0.9245245372661148,0.9713140220209532,1.0844853908106324,1.150806064326151,1.1150701749474583,1.1028904057177322,1.1999646540258526
2019-09-10,1.0020126509488214,0.9622353358026153,1.062065087038535,0.9976778778117465,0.7342485719563834,0.9668919125124166,0.9255052372723321,0.9690715828162877,1.0865586257928106,1.1556120828912104,1.116727483607154,1.101831759587832,1.2052867917580785
2019-09-11,0.9939620471535366,0.9546359480222129,1.0555678699808202,0.9910138963749259,0.7284623853495392,0.9570397436739686,0.9256592314881844,0.9604457065197762,1.0779773774886694,1.1465943653661965,1.1099951957707856,1.0938559394932845,1.2045771733937818
2019-09-12,1.00431282346176,0.9621047238098364,1.0621458820218046,0.9983994135211016,0.7357959755901688,0.9630197810749506,0.9246947413994252,0.9667961459307378,1.086411138393309,1.1579387717511034,1.1170472438853816,1.1008663201047835,1.2113185478546011
2019-09-16,0.9962622196664751,0.9522154148987914,1.0568045865362645,0.9894087696374698,0.7255116902552375,0.9560815832420436,0.9248325256978194,0.9597246436706891,1.0752441052356017,1.1383028901928427,1.1113943310481396,1.090571322202831,1.2081252652152654
2019-09-17,0.981311098332375,0.9334181026735696,1.0433258242997587,0.973229351641784,0.7104921854583095,0.9371410531202179,0.924548852142302,0.9407657618012334,1.0540181317340163,1.111496638588323,1.0975530549717742,1.072737632207853,1.2088348835795624
2019-09-18,0.9864864864864865,0.932678073092211,1.043668342965284,0.9716341717603215,0.7091011415200412,0.9372605684359318,0.9247920009041739,0.9410141230617011,1.0531824884199028,1.105301416803137,1.0979056669420162,1.0709793524291977,1.2017386999365944
2019-09-19,0.9893617021276596,0.9412032606522286,1.052424696348705,0.9799914668238517,0.7140559523531831,0.9476147127887254,0.9248244207390902,0.95129107249786,1.0628091522257086,1.115275522254498,1.106838154844111,1.080191142952151,1.2088348835795624
2019-09-20,0.9859114433582518,0.9346753554695205,1.052309192258155,0.9757655625601004,0.707172104267037,0.9407583998258904,0.9252620885104598,0.9459177246061372,1.0554378248375778,1.1010925039335095,1.106866612469075,1.075533159172494,1.219479159044014
2019-09-23,0.9795859689476711,0.9296748546884266,1.0489264536307537,0.9726455201142653,0.7041683396155003,0.936135288225785,0.920484566065848,0.9407972132863912,1.050100875522474,1.0976092791353782,1.1035225670360131,1.0720941065585474,1.2287041977798723
2019-09-24,0.9778608395629671,0.9267395180525062,1.0489777955930992,0.9708821363596469,0.7011557362313765,0.9321302738298713,0.9153880044038203,0.938530042959583,1.047041833687668,1.091532008990767,1.1036615218948955,1.0701504248247278,1.2347359538763951
2019-09-25,0.9764232317423805,0.9223897118335245,1.0425450163857335,0.965410704185767,0.6986424177962992,0.9287890186991609,0.911139023134017,0.9322979416373264,1.0388880260717268,1.0864654153285382,1.0969389346939078,1.0641195635636156,1.2219628233190531
2019-09-26,0.9660724554341575,0.8993609096398553,1.0233844665543799,0.9444840175049335,0.6830056488887196,0.9080011895044969,0.8853791921126842,0.9070353961289975,1.008035432170657,1.0557487356575055,1.0774707805109784,1.0410532182236574,1.2155762580403822
2019-09-27,0.9652098907418057,0.9047865934846316,1.025752827135601,0.9480376516026077,0.6858344880759101,0.9117619041502179,0.8912749806357533,0.9129275840613914,1.0151164295734685,1.0627790243003654,1.0795510330005607,1.044970195266367,1.206351219304524
2019-09-30,0.9548591144335826,0.8946460190316126,1.0178653996132003,0.9392761637791661,0.6777378694158545,0.903220830927161,0.8847179638513529,0.9048876971671309,1.0071766322200038,1.0496576155945099,1.0713917567123614,1.035312885109741,1.207060837668821
2019-10-08,0.9580218516388729,0.8864214647988922,1.0168393090508556,0.9335989855084761,0.6719897588096329,0.8919986594736862,0.871443815458011,0.8973741840902439,0.9965622920883086,1.0279501508273319,1.070786190563664,1.0314784904541376,1.2187695406797177
2019-10-09,0.9631972397929844,0.894679147109777,1.0245040987415037,0.9410731242414871,0.6778762880817609,0.9005947375178001,0.8821329261705366,0.9058919137139977,1.0059775877605326,1.0374808144773864,1.0786125877050825,1.0394750975178488,1.2205435865904597
2019-10-10,0.9741230592294421,0.9071031130159768,1.0334901587908427,0.9497291675251626,0.6879416991420085,0.9109492653541231,0.9029485628212445,0.919441203009309,1.020126881210649,1.0483730015060204,1.0877771758585502,1.048765852812774,1.2031579366651888
2019-10-11,0.9916618746405979,0.9186386174061075,1.0401694394709327,0.9586735186165466,0.7005288866070762,0.9228975959343483,0.908574410564679,0.9270102532968632,1.0268452154669752,1.0483730015060204,1.0953047636376596,1.0606183223221473,1.1946425162936274
2019-10-14,0.993674525589419,0.9200699402333022,1.0410689083398836,0.9597284517850534,0.7002346415079418,0.9229914647873081,0.9068024267021201,0.9292911014205336,1.0279522483485586,1.0538190950203374,1.0963173274204696,1.0609169182112486,1.1932232795650337
2019-10-15,0.9916618746405977,0.9132372703041756,1.0361669453055606,0.9534561900307222,0.6967307725924814,0.9146236326268897,0.907128125990736,0.922097283011848,1.0203184173660047,1.0388423378559657,1.0913658333507574,1.0556121550724047,1.1907396152899952
2019-10-16,0.9873490511788382,0.9059990454371464,1.0323358648272098,0.9476322016892192,0.6919190959286637,0.906436509203491,0.9073743864284698,0.9155840260342097,1.0122314783184923,1.0279501508273317,1.0873894581564936,1.0500881744376975,1.194287707111479
2019-10-17,0.9884991374353075,0.9067770188583609,1.0338624438544972,0.9483572263381801,0.6930559046569001,0.9071736270352667,0.9073505547732053,0.9165667809840224,1.0131006725965819,1.0265886274487521,1.0889396791053993,1.0513304388119318,1.1946425162936274
2019-10-18,0.9686601495112132,0.8898050001726702,1.0222002402735642,0.9333306163434665,0.6794372264905891,0.8898017382030492,0.9065561662643862,0.9023133545878118,0.9941386089489577,1.0075273001486427,1.0762305232959615,1.0352447333879915,1.1928684703828853
2019-10-21,0.9761357101782631,0.8911146398000093,1.0230233554307564,0.9338738758029055,0.6807978645449636,0.8894076858682798,0.9050627158678062,0.9042170219171092,0.9932148968442637,1.0088888235272222,1.0774476449016264,1.0356642545820542,1.1882559510149564
2019-10-22,0.9784358826912015,0.8981764606607744,1.0307044348848067,0.94069175877938,0.6853168294316299,0.8965332068424433,0.905634675594156,0.9121965567228519,1.0000111113956849,1.0184194871772767,1.0851422521335141,1.0434402446265971,1.1932232795650337
2019-10-23,0.972397929844738,0.8900957788717417,1.0243945114749675,0.9338255858880138,0.6793827930982399,0.8882794934123093,0.9060795331590946,0.9039018597790133,0.9953513806041607,1.0075273001486427,1.0786415201384907,1.0370523531967195,1.1946425162936274
2019-10-24,0.9718228867165033,0.8909395829739075,1.0260254213654372,0.9355340149137881,0.6804138143220506,0.8892993969730346,0.906850090012649,0.9042368985497217,0.9978607200643148,1.0088888235272222,1.0802879142083022,1.038703415283462,1.2020935091187437
2019-10-25,0.9824611845888437,0.9055953556891487,1.0400884944433026,0.9486345981756503,0.6923373021789162,0.9035506002193022,0.9059603748827717,0.9186709387844896,1.0091557836631009,1.0197810105558562,1.094688234687965,1.0529402575011921,1.2042223642116343
2019-10-28,0.9879240943070726,0.912412544632391,1.0425184589737502,0.9531880661266525,0.6970362626312393,0.908448230501705,0.9049356137063951,0.9256069896862495,1.0105821067638006,1.0320347209630694,1.0972378607419155,1.055400247677103,1.1935780887471823
2019-10-29,0.9813110983323744,0.8990335022649911,1.0327670877340918,0.9412100341645825,0.6876455616272913,0.8945445942011058,0.9044113172905746,0.9137673310222193,0.9998313407762465,1.0156964404201185,1.087242467222592,1.045528384466491,1.1910944244721438
2019-10-30,0.9784358826912013,0.8950182554979974,1.0303937492936157,0.9380808516430531,0.6858788686230428,0.8893010361924409,0.9044748683712801,0.90989817421752,0.9982372836372302,1.0102503469058015,1.0847324962836322,1.0431257200759094,1.1939328979293307
2019-10-31,0.9738355376653244,0.8893122797567277,1.0271295939757044,0.9345374344903242,0.681948329325785,0.884587351902811,0.9045860827625147,0.9033872810998433,0.9917137359874789,1.0034427300129054,1.0814266483850035,1.0398212315065931,1.2049319825759308
2019-11-01,0.9982748706152956,0.9027337863391296,1.0384931435923468,0.9455355143136956,0.693482486249888,0.9001341116777352,0.9043398223247807,0.916858597981439,1.0093911472893247,1.0011626718270963,1.09402827118485,1.051325193836144,1.2031579366651888
2019-11-04,1.002300172512938,0.9068799035792418,1.0414052823967646,0.9480616284558251,0.6967600027870964,0.9019656179287538,0.9043795417502217,0.9210695883058975,1.0133822555188308,1.001206643799928,1.0969640217387226,1.0542733162305218,1.1971261805686662
2019-11-05,1.0083381253594017,0.914460138408818,1.0428834192702165,0.9513664967726173,0.7030167534830772,0.9111700690271684,0.904927669821307,0.9287684288537846,1.0227899278135328,1.0018134570250057,1.0984035510577193,1.0557697175737437,1.1779664847326532
2019-11-06,1.0040253018976422,0.9057761451919101,1.0369904016461673,0.9446547240565593,0.6964916710878005,0.9053015936102938,0.9064052324477104,0.919948559733761,1.0190398017879478,1.0034492144143454,1.0924835531618997,1.049803883389753,1.181159767371989
2019-11-07,1.014088556641748,0.9180372042885641,1.0412273238243615,0.9505713631931764,0.7052786259655573,0.9168374911231281,0.9056426194792441,0.9324014640376027,1.029859124905766,1.0026049525359764,1.0967612442152945,1.0540931587284903,1.1541942695287113
2019-11-08,0.9948246118458882,0.9022826296396141,1.0302276150316065,0.9379301438603463,0.6931263069473916,0.8973878296275924,0.905356639616069,0.9164003821649412,1.0114630453216285,1.0022883543315881,1.0848289461970952,1.0429575329903356,1.15667793380375
2019-11-11,0.9801610120759053,0.886784520761139,1.015913888060297,0.9244663982478711,0.6816135925075208,0.8818883542679398,0.9068024267021199,0.9006597789076878,0.9942195215719397,1.0038889341426624,1.0699440269992437,1.024285977663572,1.1531298419822662
2019-11-12,0.9787234042553189,0.885887944734666,1.0158688727316183,0.9242306712296426,0.6807487074146448,0.8810646910310653,0.9068898094380902,0.899749174418241,0.9937717148310509,1.0039856724828924,1.0698770101822745,1.0232799678516427,1.1563231246216015
2019-11-13,0.9792984473835534,0.8860005228966086,1.0179388887880507,0.9247216624833525,0.6811875258807492,0.879204916721125,0.906595885689827,0.8998635140577714,0.9931616384369443,1.0036602798839376,1.0718902230829308,1.0253274908083634,1.1588067888966402
2019-11-14,0.9804485336400227,0.8890101591586488,1.0220200587750128,0.927687613651375,0.6824359279732942,0.8819198598972142,0.9065243907240332,0.9029202412185421,0.995147336088686,1.0035811303328406,1.0760064999463224,1.0299713748950454,1.1616452623538276
2019-11-15,0.9741230592294419,0.8813144572388225,1.0160444227632361,0.9210931935656077,0.6763846801138064,0.8740911000137764,0.9073902741986462,0.8951041269006005,0.9875385314569513,1.0045397193405718,1.0697854296108738,1.0222564640826244,1.1605808348073823
2019-11-18,0.9821736630247265,0.8880082024144219,1.0222668157603907,0.9278725849509173,0.6820005787818965,0.8816785006899731,0.9098131591505445,0.9019026071500584,0.9928547662360357,1.0072220096833067,1.0764908346403386,1.0284160649989058,1.1680318276324981
2019-11-19,0.9939620471535362,0.9024120398962745,1.0372597842712423,0.9401948043340037,0.6926619851968538,0.8927644492177712,0.9102500728303949,0.9165318172660545,1.0048056422881968,1.0077057013844555,1.0917303107731697,1.048006275165071,1.1698058735432402
2019-11-20,0.9795859689476709,0.8908430902534344,1.0292677147796383,0.9308943437843039,0.6830761851897769,0.8800078393518076,0.9099879246224848,0.9047818516503138,0.9989777499362383,1.007415486363766,1.0830791137157105,1.036604047205733,1.1719347286361304
2019-11-21,0.9792984473835538,0.8936167148903272,1.0287996922878255,0.9318038376885159,0.6849497673251201,0.8831276869601554,0.9103771749918061,0.907598874381036,0.9971021226620917,1.007846411697517,1.0824607467471872,1.038590878739266,1.1630644990824206
2019-11-22,0.9666474985623922,0.8823229596977751,1.015947679723551,0.921871070925542,0.6761295417385503,0.8748352734994429,0.9099640929672203,0.8961284091026943,0.9865897674804699,1.0073891031800672,1.0692263581345385,1.022242287114702,1.159871216443085
2019-11-25,0.9758481886141461,0.8846958398931474,1.015817473009841,0.9230084502341134,0.6779675106448573,0.8767468188947326,0.9092809188496357,0.8985384170607765,0.985583207074281,1.0066327852473616,1.0697060998938812,1.0189154493269696,1.1545490787108592
2019-11-26,0.9738355376653248,0.881325444560814,1.0148817859694252,0.921103058542341,0.6762834459754153,0.8745689883666268,0.9090584900671664,0.895115286138007,0.9858261643792195,1.0063865421995042,1.068692922571587,1.0155840893705868,1.1602260256252335
2019-11-27,0.9726854514088557,0.8819627683065056,1.0162803057477576,0.921297909969404,0.6754344464484775,0.8734710631374697,0.909995868507573,0.895762581902027,0.9865511779247919,1.0074242807583325,1.0699756027439882,1.0199144883736815,1.158097170532343
2019-11-28,0.9686601495112135,0.8807898605463543,1.0149287713066957,0.9203177348356265,0.6745027209336211,0.8722661567541882,0.9094874598619288,0.8945713219970499,0.9855015793939184,1.0068614395060864,1.0683914188385653,1.019312129238096,1.158097170532343
2019-11-29,0.9597469810235769,0.8831129763402709,1.0133249543851859,0.922654376580112,0.6762898034883492,0.8745772098951711,0.9108855836374505,0.8969307869046355,0.9846784300331061,1.008409252949763,1.0663397022019703,1.0196872520493225,1.1605808348073818
2019-12-02,0.9583093732029905,0.8784911834978847,1.0119252237670646,0.9191862890745963,0.6725278713516639,0.8697122835057052,0.9121724930217374,0.8922366782208169,0.9837765796905666,1.0098339448695106,1.065797827317747,1.0159340130617809,1.1630644990824206
2019-12-03,0.9623346751006326,0.8824980233584365,1.0176012796267033,0.9252321935672999,0.6755555863580487,0.8736277211316803,0.9128238915989693,0.8963062119332748,0.9920353415438743,1.0105550852239509,1.068540683404661,1.0202457455624308,1.1800953398255432
2019-12-04,0.9683726279470961,0.8875861021336144,1.020582565796238,0.9289990381011652,0.67947451187832,0.8786956711874508,0.9126570700121173,0.9014739023895575,0.9944411060170255,1.0103704029380576,1.0693775284324596,1.0259912736266465,1.1769020571862077
2019-12-05,0.9749856239217943,0.8980557798299745,1.0273684120091258,0.9376535462779133,0.6883554336047941,0.8901804691317259,0.912522023965618,0.9121073960720417,1.0009626468358823,1.0102208982304295,1.0714345494782982,1.0399277801526854,1.1761924388219107
2019-12-06,0.9813110983323752,0.9065881048796504,1.0308946352504573,0.9423478523535427,0.6945134967211443,0.8981440693972867,0.9122678196427959,0.9207732239173605,1.0018572403766026,1.0099394776043067,1.0720853462927225,1.0523671825539553,1.16093564398953
2019-12-09,0.9755606670500289,0.9010285609431496,1.0276980881609712,0.938070387625957,0.6889413135928918,0.8931948630300738,0.9109729663734207,0.9151266914222078,0.9994025632227221,1.0085059912899927,1.070076104621289,1.0470747396990046,1.1630644990824202
2019-12-10,0.9807360552041405,0.9068364626810638,1.0323037276305973,0.9431938936506201,0.693382514387298,0.8979860596673441,0.9104645577277763,0.9210254677006857,1.0042978299520822,1.0079431500377465,1.0712212200332603,1.055522164384304,1.164838544993162
2019-12-11,0.9804485336400234,0.9032743575556877,1.0308251749173485,0.9413791436789168,0.6905966394157169,0.8961559201424982,0.910734649820775,0.9174076273577877,1.0040234383237785,1.0082421594530022,1.0711618108492453,1.0485256906880005,1.1719347286361297
2019-12-12,0.9870615296147213,0.9113976738356125,1.0333059223890015,0.9457008806499896,0.6972924989378447,0.9034639449776196,0.910655210969893,0.9256580467927081,1.003843031463401,1.0081542155073386,1.0716143364345538,1.058168797195946,1.156677933803749
2019-12-13,0.9994249568717656,0.9246530332183042,1.0414324771896728,0.9579806986721594,0.7093838799148025,0.9168362678460309,0.9107664253611278,0.9391208089084812,1.0130682330877752,1.0082773370312677,1.0745687934831498,1.068711863391212,1.1644837358110136
2019-12-16,1.002587694077056,0.9354563900768605,1.0489519551024113,0.9675186747848529,0.7164170328117182,0.9263562775689582,0.9106790426251578,0.9500932027334621,1.0210196997228294,1.008180598691038,1.0769497092710765,1.0847351004471975,1.1680318276324975
2019-12-17,1.021276595744681,0.9524068147784519,1.0582719226520378,0.9816025681813899,0.7301613584403277,0.9401419274588736,0.9102024095198662,0.9673088457749343,1.0302603954441072,1.0076529350170573,1.0797682996030284,1.0988388752182527,1.168386636814646
2019-12-18,1.017538815411156,0.9503220494888376,1.0565578844346317,0.979764394599374,0.7277632090864857,0.9377123602232273,0.9104407260725121,0.9651914607723105,1.0284126305819796,1.0079167668540476,1.0793817788169848,1.0965901797459334,1.167677018450349
2019-12-19,1.0143760782058655,0.9503615675372665,1.0567627615487587,0.9800946987373471,0.7271121237993529,0.9374505257174779,0.9107028742804224,0.9652315971480903,1.0288653191923056,1.008206981874737,1.0796482644526317,1.097835106771915,1.1694510643610911
2019-12-20,1.0132259919493964,0.9436659379424459,1.051390803750824,0.9748679696441543,0.7238850156708023,0.9286443033307152,0.9118388498480337,0.9584312029944544,1.023690657889338,1.009464580297724,1.0789278035337597,1.082988197771041,1.1712251102718332
2019-12-23,0.998849913743531,0.9269223003458751,1.0424718680016947,0.9620342660246509,0.7113113753351679,0.9135053785620842,0.9130622081516151,0.9414255825953811,1.0038230884023582,1.0108189170609405,1.0770498415999687,1.0617672929540478,1.1772568663683556
2019-12-24,1.0046003450258774,0.935037772535103,1.0517879064681104,0.9705122402223375,0.7165580420663274,0.9235447637234953,0.9155009808736899,0.9496680352054109,1.0112659218809354,1.0135187961928083,1.0821434257985498,1.0721245149865477,1.1879011418328074
2019-12-25,1.0057504312823466,0.9403287497189255,1.0552904749658012,0.9751954879992767,0.7207908398880489,0.9283070198178542,0.915215001010515,0.9550417987624215,1.01729287914361,1.0132021979884198,1.0830269940990271,1.0798043081474913,1.1896751877435494
2019-12-26,1.0161012075905695,0.9531111163558234,1.0621606782978554,0.9864404042291192,0.7312921296712678,0.9369561395154221,0.9164224715439201,0.9680241673531855,1.0337316804562748,1.0145389459625038,1.0863505985945046,1.0956711102622803,1.1935780887471816
2019-12-27,1.010638297872341,0.9380806516258681,1.055357096861519,0.9744647278631962,0.7188098896740425,0.9256043170978471,0.918201901803675,0.9527585253357291,1.0151633239865143,1.016508890345365,1.0856882686779952,1.0745965169079121,1.196416562204369
2019-12-30,1.0287521564117312,0.9631289966944325,1.0655271452175405,0.9954540094739892,0.7407756418704893,0.9524109290245731,0.9177332125834717,0.9781987945367443,1.0370812861469423,1.015990021065951,1.0887682917059827,1.1064345194384313,1.197480989750814
2019-12-31,1.043415756181714,0.9784180728296592,1.0746455909617634,1.0078598225545068,0.7523411650313836,0.9680443572127928,0.9174472327202968,0.9937270943765261,1.0520840035707741,1.0156734228615625,1.0915411775181134,1.1245961806263425,1.1960617530222206
2020-01-02,1.053766532489937,0.9836871447085466,1.0849661169549283,1.0134326306328398,0.7548290642037992,0.9713840551391996,0.9156995780008947,1.0036200410653524,1.0581916636444637,1.0113880267561657,1.100580561711612,1.1284759734318048,1.2035127458473367
2020-01-03,1.0451408855664177,0.9782326034015814,1.0892947839847726,1.0139284351898012,0.7489416110154914,0.9661815750170447,0.9148178067561054,0.9990601230789853,1.052323995076176,1.004802211495183,1.1079571087733466,1.1224321498904897,1.2404129007907692
2020-01-06,1.047441058079356,0.9876745752457657,1.0976790454691079,1.0209237595007945,0.7572572310408666,0.9722047394457908,0.9156916341158063,1.0084644858091147,1.0624811023918783,1.0101314421250998,1.114164675444929,1.1303627798014715,1.2318974804192078
2020-01-07,1.0477285796434734,0.9903491107335892,1.1081535854182611,1.026903129721879,0.7583759721044775,0.9757517411811719,0.9154533175631606,1.0130808708110401,1.0653582073459893,1.008601682862765,1.1259036563887723,1.138245125392634,1.258508169080337
2020-01-08,1.0485911443358251,0.9881336268893081,1.1004841169024164,1.0198257637181325,0.7573069536476382,0.9742965835586114,0.9160888283702159,1.0119477503492362,1.0629749226323806,1.0017089336907061,1.1153412592786556,1.128644033030041,1.2205435865904593
2020-01-09,1.0563542265669927,0.9977175220890266,1.107899562902358,1.0267344200035597,0.76809248919466,0.982588026717835,0.9168355535685058,1.020309201269917,1.073284702586442,1.008566984630004,1.1207245568660653,1.136147879895205,1.2109637386724525
2020-01-10,1.053766532489937,0.9898996009650497,1.1043602923999352,1.0205313942062573,0.7605523648569101,0.9783311741016939,0.9182257334589392,1.0154073670904944,1.0648746516826322,0.9967310732984695,1.118023491233139,1.128467654042608,1.2145118304939366
2020-01-13,1.066992524439333,1.0048412277471266,1.112974628306532,1.0306351037732004,0.7727991567328524,0.9909688057245637,0.917836483089618,1.0296412899695748,1.0812579241514426,1.0107857085455325,1.1238151331187625,1.1390417297160054,1.1949973254757753
2020-01-14,1.0618171362852216,0.996247409653272,1.1097768969699313,1.0248197956787426,0.764926733702331,0.9819798621739113,0.9182733967694684,1.0230424416226045,1.070980250242396,0.9994840386184601,1.1221032321451814,1.132434316876765,1.2056416009402269
2020-01-15,1.054629097182289,0.9930709090394528,1.1092304136586733,1.0228507809312746,0.7638614117736706,0.9766353301904221,0.9197032960853428,1.0187174319216636,1.0684679140086972,0.9947073736761658,1.121834855256691,1.1313566011821563,1.2109637386724528
2020-01-16,1.0526164462334677,0.9919982150095661,1.1098784277608458,1.0213806265210588,0.7637660860052873,0.9724458682006766,0.9176617176176777,1.0183271558035654,1.0707300403766862,0.9892560437752972,1.1217884874599402,1.129837083489908,1.2070608376688206
2020-01-17,1.053766532489937,0.9913690522794852,1.1091369349322178,1.0210909859343846,0.7644282245995174,0.9731147396251347,0.9183290039650858,1.0172726620948929,1.0697812376498619,0.9897362651557705,1.1213130557956295,1.1292057163413096,1.2088348835795626
2020-01-20,1.0557791834387582,1.0003867345691642,1.1202973736640227,1.0297301296872843,0.7723394225749504,0.9771450767136891,0.9193299334861977,1.0266192530042728,1.0831771991232277,0.9949398546543163,1.1313910476994178,1.142018961029323,1.2152214488582336
2020-01-21,1.0345025876940772,0.9852884095070625,1.1067346372910687,1.015977401742541,0.7597613707695292,0.9602531720403423,0.9208551594231305,1.0121871236911064,1.0660470047651944,0.9791658356368468,1.1182003459665015,1.1284564151056182,1.2095445019438593
2020-01-22,1.0322024151811389,0.9850474873123687,1.109936171924925,1.016714135153644,0.7605439348087266,0.957230399375744,0.921419175264392,1.0118777493737396,1.0675939415051492,0.9756309409233562,1.1214871368335977,1.1323480546752658,1.216285876404679
2020-01-23,0.9312823461759634,0.8781367079706485,1.0252232390587122,0.9288111499196819,0.6749430012956487,0.8579242232545272,0.9270911092173605,0.9056004495706433,0.9483345216750901,0.8715027723176773,1.0483524100685,1.038910425140123,1.2453802293408467
2020-02-03,0.9082806210465786,0.8631667562216776,1.0255201704115886,0.919349332028359,0.6543863886876217,0.8434974054271883,0.9105122867476863,0.8975467923869731,0.9420732943289187,0.8563019413804563,1.0469371158780134,1.0398223590592433,1.2658712907193623
2020-02-04,0.9468085106382981,0.8961988147842742,1.055143855683489,0.944330073003416,0.6890583869402589,0.8675689216580708,0.936496256760925,0.9226091280093384,0.9812101523537964,0.885475372974378,1.0735773110047884,1.065071195844824,1.2610126843835596
2020-02-05,0.9580218516388731,0.908150878296865,1.0673199981917019,0.9576835131809522,0.701276676319276,0.8803029627629638,0.9502420025229802,0.9388171492747506,0.9899248304884506,0.8943112439658292,1.0848214707863573,1.075991450625262,1.2666536706658873
2020-02-06,0.9715353651523867,0.9316385085675518,1.0922257149570251,0.977422435863754,0.7209424179135342,0.898644000285821,0.9700402140039084,0.9579766820404426,1.0175057789503643,0.9224323631098046,1.1082199483761068,1.102673154828498,1.2754499707620894
2020-02-07,0.970960322024152,0.93748666149302,1.0959158923099315,0.9788242669624012,0.717263669072967,0.9014662646205281,0.9730867039357881,0.9637542707714883,1.0279176504048761,0.9413614581796561,1.1117819509932627,1.1071610742373652,1.2762956305418183
2020-02-10,0.9827487061529617,0.9423691398948654,1.105764971575572,0.9860232705083352,0.7209638413154157,0.9137632559174523,0.97247034931297,0.9717238066598184,1.0317338373831177,0.9434082176693441,1.1208027455708385,1.1206554634195014,1.2793808508172269
2020-02-11,0.9913743530764808,0.9411547703693505,1.1024938863408382,0.9848596244610456,0.7224613403532073,0.9137471498851474,0.9736796319999846,0.9702114269190864,1.0297475896301833,0.9389339300619258,1.1181200284768686,1.1113236767962873,1.2863205493504482
2020-02-12,1.0002875215641176,0.9594575288536481,1.1205503967405137,1.002151141233461,0.735229965502087,0.922622161121362,0.9720893424389792,0.9848162688018927,1.0551428635820956,0.9634481378531349,1.1345997926982303,1.1320892003382277,1.3091859404842936
2020-02-13,0.9930994824611848,0.9557837106520286,1.1138072487568922,0.9963450818758028,0.7293122059927757,0.9134582752422636,0.9710457149145693,0.9756013296561881,1.0547138211151963,0.9670580305472721,1.1288334408123502,1.1225437144055666,1.3216810619857993
2020-02-14,1.0048878665899945,0.971374071278657,1.1240957892445123,1.0045735720396354,0.734406832147404,0.9350134578541573,0.9710125838820484,0.9866895124523154,1.0702348017519678,0.9960331131494066,1.1389031964279683,1.1434031943724585,1.3022056471954506
2020-02-17,1.0253018976423236,1.0007518354588263,1.148693659697696,1.0298286754742991,0.752978509908121,0.9692892360746689,0.9689998736564007,1.0224396068097055,1.1085715838529278,1.0347022354401798,1.1617851518903959,1.1677769141190462,1.3037116524852888
2020-02-18,1.01926394479586,1.0034328403745691,1.1543377681155766,1.0269583370407125,0.7475287057807056,0.9613895053967662,0.9691158322702239,1.021694183756724,1.1213228673213382,1.0501618515650186,1.1677928466259504,1.1831250464581997,1.3041252885207761
2020-02-19,1.0247268545140888,1.0013810344566367,1.151517936602139,1.024788286079562,0.7442061038188544,0.9548338457004948,0.9692483564003076,1.018389670993011,1.1190052733635727,1.0518618652052998,1.1657749357900706,1.1831586911488017,1.309731433894311
2020-02-20,1.044278320874066,1.0236554111505016,1.1706516283695154,1.042871108842741,0.7565298545351403,0.9660605070453261,0.9688342184937958,1.0334329956151176,1.138783026878909,1.0869096771987163,1.1848260876829513,1.2152573149077806,1.3117765782697866
2020-02-21,1.044278320874066,1.0355512113168905,1.1899798113804543,1.0508939950414933,0.7619836943078063,0.9753082539727429,0.9694140115629125,1.0439565284299488,1.1611814307113777,1.1076324897327725,1.2049657239726115,1.2387483137210091,1.3212102057166086
2020-02-24,1.0235767682576198,1.0297427554736105,1.18028889129507,1.0372517093096185,0.7538436036829159,0.9556750639416587,0.97142672178856,1.0287771081191108,1.1619121274577524,1.1124786963456703,1.1938631318357509,1.2383796965658576,1.2967698067636042
2020-02-25,1.0273145485911448,1.0345671430686123,1.1858939997797049,1.0382503322956635,0.7598108986603488,0.9582601464158796,0.97107884594709,1.030774269750081,1.1689194988170155,1.1164686393970054,1.1987069786497568,1.2437673984547093,1.2824672473179974
2020-02-26,1.0327774583093736,1.023590665667111,1.1766020827652066,1.0364963635404285,0.7506152413895333,0.9579190292881895,0.9707558183800108,1.0327998804268421,1.1487897590343,1.098718210621762,1.1909641667281525,1.2262810003322486,1.2894880167384606
2020-02-27,1.0117883841288102,0.9871747295799552,1.1514907689277851,1.0102128049599597,0.73416989251629,0.9456812959105103,0.9723129769084954,1.005560120277643,1.0949104953848985,1.031041432490588,1.1674312078340654,1.1752198154970035,1.26033673295851
2020-02-28,0.9939620471535369,0.9798288219925279,1.1307237241674148,0.9966889355505972,0.7255315128263309,0.9332196651917518,0.9762390042622275,0.9919472261449447,1.0918003945597021,1.033213077366317,1.1452684708715153,1.1657784420737305,1.2444317263280034
2020-03-02,1.0425531914893622,1.013127772955406,1.1755186305902747,1.0343821110171747,0.7523257493163078,0.9588251871827166,1.0051679543357463,1.0274945020146882,1.1287699255330363,1.063904151186329,1.1824486601909088,1.1987262574240594,1.2834712700111246
2020-03-03,1.027602070155262,1.0023606455856056,1.1596198118919174,1.0257458507390018,0.7492613528115869,0.9431963077379116,0.9900092118598818,1.0211503240738096,1.1112733578213358,1.046562481461762,1.1733449401144147,1.1875656380804271,1.2675536772302138
2020-03-04,1.0523289246693506,1.0226417736624673,1.1857686506501097,1.0491481574975043,0.7635506300256736,0.9648922661575887,1.0123319821519816,1.039447995616683,1.131553083359633,1.0706361296462477,1.1951797248528349,1.2102947375738449,1.2938372478972024
2020-03-05,1.0569292696952277,1.018696197772858,1.1758956543076016,1.045804466837502,0.7609129986767693,0.9532092118198124,0.9994398891143819,1.0446645763497717,1.1185655369300256,1.057672713400355,1.1914273533244724,1.2014250804623576,1.2823106302791871
2020-03-06,1.028464634847614,0.9994903400323898,1.1597255580721093,1.0275291714272534,0.7526023942229777,0.9314479670318168,0.9796972847502795,1.0259096357466102,1.1015474272973964,1.03352662402513,1.1795270059815517,1.18561144499256,1.269017840090771
2020-03-09,1.0066129959746986,0.9728048476746058,1.1287140548158088,1.0036123733445395,0.7329650864852683,0.9024891320478472,0.9212377538734342,1.0043573477874241,1.0622203945465238,0.9975544489812652,1.1496780202995158,1.1497315332896292,1.2348416219665004
2020-03-10,1.0313398504887872,1.0069120371049076,1.1547849742966694,1.0280314564272621,0.7526529897663959,0.940430293263755,1.0022256882798897,1.0274590248996949,1.1103795760249298,1.0513205841491557,1.1706033342433073,1.1917125083512015,1.2511461238274937
2020-03-11,1.0011500862564697,0.9720473553959673,1.1223746239509196,1.0005982839457817,0.7293763484259035,0.9023055893590016,0.921237753873434,1.00232726919019,1.0659062489661253,1.0010626986318343,1.143311436964807,1.149958060169131,1.2236386623626556
2020-03-12,0.9608970672800463,0.9320968550310392,1.065219753104367,0.9524257769403125,0.690038231057537,0.8775450627525904,0.911114262072627,0.9565871402554248,1.024832536200453,0.9691428883541203,1.0872917055440898,1.1047277639713942,1.1529810808508867
2020-03-13,0.9758481886141465,0.9652810134385756,1.0897714492502613,0.9787254359072428,0.7144704256694173,0.9049964345525955,0.967805816157146,0.9822327607343533,1.065507906485537,1.0166205889630755,1.1043237118237403,1.1415491323094642,1.167929099779276
2020-03-16,0.9396204715353654,0.9246600416090598,1.0543046281494448,0.9439261263291032,0.6845582594778347,0.8660854773240274,0.9217114164207318,0.947282044585195,1.0154706023766786,0.9663854757123512,1.0696189209462388,1.0921075816887287,1.145890947179938
2020-03-17,0.9243818286371481,0.9203923131464609,1.0534387207559242,0.9418779953655524,0.6833447985343712,0.859239251671679,0.9168632080320175,0.9416025638668197,1.010850124533256,0.9627353952375872,1.0719112199420298,1.0926297207194176,1.1571251721522902
2020-03-18,0.9036802760207018,0.8991614297205945,1.0325761154763087,0.9203249910162854,0.6718265997231707,0.8427004754464605,0.8942752553019263,0.9211323627645693,0.9890941966637405,0.9360796363846976,1.0495919360909474,1.0644302953332692,1.1332438667048828
2020-03-19,0.8973548016101212,0.9083204332207603,1.0402788266476533,0.9262432050878343,0.6759588493976783,0.8471576962832117,0.9077872079723324,0.9191142202605967,1.0049676898553868,0.9618577984591473,1.0569675142620607,1.0866814935663451,1.1453870741374836
2020-03-20,0.8766532489936749,0.8844911826729212,1.0183383574448506,0.9089413147071127,0.6650389120562151,0.8244530456865443,0.8814328446210463,0.906841348361098,0.9692803617968839,0.9215871574607043,1.038799827422193,1.0541542035501261,1.1310400512051453
2020-03-23,0.890741805635423,0.8884986220120793,1.0433102829122465,0.925189253876577,0.6676337314413892,0.8363629865267628,0.8774913122113698,0.9171273940248704,0.989729284273669,0.9175827977248767,1.07145278576624,1.0663893527588728,1.1871569622961504
2020-03-24,0.9206440483036232,0.9094427497171427,1.0771989002268632,0.9524391915962974,0.6864647886767844,0.8593768068470136,0.8921109755592865,0.9429281373907782,0.9941062624149944,0.9326740545255443,1.1028717827117718,1.0839261196902532,1.2367856752868716
2020-03-25,0.9177688326624501,0.9037632661341305,1.0705050291766258,0.9469191615628605,0.6878843424234704,0.8537009229955717,0.8835094156093452,0.9431683139089606,0.9913437928095122,0.9168251324943587,1.0955738891079443,1.0704073086497536,1.220874188789506
2020-03-26,0.9309948246118462,0.9166797454500527,1.0819610872406085,0.9590943974784499,0.7028641538095982,0.8631089473309466,0.8926997365002393,0.9616505698607342,0.9964534141355608,0.9223460051174978,1.107258463589801,1.0781598235773668,1.2290740329647476
2020-03-27,0.9108683151236346,0.8913859874139118,1.0489250042614147,0.9340830591543143,0.6820583354058214,0.8472917779019701,0.861082864144317,0.9412607734395437,0.9966785604228063,0.8921777478966949,1.0791037014357592,1.050721616040486,1.1883048622277668
2020-03-30,0.9235192639447961,0.8987072369353248,1.056417685376692,0.9412907023270535,0.6816006243057957,0.8561630092001796,0.8770133298359437,0.9462524978566014,0.9947388860940368,0.9057390097682301,1.08495403782083,1.0538239315074094,1.2024696528278562
2020-03-31,0.912305922944221,0.8867834645589839,1.0405276331256679,0.9288630416188374,0.6793908425360631,0.8374265777471346,0.8467714908760835,0.9391000372227375,0.9920423788685747,0.8839926566209299,1.067453802840033,1.0352277084664154,1.1741116352498586
2020-04-01,0.910580793559517,0.8849360053777134,1.037871925869556,0.9221420117887151,0.669563679817435,0.8440381594562875,0.8726930671273921,0.931207453239113,0.9944604881808918,0.8875096178603402,1.0656987005257008,1.0349049072549537,1.1685275427918103
2020-04-02,0.9255319148936172,0.9064932155577266,1.0603186646083385,0.938699590663973,0.6821038410473591,0.8745158975462484,0.9288564823385609,0.9458663144180248,0.9983410475927267,0.9207639137466942,1.0880697274344495,1.055552597975568,1.185729100139359
2020-04-03,0.9399079930994828,0.9217461456439915,1.0818640495477658,0.9596386543151197,0.6965732385159502,0.8895511980049244,0.9569381899441453,0.9597733335849123,1.007224475177859,0.9449265391588768,1.110810209348949,1.073278717493051,1.2194853755691937
2020-04-07,0.9416331224841865,0.9238109614324881,1.0813529360319132,0.962384978482148,0.7056087823406938,0.8899378219661627,0.9598652411604309,0.9656583314374854,1.0072661827185971,0.9459302315459042,1.1094179705454008,1.0718935087602468,1.2127371998664802
2020-04-08,0.9459459459459462,0.9320988022305665,1.089173787009509,0.9696506479547834,0.709163015337638,0.896735694796355,0.9655378058149575,0.96973073934665,1.011350119333142,0.9578628376777907,1.1165242574681382,1.0799831891157503,1.2232089339973258
2020-04-09,0.9445083381253596,0.9307954243404184,1.0924892361199523,0.9735095545156737,0.7108030843128407,0.8982312114286186,0.9651772614513223,0.968895628133248,1.014334746524538,0.9474840697730214,1.1209353729400156,1.0863784867417192,1.2317103127659668
2020-04-10,0.9370327774583095,0.9093326378425309,1.0753304411452902,0.9600374689733554,0.6990452264375618,0.8819575053459882,0.9628457412331484,0.9578177565716488,1.0121235524304701,0.9126000830459429,1.1050774010345161,1.0675959903839334,1.2194981463370145
2020-04-13,0.9399079930994827,0.909678837888858,1.076128398585764,0.9613682676898746,0.69851217423661,0.881308183339228,0.9585716455037719,0.9592902771022999,1.0151558031090857,0.9132287593273188,1.1066983725179118,1.0718255693199006,1.2222743930243631
2020-04-14,0.9528464634847615,0.9242755508866484,1.0959073343873125,0.9790107401680815,0.7121296902742759,0.8932776247080405,0.9773212131419876,0.9716346870591804,1.0171822203935093,0.9279473464319804,1.1249522327987773,1.085348962231501,1.245449625146511
2020-04-15,0.9427832087406557,0.9170296576829615,1.0909623241015425,0.971758660390073,0.7047651183412303,0.887988233681147,0.9773212131419876,0.9634082291770283,1.0190849277966725,0.9227211098125262,1.1196082993355563,1.0779606293230537,1.2393302597170037
2020-04-16,0.9554341575618173,0.934970202814895,1.111708505008497,0.9902827024799086,0.7163415476574274,0.9093273000281564,1.0218514362827495,0.9730279271144917,1.0173568275117637,0.9454943362440312,1.1376005969816148,1.0915177325132563,1.2676625165234292
2020-04-17,0.9588844163312249,0.9380703065168532,1.1103598620913422,0.9904949868894007,0.7184999432010648,0.9149376663822332,1.0429446998757421,0.9755491467433066,1.0122771031477436,0.9588297803556212,1.1342601399604226,1.0819235279004618,1.2663102992871245
2020-04-20,0.9571592869465211,0.9373025773840686,1.1146646759330763,0.9920269027070018,0.7208208840396254,0.9112464575967435,1.0407810909146704,0.9754869703796396,1.0155669863724448,0.9539204143921628,1.1396160220760378,1.0868687785645084,1.2659989538849479
2020-04-21,0.9453709028177114,0.9228620750970872,1.1019147144251535,0.9767525594505415,0.710704099702227,0.9001715335700972,1.0419531708083842,0.9652950077175366,1.0173626777292406,0.9322041810653571,1.1286159182747415,1.0766076492211236,1.242440641253612
2020-04-22,0.9606095457159287,0.9396748226922648,1.1267908872249948,1.0003866896797529,0.7307877198204957,0.9085332371896134,1.0450040258258464,0.9833366105906447,1.0235051816927854,0.9602952202874894,1.152209275279018,1.0919290485956399,1.2743370522095963
2020-04-23,0.953421506612996,0.932586369462766,1.1227299674126658,0.9972657657739789,0.728606976382169,0.9014679948614607,1.0484685560999134,0.9789815642851066,1.0263737154019303,0.9554680531542803,1.1481894456011397,1.084691379815975,1.2749274098332541
2020-04-24,0.9491086831512364,0.9245410800565022,1.1207382767353349,0.9990031991189401,0.7279587913201099,0.8958992835961831,1.049261433675073,0.9760754813758635,1.028727797214828,0.9445001290790792,1.146530264119257,1.0773291364292763,1.2879879916882202
2020-04-27,0.957159286946521,0.9273342478209121,1.1259414539586179,1.005108812045421,0.7309758759810647,0.8957239089977227,1.032137687413808,0.9817302650934339,1.025174001502603,0.9394590444867356,1.14919705134445,1.0681533239506376,1.300647730141833
2020-04-28,0.9588844163312249,0.9318284688994036,1.1289524634960155,1.0101650039762957,0.7355347540688474,0.9036420003661833,1.062127160171594,0.9844942922301363,1.0315526345639825,0.9599315176111438,1.151641697357247,1.0649863038820855,1.3136958312876934
2020-04-29,0.9700977573318,0.9401546052150219,1.1470566316803854,1.0222964708896973,0.7329266462031373,0.9156824336251543,1.0771218965504872,0.9902683449007527,1.0284683066539029,0.958116232261962,1.1669311746667355,1.068710643807498,1.3453125468722127
2020-04-30,0.9700977573318,0.9485397124562397,1.1471848939942988,1.0184671693784433,0.7327951487957342,0.931262490500447,1.1321025966064286,0.9910707832327215,1.0308718345220897,0.9784947013744569,1.1687714967251108,1.079983208596079,1.3266609157666187
2020-05-06,0.9853364002300173,0.9744718152700709,1.160318465151827,1.0282953208731926,0.7505672816468307,0.9488914924756562,1.1274412219885155,1.0103032073567613,1.050560341386179,0.9954507718248095,1.1723444797039497,1.090570909813816,1.3303390346061506
2020-05-07,0.9884991374353078,0.9767372177514071,1.1661774197462775,1.0380894518738766,0.7524159695326605,0.9528187717660351,1.1207906322702523,1.0136504737308503,1.0547117654942701,1.0002655276740227,1.1719740063778956,1.0992593447543209,1.3477071638242137
2020-05-08,0.9971247843588269,0.985509495866063,1.1694839129374641,1.03866794587197,0.7594409834988131,0.9648572002293017,1.1185922428911599,1.0238686876038003,1.0669307763624891,1.0159134841839652,1.172118838832759,1.100478421115631,1.342542207226153
2020-05-11,0.9936745255894192,0.9778957147932756,1.1585456144763497,1.0231190249266886,0.7472396434523376,0.9554154455363367,1.1166524875566666,1.015736341400833,1.0578567743839917,1.0159134841839652,1.1663907886612135,1.0957023129765509,1.3231800861915333
2020-05-12,0.989649223691777,0.9783169988169358,1.1554412576650943,1.0172525453857566,0.7516764943783286,0.9520229384574964,1.1196360159997203,1.013667082032453,1.061056584873976,1.0074876614478423,1.167120479702916,1.0991241726987893,1.3078712858824257
2020-05-13,0.9916618746405981,0.9795981604125145,1.1578577062161985,1.0201860442985953,0.7568528204586517,0.9551894547209548,1.1177609191763769,1.0170923286057285,1.0624994391651446,1.0038765945609323,1.167543665154671,1.1035565438171768,1.3090253946636574
2020-05-14,0.9882116158711902,0.9820349987313539,1.160128665218643,1.0252751420805502,0.7568528204586517,0.9534085249145543,1.1201625210190829,1.015195481997706,1.0661203741959906,1.015913484183965,1.1703964196149441,1.109255683083534,1.3188203113894867
2020-05-15,0.980448533640023,0.9919856175865202,1.164451357951426,1.0341694160735901,0.7561133453043197,0.9489181811986376,1.1215942451945422,1.0123477192989807,1.080212891038824,1.015913484183965,1.17411153426198,1.1227808386800033,1.3366257539214652
2020-05-18,0.9945370902817713,0.9880896803545073,1.1683353146186592,1.0382031494680535,0.7587015083444812,0.9565671768151159,1.115728794540241,1.0182582073523567,1.0737414966707242,1.0267466848446942,1.1722320947542437,1.1177093497648394,1.342158307408393
2020-05-19,0.9916618746405982,0.9934011249465495,1.1733300554940407,1.0465733806634772,0.7620291465389746,0.9550193712818573,1.115266948032028,1.0182364588056516,1.0820312137780443,1.0327651296562108,1.174636829914732,1.1261536873384483,1.3554461585624706
2020-05-20,0.9896492236917771,0.9846323325269253,1.1705419345140753,1.045527385801466,0.7561133453043197,0.950884874772932,1.1121079179158533,1.0133019036337243,1.0712612469120322,1.0062839724855386,1.1712672844999843,1.1199581725253778,1.3586754277486668
2020-05-21,0.9795859689476712,0.9640904718449413,1.1572836794313834,1.0313884261976956,0.7450212179893421,0.9392870682219897,1.1123573150302881,0.9996131948037728,1.0469601842666252,0.9870249490886862,1.1648577353604674,1.1038551132956886,1.3410806397892736
2020-05-22,0.9548591144335828,0.946530401735062,1.1408793370286894,1.0158450317295478,0.7276435518625435,0.9162958019445798,1.1130500847926073,0.9774590561473022,1.0292833250814717,0.9749880594656535,1.1579684047728263,1.0967470170009406,1.3264051831100403
2020-05-25,0.9611845888441635,0.947026525840718,1.1536727012973367,1.0350510390309897,0.735408040983028,0.9100309767251277,1.1094613596725356,0.9828041832250112,1.0300496395373784,0.9629511698426206,1.1644081373271244,1.1006022376147855,1.3569447147646334
2020-05-26,0.9695227142035654,0.9601252459029731,1.1589042865756476,1.0385346355541256,0.7520462319554947,0.9212286264281098,1.128846114946399,0.9952118935818763,1.0232452874953,0.9798028153148663,1.162886414427234,1.1047546022691945,1.3484451176572592
2020-05-27,0.9649223691776885,0.946951996518283,1.1538114648942863,1.0347228824453094,0.7357777785601939,0.9067059963333315,1.1094394053066294,0.9843045212180471,1.022240896929784,0.9689696146541369,1.159318535669534,1.10069395291452,1.35560623473887
2020-05-28,0.9600345025876942,0.9411753077138265,1.1480127426635154,1.0276150491930525,0.7280132894397094,0.9022940343718093,1.099151633128874,0.9802569481921235,1.02416158461264,0.9641548588049238,1.1580200628676807,1.0981802352721393,1.3487908097736203
2020-05-29,0.9795859689476711,0.9606540089869682,1.1634705115608244,1.0416012260428684,0.7483488561838354,0.918994656642131,1.120086950551476,1.003850256995062,1.0255293928505178,0.9761917484279566,1.1651054775023468,1.1127716357390354,1.357489175265692
2020-06-01,0.9997124784358826,0.9860954116211861,1.1785030606275717,1.055388262864196,0.7687365060780361,0.9424142903113043,1.1620292259857488,1.0280498477745712,1.0244266438411966,0.9723086027124236,1.1715645819292946,1.1315680896719296,1.355062045403306
2020-06-02,1.0083381253594021,0.9881671242154546,1.176044323714858,1.056355639923098,0.7673356218308613,0.9453811311821152,1.1693070708249078,1.0296799499674398,1.0176187191553965,0.9666173574419269,1.1668604985865636,1.1258420409511423,1.3555093782343233
2020-06-03,1.0063254744105807,0.9846632695811418,1.174833484929102,1.0556779310071829,0.7653685743941461,0.9409699609470245,1.166881122545188,1.0253577285063957,1.013763633013562,0.9653652834824177,1.1649646749524,1.1196325878540485,1.3618657014712015
2020-06-04,1.002875215641173,0.9803111967949271,1.1754110332081902,1.0528560843514434,0.7619139738070596,0.9338077124944292,1.1644551742654685,1.0224982294328984,1.0152826318334578,0.9641782523259997,1.1646713319965583,1.1233498827573212,1.363252990313351
2020-06-05,1.0146635997699827,0.9924613518089875,1.1794446060798243,1.0605871018156445,0.7679158261618175,0.9463215092935339,1.1935665536221054,1.034804276681466,1.0084537367075708,0.9625440518983285,1.165069498167505,1.116877179577205,1.3675145710867918
2020-06-08,1.015813686026452,0.9828224568440994,1.1776702182117644,1.0589134490240373,0.7616445634521858,0.9365835774354806,1.194990316436519,1.0281459751796285,1.0058751249922853,0.9656173243443966,1.166277736859761,1.112571778893732,1.376278312428475
2020-06-09,1.0218516388729153,0.9885579970815097,1.1844701386648329,1.064062773454119,0.7658058315746163,0.9444720237000431,1.195744939132493,1.0361685171719186,1.0140454836211643,0.9662271006233785,1.1701221037369136,1.1216681320985518,1.3809351991874765
2020-06-10,1.0184013801035074,0.9890706475338518,1.1854249397182024,1.0632503193594094,0.7693479814043729,0.946391373235534,1.1931691603302352,1.0368731382142826,1.017902858882684,0.964145730924454,1.1695200837104993,1.1254612398303818,1.3757362035391174
2020-06-11,0.9979873490511786,0.9691840994965457,1.166514643107696,1.0381360333068625,0.7559618239267748,0.9270643393383138,1.1957248158606004,1.015795935923897,1.0063351336236785,0.9662108399226057,1.1625093539783846,1.109034504023651,1.3320099852541496
2020-06-12,1.0037377803335248,0.9830343652618095,1.1806396190102522,1.0504942146554277,0.7701111587534103,0.9464453987856657,1.1962278976579164,1.0331862481961702,1.0180872185434673,0.9666173574419269,1.1692298462233404,1.1245036251260203,1.340018365734696
2020-06-15,1.0074755606670496,0.9856582621406138,1.1856567683677468,1.0562448905587423,0.7735178261090353,0.946175432567588,1.194919884984895,1.0405590288707194,1.0194017016186907,0.965560411891692,1.1706879490942932,1.1297056639601086,1.3495874551685287
2020-06-16,1.0146635997699822,0.9953970220215873,1.1943380963132533,1.067881357970022,0.7844888281732936,0.9514528858079601,1.1909153538782595,1.048268525582402,1.0287035445547685,0.9623245324378951,1.1725249279313008,1.1377735873134387,1.3664035958851468
2020-06-17,1.0126509488211608,0.9930678464253799,1.1952201775836455,1.0663295762114609,0.785770782430004,0.9454453937488921,1.1882691436243777,1.0485511391825892,1.0245850120171445,0.9601862502862656,1.1716572790131872,1.1396660777910037,1.361725742172663
2020-06-18,1.0232892466935013,0.9992228053727791,1.1972313915542283,1.0684711791376544,0.7840594515739829,0.9592240772956615,1.1873736580251553,1.0562026531261661,1.0369236546299008,0.9594626491018738,1.172320447708422,1.1438791093392329,1.361858661263103
2020-06-19,1.039102932719953,1.0179443789317995,1.2087239945238395,1.0820262752941847,0.794228059085429,0.9827280323333489,1.1847777559510049,1.0775124280309367,1.0559678468077662,0.9573650187021765,1.176959970736873,1.1609749986051703,1.367367611255353
2020-06-22,1.0376653248993666,1.0287752058199187,1.2094991369729584,1.0862185401509201,0.7987464685166503,0.9902820314604253,1.1854217006515693,1.0845622273427151,1.0666141127655155,0.9578853611269076,1.1776936377911318,1.1668856764008562,1.3645397134761468
2020-06-23,1.0485911443358242,1.0396352547724885,1.2205453064022476,1.0980726499706783,0.8072039516702424,0.9966894023887821,1.1824132715036195,1.1003246040470185,1.079866924539836,0.9554543863613669,1.1812427717546141,1.181471058846776,1.3772571337427397
2020-06-24,1.0520414031052319,1.0364368027347415,1.2154700616807332,1.0869699069138834,0.8013181063852702,1.0027432296705383,1.1853814541077838,1.0935360346699465,1.0779720060697167,0.9578528397253621,1.1809630779553242,1.1758812378939263,1.355898034988427
2020-06-29,1.0514663599769973,1.0356272212449833,1.218144362399697,1.088173250780613,0.8044819455506478,1.0039674726387615,1.1875748907440817,1.090450286512553,1.0751166356459139,0.9596252561096025,1.1829647799700862,1.1724777365805052,1.3611346372580664
2020-06-30,1.0626797009775724,1.0543732338772778,1.2308477813013887,1.1038251102342151,0.8205058236819746,1.0189639393016487,1.18733341148137,1.1122244843320692,1.0948207332575866,0.9594301277003283,1.1889378799900376,1.1914345991594526,1.369404376024703
2020-07-01,1.0865439907993089,1.062294992403562,1.2316947290770275,1.104329963124465,0.8168859337431773,1.025833229280793,1.1877560001911156,1.120556644815624,1.1045048489707354,0.9664193209194661,1.1900249576642463,1.1987515588778221,1.366156257888797
2020-07-02,1.1198964922369166,1.0981193970154692,1.2467903862058705,1.1204183472803628,0.8293527058363386,1.0502293134474279,1.1889835197765666,1.1494719608393185,1.145119196969371,1.0141113442048075,1.199619004055917,1.23630429543413,1.3736228351345996
2020-07-03,1.160437032777457,1.138046599565828,1.2640308001197005,1.1381632185832788,0.844628715058731,1.0770304248860676,1.1862668780710603,1.1820127709360346,1.190713369884194,1.0631731313901194,1.2084833180982328,1.2770619471127156,1.3760737039123203
2020-07-06,1.2449683726279455,1.2340800486120351,1.3019174505945257,1.1834559153633823,0.8891155653267147,1.1657582898817302,1.1771007277239633,1.2811056258111417,1.2817442869734992,1.1682120257028497,1.226453981572356,1.3710708373464473,1.3815174585187824
2020-07-07,1.2199539965497397,1.197519189768425,1.3032233238790907,1.179240809974697,0.8909039108489616,1.1461832603300572,1.1771107893599095,1.2462073848607347,1.250648562138728,1.1155875327169016,1.2263516836343713,1.3341856779981605,1.3764666996120019
2020-07-08,1.2377803335250126,1.2472156362459987,1.3199711781837253,1.2181030959542556,0.94363662792045,1.2163842156960807,1.1748368596360412,1.3034797349958436,1.2866719230206147,1.1947903275951384,1.234370220457745,1.3655392506941157,1.3802859629145379
2020-07-09,1.24985623921794,1.2588057704280535,1.3368309279169912,1.2292705335005347,0.9602678368341602,1.2380975774973373,1.1750380923549677,1.3081621596669453,1.3084299771671208,1.2004544696604655,1.2427149652051217,1.3784362963970018,1.3750253364979428
2020-07-10,1.2337550316273707,1.2510438264294494,1.3388416893312274,1.2273103933517473,0.9583667077293728,1.2442979952795914,1.1781471378623802,1.2852375688393909,1.3133744929317999,1.1969890978662037,1.2444237367351334,1.3746030058540581,1.3813879127004944
2020-07-13,1.2610695802185148,1.282856518893553,1.3629041501105563,1.249119764155291,0.9877046359366761,1.2610781775320428,1.1772013440834261,1.3128753406048554,1.351777959682318,1.2264222228405754,1.2562223996619064,1.4146675082863818,1.3763069498604203
2020-07-14,1.2561817136285205,1.2833165453056568,1.3564799266306962,1.2496196390400203,0.9833141559505713,1.26837495683899,1.1774126384382988,1.3085929515216168,1.3512791503460835,1.2422112538556578,1.2534087189823646,1.4129359488638102,1.3898033343294958
2020-07-15,1.236055204140309,1.2416802523290447,1.3414262980137481,1.2306724472434556,0.9560538103678144,1.2344227231287048,1.1819303129781962,1.274629993804165,1.3072311234404472,1.1808928722810985,1.2473182529609883,1.392025533413392,1.3955130271967249
2020-07-16,1.1728004600345012,1.1829972159368431,1.2967278016944597,1.186618555856342,0.9096755076968669,1.196129491721156,1.186337309522684,1.2307067881044471,1.2298882917837082,1.114321290724803,1.2252047442455671,1.3176602442636454,1.3829014249798048
2020-07-17,1.1949396204715337,1.2008097577845096,1.311091547262838,1.2119439383142057,0.940770534923892,1.1958452896971679,1.1833288803747346,1.261185178631928,1.239040136848329,1.1323077983556917,1.231773600543894,1.33782312775006,1.3874857824742333
2020-07-20,1.2242668200114994,1.2339404166059613,1.3246527449790533,1.2370243561958996,0.9676270224621938,1.2436144091681287,1.2250946322037846,1.3024087721738649,1.2400907086411295,1.179696542902818,1.239098400349541,1.35081098509917,1.3971852837067866
2020-07-21,1.2193789534215052,1.2197963471128046,1.333821693686474,1.2335107396554603,0.9525211024136154,1.248994318398993,1.227846683434299,1.281883675251975,1.2554140068715558,1.1512437860006193,1.2464443479947294,1.3612242852805443,1.4207866291772209
2020-07-22,1.2222541690626783,1.2250036264476771,1.3385490197775503,1.2455285479260543,0.9693878021882929,1.2350825100357499,1.2183132859007912,1.2931652353139984,1.269833223469048,1.1601397804633682,1.2503845669964462,1.3653940608480484,1.4229010319340851
2020-07-23,1.2176538240368013,1.2322489651675839,1.343567337367867,1.2550736587458189,0.9862538631241453,1.2420425567893871,1.2223160683366259,1.301199168150291,1.2799473293625874,1.1782596277034592,1.2542248878551079,1.372579040344051,1.4211571358885224
2020-07-24,1.176538240368026,1.1800472817052123,1.3135314349905007,1.2194078746646264,0.9363331349268629,1.190159492296101,1.1737035341113553,1.2523973650357456,1.2172274323542158,1.118902672743762,1.2390038981188118,1.3255388854151977,1.4318954427342498
2020-07-27,1.18573893041978,1.1890501708003471,1.328511031471282,1.2330425874518338,0.9430954112826871,1.193957860286635,1.1731197868443048,1.2564869490348776,1.2294647244902728,1.13066805119003,1.2490446663380488,1.3436539835055168,1.4588166074884412
2020-07-28,1.182863714778607,1.1822249576899297,1.3211194247636064,1.2283314221390547,0.9431140082435117,1.2083666775491775,1.170691788130245,1.2553879018601442,1.2374709997119404,1.1214379375741783,1.2433530975424465,1.334985747206471,1.4438207650618928
2020-07-29,1.2245543415756166,1.2283419982798514,1.3512490790676714,1.2611008742064533,0.9807939565071345,1.2422405614715826,1.1683133404103494,1.2947429835192341,1.285196447337041,1.173699336138279,1.2582091688943677,1.3828489154477275,1.4474047141031974
2020-07-30,1.2130534790109244,1.2143986487773806,1.3429015045002395,1.25059934390577,0.969245147927014,1.2325407134311341,1.1675799856967148,1.2798314198027245,1.2774730249700128,1.1550355430518686,1.2530219829165188,1.3730910695635075,1.4436075342844819
2020-07-31,1.2360552041403088,1.2433195412821545,1.3618786238889662,1.2675391360116535,0.9857697671835156,1.2646257391215598,1.164943872807164,1.2962031174557966,1.3062569250655776,1.1902841510011537,1.2621546602313127,1.4048453816305073,1.4516652626135451
2020-08-03,1.2530189764232298,1.2659967001880827,1.3747667594724422,1.2909211872574624,1.0027859164270156,1.2940770663847576,1.1647258484328402,1.310968367920223,1.3239435568040574,1.2070955308958478,1.2668519157048732,1.4220915903748943,1.4499775811183018
2020-08-04,1.2452558941920628,1.258231922979443,1.3737625555986237,1.2851196136471355,1.0063468798482147,1.279509546637564,1.165221358374485,1.3076661203546254,1.304919356206902,1.1880411204044565,1.2695153646131474,1.4240780602716416,1.4795759841508618
2020-08-05,1.2478435882691183,1.2686592091184365,1.3818603384989099,1.292985789173941,0.9933273502167407,1.2923909332197907,1.1644681832631847,1.3210961184470145,1.3257233094993017,1.2225355053212854,1.2732985489513082,1.4283609348312603,1.4912776783730364
2020-08-06,1.2397929844738338,1.2608265533830725,1.3776106586317816,1.2897859235916815,0.972956335889369,1.3099195167218645,1.1640717753098688,1.3036503830775767,1.2960787657962434,1.2028344985638704,1.273781516805075,1.4179751980670035,1.5150252342945087
2020-08-07,1.219666474985622,1.239127601618102,1.3584776786149801,1.266842288482645,0.9471406574234795,1.3123437540358747,1.1642501588888612,1.2842370287001386,1.270899466655881,1.1672443155830987,1.2645464364696497,1.3915100043676008,1.491966013327282
2020-08-10,1.234617596319722,1.243245735411906,1.3635064418247465,1.270033409325579,0.953249373755507,1.3223692306473331,1.1860262167261322,1.2933506352505801,1.2735411911211545,1.169830906015201,1.2661869264513752,1.3945866519934742,1.4878360036018088
2020-08-11,1.2173663024726835,1.2203745717833256,1.3310384166367417,1.2382179270150966,0.9413930093082613,1.311447371757986,1.178809018652748,1.2845701595710597,1.255791887316105,1.1333398333470008,1.2447009941907505,1.3679226935153441,1.3894041051446915
2020-08-12,1.2144910868315106,1.2073787887941398,1.3261925611133034,1.2277326925172578,0.9256430222959887,1.2887075359359537,1.1499402263592111,1.271215366448971,1.2360026489384812,1.1164779495295634,1.2417521143915196,1.3544880552578957,1.4000732969354976
2020-08-13,1.2067280046003432,1.2013093975654614,1.3272493284226805,1.226135319000761,0.9204307789195234,1.292450922740495,1.1667803551971077,1.2637136287623614,1.2368418829451246,1.1135055882298905,1.2449701172179122,1.3480001328714812,1.4255416902425841
2020-08-14,1.2383553766532471,1.2327320205133965,1.3411883685928443,1.256779216825647,0.9501108450621569,1.341431929520508,1.2437638013132057,1.2863147891878712,1.2819970034617334,1.1408404731349275,1.2492139908141764,1.3767327430926477,1.4083333163864444
2020-08-17,1.2625071880391008,1.255736192828103,1.3595913316957462,1.2815979012693255,0.9692899055687556,1.3729635515759113,1.2732334050244423,1.3064615910143953,1.3037143173591175,1.176788479654347,1.2602676155936656,1.3975114823732386,1.446191738869951
2020-08-18,1.2581943645773412,1.2597168103744827,1.3614110760786067,1.2864146705484956,0.97486550629026,1.3879439174076262,1.2831401347199378,1.3131430115329943,1.3083288943449982,1.189818982810165,1.261618066445799,1.3999774006462093,1.4513542510267925
2020-08-19,1.2303047728579621,1.2255216258121624,1.3303467276938274,1.2505542567327481,0.9440228820033438,1.3315178661573177,1.2377423769644937,1.286664455871637,1.2780231938175262,1.1548108960130168,1.245069531978877,1.359531412280481,1.3990407945041292
2020-08-20,1.2294422081656102,1.222582181499228,1.3301853812450466,1.2474896748267121,0.9442248944350871,1.3410756700678843,1.233290524565043,1.2819429195399201,1.268368600718275,1.154173606885979,1.244058848508921,1.3583179019563716,1.407300813955076
2020-08-21,1.240368027602068,1.2296891928965852,1.3362651896679107,1.2541771102422057,0.9518810723674218,1.3390613481313987,1.2296196179366874,1.2891781676313312,1.283950196181038,1.163701201348645,1.2447833572546785,1.3623673802395195,1.391124942530305
2020-08-24,1.2464059804485317,1.2371677145184685,1.3430731303526975,1.2643151139291795,0.9622239085272905,1.3356525435678144,1.2302437633580239,1.2958403037141324,1.2991278324906768,1.178960297580368,1.2481439545972164,1.366304030418772,1.3983524595498837
2020-08-25,1.244393329499711,1.235315647380845,1.341489163377776,1.2618634775988993,0.9766118749863396,1.31476129667328,1.1983218429182858,1.2981114936620581,1.3018286457568842,1.1919278852078639,1.2461251987802755,1.3605610431277055,1.398008292072761
2020-08-26,1.2300172512938452,1.2185437637518928,1.3314375930767828,1.2456410489271856,0.9632923401642689,1.2856111056639419,1.161009618917216,1.2917845597027808,1.2803872545999881,1.1802919097509001,1.2430766323802653,1.3447253492295308,1.4117749911576725
2020-08-27,1.2369177688326607,1.2298027804908838,1.3359753337242188,1.2567311199444882,0.9795032124862478,1.306255597305489,1.183207090479958,1.2999727679562032,1.296361890186444,1.191271393245939,1.242461197667321,1.355486842753075,1.4048916416152166
2020-08-28,1.2806210465784915,1.2744300109283968,1.3641318740672008,1.3007713373237646,1.0234028824573074,1.3439490017905922,1.2111394950642898,1.3421037974216132,1.3488010073077903,1.2512623604145385,1.2548913914241244,1.3970698959574706,1.4241650203340928
2020-08-31,1.257906843013224,1.2605907297631265,1.3524386409278768,1.2895881362458639,1.0103283590731222,1.3444298555248257,1.2101854658983715,1.3235682630784387,1.3301626759657572,1.2430307664520333,1.251595487290697,1.381164490469451,1.4279508625824435
2020-09-01,1.2731454859114415,1.2688771071189002,1.362246272562719,1.2980868758749773,1.0085409445130402,1.3606889056158964,1.2131888458867321,1.3324359684409939,1.3368874411381346,1.2425689341744093,1.2583820994496724,1.3877065975104024,1.4231325179027245
2020-09-02,1.2671075330649781,1.2568891366823174,1.3571762701423324,1.2847224847176235,0.9937210247512012,1.3269235460298674,1.2112870516380467,1.3291602041382415,1.332208610015569,1.228011569253737,1.2524179799645403,1.376679003370469,1.4059241440465853
2020-09-03,1.2418056354226548,1.2342145507418498,1.3353870365115068,1.2622460286219757,0.9834537724968041,1.3047893109339783,1.211401367139334,1.3039001785315922,1.3066471932071184,1.202401524060628,1.2338981852905524,1.3538294238601818,1.3980082920727612
2020-09-04,1.2446808510638276,1.2409762586665218,1.3405501825657133,1.2695950683510218,0.991636935104066,1.3322082062282072,1.2099776195323948,1.3034205208537213,1.3050705942013783,1.2008253477211532,1.2385969375999406,1.3601603356345966,1.4038591391838484
2020-09-07,1.221679125934443,1.209428869867617,1.3172224598421585,1.2382102769908945,0.9549747418277005,1.2888833065057725,1.1746173184002933,1.2817080152119158,1.2738314865689324,1.1686827413858545,1.2190185514768201,1.3264449575895603,1.3973199571185155
2020-09-08,1.2101782633697509,1.191986730936791,1.3096926326805558,1.2186510654593945,0.9234905110718097,1.2551776876784622,1.1324021994805553,1.270965356479848,1.2486716471613908,1.1290255746540463,1.2129464165752641,1.3088671115299402,1.3976641245956385
2020-09-09,1.205577918343874,1.1822467447483993,1.2993813771753793,1.2115451755379363,0.9137184977147887,1.238199308797923,1.1256623962743075,1.2667787440698968,1.2405685141740304,1.1310591830049392,1.2062547958227186,1.2993538428182605,1.4128074935890411
2020-09-10,1.1900517538815394,1.1582132878597435,1.2756169434679763,1.1870117909086078,0.9010026055303497,1.2278761972337244,1.1192542534557337,1.248921785228226,1.21283268427658,1.114156534503111,1.1863245527097974,1.2756324737895972,1.4103983212491815
2020-09-11,1.2121909143185723,1.1841469956516195,1.2990809894680557,1.2137457102055311,0.9372350367645825,1.2726911348654038,1.1680746991271516,1.266592636073123,1.2483682658793827,1.1477128908207355,1.2051208222075254,1.3025613248033587,1.4069566464779537
2020-09-14,1.2116158711903378,1.1826081050454502,1.3005428810884307,1.2148628560034826,0.9375282026591906,1.2688775938844796,1.1617602378971346,1.2653788887463133,1.250526735064261,1.147532813849643,1.2065776514456072,1.2996374710140435,1.4103983212491815
2020-09-15,1.22311673375503,1.1916043714995002,1.30706799982356,1.2215016723577046,0.9427817109849163,1.2796203803546948,1.1706015522345914,1.2739837404218686,1.2594273911136082,1.1555274751535138,1.2111990971846214,1.309644123338802,1.4031708042296032
2020-09-16,1.211040828062103,1.1727597675731893,1.2955084215729933,1.2036024247449604,0.9202222067203162,1.261074919353482,1.1569852309813276,1.2618918216498722,1.2339742216630085,1.124406101267244,1.2019298074202758,1.286579214734356,1.4031708042296032
2020-09-17,1.2087406555491647,1.1673621881209773,1.296687360767745,1.1988894519269273,0.9122308382754725,1.275329209993966,1.1604522658046934,1.2564766102719527,1.2242895409269243,1.1120905990184486,1.2026379896163046,1.2834464234321221,1.3997291294583754
2020-09-18,1.2432432432432414,1.1995653207939891,1.3200808798957346,1.2315466062765548,0.9272990151760262,1.3089556634658939,1.2069487744193375,1.285055683091316,1.2497067070252272,1.140217626031497,1.2224452191174058,1.3092915522864335,1.4059241440465853
2020-09-21,1.2173663024726837,1.1786862300086103,1.2943490851540393,1.206980634559879,0.9135787524930836,1.2820333594821889,1.2081915735672313,1.263529229490644,1.2292348606199655,1.1211181603818834,1.197856273265691,1.287980307299105,1.3690982239944471
2020-09-22,1.211040828062103,1.1744405885790121,1.2909022227070073,1.202934879523428,0.9062491411584672,1.270826863130533,1.2098238460650816,1.2559543030160312,1.2196749562179183,1.1090328483305232,1.1949359930999763,1.281486273402354,1.3697865589486928
2020-09-23,1.2058654399079913,1.1742062240569688,1.2862183139861,1.1990682265642003,0.9139615182523182,1.2873747109910736,1.2098961619352395,1.2506246427677312,1.220247347558534,1.1093503221855807,1.1888833636541432,1.28285332973383,1.3491365103213255
2020-09-24,1.1937895342150646,1.1629325994143844,1.2733105306857713,1.187242515258091,0.9082974897749657,1.2787472577049628,1.208398190339111,1.2397623815182366,1.2041998307513548,1.0968100998838266,1.1776319624006708,1.2717581929342816,1.3429414957331154
2020-09-25,1.1935020126509472,1.1625380258819444,1.2751733547885593,1.1871102391062078,0.9048463394805155,1.283241962880048,1.207096504676268,1.2402224911156936,1.205693227404974,1.0998318666332942,1.1797758981551723,1.2712658781042072,1.3498248452755712
2020-09-28,1.201552616446232,1.1611803566931802,1.276564287413649,1.188458361640917,0.9048029397616074,1.2940595603907665,1.2110940732019977,1.2432265169195122,1.2064583696824371,1.1060760294034853,1.1822961870156896,1.2713310254960042,1.3656565492232193
2020-09-29,1.2024151811385837,1.169254065401438,1.2831881519868384,1.1978209666152448,0.9117083400098209,1.2934750942189428,1.2123677130269128,1.243664837866701,1.2178389847049773,1.1197714577614086,1.1882503529452046,1.2838915483154116,1.3715073963343065
2020-09-30,1.2162162162162147,1.1836942463240847,1.2955483664421443,1.2114987414245304,0.9273643020268717,1.3095820375727418,1.2261778936402212,1.2540559634185178,1.2378819973245163,1.1390778752174255,1.1973002744861365,1.301699647811505,1.3635915443604827
2020-10-09,1.228867165037376,1.1982627251224334,1.3126673669583522,1.2241697043965185,0.9436124538420337,1.3219331409749142,1.2474615731550183,1.2654636001732595,1.2569046565151403,1.1499045351166763,1.214080979435934,1.3204402678549427,1.3707644281320062
2020-10-12,1.2642323174238048,1.2385144148401295,1.334872439210017,1.2592363033440144,0.9905110654048237,1.3599352418418447,1.2462907533200158,1.300352898675456,1.3037204002062466,1.2065342557366971,1.2329269448843414,1.3657376240464538,1.3746909308954962
2020-10-13,1.2648073605520396,1.2410771923309734,1.3308555839593765,1.2588499678851246,0.9890224273167979,1.361549776459585,1.2442366042545385,1.3057303676969054,1.3061612664938036,1.211755938222794,1.2268664998687668,1.3647539701860312,1.3620987345569098
2020-10-14,1.2602070155261627,1.232501746800753,1.324513585754609,1.2496912528324615,0.980552094393404,1.3491433392209993,1.244364988571131,1.298984017946767,1.2983488344514644,1.201714539960927,1.2227432346188356,1.356686463574601,1.355139089940595
2020-10-15,1.2573317998849896,1.2293074911608652,1.318118374533885,1.2471911073633075,0.9781922762072202,1.3519283672545939,1.2431132414843558,1.2980743514477602,1.2939583277118665,1.1984304975222246,1.2187311813298938,1.3520821135127135,1.3505339823453393
2020-10-16,1.2619321449108665,1.2316800967893196,1.318421898246647,1.247925370507242,0.9738394872522838,1.3627751048202492,1.2455097487274125,1.3050939268325341,1.2887269952605556,1.18608341418788,1.2183242403015186,1.3487439884536578,1.3482078458888171
2020-10-19,1.2420931569867721,1.2083835522639155,1.302007884889257,1.2294975225698035,0.9536732082401514,1.3352345853474499,1.2473499239319026,1.287012776574889,1.2646894672884623,1.1645804724690443,1.2043531851059734,1.3247779485110185,1.3430843633040062
2020-10-20,1.2547441058079336,1.2274932166681893,1.3159950847115598,1.2465923052694254,0.9807688719904888,1.345016959976661,1.2482379154549996,1.3005955218194525,1.2908746835677916,1.1984147036102375,1.2164600514183999,1.3497228876172576,1.3520192906419581
2020-10-21,1.2515813686026431,1.216024082230701,1.3037693437501698,1.2349854598511836,0.9648624328348115,1.322646839799684,1.2490938108989484,1.3002420304505553,1.2761074916342485,1.1863589352312507,1.206860779521125,1.3343226818969893,1.342998282585881
2020-10-22,1.2481311098332355,1.2159667394290117,1.2994541684964196,1.236402622084649,0.972154823809846,1.3212222536233442,1.2505809292328098,1.2968740647107817,1.2760145949004633,1.1932596534690676,1.2022202179250152,1.3336715487665463,1.3414979781341971
2020-10-23,1.2265669925244373,1.1805772597131803,1.2795958562319585,1.2080357677363252,0.9271007342588842,1.2962418299624237,1.2485909723256288,1.2773709209032174,1.234463448256384,1.140402071442971,1.1854904911570436,1.289759329237025,1.3331251883126767
2020-10-26,1.2208165612420914,1.1792227694412936,1.2724872941198575,1.2024066230175956,0.9369157801447949,1.3033536390122726,1.2494952061513032,1.2670772012615759,1.2384989962130648,1.1501105604065396,1.1813487616933689,1.293594991646647,1.3159801105452087
2020-10-27,1.228004600345024,1.1934209423625313,1.28004867682876,1.2126963912583566,0.9526321456558677,1.3271276647323904,1.262775394027964,1.2745436623723703,1.2547681261664863,1.1716596073957133,1.1877823454095062,1.3103943248962926,1.3199864513192083
2020-10-28,1.227142035652672,1.1928546683714887,1.2662740316633188,1.207294344350991,0.9630138504203599,1.3130720444967783,1.2524766327456511,1.2705811009373602,1.2674083004705297,1.1866289814793733,1.1756944781676386,1.308590807203674,1.2888080848226662
2020-10-29,1.2498562392179395,1.216456244951732,1.2829978879509394,1.227159281852476,0.9884149454830999,1.3380322002206124,1.271919879686576,1.2910575588429334,1.2972913128570411,1.216515295960891,1.189264283966926,1.3333564266619227,1.296752773616617
2020-10-30,1.227142035652672,1.1945122389060259,1.265676629232038,1.20773847584253,0.9815157443160488,1.3283507436274398,1.2425293410365628,1.265013823221578,1.2659455406725975,1.1771621029765815,1.17480128617358,1.3146354400219942,1.289054612052146
2020-11-02,1.2389304197814819,1.203806923361893,1.2788128920399875,1.2181000919140874,0.9995838498891806,1.3295428075045055,1.2439318357532365,1.273531284661021,1.2813860908181376,1.1884885256239603,1.1863296066016618,1.3269738113997247,1.2958128941832534
2020-11-03,1.2518688901667607,1.2210326531341134,1.2912502703062343,1.2350003363352031,1.0102162444449114,1.359020722948203,1.2660530658982336,1.288873232877958,1.2951656527954571,1.2032093088544338,1.1979359304452348,1.3413080524913197,1.3056794898242425
2020-11-04,1.273433007475559,1.2347677262603427,1.302495326457919,1.246123896928072,1.0214386699348323,1.372750241545006,1.2810816993112941,1.304188393145574,1.3113398890964216,1.2174386650068043,1.2076658385282413,1.3550613793441835,1.2994306459182827
2020-11-05,1.2843588269120167,1.241741255923635,1.3150320294294007,1.2581648320768997,1.034010976975804,1.367842722014989,1.2736150237240353,1.3116404754718372,1.3307974284434396,1.2320873293982504,1.2198118274568195,1.3643263106252246,1.3162038585079643
2020-11-06,1.2906843013225975,1.2369862587081097,1.3114908882159886,1.257713087646925,1.0379592990608706,1.3623124925539234,1.2777497405638747,1.3074466709886499,1.3191911180979787,1.2183481320540528,1.2177142279210191,1.3604140074470208,1.3201504967643602
2020-11-09,1.3136860264519823,1.2693948768001144,1.317921446134305,1.2819179856381915,1.0749368127708718,1.3937819109454788,1.2724364133512207,1.330014078682852,1.3454359897141581,1.2418800923618094,1.2211879648643598,1.3858044535811638,1.2675286533457508
2020-11-10,1.2987349051178823,1.2531795120013665,1.3056550608274962,1.2692818209672998,1.0628163718660426,1.370216681545581,1.2737579542941537,1.3209130643443014,1.3387352365535294,1.250909594749465,1.2110349971173207,1.3742045075980969,1.2773952489867402
2020-11-11,1.2906843013225975,1.2379255186424216,1.2913582839682414,1.2537319795942625,1.0468047362938626,1.354536140059781,1.2739436253357228,1.3152797464562793,1.3315761514493,1.2531521737284386,1.19895721425886,1.3605597172830994,1.2711464050807804
2020-11-12,1.2823461759631956,1.2333984703985372,1.2896885439174908,1.250739071184924,1.0451831797192406,1.3476853135965077,1.2728405209122826,1.3084397815085786,1.3296843942127226,1.2540090367834191,1.1977666553344088,1.3577506004769855,1.2783819085508392
2020-11-13,1.2806210465784917,1.232122505455771,1.296809784722614,1.250636889996649,1.039536770041692,1.3554604681513873,1.2705578592835798,1.3011244052650788,1.321070492226754,1.227446916111859,1.20366432659616,1.3523876428724912,1.2843018659354326
2020-11-16,1.2869465209890727,1.243952817699703,1.29845080895375,1.2620946101343682,1.055301074618686,1.3577166385167794,1.2728295990863079,1.314567630645057,1.344876438015271,1.2628298738183101,1.2055657044809713,1.3656096477647612,1.2783819085508394
2020-11-17,1.2849338700402517,1.232294837561347,1.2881064637574204,1.2511158859620548,1.0432649483499532,1.3456305126615764,1.2722944296135497,1.309476442479502,1.3265108197049895,1.2477477059039352,1.1967602818396188,1.352123412825821,1.2698308589953153
2020-11-18,1.2809085681426093,1.2237604757069704,1.2803388655423793,1.2404926596491237,1.0237584597849438,1.333970018424629,1.270328500938112,1.3129668437540805,1.3111967388716546,1.2425622817689328,1.1905181965783966,1.341227086517711,1.2668708803030184
2020-11-19,1.2964347326049441,1.241817675811775,1.2879993300601094,1.2589568734995364,1.0403810896730306,1.3462257375562707,1.269378302078317,1.3239154448419632,1.3297858471339137,1.2617725604240597,1.1971495121406803,1.3555386756358792,1.2639109016107215
2020-11-20,1.3050603795284632,1.2551708780938207,1.2983111103150538,1.2727009169936974,1.0586271987266824,1.353107170165409,1.2696731913796329,1.3355775164827122,1.3527095911677318,1.286912126290314,1.206421044139143,1.3698840881788716,1.266541993781652
2020-11-23,1.3162737205290385,1.2620593682124444,1.2983029608882948,1.2768674200419452,1.0653812927742274,1.3527067816877205,1.2724036478732965,1.3461371104681799,1.3635141903386794,1.2958908529370066,1.2056393478292013,1.3739294541447171,1.2405599585937135
2020-11-24,1.312248418631396,1.2639466320439812,1.2930975920331746,1.2780695681685377,1.0705483833345204,1.3504007927595996,1.2714534490135017,1.3471348069231224,1.3710897982249992,1.3018020203853644,1.2005539138545802,1.3760939529774614,1.2251022920894972
2020-11-25,1.2895342150661286,1.234007113267104,1.2736997431529613,1.2499330690358463,1.0405890628990542,1.3262485640257131,1.2723162732654993,1.3195262528736396,1.3308109726224102,1.2580950585267696,1.1832912884262305,1.3444180051178192,1.2224711999185667
2020-11-26,1.2921219091431844,1.238566337839238,1.2721063658800764,1.2532940738727036,1.0387956090765196,1.318967140969196,1.2717701819667666,1.326180257451823,1.333273851017998,1.2702543595936056,1.1820701623698984,1.347436490954478,1.2221423133972003
2020-11-27,1.3162737205290385,1.254558496331464,1.2759460752044207,1.2628063897366497,1.0399482923366,1.3252416437535028,1.2712350124940086,1.3515331924423326,1.3361103110535038,1.2889276796498563,1.1851531859466369,1.355318056574685,1.202409122115222
2020-11-30,1.3041978148361113,1.2442249493088517,1.268949831093688,1.2538872331603108,1.031696123803554,1.3157283886714553,1.2742494364630135,1.3285111948818713,1.3236037850107476,1.2561715638810713,1.178114153772476,1.3439547566663306,1.197146937773361
2020-12-01,1.338125359401954,1.2717338543383123,1.2968333984557752,1.279383783046038,1.0518313890111368,1.350466707432952,1.2724473351771954,1.353338363417411,1.3522493194267655,1.2819879620013994,1.202916537828588,1.3755490124165153,1.2168801290553393
2020-12-02,1.3326624496837252,1.2670177885231484,1.2957952708587783,1.2749321915805312,1.0444143570684195,1.339994733840627,1.2724801006551192,1.3496798133381034,1.3504036942182567,1.2719738532542055,1.2034736317199715,1.3689109249791813,1.2264178381749622
2020-12-03,1.330937320299021,1.2615050124791618,1.300844276576513,1.272814850368574,1.0373292122894315,1.362826551484611,1.2715845109251975,1.3443046399818528,1.3440201993917236,1.2479122936973188,1.2079582682792704,1.3730981737018737,1.2339822281663873
2020-12-04,1.3366877515813673,1.275456057749713,1.3051708399724828,1.2890486468969282,1.0738533823374357,1.3897500415625916,1.273692423338306,1.3451380036173404,1.36194933086265,1.278162803312406,1.210902977590316,1.3933666540824492,1.229377816867259
2020-12-07,1.324036802760206,1.2652809503814568,1.305373556451616,1.2840866633686256,1.0698066542257372,1.355625879158212,1.273026191953852,1.3231901560448482,1.354457081162731,1.2726760395065218,1.2126037532454874,1.3879118193149613,1.2481243485851385
2020-12-08,1.3237492811960887,1.2704507864480943,1.307836565252774,1.2897407606989064,1.0827576048887124,1.357270362241027,1.2736378142084326,1.321604273296585,1.368979527561475,1.292552297397381,1.2143931199595555,1.394866314809133,1.2491110081492374
2020-12-09,1.2993099482461177,1.2474525270039294,1.2821107969336605,1.2602370628668282,1.0569623216599247,1.359330693097806,1.2729497391720295,1.2994786529259763,1.3554607612686977,1.288036066312517,1.1915320602958719,1.3678247450634682,1.2320089090381894
2020-12-10,1.3021851638872906,1.2576583597312374,1.2903405082319974,1.2692246343611038,1.0678093220264684,1.3682698967906344,1.2738890162058496,1.305033237956058,1.3696874194672684,1.3050673091284497,1.1976058817524426,1.3786769959315552,1.2313511359954568
2020-12-11,1.2846463484761348,1.2370972653904369,1.2765055507611687,1.2531343225982587,1.0499507682420572,1.3387794028556446,1.2725347097849926,1.2919941433728357,1.3467686317964829,1.26775027147761,1.1859545406618408,1.3626829651353978,1.230693362952724
2020-12-14,1.2958596894767096,1.243438664659116,1.2844224423633213,1.2651838588719198,1.0720160748308423,1.348206658305944,1.2838239733192576,1.2911529603510856,1.3529806270280516,1.2724878647516706,1.1918464730754144,1.3781750502466328,1.2280622707817934
2020-12-15,1.3021851638872906,1.2449946909827656,1.2952234638578068,1.2661011290037587,1.0651258447827952,1.3560309349811348,1.2868023748676556,1.289303338857108,1.3529638510608677,1.2673257960271722,1.2020450528382962,1.3868094070749015,1.2438488238073762
2020-12-16,1.3027602070155249,1.246383020430644,1.2944845680963237,1.2674164552393732,1.071558283704668,1.3459731497691398,1.284476944503014,1.2882088198306239,1.357617643200756,1.275378126376317,1.2021050201061347,1.3989477239292538,1.2494398946706033
2020-12-17,1.3223116733755023,1.2714795481347985,1.310359483895025,1.2879081653100533,1.1050120724883157,1.37787346596696,1.3063064114092937,1.3023866831838704,1.3947856734155175,1.3380842366786723,1.2159686643778909,1.4238070056059549,1.257662057704761
2020-12-18,1.3142610695802175,1.2762159859931301,1.3105583720470277,1.2874587474121242,1.106098727568983,1.384066499064163,1.3066553985453953,1.2983525799061386,1.4126685321372636,1.384208738588667,1.218153567595137,1.429762675057444,1.2754219298585416
2020-12-21,1.3248993674525578,1.2906451875301144,1.3252845469103591,1.3044195628778326,1.1209654486143377,1.3911727648332073,1.3057760389594735,1.3062022080747409,1.424834350579317,1.3835629100052858,1.2278804293805694,1.4429519674448448,1.262924242046622
2020-12-22,1.3079355951696368,1.2664288630070084,1.3074510654343552,1.2859056328175231,1.109770799078543,1.3598570560200312,1.308372237655449,1.2803747155915424,1.4034762636500961,1.3497473344586626,1.212644980942332,1.4300437856922026,1.2570042846620284
2020-12-23,1.3177113283496251,1.2800494107423492,1.3158498683108877,1.2963637576969944,1.1130271042138307,1.3741823757724279,1.3090884303991663,1.287047323387378,1.4109270259733955,1.3671462148728417,1.220280974327138,1.4312300676086938,1.264239788132087
2020-12-24,1.311960897067279,1.2695399675111418,1.3050698826930007,1.283876902363385,1.0971643248569465,1.36700647343727,1.309412955236163,1.2790220711842648,1.3961102106248116,1.353819424319233,1.2110368690478566,1.4208067694432058,1.260950922918424
2020-12-25,1.328637147786083,1.293260307157968,1.3205129457598535,1.3041763258903554,1.1250230858214767,1.3616655335199226,1.310867721746839,1.288637320480041,1.4270479658963182,1.419706886810236,1.2252087927162016,1.4583157193095417,1.2744352702944424
2020-12-28,1.336112708453133,1.2987377742982236,1.3171538487826133,1.3099851119032309,1.139499890237242,1.3868786558358062,1.3108565312352183,1.291126191478012,1.4417562203020924,1.449125819701117,1.2219301663922277,1.4605831092681634,1.2668708803030173
2020-12-29,1.3280621046578482,1.279662512685968,1.3102802377604212,1.2959765232974858,1.1190331814604824,1.371565487632638,1.3103193866774303,1.2825080288494588,1.4172937966977355,1.3865788091358404,1.2156702498800385,1.4303749279310438,1.2619375824825227
2020-12-30,1.3504887866589985,1.307573709784255,1.3334689838779485,1.323860712370272,1.148346020401799,1.404778888276907,1.3115503429556945,1.2945758716758509,1.453513142627108,1.4321987064106891,1.234809550639578,1.4665218328572498,1.2718041781235119
2020-12-31,1.3769407705577907,1.3366414978744492,1.3544465347745689,1.3596162794623063,1.181859194061249,1.4422439273764547,1.3094912888175072,1.3096377596456559,1.4876640651004591,1.4550969906133147,1.2529733712008504,1.496205191663016,1.281670773764501
2021-01-04,1.3887291546866007,1.3620709664988961,1.3730440128854213,1.3825123896329135,1.228163924646824,1.4740149777148388,1.309446526771025,1.311588314957937,1.5301807576040813,1.5272215919367225,1.2683129021230073,1.5371628516297837,1.2902218233200249
2021-01-05,1.4249568717653818,1.3848216325418101,1.3936912873567564,1.4104300051266359,1.2825582900841932,1.4655106562491358,1.3107781976538744,1.3173417424776734,1.576521016153926,1.5516290690398669,1.2857156228137303,1.5675676823436786,1.2928529154909552
2021-01-06,1.437320299022426,1.3839610293108633,1.3912915652484283,1.4085209151386506,1.2765213618943818,1.4464001264421578,1.3136541591403643,1.3268604271509434,1.569165036668309,1.5311871840209779,1.2826430594914333,1.5650506113905651,1.27903968159357
2021-01-07,1.4712478435882685,1.4060211570954202,1.409900651103575,1.4303857134520968,1.307206644062542,1.4499212748958616,1.3143815423957022,1.3388541194327064,1.6118117578605846,1.585114538746553,1.297743826659436,1.5986409846743395,1.2793685681149365
2021-01-08,1.4608970672800456,1.3928603864488465,1.3919028773740778,1.413389311810341,1.2702871013640704,1.447886572178449,1.3147620197908019,1.3403717418830534,1.5873710993575658,1.540576915511108,1.2774096491058045,1.5685890665400148,1.2267467246963273
2021-01-11,1.43904542840713,1.3536940771694599,1.3757503675627227,1.380501900581898,1.2080574129510735,1.4135734349791045,1.3124791554202027,1.3264443313320935,1.5342891259269955,1.452895853385708,1.2659115735446738,1.5186744887338015,1.2395732990296133
2021-01-12,1.4930994824611838,1.3975272555427205,1.407811871430344,1.4251955802003347,1.265163419029719,1.4365106436102353,1.313900350396017,1.3530287087490265,1.5922321289507564,1.5143058009159065,1.2935110618753027,1.5672399815259346,1.2507554407560677
2021-01-13,1.4821736630247264,1.3752587942980095,1.3945129874878626,1.4044871312329814,1.2343668697253765,1.431404050277416,1.317067265184642,1.34691644596183,1.5588065300209442,1.4750872674594306,1.2830090911851681,1.5361591090767055,1.2484532351065036
2021-01-14,1.4525589419206435,1.356187862008468,1.3814524649435562,1.3859856974540887,1.1856272864980804,1.4352322000142388,1.3194732251830674,1.3451352234120146,1.5310986407804947,1.442834204650198,1.2717912473289423,1.5081160919415109,1.2471376890210384
2021-01-15,1.4468085106382973,1.3498294910062838,1.3718603069714663,1.375902381758519,1.1582033519936488,1.4589343789203602,1.3179177440678065,1.3537462160972655,1.512038839750067,1.426186922465793,1.2620378597788566,1.4961278374020288,1.2303644764313568
2021-01-18,1.4660724554341569,1.371404549703429,1.3944343771544874,1.3972765513324463,1.1733159375342168,1.4803710178873415,1.335447277524159,1.3665007235918132,1.5388208118100697,1.4571297336725177,1.28205245174692,1.5189786490735644,1.247466575542405
2021-01-19,1.4424956871765378,1.3513671970815053,1.381599902888999,1.3766026518741794,1.1374379394385912,1.4303033158107128,1.293497338774048,1.3594432155583953,1.501180492174981,1.4152240809554777,1.2714414069679134,1.4922186796870212,1.2464799159783058
2021-01-20,1.456009200690051,1.3716004308449825,1.4036914712831732,1.3955473749063572,1.1534440909319632,1.461722279813072,1.3178134888777024,1.363954386618634,1.534643171675053,1.4374812126313696,1.288917040819445,1.5216920324103924,1.254044305969731
2021-01-21,1.4772857964347317,1.3944394749249034,1.4202352704286059,1.4147978168485704,1.1806056281594284,1.5062368356982714,1.3539807238162567,1.3742696110483064,1.5733411194513547,1.493522347905873,1.3020020872983333,1.5532490695786847,1.2533865329269982
2021-01-22,1.4792984473835527,1.395202723334646,1.4295351147633415,1.414069927451389,1.1831408660981204,1.513571384046462,1.3591806652076057,1.363443352296527,1.583434391881167,1.4805317331426255,1.3082873772138366,1.5677443695267153,1.252070986841533
2021-01-25,1.491661874640597,1.4053577788982843,1.4281565113127443,1.426068900879022,1.2294116510343165,1.5136951830824397,1.3553651659453805,1.360235003982226,1.614538061863902,1.5242299343743428,1.307381663527685,1.582772266330211,1.2484532351065036
2021-01-26,1.4623346751006319,1.3755130336339187,1.406840551742834,1.3926174309447261,1.1693254290103852,1.500946080291771,1.3518959290309744,1.3460405384218892,1.572139409077831,1.498419881792335,1.2894857346990871,1.5471964254479447,1.242204391200544
2021-01-27,1.449396204715353,1.3555932381897995,1.3964322585516653,1.3753434676566012,1.1472108683849462,1.491720349701596,1.352195597335873,1.344267491847332,1.5404890706631893,1.4490361874970032,1.280873705526099,1.5219809662852015,1.238915525986881
2021-01-28,1.4341575618171356,1.350541106669789,1.387195847761893,1.3731724506874068,1.1557002943204147,1.4840280653252191,1.351688466358352,1.3367008124551782,1.540024223821247,1.4481088525520698,1.2729893377062294,1.5154466187747997,1.2375999799014157
2021-01-29,1.4171937895342144,1.3300359396663188,1.371125733816742,1.3563292603735855,1.1459992516590607,1.4610950356917587,1.3518728776229052,1.319682254079519,1.5230010529378615,1.4297385523527972,1.2606937814585084,1.4945067786025081,1.2425332777219105
2021-02-01,1.4378953421506608,1.3453118089791658,1.3865434429994377,1.3665748819741979,1.1460945106254699,1.4813102650036365,1.3747055511492192,1.3360087133234324,1.5350654099930523,1.4296290459770764,1.274385961388775,1.5119532536255509,1.2547020790124639
2021-02-02,1.4583093732029895,1.3593590651354213,1.3968982428534502,1.383944864868537,1.1862026674187338,1.4741523481825771,1.3797842894810228,1.3429350184155853,1.5687637554693465,1.4752651725172399,1.2801130064648776,1.5384403944090774,1.2349688877304852
2021-02-03,1.449396204715353,1.3491984452564647,1.3860396640527328,1.3723619091342192,1.1840809364074778,1.4311733001094276,1.3651050547029104,1.3374756807302497,1.564157997885213,1.4835928462257288,1.2710343887434838,1.5396376166400905,1.2320089090381885
2021-02-04,1.456871765382403,1.3477139464967716,1.380371567664216,1.369525561745308,1.195127816033655,1.443872350103992,1.3533944907743198,1.3385936913800642,1.556753853539095,1.4741418235558972,1.2634142870129832,1.53190856716707,1.2103023986280124
2021-02-05,1.4666474985623914,1.3429787071961283,1.3800814636244567,1.3672540230137036,1.2084421900959346,1.3878261586909622,1.3223541793479305,1.3477750525708563,1.546698075489927,1.4709506336294071,1.2633683447929636,1.5436539881658053,1.2195112212262689
2021-02-08,1.4824611845888436,1.3629351477612737,1.3909940594668542,1.3843188135028928,1.213881754562133,1.4076779615478632,1.3807385758870443,1.3587485540721553,1.5626051135024783,1.5001028006486676,1.2743069979612398,1.5595955695035872,1.2306933629527232
2021-02-09,1.520126509488211,1.3983934651659369,1.4145098795935735,1.4194990277176807,1.245077144021461,1.4718420988732808,1.4500643621240508,1.3811210684506887,1.5999033007184238,1.5544563740530544,1.2940023526395599,1.5902852912224197,1.2306933629527232
2021-02-10,1.5825186889016667,1.4506699246064918,1.4444407208115448,1.4692261382400356,1.309506131263829,1.5500820999254332,1.649375997555444,1.4125774411126848,1.6710418814124341,1.6863834265871445,1.3147740164361401,1.6544175581354565,1.1987913703801916
2021-02-18,1.5304772857964342,1.415947098082074,1.411260397842938,1.426572922440435,1.233869818319598,1.5370354767380723,1.6442361888576829,1.4076978626287278,1.6039923965822491,1.5954643702797384,1.2897560206664567,1.575118433978666,1.1935291860383306
2021-02-19,1.5428407130534783,1.4370766744984949,1.4209361560617022,1.4424665617855865,1.236666943643348,1.5607280096362461,1.6445167034339614,1.4263788957302819,1.6248648901597058,1.6334393856973837,1.3010270488367304,1.5791369138264477,1.2050402142861514
2021-02-22,1.475273145485911,1.3883216383287331,1.3851421017970607,1.3900871260497065,1.1515390199755933,1.4907279892028635,1.6446569607221009,1.4051534060045794,1.5572301957965422,1.5530800791418689,1.274962975492536,1.5004964178903382,1.2181956751408036
2021-02-23,1.4861989649223686,1.3920112710075103,1.3890979400984718,1.3981405158540676,1.1579377937159525,1.5042891955109179,1.647181591908609,1.4064590395932746,1.561140099003025,1.550692525337772,1.2782209045663497,1.5100061250178727,1.219840107747635
2021-02-24,1.4554341575618168,1.3684870250538457,1.3687198755747123,1.3738694291344236,1.1083202381328585,1.4645193080559669,1.6502812779764888,1.3893739975975912,1.520952943176217,1.4936566499326909,1.261885034164596,1.4660475607253043,1.2116179447134774
2021-02-25,1.4289821736630244,1.3313671586596734,1.3409679208946448,1.3348342217062166,1.0637832199668529,1.4413761087527164,1.6487244220781418,1.3780908376171228,1.4500765802550253,1.4009230226748628,1.2376685275449624,1.426788858772159,1.200435802987023
2021-02-26,1.426682001150086,1.3284229227279927,1.3316407451411723,1.3312343752176492,1.0663303563103024,1.446048987394232,1.6464803054679122,1.362251446123864,1.454575015749115,1.4076389925739963,1.2271122963004728,1.4289037690352375,1.174782654320451
2021-03-01,1.445370902817711,1.3477012918313707,1.3460019166516153,1.3480143010015264,1.0805346256060762,1.4652918688016194,1.67098934844633,1.3805628258029659,1.480183063702833,1.4260969517037736,1.2344442515756107,1.4456444655297618,1.164258285636729
2021-03-02,1.412880966072455,1.3180519682559353,1.3280918983482597,1.3216850110207252,1.040625566211828,1.4271525457613912,1.6258676186835797,1.359460685991005,1.4462622563455827,1.3729681206234228,1.223129813298325,1.4227350363257434,1.1688626969358573
2021-03-03,1.432144910868315,1.3348586966935445,1.3350569236463539,1.336846132101411,1.0521376903305408,1.441252633378035,1.6403643357927287,1.3928371768612526,1.459748750690817,1.3855511069377477,1.2277090185388562,1.4502995149991877,1.15702278216667
2021-03-04,1.375215641173088,1.285099172034221,1.290938854076689,1.289366019312509,0.9882387692747564,1.3715664138054193,1.5661863933002893,1.3634646285349445,1.3951011910309397,1.301561814125356,1.1981064162336383,1.4073354027058433,1.1402495695769885
2021-03-05,1.4033927544565845,1.3098194921862005,1.3169414896710412,1.3139186413880453,1.0197667252632328,1.408650071875111,1.6019848007038267,1.3759304504743686,1.427658871470568,1.3493008028302407,1.2185615097301383,1.4286837155122016,1.158667214773502
2021-03-08,1.3392754456584246,1.2400745372362556,1.2690000103112915,1.2495747832810733,0.9392269122827703,1.2943916517923735,1.476568731381772,1.341121326045909,1.351452508191758,1.239104895642593,1.1863398577287985,1.3781801020258453,1.1474850730470474
2021-03-09,1.3277745830937322,1.226873279470146,1.2651719312720242,1.2381718333031189,0.940388575340941,1.2959925928908747,1.475243960135536,1.3261786789176184,1.3428570254383616,1.2400832365538466,1.1850513320475413,1.3608467557491029,1.1665604912862935
2021-03-10,1.3240368027602072,1.219868212690108,1.257060744015233,1.2318740966480841,0.9422899266779903,1.298612932305787,1.4801928785607987,1.3168499973681183,1.3359155964563583,1.2442143336138627,1.1786164268933699,1.3504362944088564,1.170507129542689
2021-03-11,1.3588269120184016,1.2595418237998168,1.284056369104702,1.2687071635365155,0.9932277134483578,1.3688126306897421,1.552089223783805,1.3507874028426585,1.3860835725443708,1.3138234034515177,1.1980182267312425,1.3868184239568264,1.1685338104144911
2021-03-12,1.3510638297872342,1.2478199311329308,1.2786769760595782,1.258047140861502,0.975093050913134,1.3438204211536948,1.5286400084231542,1.3528550845264546,1.3706993663788465,1.2909978695393134,1.1960621060468353,1.3835343966015345,1.1751115408418173
2021-03-15,1.3292121909143189,1.2278210757772947,1.2637440167939258,1.240317616033932,0.9504670691463035,1.2982632578787585,1.5245311887957544,1.3550967908875753,1.363659816630248,1.2576609916407762,1.1905070008251915,1.380463967638672,1.174782654320451
2021-03-16,1.334100057504313,1.2281007399029669,1.2640302864518558,1.2404712838392595,0.9518859184892344,1.3087512600605755,1.5226396144474568,1.3570768960737378,1.352959535153487,1.251306322792446,1.1908276788171828,1.3809426454097409,1.1741248812777183
2021-03-17,1.3481886141460613,1.2466267027161666,1.2810279643647517,1.2585729009170645,0.9811074975406223,1.3420274627443243,1.5224970985719002,1.3578902535695765,1.3715277408170865,1.2874519917570126,1.2031060771534272,1.386081102229469,1.1879381151751032
2021-03-18,1.3378378378378382,1.23930107631063,1.2726152556890313,1.2493485694394315,0.9695971960224932,1.3335212667532437,1.5222638907755348,1.3549132379290734,1.3575918927706134,1.2713659834349358,1.1939722805832977,1.3842472942099615,1.1737959947563519
2021-03-19,1.3156986774008053,1.2338443012594869,1.265313594623549,1.2443928020580748,0.961854572582137,1.3409740384687714,1.5218233871601776,1.3375431390185784,1.342930251312206,1.2679236020346365,1.1902466171605273,1.3689106112715932,1.1777426330127476
2021-03-22,1.33122484186314,1.2471412206796244,1.2745894376597622,1.2565012560130422,0.9699375390237838,1.348063630577553,1.533091559073884,1.3577608519713786,1.359722782958114,1.276330886820161,1.198977209009128,1.3871538432902502,1.1744537677990845
2021-03-23,1.3136860264519843,1.231263826265103,1.259234263416899,1.2409132992883476,0.9494377217962343,1.3125510028890086,1.4410425834773155,1.3381468785514725,1.3284433723179876,1.2483131428997625,1.1862773546610175,1.3667396077996425,1.1731382217136193
2021-03-24,1.2901092581943652,1.2143296700533395,1.2481924871391308,1.2252881691458053,0.9340672904493468,1.28432040879813,1.3886698904654748,1.319560409033548,1.3045142129711853,1.2294641312082732,1.1797987720152732,1.3490795235642643,1.1800448386623117
2021-03-25,1.3027602070155266,1.2264556176025356,1.2596899715076262,1.235586119584902,0.944400568087173,1.3054259331527822,1.4045404034993658,1.3254090018834257,1.3171965015257043,1.250360028550802,1.1849869556063546,1.3589731278842148,1.1777426330127476
2021-03-26,1.330074755606671,1.2549620104454589,1.2791426556971353,1.2613125521843385,0.9836230031937787,1.347479649125506,1.466435404331541,1.3463341862853961,1.3468569457857968,1.305582251662047,1.1973444685840862,1.3822733051804377,1.1774137464913812
2021-03-29,1.3286371477860845,1.2555945576819583,1.274154908908033,1.261781689952407,0.9839653228502446,1.3453257974824426,1.4426296347807044,1.3506479165948553,1.341237179952021,1.303024569412353,1.1933009417203495,1.3848538089709341,1.1701782430213223
2021-03-30,1.3410005750431286,1.2657981833389602,1.2773301507043957,1.268538027728642,0.9923755174896424,1.353455077053135,1.464848353028152,1.3558450391077015,1.3531983133226688,1.3162925154040774,1.1900386766045103,1.3915735807138467,1.151431711303443
2021-03-31,1.3332374928119612,1.2572888078450606,1.278878563482383,1.2620343155018914,0.9814215407520777,1.3469989757968632,1.4410425834773155,1.3541823018464456,1.3485470539524078,1.3036437630816666,1.1927626189904832,1.3922730566501904,1.1636005125939963
2021-04-01,1.3545140885566422,1.2795225443543945,1.300155338376142,1.2845113869170415,1.0087589820803522,1.3548590570394106,1.4569130965112067,1.3650681465980892,1.3640829036130868,1.3091650256222582,1.2106143568851806,1.405746854606382,1.1849781364828063
2021-04-02,1.3668775158136863,1.2945849268142968,1.30891869249757,1.299828621715296,1.0310351163882268,1.3537249282711166,1.4838929686688218,1.3620796750466921,1.3731514636183817,1.3080691465267256,1.2149783539718637,1.4042333640318685,1.1862936825682715
2021-04-06,1.3568142610695806,1.2839679133302007,1.3037344814759375,1.2898011051346752,1.011854298403224,1.346136030522671,1.4804092517625773,1.3612274819111387,1.369617557803081,1.3065439546480864,1.2124954048035215,1.4031431015397868,1.18464924996144
2021-04-07,1.3404255319148939,1.2726787307609129,1.2936693380877755,1.2788291817213526,0.9900320472378478,1.3452130322255895,1.4803590177383745,1.3585931255411612,1.3628983671024866,1.3118698118383643,1.208076764189191,1.3987756042883892,1.1826759308332422
2021-04-08,1.3444508338125363,1.2847287297445211,1.3026685599907617,1.2904779673933866,1.012117123400894,1.35676512195399,1.477458002840663,1.3600353801624407,1.3668888749151347,1.3218652474825168,1.2164702231637337,1.4028449159787943,1.197475824294726
2021-04-09,1.324611845888442,1.272372326966136,1.2897961512399905,1.2791551411294875,0.9976185881423132,1.3438397793731478,1.478324539758161,1.3523378752359563,1.356782964733386,1.3143215222345919,1.207137591427247,1.3950553987198164,1.188924774739202
2021-04-12,1.3016101207590574,1.2457466445237444,1.2675291751804947,1.25432081165636,0.9672670410550389,1.3275444190709083,1.4805348368230842,1.3405399884841613,1.3407395810323357,1.2940328623335293,1.1901998615215141,1.375649254711816,1.1774137464913812
2021-04-13,1.3033352501437612,1.251347575349636,1.2749786279195767,1.2597723559561746,0.9803627225714017,1.3367466581908727,1.4845284417472069,1.3348264619673613,1.3398553691805002,1.287524267225025,1.1952596047879955,1.3750230912479455,1.1885958882178356
2021-04-14,1.3056354226566997,1.2596023781216685,1.2817159623063117,1.2676179598396362,0.9933656057835254,1.3384833677314167,1.4845410002532573,1.3349497523914302,1.3440940920384137,1.2956985153551088,1.1965369782363824,1.3874555445418888,1.1833337038759746
2021-04-15,1.3053479010925824,1.2631558953014446,1.2890646979348506,1.2718660753025752,1.0031492068557264,1.3349810728859528,1.4833981762026438,1.3339169119200796,1.3444591266459205,1.303179407840917,1.205677473508096,1.3927796328977107,1.1987913703801911
2021-04-16,1.3053479010925824,1.2615834465585085,1.2910915913601058,1.2720579317315759,0.9990896223311038,1.3454434625139216,1.48494287244688,1.3429148066484913,1.349131699198668,1.3006105768837244,1.2129221823299008,1.4000707903419214,1.207342419935715
2021-04-19,1.337550316273721,1.288093101627081,1.3130702767752946,1.2950285517764415,1.025514010311553,1.3676243279671891,1.483850282420469,1.3606436453281936,1.3714515681051074,1.3235990899919465,1.2200306870077096,1.4255951654833519,1.1987913703801911
2021-04-20,1.3312248418631403,1.282582273397154,1.3099566949901966,1.2898433407607148,1.0217497961051116,1.3651462132780436,1.483938191962824,1.3602435636608172,1.3679098105250649,1.3194382040070112,1.2203137912153788,1.4197898953931292,1.2027380086365866
2021-04-21,1.3461759631972403,1.3041411036297157,1.3248894660117365,1.3092441240253438,1.0561329801135912,1.3851103613317013,1.4874922491751719,1.3696763969446708,1.3810679244572048,1.332290590400568,1.2289889512626986,1.4315890210331101,1.2112890581921107
2021-04-22,1.3404255319148939,1.2996954508676326,1.3220634226273333,1.3043781656149573,1.047361482299544,1.3788736758821276,1.4865503612213697,1.3659543433724641,1.37887328610255,1.3228514932832194,1.2265929715895325,1.4318710501628669,1.2076713064570814
2021-04-23,1.3605520414031056,1.3208140025718402,1.3367842413137765,1.3221896033041707,1.0770152865633946,1.4004865143158551,1.4900165088913628,1.378191504623028,1.3927579706550477,1.34426360882306,1.2295406348784403,1.4493584224041958,1.2007646895083888
2021-04-26,1.3401380103507765,1.3056284618441896,1.3245923031257194,1.3082920795378215,1.0637514527179257,1.3994921833917073,1.4872661960662596,1.362034406779149,1.3847529560796499,1.333171277372625,1.2241477208393718,1.4352179403090757,1.2017513490724876
2021-04-27,1.337550316273721,1.3091639901400778,1.3253379054353902,1.3079595009922385,1.0699405736492271,1.3801229018872923,1.4858722018946318,1.3601443408865694,1.3773868189908618,1.3258614354571783,1.2207491977916536,1.4364413928591884,1.195831391687894
2021-04-28,1.3539390454284073,1.330145358882772,1.341735125107142,1.327405831383793,1.101154314413612,1.4092405851937742,1.485520563725212,1.3681647554061322,1.4028002316693247,1.3350324277046683,1.231560387530928,1.452161843936035,1.2050402142861507
2021-04-29,1.3634272570442785,1.3328021209773429,1.339763004043387,1.3291848762762049,1.0964356403403794,1.4119663873046298,1.4862991911003554,1.3777473494331633,1.4062299105598506,1.3434831322019172,1.227330056286184,1.4536128533036314,1.1915558669101323
2021-04-30,1.3484761357101787,1.3281531994155307,1.3427837164691323,1.3256551547540525,1.1014264756275074,1.3835744559066536,1.4880573819474534,1.3664154272431182,1.3951150328853177,1.3430904886354602,1.2309613919774403,1.4528315470471178,1.2050402142861507
2021-05-06,1.338125359401955,1.327576985962512,1.3385683553328913,1.3248969584025496,1.116995769395102,1.4028899347325283,1.4883964616108223,1.3696052253137696,1.4147286114912907,1.3830234398582255,1.2357565714031482,1.4550271927396752,1.2033867392401594
2021-05-07,1.318286371477861,1.3214252533480007,1.3219907974311766,1.318757644512619,1.148088758648522,1.4001217707847813,1.4879443553929972,1.3642641920030818,1.4268459907874578,1.4304498300614172,1.2301274914105254,1.4445298176816734,1.2030212058347183
2021-05-10,1.3076480736055205,1.3147469185146212,1.316624649051847,1.3120927914747191,1.1460993668955983,1.397571620541425,1.4856310322344433,1.3606015943001295,1.4283457897868188,1.4359040014151068,1.2281395096295065,1.4488625999972204,1.2037218115284802
2021-05-11,1.3211615871190339,1.3250149248142313,1.3212731686446515,1.3223400693795466,1.148657375936383,1.4406527053558429,1.531426607618142,1.3620718328641706,1.4237926596852075,1.4229621393245295,1.2300374451016043,1.4398548546764252,1.20611808607526
2021-05-12,1.3217366302472686,1.329940410448149,1.3262973692559659,1.3272556117579057,1.1468234396472676,1.4583199994996419,1.550207098041576,1.3667214929434786,1.4291687118557266,1.423738596723484,1.232622507825877,1.444606195492423,1.2061587008980867
2021-05-13,1.3228867165037377,1.3291848225550293,1.3275787087234903,1.326501549197327,1.1186236946529864,1.4751173849136587,1.5680628677672082,1.365142373735085,1.414735566628648,1.396754170614339,1.231093577784735,1.4257304754712845,1.2041482671681614
2021-05-14,1.3525014376078204,1.3541426174944189,1.355741021675576,1.3514089609356064,1.1154890726111064,1.505481733610235,1.6003404398316334,1.3937715514089193,1.4296580642590713,1.3987019744366098,1.2526185790117228,1.4389750227184364,1.204513800573602
2021-05-17,1.374353076480736,1.3661224379460057,1.3713965942731927,1.3633645972914208,1.1502223842066972,1.5314696756255703,1.6455367496155677,1.3918281876871732,1.4394684404996836,1.4044832496058905,1.2628826677118854,1.4490585282516162,1.206767923240488
2021-05-18,1.368890166762507,1.3617640512980118,1.365827812015536,1.359015009075802,1.1368204758627385,1.5186939153481158,1.6207788862354278,1.3957874749613604,1.4353649498380876,1.3985391392126478,1.2611572697991513,1.4388441431306027,1.2057119378469918
2021-05-19,1.3665899942495685,1.3524963650019028,1.3703353675266852,1.349766031792393,1.10578683791268,1.4680839965287502,1.557580007411464,1.3892393535526033,1.4116387320302997,1.3500688918984989,1.2618894243995848,1.4217136398974592,1.2071842251744627
2021-05-20,1.373778033352501,1.3580049960606222,1.3772621494968562,1.3552635423788453,1.1100612534854073,1.45764900556367,1.5482687849287666,1.3902222572000338,1.4111676687420787,1.3469956574187996,1.2626706580023377,1.422976234781983,1.209621114544069
2021-05-21,1.355951696377228,1.3486782846555239,1.3685398326809344,1.345955659142564,1.1218089940138871,1.471894658081075,1.5691356039631805,1.3854015472279728,1.4121399197531344,1.3535714501118332,1.2606120253142112,1.4170908458074887,1.2102303368864706
2021-05-24,1.3640023001725126,1.3617687151594027,1.3711988010134382,1.3590196635220877,1.1404872614609634,1.4778557505178562,1.5781873841231855,1.3940352925006425,1.4204467470725144,1.3570165379891566,1.2571743043660726,1.4206601286544758,1.2110223259315924
2021-05-25,1.4123059229442207,1.3939812238235203,1.4023827012902665,1.3911671436327517,1.1595865450990255,1.495123258792539,1.5918395241242511,1.4243177065877568,1.4444612045225773,1.3826949861818463,1.2824733912112756,1.444103906907356,1.2088494329103603
2021-05-26,1.4091431857389303,1.3936015263478752,1.3946864282231066,1.3907882126661,1.1655757991339122,1.5074468590419994,1.6191438041263826,1.4249485227733425,1.4500797588205976,1.397545889729863,1.276892420691329,1.4446371697184515,1.2094688089584684
2021-05-27,1.4166187464059803,1.4092748186509207,1.4037430216898887,1.4064298647284879,1.1869608170821815,1.5247406299019781,1.6655610801300054,1.43819352143805,1.4694519771363146,1.412618930402558,1.2830328526836516,1.4577652874677214,1.2085955902676928
2021-05-28,1.4117308798159862,1.406939757232998,1.404889967329337,1.4040995171832975,1.1817559651992053,1.5059904156889563,1.6355263721276612,1.4421250276311868,1.4634241692189363,1.4036135415367403,1.2834360821628974,1.4474574315642115,1.2085955902676928
2021-05-31,1.4128809660724555,1.4194811927915718,1.4131924219080434,1.4166156348934196,1.1923871490259497,1.5238786677536458,1.6292324192584955,1.4491007825031181,1.4771318971548246,1.400555084664266,1.2866769579266868,1.4604105387106834,1.2063617750122202
2021-06-01,1.4180563542265674,1.429515142650603,1.4164448742797737,1.4266293288558496,1.2110808153691832,1.5450839148647215,1.631152228522835,1.4522292875569691,1.4938560715357596,1.426110005812154,1.2879259926340287,1.4717121132271715,1.2077832938111575
2021-06-02,1.4033927544565847,1.4112474942366153,1.4000444484784915,1.4083985580028042,1.2048762937458466,1.5202617545382135,1.6301237592740818,1.4428383343883067,1.4806899154216573,1.4135546077216905,1.2752370003563307,1.4541594453926217,1.2070217658831552
2021-06-03,1.3890166762507195,1.3984476941065653,1.380798447277286,1.3956245972910881,1.1926543603305224,1.5083175112926481,1.629863213731064,1.4415831954259588,1.4703797905574938,1.4000076874670286,1.256839706522414,1.4364163544005273,1.2068288454747282
2021-06-04,1.4019551466359983,1.4223141034807116,1.3985867007764499,1.419442826683541,1.2187786131899678,1.5157418180443403,1.6303294531238324,1.4531013715539733,1.4957089456635566,1.4267121684148367,1.2722497612097465,1.4517330622162539,1.2071740714687558
2021-06-07,1.4002300172512945,1.430525822664072,1.3999271255543566,1.4276379685731109,1.234258664229362,1.510023313828821,1.6287936057123609,1.454631422305608,1.5098363508485269,1.453253860891811,1.2758954112521697,1.460736352896465,1.2060368564296062
2021-06-08,1.3841288096607252,1.4118269947664501,1.3897322386252373,1.4089768886740115,1.186083708240309,1.505361194037066,1.6289581607921613,1.445091856953672,1.4716641584298644,1.3976839285960436,1.267230500260298,1.456400360113726,1.2061587008980865
2021-06-09,1.3887291546866023,1.4190255428565857,1.3916215002415113,1.4161609047953971,1.2052570954152337,1.5012150211662307,1.6284096438594926,1.4502217711799497,1.4900993872375259,1.4214488043307747,1.2679051118526279,1.4635808565197388,1.2057525526698187
2021-06-10,1.401380103507764,1.4347156892789,1.4117197835894741,1.431819376953035,1.2169130636644914,1.508932128890687,1.628437069706126,1.463369079910736,1.510973849800049,1.436832808462938,1.283639406684444,1.4792673413668358,1.2057728600812319
2021-06-11,1.3861414606095466,1.4181950602143385,1.3986464187793146,1.4153320986784232,1.209968413252447,1.4832502408493387,1.6261744373588687,1.4500832164610875,1.498592667200573,1.4256974515792025,1.2694789724302147,1.4648872089224871,1.2040974986396276
2021-06-15,1.3674525589419215,1.4032935627457357,1.3841675856533353,1.4004606834003999,1.1865066346114588,1.472320430642446,1.6260647339723349,1.437564790309747,1.4845845843352037,1.4112454027599164,1.258424841935094,1.4485573033336134,1.204016268993974
2021-06-16,1.3458884416331234,1.3741408013319876,1.3559255625499258,1.3713667737179367,1.1493603691003431,1.4583742860052522,1.6289581607921613,1.4252708518407167,1.4512359871749207,1.3772344386260895,1.2362345855436223,1.4231929142284412,1.2061587008980865
2021-06-17,1.3516388729154694,1.3955552621550968,1.3640695566537104,1.392738004396358,1.1716857664397013,1.4755588664276975,1.6285879118626099,1.4302257184666438,1.4795599426714379,1.4074213844579062,1.2388525427459731,1.4327522737416756,1.2058845508440057
2021-06-18,1.3481886141460617,1.399878134566184,1.3684357737118888,1.3970521500689412,1.1602787332692979,1.4710337922477528,1.6297672232678473,1.4364785301936658,1.4689679447212367,1.3831465418150617,1.2416971513109332,1.4357457092314736,1.2067577695347815
2021-06-21,1.3573893041978158,1.4105360556320234,1.3813967308313748,1.4076885556049918,1.1551922082182269,1.4819555227139851,1.6425193813064045,1.4433224314404325,1.4804815998628678,1.3806060385165302,1.2528237680393506,1.449376185822908,1.2091032755530275
2021-06-22,1.3608395629672234,1.4175017187937375,1.3845798331787447,1.4146401569311633,1.1695425376210917,1.499125713982985,1.6615498930240717,1.45151951902675,1.4839481254036575,1.401246329003242,1.25529687271377,1.4590588349437386,1.2086768199133466
2021-06-23,1.368890166762508,1.4298780286406938,1.3920348545196715,1.4269914822748997,1.1764458925865544,1.5124158886980459,1.67628000416159,1.464334092317458,1.4913936879170706,1.3989704494202713,1.2603561429335741,1.473642432500184,1.2088798940274803
2021-06-24,1.3726279470960332,1.424603043216374,1.386812272055517,1.421727145653975,1.180223095504961,1.4977369954061532,1.6600107124328425,1.4607569103389528,1.4809936714259317,1.3999718986379703,1.2560936584670002,1.4702717815643647,1.207306069642943
2021-06-25,1.3970672800460047,1.444114888418873,1.4022989915248794,1.4411996015905848,1.200324323089062,1.5202791954346948,1.6849952682286584,1.4723481108688383,1.5078961342185235,1.4207651283064822,1.2668642200539075,1.4847640609773032,1.2080879049823583
2021-06-28,1.397354801610122,1.445702446027638,1.4125445549894957,1.4427839543395264,1.1880153807055749,1.5158563967698588,1.6831547741535282,1.461397237899123,1.509531027218368,1.417909514037147,1.2726087372154575,1.4795507721028243,1.2091845051986811
2021-06-29,1.3821161587119046,1.4298242886100851,1.4008222125418097,1.4269378507312296,1.1651074610544585,1.4932465783470796,1.685274830046003,1.4522407266441295,1.4984637482904604,1.3915913806765847,1.262516346389624,1.4610014607807307,1.2107075610546854
2021-06-30,1.395629672225418,1.451762279674324,1.4166935316116305,1.4488315547813937,1.1828371451090574,1.5189139567600165,1.687041543289732,1.4665663076358062,1.5249557402680969,1.4053610875950884,1.274059012961352,1.4817662144340442,1.2119767742680219
2021-07-01,1.3803910293272008,1.4282107363741003,1.4046979837361213,1.42532755583136,1.1597850836918804,1.490703508700194,1.6865751309933876,1.4537765445892603,1.4907725350893253,1.393879530074238,1.2639480884837413,1.4505354928021905,1.211641701979701
2021-07-02,1.3496262219666484,1.4026458593590112,1.3840490516493793,1.3998142875558708,1.1562456357592468,1.4447877002533867,1.686292456874391,1.439411985941509,1.4814428479887076,1.3537993757064453,1.2498530741833398,1.4219205618559871,1.211438627865567
2021-07-05,1.3516388729154696,1.4183943811651252,1.38881161765791,1.4155310172528148,1.1885664271571024,1.4559737586876114,1.7174423946998034,1.4497171704840128,1.506570905051332,1.368512825575773,1.2540543016308836,1.421145034662639,1.2120681576193821
2021-07-06,1.34732604945371,1.3984436549264163,1.380384196583572,1.3956205662649777,1.1742707308536058,1.4469776105125218,1.6856379059090663,1.4482020599501857,1.4775822511606411,1.337520397365812,1.2490165386480794,1.3985763902822128,1.2125555354933035
2021-07-07,1.371477860839564,1.4322814401347683,1.408590179991667,1.4293900419154766,1.2009420260104844,1.470097115877727,1.677686783711382,1.4662593811421143,1.5121742924198636,1.3577976837260686,1.2699427976991127,1.4313435201526665,1.2138755172351734
2021-07-08,1.3516388729154696,1.4171541965124181,1.4011115789871988,1.4142933362056116,1.1719056404916752,1.4543091379958917,1.5928748136027497,1.445932790049524,1.499532453332624,1.313927071468005,1.2641496686338678,1.415407980614655,1.2156422620281384
2021-07-09,1.3602645198389889,1.4350401023891521,1.4132916512546154,1.4321431351588363,1.2014676498896175,1.4812666059286053,1.6379311727229606,1.457023505906181,1.517575178046512,1.3128319160574844,1.2751306748352855,1.4309433402439187,1.2161804084305932
2021-07-12,1.368602645198391,1.4518579679124561,1.4262543245033574,1.4489270498502271,1.2239265173516582,1.5095156191784551,1.6360774936177294,1.4651849694440136,1.533440974036333,1.3393062999741405,1.2846016979099202,1.4530025068519028,1.2172363938240893
2021-07-13,1.3720529039677987,1.4518250775300352,1.4290660779210766,1.448894225864808,1.2393073402182184,1.5241706574588705,1.6390935939679896,1.475875006038442,1.5156720677808098,1.3635171775198476,1.2886269405654924,1.45479570591394,1.2194803627852686
2021-07-14,1.35480161012076,1.442260199081519,1.4202660088703931,1.4393486563815125,1.2329993439208322,1.5369651507926843,1.6393392492001373,1.4602457430575062,1.4941664278521234,1.3726177363300152,1.2823805244720734,1.4423953979785669,1.2196631294879892
2021-07-15,1.3746405980448544,1.4624555715706307,1.4319482168790545,1.4595032597435402,1.268405422866311,1.5700017836351219,1.6364732714917454,1.474759891795029,1.5129412763810612,1.401823929650201,1.29064131050955,1.4574426269117966,1.2175308512895837
2021-07-16,1.359401955146637,1.4610108813547744,1.4160570020182492,1.4580614859759464,1.2785539503458037,1.54736562852894,1.6370191720076297,1.4745469361321037,1.4954163781121586,1.407856114026161,1.2793509139702879,1.4517041090520708,1.2179369995178515
2021-07-19,1.357389304197816,1.4536316125107756,1.4136549758671941,1.4506971139282037,1.2545522855032718,1.5416081937717225,1.6380427354749125,1.4652072250165784,1.4856898360342583,1.4029885572129845,1.2771376509671357,1.4448223987475377,1.2186985274458535
2021-07-20,1.3688901667625084,1.476305729063576,1.4226585420383993,1.4733254574238466,1.2924819903355653,1.5671697214350784,1.6384112183231343,1.4728074970752243,1.5191055437043122,1.4347413319374347,1.2838140581019342,1.4631885494340828,1.2189726774999343
2021-07-21,1.376078205865441,1.4950613673773252,1.4367031399918677,1.4920432330538367,1.3076923018237991,1.5981948143692661,1.6399124447418159,1.480055604148059,1.5617525157662804,1.4298499275511336,1.2938219866013767,1.4923931672717472,1.2200895851276705
2021-07-22,1.3775158136860277,1.4942538235006857,1.4377373108208797,1.4912373193951567,1.3066102513292652,1.6100505675851224,1.6415364987765713,1.4903155097827316,1.5748589460457847,1.4053416005858572,1.2963182789090746,1.4918577094154617,1.221297876106767
2021-07-23,1.356526739505464,1.482284315155966,1.4209603471280363,1.4792919743287871,1.2993185985938942,1.5940049821102609,1.6414682612120854,1.4801022865182243,1.5653415954309957,1.377898079629157,1.2848651175725945,1.4758727673954668,1.2212471075782334
2021-07-26,1.3110983323749292,1.4467376968054002,1.3934867760848322,1.443817115219192,1.2575694085564273,1.4844950836198387,1.6450984996427152,1.4515141960732716,1.555260101053166,1.3035749047310892,1.2623239404252855,1.4591874055763523,1.2239479932962136
2021-07-27,1.260494537090283,1.391683561636594,1.3562285732057937,1.3888741198193804,1.1770354027533225,1.4132820448350507,1.6485513204056823,1.411451478012866,1.4912784701690744,1.237734383672066,1.233058726450114,1.4047417555342816,1.226516880840007
2021-07-28,1.2880966072455449,1.4186302175194907,1.384005859927895,1.415766377515823,1.2232966633916453,1.4739240102718691,1.6460401780326153,1.41234325271845,1.5181692972850307,1.296345049702552,1.252374618796426,1.4239465535513487,1.2246485989899758
2021-07-29,1.2834962622196677,1.4287451262138677,1.3915226458703633,1.4258608668790769,1.2125197189159174,1.434127709211352,1.6450166145653324,1.419914827636088,1.5550197613603727,1.2711852260329066,1.2560893164320839,1.4525960491911376,1.2238870710619736
2021-07-30,1.2757331799885006,1.4173443127981245,1.387554130392739,1.4144830686967127,1.1679958898322802,1.367207155318842,1.6471183315514863,1.4260662142239715,1.5681215265738,1.2102536498480538,1.2535741015775825,1.4576028157944492,1.2254507417408043
2021-08-02,1.3087981598619907,1.4410593466505162,1.403963612008897,1.4363792340397912,1.1938814109484566,1.4096892346574204,1.6426572049584527,1.4379847367715537,1.5683438242498295,1.1821662545475011,1.2591414075311096,1.46230898033181,1.2292076128522809
2021-08-03,1.3125359401955161,1.4381812220170487,1.3997453128335027,1.4326280066155543,1.1796617187805525,1.421105202956776,1.6269007340123587,1.4321147975416317,1.5673553504864868,1.1384667864454208,1.257299904802378,1.4420351435908176,1.2281008589302513
2021-08-04,1.318286371477862,1.449710463580896,1.4122455726973517,1.4449330680162296,1.1908421218549292,1.400368575021695,1.6466814548875806,1.4391641002825986,1.5677050182901828,1.1789024413036673,1.2601806405276799,1.476523667406816,1.2274916365878499
2021-08-05,1.317136285221393,1.457049091435825,1.4100980460715173,1.4541241739091024,1.2062838061114132,1.3956798425270722,1.643315478518192,1.435416823082654,1.5646184244392012,1.1991799254844675,1.2592054535902684,1.4897753918384515,1.227319023590836
2021-08-06,1.3085106382978737,1.449108614689736,1.3933882510313167,1.4458308751104947,1.2295567893039494,1.3955987660734241,1.648757717359364,1.4374117505253394,1.5510858313731293,1.2068007289751683,1.2541846983410045,1.4854952272578128,1.228080551518838
2021-08-09,1.327487061529616,1.4654184924357272,1.3976463340015137,1.4607113989808853,1.2403294313328932,1.4119895961205444,1.6412369180763566,1.4607965289690772,1.5483492975012443,1.196544776093497,1.2534291538013635,1.4847095840056854,1.2246892138128025
2021-08-10,1.345313398504889,1.4889811425235078,1.403568846255786,1.4842290944182899,1.2778572141847206,1.418865772422139,1.6397401219814396,1.4772418100323657,1.5454020054139683,1.2031419104171226,1.2542067163202888,1.498786647264187,1.2235723061850663
2021-08-11,1.3343875790684312,1.4873500511188185,1.402395642891703,1.48355305196685,1.2976067588495082,1.4354953172886178,1.6374132844157054,1.4880185685082943,1.5481863736340624,1.231110078259459,1.253792389143519,1.5095834457678157,1.2218360225092217
2021-08-12,1.326624496837264,1.4829387830348966,1.3984851817002992,1.4794258397947595,1.3035532557410228,1.4396317807569796,1.6387604009011307,1.4915432914622748,1.5508968179829754,1.2427198077550032,1.2543119536727045,1.5109908001423644,1.2228412393741843
2021-08-13,1.320874065554918,1.483526350385801,1.3988174017937636,1.4794651758803459,1.3261902342631644,1.427516107655467,1.6426520707479144,1.4943428771907654,1.5594382539021232,1.2469754054835922,1.2574040023583686,1.5086972948336308,1.2257451992062984
2021-08-16,1.320011500862566,1.4732583818740106,1.395566765125965,1.46820116598667,1.3022921309279185,1.4247126557021856,1.6293274883693827,1.4873155990559943,1.5606710178343324,1.2262612083435214,1.2565727684607801,1.4916973921920886,1.2256842769720584
2021-08-17,1.289534215066131,1.4339447152692464,1.378226276816467,1.4269965048585898,1.2527260798849007,1.3806976866517056,1.5937304458644335,1.4618952972022357,1.5641237494437332,1.195951493232779,1.253236687638137,1.4570199268777995,1.227684556996277
2021-08-18,1.299884991374354,1.4496944891274428,1.3825159253067423,1.4366034543187287,1.2557076128987708,1.385824430545469,1.6008498543654237,1.4794035731578075,1.5645599554755671,1.191523146578469,1.255124204739096,1.462529735561142,1.2288928479753736
2021-08-19,1.2918343875790697,1.4406725845209016,1.3814966704059828,1.429247435306452,1.2261972297315946,1.4005592238348386,1.6044095586159182,1.4697925230698123,1.5638432818192771,1.19898847649894,1.2543738132293811,1.4710443613432456,1.2282328571044387
2021-08-20,1.2719953996549753,1.4304440888225338,1.3718055779630236,1.4171997264576128,1.2214710867141185,1.380649902592464,1.5789830996838117,1.4666250010650832,1.5621769850050924,1.2181458619984336,1.252206533142629,1.4757473946526796,1.2286694664498263
2021-08-23,1.2912593444508347,1.4557055625616395,1.3916593755215152,1.4443695564528585,1.259572035562905,1.4057498389024226,1.6277991046083229,1.4806910480677917,1.5668832177738283,1.2528264186783826,1.2576929852818113,1.5041096778390297,1.228019629284598
2021-08-24,1.3070730304772868,1.475566220971289,1.3990371878656098,1.4641232494192307,1.2836778409167575,1.4310809921161785,1.6388932777747833,1.4927479829787327,1.5656726816613387,1.2658925102374101,1.2591690737465395,1.5175330679235997,1.2273799458250763
2021-08-25,1.3079355951696388,1.4853920312188382,1.4024454635154824,1.4757483969320586,1.321605965741691,1.4409078712472783,1.6806706983338988,1.4970816658988224,1.5641972466452005,1.2899040170984228,1.2603747074839828,1.5340437897456831,1.228019629284598
2021-08-26,1.2823461759631982,1.4614257791067806,1.388182801889705,1.4515314963204473,1.310490355754222,1.3910401540569612,1.6765779747665976,1.4888058994030937,1.564193597645521,1.2847119815344,1.2563356788497178,1.529469635692354,1.2267199549541414
2021-08-27,1.2915468660149523,1.4794652726791762,1.3971834089420603,1.470360353174321,1.3524851391030224,1.402508273366413,1.7211715843838837,1.50214627424622,1.5682196494230194,1.3251406687414282,1.2588552934245676,1.5568375308567133,1.225349204683738
2021-08-30,1.2832087406555504,1.477069143633174,1.3949858453890582,1.4704112793099609,1.3773842040191187,1.3777470594240346,1.7189570901473943,1.498860828567552,1.5666982971055488,1.337810505786893,1.258697224282871,1.5716220851659837,1.2260599640832064
2021-08-31,1.2826336975273158,1.4846526567027012,1.3921699526526417,1.476307764527598,1.4100274109629751,1.383406077199706,1.7209500838751013,1.5189190668231427,1.5680972287344783,1.370626229082458,1.2595509422511835,1.5983988519488468,1.2274814828821434
2021-09-01,1.3056354226567004,1.4796468934249063,1.391405878951921,1.4621550256192877,1.3621259340035952,1.4211139674940474,1.7218754023915366,1.5279706088720344,1.5685599340898668,1.2826266113671332,1.2596858007562777,1.5442122667710978,1.2281414737530782
2021-09-02,1.3013225991949406,1.4864701408147158,1.393542481864202,1.4659251279556265,1.3895066653182992,1.4378647315361814,1.7222597654675944,1.5523880666252206,1.5675294340415584,1.321113648815711,1.2613220616358354,1.574955933285164,1.2284156238071589
2021-09-03,1.2935595169637732,1.4757002725572153,1.3886355126049528,1.456870436130752,1.3841271865664069,1.4163392339311829,1.7220889374337909,1.5426864273994163,1.5713830938847697,1.2922239237929798,1.2603910194760624,1.5543475933852375,1.2282937793386788
2021-09-06,1.317136285221393,1.5082573635941634,1.404852349253569,1.4887655343032844,1.4145178077815423,1.4460795908568504,1.7332150772616468,1.5580908392847288,1.5706917988639206,1.3080556758023485,1.263716115129729,1.5738711987758813,1.2273799458250763
2021-09-07,1.3369752731454874,1.5341212401360433,1.4154651408917722,1.5143402135564397,1.4550232347768182,1.4617484068591593,1.7633518381161415,1.5911229182301014,1.5635342167143333,1.3441937687942929,1.2658609664588625,1.6101309049531563,1.226760569776968
2021-09-08,1.3260494537090295,1.5290152759827793,1.4097691032335684,1.5115035572764661,1.4662336145036865,1.4431739491536688,1.7542242862607254,1.5936013772626663,1.5605794468773964,1.3614333329521635,1.264202088951731,1.6217825318563266,1.2264661123114737
2021-09-09,1.3277745830937335,1.5464778259719933,1.413236037543435,1.5300941765578167,1.509232837039734,1.4544280417827136,1.8130713773481832,1.6134237772243483,1.561810006654502,1.4134300571965537,1.2656749542362178,1.6576149279380956,1.2265473419571273
2021-09-10,1.3415756181713645,1.5555835639724087,1.4162187859836657,1.5383608504893576,1.5217078977240555,1.4712047154291552,1.8346531779184687,1.6142363874037262,1.560738734777006,1.4091511364695628,1.266090041613806,1.6607999526878905,1.2263544215487
2021-09-13,1.3358251868890183,1.5489242806524368,1.4138052044417004,1.531758632309223,1.5202912447432513,1.4601977721933865,1.8306344977220461,1.6277429142709041,1.5606593185584487,1.4111955063943518,1.2657454448364882,1.660240666021366,1.226120886317446
2021-09-14,1.3142610695802202,1.5325665184202355,1.40907502539106,1.5187170903102425,1.5012196224646555,1.4316224910599527,1.829785549993797,1.5910256480156504,1.563110275052321,1.3935533461529785,1.2637028424299743,1.638570332772834,1.2255522787978712
2021-09-15,1.301322599194941,1.5302692202618797,1.405042675198991,1.5180691031870601,1.5177052440695424,1.4232975761624123,1.8279663762904061,1.5899417622587484,1.5588228455460709,1.4304772417337202,1.261802112857506,1.65737308074612,1.2243338341130678
2021-09-16,1.2849338700402546,1.5007280535346084,1.3848739881537493,1.4845611433789783,1.45590395082334,1.4175081146574111,1.828117974099022,1.565426325304412,1.5533874217371229,1.357394490374686,1.2555045941311307,1.5998805235916778,1.2244353711701348
2021-09-17,1.2768832662449698,1.4912526499749326,1.3829130342871196,1.4727617297225395,1.4301822521439298,1.3980977378562187,1.8286485664291778,1.5326414195259865,1.5583683659606815,1.303644029747636,1.2548811843513732,1.5623607682363096,1.2247907508698692
2021-09-22,1.2932719953996565,1.5224424259441172,1.3961598430979982,1.508688817857076,1.4894003499707535,1.4382648074606403,1.8871826681654087,1.5688839358150533,1.557023868722335,1.3781294142112974,1.2598238904868828,1.6216594235215886,1.2261716548459796
2021-09-23,1.2964347326049472,1.5164508231054061,1.39427416831328,1.499555963275304,1.446737842654043,1.4550730455361904,1.8921521912980497,1.5592275904385,1.5534121675379773,1.3513061305586582,1.2594910071393441,1.6022935573928774,1.2270550272424618
2021-09-24,1.3013225991949413,1.5135720156448706,1.3957284586362886,1.49265879298618,1.4343329091796408,1.4312021170439235,1.8510308877535087,1.5364005401467513,1.5552180767506179,1.3051992984754028,1.259449922660484,1.561032981147038,1.2273291772965427
2021-09-27,1.3041978148361144,1.4949990880307944,1.3867146873903886,1.4707417875626714,1.4107292823538027,1.3656784148760466,1.7731770320837816,1.5123420754344128,1.5537022972119667,1.2471703239444205,1.255689005272464,1.514712373781511,1.2270854883595819
2021-09-28,1.2947096032202432,1.4945060411966395,1.3802989663499725,1.4713156892026718,1.4165051467492478,1.3958594887650433,1.8001034320002478,1.5256098162323217,1.550618323703559,1.263268334694455,1.2537379375317805,1.5320316836297496,1.227278408768009
2021-09-29,1.2949971247843606,1.4748811425995298,1.3747992193125713,1.4478763068848062,1.372712513835871,1.3382528917385852,1.7340119074639164,1.5106584085136967,1.5520384730245977,1.2135304923218755,1.253154967257364,1.493558009675496,1.229623914786255
2021-09-30,1.3108108108108125,1.5054489996870446,1.3932387892741742,1.4812117981966366,1.4366760981773696,1.400782649039988,1.8084170737362422,1.5271620549802605,1.5572022792295328,1.269663771279353,1.25965573713095,1.5373246696879639,1.2310149724680721
2021-10-08,1.3211615871190356,1.500155542213544,1.3893455686387204,1.4684186596508328,1.417196605195851,1.3540402701138756,1.7566451361417519,1.52761947561169,1.5563355190344215,1.2248123561258248,1.2562002123940406,1.5079945946855837,1.229004538738147
2021-10-11,1.3133985048878682,1.4939475809150424,1.3793953628921458,1.4668892976249572,1.4235338946344378,1.3752898137079252,1.777388011007025,1.5288151476541614,1.553984267414714,1.2450137196765172,1.2498965948031853,1.51129421430826,1.227379945825076
2021-10-12,1.3013225991949413,1.4707254586715706,1.3651699329917357,1.4412786859175508,1.399821063987054,1.3276617954721068,1.7215265523877543,1.5083113201957619,1.553796906101734,1.2018973266417101,1.2400741374487143,1.4718515105428474,1.2255522787978714
2021-10-13,1.3179988499137452,1.4793163622462324,1.3810699612945674,1.4471661947549102,1.3950469811377837,1.3085794339386227,1.70397617796545,1.5153821454701428,1.5589514538316473,1.1846225663139496,1.2535221547827107,1.4551512316204636,1.2252172065095503
2021-10-14,1.3110983323749297,1.480763602589758,1.383823242485037,1.4543744336676008,1.4086960294059434,1.3378477049166926,1.7358752248321023,1.5184189778016954,1.5604606260627656,1.2111183627313333,1.2561809274219604,1.4649109491804324,1.225755352912005
2021-10-15,1.3179988499137452,1.494060966717885,1.389312406074036,1.4711045910050455,1.4339520784792903,1.3725694666304948,1.770736541568869,1.5238009941208337,1.5535071155740685,1.2425510609700214,1.2553052210667275,1.4897997061085224,1.225166437981017
2021-10-18,1.2998849913743546,1.4907901644974684,1.3862208150458213,1.4736504613847041,1.441715362742091,1.3540242355018826,1.7619627770589186,1.5244975811906887,1.5492370042939674,1.2865288724132034,1.2526478016705596,1.5165224219911317,1.2213791057524204
2021-10-19,1.3171362852213933,1.4931905984330738,1.3917388798822081,1.4689133654855755,1.3953889667355623,1.371689195110732,1.7760334647195488,1.5363547244169726,1.5479041479124507,1.2273862666946302,1.2560005425531284,1.4913227075272455,1.2213384909295935
2021-10-20,1.3113858539390468,1.4933995171516552,1.3938443133417255,1.4707067894110546,1.4136821277750913,1.3660400040528704,1.771343235499339,1.5377631678067638,1.5510778983165927,1.246786742018863,1.259332702594274,1.4875090701069726,1.2216938706293274
2021-10-21,1.3200115008625661,1.4978713309838625,1.3949652185837633,1.4759349375506825,1.43318362212873,1.3649086492373061,1.777596874459619,1.543623186748962,1.5520046402762593,1.2542202017216764,1.2605029017143958,1.496822455188278,1.222008635506235
2021-10-22,1.3234617596319738,1.492416961370832,1.3931093986862675,1.4667390658952455,1.401829355690035,1.3689684785273275,1.7760334647195486,1.534254666569321,1.5530212345147922,1.228318086441581,1.259158778353364,1.4856277688739972,1.2224249374402092
2021-10-25,1.3329499712478452,1.5062538418299625,1.41015075755906,1.4834966591698415,1.4235337610328171,1.3736650516449755,1.8070564174781203,1.5509060772909657,1.5563749430697986,1.2533195337272647,1.2722622236334864,1.5037210974773214,1.2227092411999967
2021-10-26,1.3240368027602087,1.4973705064003515,1.3999511887887022,1.4757927608451242,1.4144484025355877,1.359444643804915,1.7738097084985445,1.543917165266758,1.552526395048905,1.2521961035753943,1.2630229462548221,1.4909628356313205,1.2232981561309846
2021-10-27,1.3056354226567009,1.4667496693158246,1.3907459597764795,1.4449308926716264,1.359566247348771,1.3013875543036286,1.6506013163977633,1.5284242447581158,1.5541773221123736,1.2077093918768111,1.2573050462080912,1.4532905338171853,1.2231153894282643
2021-10-28,1.3016101207590585,1.4553286425028282,1.386043324250994,1.429809688295401,1.3391834563949723,1.2815592835722247,1.5880192759656209,1.51509014021618,1.5564885492214127,1.1769307105290452,1.2544548125961688,1.42977461296298,1.2238261488277329
2021-10-29,1.304772857964349,1.4625291014667787,1.3929520784827543,1.436756423040584,1.3196194532213326,1.2625529004498957,1.5567282557495494,1.5205755404033319,1.5531124982269755,1.18440624287487,1.2564947553701595,1.4364200951765174,1.2242322970560005
2021-11-01,1.3062104657849354,1.4696540990900393,1.3945661323407825,1.450633778544867,1.3361527170366183,1.275797767290494,1.6095318523641695,1.5318265287449575,1.5549984280575952,1.207209451398096,1.2588856780307403,1.4506410713859303,1.2247501360470419
2021-11-02,1.2912593444508351,1.4543422340663317,1.385049144568218,1.43509706988759,1.3079433370353641,1.242239164762344,1.5547725669860446,1.5079312694525056,1.5555335709671103,1.1990398631804302,1.2511434868883717,1.4465345192470034,1.2260802714946186
2021-11-03,1.292121909143187,1.459695611931366,1.3877550337185014,1.4392324475022131,1.310568395706905,1.2560102677849132,1.582152209675107,1.513295592010186,1.5540986305810927,1.205281754227043,1.251911818400797,1.4508150589053683,1.2272377939451815
2021-11-04,1.2970097757331815,1.4679680992950215,1.3955622271647325,1.4487993235685757,1.3228684796564278,1.2512846310116499,1.5723737658575845,1.518424938003436,1.5587094719552888,1.2168858588958056,1.259983457462878,1.463240624509448,1.2272987161794215
2021-11-05,1.2941345600920084,1.457639148091683,1.3966531247128702,1.4359228494131782,1.312087143473633,1.230500907390981,1.5176144804794596,1.507941294240329,1.5667846778364607,1.196255809361392,1.2639084166658474,1.4464341349004197,1.2280907052245438
2021-11-08,1.2984473835537682,1.4581476878776896,1.4052330180338557,1.4418741092738827,1.3263291433175484,1.2337506045835442,1.5159971137449924,1.5136344955279724,1.5680652790431848,1.1912498394519033,1.2701841163049483,1.450194258655569,1.2292380739694
2021-11-09,1.292121909143187,1.4625643521733342,1.405401285402112,1.4451605852379719,1.3112232662529528,1.2305488706680223,1.5147198307964282,1.518314175712018,1.5671404724472497,1.1962208340081837,1.2701753874694568,1.463957217083974,1.2282023959873172
2021-11-10,1.2832087406555506,1.4584936107121271,1.405502821459989,1.4362974324846636,1.284656210981042,1.2301425098582124,1.5168235909470043,1.5142591009738449,1.573909191857944,1.1808140288930857,1.2725429471126977,1.4659225275080094,1.229908218546042
2021-11-11,1.3102357676825778,1.4770255129882153,1.4217975027070553,1.4554455873582237,1.2936442179353125,1.2339830341086886,1.5156214422895324,1.539025404400657,1.5748149248750372,1.1887855830032537,1.285768899487441,1.493743577154842,1.2289334627981994
2021-11-12,1.3096607245543428,1.4766023927203862,1.4236978536066773,1.457397000823727,1.2744790034316278,1.2238690324319195,1.5155713527621377,1.5472669176876324,1.5746518320949743,1.1918846504596907,1.28718683286007,1.5034596244417575,1.2288928479753725
2021-11-15,1.3073605520414044,1.4723968722765286,1.417383148364217,1.4454516184401762,1.2631797410251877,1.2295672099357065,1.5156965765806243,1.5413622104112155,1.5753763136445307,1.1876138891281238,1.2829909550544578,1.4860183089749754,1.2289943850324394
2021-11-16,1.3036227717078794,1.4686818956906098,1.4115776058403897,1.4335865631198106,1.263324668439049,1.2384385252029395,1.5162600837638143,1.5298968444166097,1.5736346077866903,1.1674515408591573,1.2774598674679511,1.4672708881960266,1.2294513017892406
2021-11-17,1.3018976423231754,1.477555916139229,1.4174963890563137,1.4469419636297256,1.2847939554058738,1.2471771753951815,1.516222516618268,1.5379894187481788,1.57652850990657,1.1844094770425404,1.2830954954434397,1.4795974173925384,1.2294208406721205
2021-11-18,1.2912593444508351,1.4703694963139484,1.41033113817663,1.445427031333682,1.2862824478286858,1.2408153276069909,1.5174371876575885,1.5280097486564501,1.5766538410901858,1.1895104120533884,1.2777703944727243,1.477763429579159,1.2304057501256696
2021-11-19,1.3096607245543426,1.492580238694232,1.4235791822861472,1.470566168149923,1.3260886889446166,1.2751996617055383,1.5164353971096953,1.550592167790881,1.5723783841307388,1.2133829243853818,1.2860209603887562,1.4917411887474485,1.2295934536691342
2021-11-22,1.3102357676825775,1.5051266911205083,1.4280888758536696,1.4884582811316691,1.3416545445992234,1.2985861344101293,1.5171241281113719,1.5591413411863904,1.5658776761423412,1.2172007902090554,1.2850807308709467,1.5120423819476803,1.2301519074830023
2021-11-23,1.3131109833237506,1.5091302308659285,1.4248331540219998,1.493151426976673,1.3576629776979574,1.2974571080706034,1.517149172875069,1.5596851457401493,1.561263758008761,1.2277558605822545,1.280743674677632,1.508475947777803,1.2301722148944154
2021-11-24,1.316561242093158,1.5177604136003902,1.4243553871479333,1.5013765249490323,1.3947980329028762,1.2839672535933273,1.5178754710222917,1.5595615318361769,1.561657384401569,1.230857734512208,1.2806566478603318,1.5004795089439469,1.2307611298254035
2021-11-25,1.307073030477287,1.5106598937202034,1.4195185139137174,1.4897007819113173,1.3643501269222689,1.2849225317362065,1.5191527539708554,1.5521828591000586,1.5624476380314556,1.2103320197305283,1.2766086790012854,1.4988245708275836,1.2317968078074863
2021-11-26,1.2883841288096616,1.496734153349462,1.4104913273370014,1.4691444182383857,1.342472892644217,1.2608231220739197,1.5222207375237784,1.5381690250677327,1.565305108822929,1.1913458178243883,1.270109540209409,1.4836233747185816,1.234284465705626
2021-11-29,1.2975848188614154,1.5113194326218184,1.4196767686000604,1.49237832679669,1.3715780009744905,1.2774391706219734,1.5202422011916894,1.5538145556344196,1.5605063122634204,1.2144107417428216,1.275053603473587,1.5052434616510015,1.2326801802039684
2021-11-30,1.2915468660149518,1.5063794777570227,1.4142730749421855,1.4886760280591946,1.3565047440463698,1.2801285929048067,1.5205427383560572,1.55112397049526,1.5581156237768672,1.213928930745227,1.2700434098036248,1.5061532491385687,1.232923869140929
2021-12-01,1.294134560092008,1.5083201282563206,1.4151428334336476,1.4935867067775341,1.3648415140260755,1.2778490670977614,1.5200919326095053,1.5517469376389308,1.5591008698570776,1.2057801632337672,1.2714422221786836,1.5076866017993118,1.232558335735488
2021-12-02,1.2981598619896502,1.5099882721369435,1.4123277738764128,1.4965016588638094,1.368193363649987,1.278500114503028,1.5188897839520332,1.5528823756773922,1.555626211686509,1.2078463718199697,1.2685722214971011,1.5051038036580444,1.2315835799876453
2021-12-03,1.311960897067281,1.5341130441126034,1.4219881832631833,1.5226480271597316,1.406330080013609,1.2948867045950865,1.5174497100394368,1.5636175822893352,1.5577382226113867,1.243449398178858,1.277811694426409,1.5215366529584013,1.2304159038313756
2021-12-06,1.315698677400806,1.528622346873428,1.416837284157863,1.5182804373215508,1.4033290849609197,1.2745574833332158,1.5199166192636238,1.5630561276903319,1.5591199518937997,1.2402170637429024,1.2742970930696729,1.515216969966266,1.2324161838555943
2021-12-07,1.3191489361702138,1.5171706339899744,1.4097748448581215,1.5019436540378592,1.3791170579602137,1.2705993767649946,1.5191402315890064,1.555502327293579,1.559084635185436,1.2241795953441514,1.2695862593617222,1.4899086258875083,1.231786654101779
2021-12-08,1.3395629672225426,1.5396368407570478,1.423139681354923,1.523635436991827,1.391663139493032,1.2901443944956152,1.5195659925718612,1.5712243903569736,1.5582169530699748,1.2653938232745012,1.2802944309058462,1.5206842124260525,1.2321318800958068
2021-12-09,1.358251868890168,1.5459356716602077,1.4313720800606906,1.5248880212119642,1.3786935530882798,1.299137452438399,1.5190275301523686,1.5813362321233708,1.5582223916089952,1.2689129345768997,1.2872553958013777,1.5246671075980653,1.2316952707504192
2021-12-10,1.3651523864289832,1.552041292836799,1.4378564985657685,1.5315641940293243,1.3815023667121897,1.3023848353171004,1.5199541864091697,1.589982340674623,1.5595404922453315,1.2794172566581758,1.2925163222163607,1.5346088984610864,1.2324466449727143
2021-12-13,1.3565267395054639,1.5435270305980215,1.4366183995833524,1.5259826608133624,1.3820348455020353,1.2997793637130517,1.5317975503634915,1.5831999304430937,1.549016417776184,1.2697616997379257,1.2912825181020025,1.526079064472933,1.2324364912670076
2021-12-14,1.3516388729154696,1.5387443438186261,1.433391663274297,1.5183338416230083,1.361999991833506,1.2921901875424937,1.4965197885975445,1.5788480876097721,1.5548772602477474,1.2801029460156779,1.2872199836133769,1.5324229074034224,1.2344164638798127
2021-12-15,1.3407130534790122,1.5289890652816422,1.4294822960755291,1.5155150231111238,1.364101456707428,1.298903381637241,1.539224447577375,1.5747007815649943,1.5422608232174544,1.2646803066153691,1.284388643547635,1.526591552788251,1.2350256862222144
2021-12-16,1.3453133985048888,1.5423439812582123,1.4399841444394696,1.530636184165577,1.4120847555559657,1.3347716849676527,1.6840489432481054,1.5830112143156698,1.5366413644341148,1.2520072842960728,1.2943589838589287,1.5231326683909134,1.2341220064143188
2021-12-17,1.3225991949396212,1.5121707361812524,1.4245786109719645,1.498759349475177,1.370165806459815,1.2883124135047208,1.600496349591915,1.5624561975351219,1.5074963960279073,1.221896407784045,1.2821528861778642,1.4920505635228247,1.2358278289730433
2021-12-20,1.3036227717078788,1.49221897421146,1.402531443744221,1.4769414854115568,1.3384470769170003,1.271095507420188,1.6031273271854378,1.5405393159271539,1.5016496089200473,1.2184800088014436,1.264315549315621,1.4712757562974972,1.2351576843964016
2021-12-21,1.314836112708454,1.5062308327347864,1.411137649969448,1.4918530834801043,1.3523214654105462,1.2797548194414197,1.6016458241986884,1.5539945881825281,1.5008646366261131,1.219504233271032,1.2711886762597748,1.4847145288166628,1.2351170695735745
2021-12-22,1.3151236342725712,1.5091073543613596,1.4173625929830185,1.4950976203869693,1.3568595622645807,1.2861706047671602,1.6146970109794518,1.5548961282579843,1.5045952013260993,1.2252447364499497,1.2767860672204987,1.489395693715354,1.235969980852937
2021-12-23,1.3246118458884424,1.5152244016461243,1.4227889363113237,1.504839837988311,1.3681853140029725,1.296852483096448,1.646141984069497,1.5591308986084575,1.5063739357963244,1.2435263696351013,1.2821372632689396,1.4981175522533916,1.2357161382102695
2021-12-24,1.3162737205290405,1.5025291689183806,1.408422176397921,1.4846721506064107,1.3379701051750856,1.2740060965696556,1.6620865243809766,1.5413466642385623,1.5067118459897264,1.251855739042944,1.2715303983973738,1.4793684102583082,1.2361121327328306
2021-12-27,1.3174238067855095,1.5047576397323166,1.4094115617341603,1.4862217817314722,1.3412428133120808,1.274475932591079,1.65985457181809,1.5417132366873836,1.506659031534832,1.246230556935361,1.2720028995589354,1.4796204978670238,1.2369244291893657
2021-12-28,1.3243243243243252,1.5100015686904276,1.4125708976464408,1.4907682880408164,1.339260639765038,1.2930521358792606,1.6604132160263034,1.5476942464431438,1.5056443005786075,1.2568169465782715,1.2740587759411837,1.4917876913689532,1.2373407311233404
2021-12-29,1.3056354226567002,1.4913988607067643,1.4021758090295882,1.475046277890547,1.3406944361457873,1.2851056902900728,1.6615986317851947,1.5323388219751155,1.506271934258138,1.2221385652470982,1.2654684512941619,1.4620378194174855,1.2382241035198225
2021-12-30,1.3200115008625655,1.5065482574790565,1.4177531443650946,1.4890875597344109,1.3512832252974643,1.2961131587151313,1.6658497779550132,1.5483292681140688,1.5125916046967813,1.243764695346868,1.2788649264459373,1.4789926755473086,1.241392059700311
2021-12-31,1.3243243243243252,1.5132207778091262,1.4197760544555285,1.5000347673509717,1.3724776615892287,1.3017658889238788,1.6666536805961005,1.553616468126583,1.5094942441424968,1.237495469235056,1.2796018083747598,1.482714649802805,1.2419911283370058
2022-01-04,1.3110983323749288,1.4940455097309675,1.4071922918919535,1.4793465083570787,1.3393348744103721,1.2853571628306832,1.6339596348202619,1.5461419932370688,1.5111515362889245,1.228888394086937,1.2707124420211993,1.4749260248325413,1.2418794375742321
2022-01-05,1.2949971247843595,1.465129972336209,1.3812036120559916,1.4457957636504621,1.2976713610398012,1.2769817205929486,1.6305124625949028,1.5311715097691267,1.5093598618948074,1.2041235083935453,1.2497330156202537,1.4398351618960306,1.2405086873038285
2022-01-06,1.2883841288096616,1.4631495180040013,1.3783694434201865,1.4489204531950404,1.303308098731208,1.2616783554074218,1.5994879125666701,1.5277843998054552,1.5051426838381714,1.1861481115644348,1.2469312088924167,1.4450855235347386,1.2398080816100667
2022-01-07,1.284933870040254,1.452053290930915,1.3709882527038897,1.4359824118228603,1.289986672550493,1.2490334767423596,1.5598454319750394,1.5304379704627271,1.5054799674842623,1.1646353361620883,1.2411609962551484,1.4286727401555845,1.2399096186671337
2022-01-10,1.2918343875790694,1.4568529992810204,1.3761075637245896,1.438841437712886,1.295071800397723,1.2382006672262194,1.5597378582126782,1.533292502377213,1.5099845514987575,1.1659016796050368,1.2464018043442908,1.42301147312448,1.2413717522888976
2022-01-11,1.2837837837837847,1.452565478658117,1.3723710397033735,1.434485491694983,1.2898064080445426,1.2204905517953213,1.538135408673406,1.5334230907505744,1.5144746565285625,1.1460440407067436,1.2437735305170194,1.4267628214719084,1.2432704952560492
2022-01-12,1.2970097757331807,1.4664974408144793,1.3852493728677675,1.4489263572427227,1.3130694166816557,1.2424095726371065,1.558995641894485,1.5402245484562784,1.5149401301964014,1.1595347297226524,1.253942432755307,1.434265518166765,1.2435243378987164
2022-01-13,1.2668200115008632,1.4370260291847474,1.3630548507535567,1.422363619096788,1.287780642945627,1.214408249649712,1.5147625787388774,1.5183893285148922,1.514381591656878,1.122211983253231,1.2354020762551112,1.4092565291839094,1.2434532619587697
2022-01-14,1.2590569292696958,1.433606953131712,1.3628649955760475,1.4199370330198773,1.2821253338796619,1.2283851976831899,1.521346029078574,1.4997892472089627,1.5144361903915426,1.1217148418292866,1.234301374052702,1.3792457424044826,1.2452707752802676
2022-01-17,1.2688326624496846,1.4459126210054767,1.376236873292973,1.4344795253383797,1.2908457417139012,1.2343523285501339,1.5197218507988084,1.5114907072129178,1.5160332198479038,1.132856726746777,1.2450845134455069,1.3775893699552049,1.2462658384395235
2022-01-18,1.2855089131684883,1.4557124670571964,1.3772800923967756,1.446055373347836,1.3098624581749292,1.2493303551045638,1.524538306721578,1.5249172837329865,1.5176477670633308,1.1449098148209178,1.246344579669808,1.3819553652697933,1.2502156299594274
2022-01-19,1.2740080506037958,1.4383854933384184,1.3700265816505635,1.431684636389763,1.2883323560945297,1.238455501834766,1.5234982494014941,1.522710738611218,1.5233250056015488,1.1267453163441878,1.2424561091091182,1.3810125796491624,1.2493627186800653
2022-01-20,1.2840713053479018,1.4331035797313747,1.3669340760547637,1.4203284163850625,1.266972386963936,1.25537719459795,1.5230401289152666,1.533773456319823,1.521886093041636,1.1234778180087341,1.2398050206248636,1.3805973050305511,1.2489870315689175
2022-01-21,1.2696952271420363,1.418715939377401,1.353333180069084,1.4118563523224088,1.2654596066081505,1.2547421425799763,1.5273489378127572,1.5184376366832735,1.5237800249816895,1.1189956236315521,1.227862084701061,1.3845031311731648,1.2525205211548467
2022-01-24,1.2702702702702708,1.4223216499459348,1.3566421823378008,1.4186716315147616,1.2797071342943698,1.2616429659767996,1.5290080768709864,1.5158312058766878,1.5260628085367385,1.1257019991295876,1.2307654413268518,1.386007098710838,1.2538811177195437
2022-01-25,1.251006325474411,1.3906179705832677,1.3361592753527192,1.3843734428581873,1.2469666888199622,1.2391901393543847,1.531397732380227,1.4854808759071998,1.528481026895597,1.103869140966222,1.213207162985668,1.3881732609106212,1.2558407829209357
2022-01-26,1.2504312823461765,1.3915154903717193,1.3311007888978383,1.388449868830886,1.2472291061690357,1.2202114141838825,1.5249097557644655,1.4891715259688063,1.5173350732275548,1.1138260030287617,1.2077507097025233,1.3822920744200187,1.2505202411306284
2022-01-27,1.2343300747556072,1.3699637275419336,1.3124716674781136,1.3650463823861558,1.224161041836166,1.2031118827524963,1.5242411474872686,1.4726579054249145,1.5130990752782174,1.092266909117384,1.1911651366263332,1.381685997949613,1.249971941022467
2022-01-28,1.2308798159861993,1.3670992140825038,1.3161646161106362,1.3606013833790143,1.2186909679815794,1.2102298201121136,1.527398464351809,1.4682061151083632,1.5188314689639457,1.087184669793589,1.1943992894687496,1.3845480257265284,1.2525611359776738
2022-02-07,1.2311673375503167,1.3706300496012174,1.3150692151715733,1.3685777583158087,1.2589350514405255,1.2272668307539571,1.5503640841923017,1.4866876232647552,1.5202749607281707,1.0840408588710144,1.1951874206198625,1.3833134255090356,1.2516964988390833
2022-02-08,1.2254169062679705,1.3698680143105173,1.314002163420295,1.3670572805302899,1.2820366689840672,1.2452857686228318,1.5763333318337138,1.5053874698963823,1.5233247694423997,1.0853601783747115,1.1936662006967518,1.3849969712601622,1.2648722514584423
2022-02-09,1.2380678550891324,1.3896216330420832,1.3306893618891655,1.3910102789261718,1.291627962160474,1.246984307513023,1.5685425575412901,1.5126894393470438,1.5256160775906555,1.0857823606158943,1.205226887234548,1.3855357059005224,1.2912237566971596
2022-02-10,1.227717078780909,1.3857996076086412,1.313274275866266,1.387935775718382,1.3237392390481095,1.259119051609891,1.5815271813619962,1.518371274477434,1.5245526068211803,1.0864772022211746,1.1945119804218065,1.386422373329449,1.2622371009345703
2022-02-11,1.2179413456009207,1.3699973232591602,1.2975641915516951,1.3705140554123116,1.3258223395224975,1.2455104806029493,1.5945118051827023,1.513097627694719,1.5276393965281514,1.0819739249818892,1.1890446392856924,1.3806758704989368,1.2266625688623016
2022-02-14,1.2087406555491667,1.367494561953068,1.2969043192805607,1.372352051730293,1.3155692018395413,1.2533021482887223,1.5900006647237523,1.4940282838286407,1.5287270606333476,1.081076787719375,1.1883273977286475,1.3489342800764526,1.2279801441242377
2022-02-15,1.22656699252444,1.3898789661648756,1.3138141908303058,1.3931373346964568,1.3124346183989444,1.3020190779238952,1.5901300245689047,1.4976839705061231,1.5243877818539437,1.0811647423529547,1.1987692718544813,1.3378728896585121,1.2490613483152115
2022-02-16,1.2251293847038536,1.3891492109439503,1.3123969573158596,1.3928472311737536,1.3225039729412231,1.2964605018215762,1.5899618567702063,1.503865683168026,1.5265033270814914,1.081050401329301,1.1982227710984343,1.3511502653114897,1.2490613483152115
2022-02-17,1.2236917768832671,1.389746414807924,1.3091758035109564,1.3940381391967154,1.3409178977022966,1.2937204978286954,1.5908673756862746,1.4984672954862734,1.5343907463496405,1.0816660837643595,1.2043584223175954,1.3525353820857906,1.2134868162429429
2022-02-18,1.23404255319149,1.408260865121579,1.3151918926916588,1.4091510303658812,1.370543238764276,1.3161114930056586,1.5900006647237523,1.5202158672755965,1.532829045317116,1.0810767877193748,1.210871413490837,1.3866582760117847,1.212169240981007
2022-02-21,1.220816561242094,1.4039922950088763,1.3040767042498742,1.4089310108589816,1.3868318246321005,1.308088409919155,1.586249229214328,1.515178531330555,1.5338413416017818,1.0785261033455609,1.2065625272320537,1.3965143454156337,1.1884528862661612
2022-02-22,1.2179413456009207,1.3970102587687065,1.3015978718371133,1.405629713238179,1.390810868895261,1.3052054772039405,1.5860293174775684,1.5131693008246192,1.5326003554646388,1.078376580468475,1.202686228872837,1.3970750067200253,1.1924056120519688
2022-02-23,1.2208165612420938,1.4075182469500913,1.3009623515500435,1.4146799489678137,1.3747652159361174,1.2959900362071555,1.5874393397897317,1.508758822791777,1.5350125831205483,1.0793352859744951,1.210931786791696,1.380948481517369,1.1528783541938925
2022-02-24,1.210178263369753,1.3984352226020267,1.3045172689514875,1.4133321986070198,1.3663673536117584,1.2825265045986103,1.5887200022567418,1.4965764796730534,1.536486164586017,1.0802060368469348,1.2080306284508342,1.371911453585246,1.17922985943261
2022-02-25,1.212765957446809,1.4010168792069464,1.3093972934098184,1.413581580714334,1.3569404103483478,1.2709610455072995,1.5893150575444437,1.490586531456963,1.5366464052752071,1.0806106281614019,1.2108958696271865,1.3579471288898373,1.1858177357422897
2022-02-28,1.220241518113859,1.4145404038219664,1.318807105309671,1.4324041754179098,1.3852824521418063,1.2783458328909698,1.5915699831816434,1.4986201768691303,1.5344739353545755,1.080988833085795,1.2152078546149108,1.3709122863425487,1.204263789409392
2022-03-01,1.2205290396779764,1.4183878831694794,1.3174829798014729,1.4316317562908276,1.3827981558749403,1.2929002433746821,1.5915699831816434,1.5027495463988232,1.5385583049014844,1.0944649962720792,1.218473541805313,1.3902328285152687,1.1924067132482559
2022-03-02,1.2208165612420938,1.424115136341119,1.3218617454065462,1.4446078904410697,1.4066912680991237,1.2943373164774212,1.5997040716817201,1.5131149373689334,1.5384614918545891,1.1087140138510572,1.2202218064088808,1.40417094335616,1.207709699325894
2022-03-03,1.1963772282921223,1.3997660623843815,1.3006092411147763,1.4252298538442452,1.3941609276926976,1.262896550430347,1.5997040716817201,1.5052229829915758,1.5405554430889639,1.1185253265979949,1.2064581079944718,1.4153234834759583,1.185365891509012
2022-03-04,1.1831512363427263,1.397361026755359,1.2943011681569934,1.424752560979095,1.4092134018371052,1.2503845547923715,1.5807245318482082,1.4965545682054922,1.550867252512226,1.1329372988512596,1.2083138541222367,1.4369962594029955,1.1678745408371862
2022-03-07,1.1509488211615877,1.3619390022672355,1.2668516505381837,1.3941855217339636,1.3713875418487091,1.2124229029799904,1.5810451389450655,1.4669306806661284,1.552076889406102,1.1026798260298492,1.184689697429893,1.4073002599167928,1.1553711384488636
2022-03-08,1.1293847038527896,1.3266462003367663,1.2553286416667984,1.3557126032604816,1.305192966368022,1.1932157307896418,1.582769821854693,1.428904407801834,1.5673718373383376,1.0669681531141948,1.1786445092173516,1.3837787339498717,1.1395670357097643
2022-03-09,1.137435307648074,1.328733155039413,1.257814722179695,1.3613431502292501,1.3078954127832512,1.2036721100082477,1.5785353391885182,1.4212415317212819,1.5463067778261228,1.0647110651764193,1.1663344530982638,1.368244826459165,1.1716848577156345
2022-03-10,1.1167337550316279,1.3150566314211203,1.245388129421506,1.3461579478956702,1.3034074588834346,1.1943835803181413,1.5797323206108715,1.409406252983273,1.5536864426827297,1.066637695669279,1.1595048497920044,1.3749380812110663,1.1593976135160424
2022-03-11,1.1230592294422086,1.3294536998187763,1.2530756238410345,1.3504807299987824,1.2954280990200042,1.2188885136566616,1.5827440803187283,1.4214186594490834,1.5529242895046735,1.0633347009933956,1.1674439228207099,1.3696536527716652,1.156738444677703
2022-03-14,1.089994249568718,1.2914843318044043,1.223214173707737,1.3228340139890868,1.254294332632653,1.18783680265238,1.5222694348302561,1.3886078842238436,1.5509798500665215,1.0371918363679233,1.1401643228329938,1.3406430894245929,1.1430859138733453
2022-03-15,1.0612420931569873,1.2601543437743377,1.2102491904902866,1.294135304538387,1.2066076689867737,1.1599689359524215,1.4179813630518296,1.3337256411015335,1.5438845529661824,0.9815725525974519,1.1165466935630837,1.2820572103344376,1.1653411112580851
2022-03-16,1.1152961472110414,1.3062134505426501,1.2524545554103617,1.3406275164492683,1.2407516458712113,1.208826492776899,1.4516226765287414,1.385190483412373,1.5405167136639384,1.0124853836638887,1.150664601008789,1.3128421434050879,1.1999651332014998
2022-03-17,1.1115583668775164,1.3115553449658852,1.2564105180959066,1.3413888079368206,1.2503255598714673,1.2005386143860879,1.486946055679499,1.3833945287692415,1.544408967206805,1.0200786661134706,1.1538193645488333,1.3227973720869548,1.2064969934317993
2022-03-18,1.1267970097757336,1.3352053644446162,1.2719283600556803,1.367700289102735,1.293308533884259,1.2220109145635754,1.5542286826333225,1.4134878870360166,1.5433934270042027,1.0542106382397383,1.1630460889431113,1.3541939667550673,1.2316562112183367
2022-03-21,1.1178838412880971,1.3350999511421153,1.268187491178837,1.3714363832491778,1.3082939754356298,1.2255219440468357,1.599644455827153,1.4095675744161473,1.5443329565126094,1.0634807266727946,1.160987510031731,1.364447736077436,1.2276285199623913
2022-03-22,1.1253594019551474,1.3410481773441634,1.2772356354131715,1.3871068810491511,1.3294193719315002,1.241536867378765,1.6568346887379028,1.427741611889087,1.541908151156368,1.0899972209598332,1.163015258047892,1.3888126583375386,1.2545071971223885
2022-03-23,1.1230592294422088,1.3386723853383424,1.2747589599444953,1.381746172525778,1.326951159533072,1.2406321306766024,1.6618808857594394,1.4205544989223262,1.5475059242398155,1.0853366930461004,1.1651871961498685,1.3883363568487468,1.2412491929025589
2022-03-24,1.1216216216216222,1.3424786638031216,1.2811070781408818,1.3840255249845914,1.3269722693824773,1.2280706651564315,1.6517884917163659,1.4242147927009516,1.5520728709074805,1.0882597675772094,1.1672943279067158,1.393552868762459,1.2595827358051228
2022-03-25,1.0897067280046009,1.3121716915217407,1.2612163735044624,1.3673487781043197,1.3107212511364565,1.2000956751502065,1.6652450171071305,1.405550054779284,1.5523834807141481,1.0894263587906596,1.1474843060788391,1.3941389251761174,1.263106734333117
2022-03-28,1.0957446808510645,1.3173499747128519,1.2639931824377064,1.377797817326071,1.3181720062447824,1.202561050605697,1.6617792512794876,1.4212513148525077,1.5468105940794985,1.1056511260652484,1.145580313823009,1.4056064436509714,1.2736435996873037
2022-03-29,1.0954571592869473,1.3195399110567352,1.2674600764441808,1.379551191419886,1.324676450826906,1.1915689007645813,1.6605237027347723,1.4221786808725743,1.5435881460727212,1.113040138143937,1.1436402409052018,1.4108309089471567,1.2847471592743211
2022-03-30,1.1198964922369186,1.337374727472301,1.282137898392717,1.3890516819252934,1.3300902495024793,1.2155455384310014,1.6599431802893663,1.4419049822911507,1.543572175467676,1.1139675415312944,1.1600047389047774,1.4119881075332192,1.2754223815053947
2022-03-31,1.1049453709028185,1.3232881488147843,1.2666689665777395,1.3701785091280634,1.3100301004136223,1.197010751815715,1.6587551343545819,1.4408513946432908,1.543642327293377,1.1264295881186985,1.1493808106097274,1.4244781097611874,1.2547427226034917
2022-04-01,1.1210465784933878,1.3365066645097397,1.2742373476372773,1.3778996160576094,1.3164206437699788,1.2130383583964883,1.6613607350979156,1.4629187368644727,1.5443774024650447,1.1386254514158345,1.1573509415284104,1.435305249127015,1.2498729388531473
2022-04-06,1.119321449108684,1.3254612212269787,1.2640381104443292,1.3622316344571337,1.2965946535541542,1.1827511511472775,1.6624542773787967,1.472872989787143,1.544606614747722,1.1434301966205507,1.15270917703284,1.4394741670803348,1.2380384505050377
2022-04-07,1.110983323749282,1.3146454120715523,1.2554754815045637,1.3571179987931519,1.294900541694061,1.173500940667276,1.6644793556767248,1.4545545574363894,1.5483383877634793,1.1412169949905366,1.144786185728042,1.4392597951067578,1.2425905749925332
2022-04-08,1.1101207590569302,1.3056064879588185,1.2488700365165786,1.3486901720990154,1.296283456021291,1.1629869676800422,1.6667204423264315,1.4594128826331945,1.5530484745500994,1.1482804117242202,1.142979788332031,1.4484590260749375,1.2399297711579746
2022-04-11,1.0807935595169647,1.2708776855863837,1.2224303007984227,1.3116235102021123,1.2659840070938702,1.1195047137687597,1.6634398154837886,1.4268043275737987,1.5528274795066357,1.1344364589055804,1.1241347126816668,1.43685312561873,1.2233859206220634
2022-04-12,1.0945945945945956,1.2889661402594181,1.2332780079125387,1.3243653355915015,1.26641903509981,1.130687882007665,1.6638988332313187,1.4335571921629955,1.5546798553129435,1.1323547443173474,1.134801690105561,1.436072704667811,1.2253345302670073
2022-04-13,1.1017826336975283,1.2969097944462191,1.239651912348487,1.3384430476459996,1.289627176466354,1.114705655041176,1.6650733786441168,1.443939583821132,1.5585463065951197,1.16087515561019,1.1381871147989109,1.4655851729180458,1.2396829183333582
2022-04-14,1.0971822886716514,1.300620357742756,1.2275723954008781,1.34175846363944,1.3291162112901824,1.1028702562583896,1.6671119574640305,1.4449046830482513,1.5596446736055491,1.192899952458062,1.1325472040267839,1.4957222566443147,1.2245818301523503
2022-04-15,1.0928694652098918,1.2904817044386674,1.222590340845397,1.3262091542612953,1.2911019191115296,1.1134445227802374,1.6655998990015777,1.4350635147101445,1.561624837683947,1.1580078150757789,1.1304992281500654,1.4652838856348596,1.2238764537233036
2022-04-18,1.0971822886716511,1.2977120725703797,1.2314297372107768,1.3378596198735033,1.2957331534589296,1.143960571877493,1.663804329577415,1.4250987579633552,1.5576092324559954,1.139206285332873,1.1350138379000925,1.4452225683003435,1.22824630351135
2022-04-19,1.0891316848763666,1.2928966224315883,1.2295029998827853,1.3401276970313278,1.2990070865443422,1.1397163530098395,1.6649383734242544,1.4288725860872353,1.5533699441085578,1.14923455172477,1.1278632741561005,1.4509116713013586,1.2366315673784851
2022-04-20,1.066129959746982,1.2619324967621282,1.2083017593217056,1.3122991959335928,1.2573633654991776,1.1162754515475057,1.664749366116448,1.39636863901349,1.5561164723952805,1.1149500486340738,1.1087225916580494,1.4206823543802671,1.2409954867575763
2022-04-21,1.041115583668776,1.229345769609514,1.184363384869772,1.2768231288356966,1.2223591420166307,1.0811091982078445,1.6632643086979677,1.3656650490107547,1.5575259706712323,1.0893733956993932,1.0914387921350999,1.398051434987972,1.225647091839493
2022-04-22,1.0353651523864298,1.2113558748728028,1.1686683300597487,1.2555880671043174,1.206268277914338,1.0469237322996394,1.6628322919944099,1.3634532417718352,1.5552272087821066,1.0940010243085245,1.0796889379753554,1.4009979306437115,1.2108195281158394
2022-04-25,0.9982748706152971,1.161223894568321,1.143760606434069,1.211056958047511,1.1486180788296536,0.9888555783127627,1.5825438923737916,1.3091222283244726,1.5519863643653562,1.0494629793149022,1.0484274280847867,1.3557215161955836,1.2201252043247963
2022-04-26,0.9853364002300181,1.1311263941567091,1.1242112148441932,1.1756948197861599,1.0992872453770515,0.9471180836054476,1.5171727640836414,1.2899181301456046,1.5528652438538728,1.018054753746528,1.0368065673182834,1.3255520736807471,1.1983746924720282
2022-04-27,1.0143760782058662,1.1784870388104152,1.1486345714878108,1.224148973237446,1.1601698517042138,1.0139074642815555,1.589028007755731,1.313823467481197,1.5493080624273698,1.0514241003653102,1.0573895977874692,1.3557585353575687,1.2008543022924012
2022-04-28,1.0307648073605526,1.197037483220891,1.1629933194959106,1.2487840563831625,1.1944820580499738,1.035806620068243,1.6481714386258597,1.3345611506382966,1.556572560282457,1.083186504154243,1.0694809901984428,1.3922544254947282,1.225950755573774
2022-04-29,1.0454284071305358,1.2178586133714,1.1813054011597701,1.2732340040548882,1.20816666698533,1.063245359224546,1.6668225373926646,1.3559318961897402,1.5564270071587594,1.0907191862660237,1.084061751279648,1.3985434326375867,1.2362043891291132
2022-05-05,1.0296147211040836,1.1993861111020347,1.158448461895743,1.2491703527640123,1.167476448062755,1.0514176075606403,1.6635024141484884,1.3351615433699524,1.553343606456887,1.0557850739794175,1.065048828982317,1.3706712179542488,1.202338061458317
2022-05-06,1.01610120759057,1.1864556102673902,1.1558340033057013,1.2419314954824727,1.1452927238806294,1.0408285918249471,1.662274388516238,1.3143535965412303,1.5575594080100421,1.035601237978967,1.0646729801655672,1.355732770770964,1.2053690678851674
2022-05-09,1.0031627372052911,1.1774360366213983,1.14107982029991,1.232594257922364,1.1347049672395504,1.0310700558859573,1.663758815104673,1.3015844345399061,1.5558067269588776,1.023992013179532,1.0523692469168981,1.3421958412866146,1.1824112070849944
2022-05-10,1.0250143760782064,1.2051945674989888,1.1622932520931888,1.256905443131884,1.1417462915225072,1.0500996712241963,1.6675373555115973,1.3266891634583635,1.55280161499108,1.0182073486842107,1.0663649025297863,1.331889589570014,1.1867328791720326
2022-05-11,1.0382403680276027,1.217122762410743,1.169055591187333,1.2663676156763093,1.1667513641627638,1.047178365019101,1.6651352833957667,1.3282007363333246,1.5567686905701796,1.0442629470203264,1.0736020016405563,1.359884334513141,1.1806098336735187
2022-05-12,1.0477285796434739,1.2299558609463208,1.174636945086372,1.2696965202789305,1.1541610135072757,1.056530441426722,1.6667411630687097,1.3401316178818456,1.5538870107270821,1.023622932494732,1.0762664612125001,1.3381484796252676,1.1763444247525268
2022-05-13,1.0511788384128817,1.2403453948770382,1.1865964498404318,1.2901815973744444,1.1877952928710926,1.062005534466653,1.667253964981078,1.34644347596587,1.5531420234114632,1.0636917381139464,1.0848763362422578,1.3720358444422418,1.1932309941350314
2022-05-16,1.0396779758481893,1.2287512284046818,1.1745193457435548,1.2856773720412356,1.198471038155135,1.0633478147693025,1.6674968711500944,1.330127641765977,1.5526995139408948,1.0807074978352238,1.0755655518746159,1.3860782302343657,1.1855562928552146
2022-05-17,1.0531914893617027,1.2401555518260514,1.1841094091763409,1.3013834995487261,1.2141641002930377,1.0702280381253355,1.6701148598606064,1.342273153572232,1.5506765767606103,1.0811722332219127,1.0813841463452025,1.3827765268938141,1.1898339483612845
2022-05-18,1.0359401955146643,1.2162841347366875,1.1620672833373802,1.27581190484078,1.1845280152155653,1.0483714688220638,1.6730702182503079,1.3205687588270871,1.5539296466302772,1.0547466804323462,1.0652426725380786,1.361565051396711,1.1627181865267442
2022-05-19,1.0569292696952277,1.2409684502693485,1.1816177024927708,1.3040697526158782,1.2145780991385113,1.0587918586515637,1.670519703475634,1.3355441338115353,1.5544498291693516,1.0727777370112501,1.0808897915913522,1.379203311752158,1.1696628839365006
2022-05-20,1.0738930419781487,1.2657443153529844,1.1930650226822226,1.3230276347149128,1.2550310663943112,1.091079141997525,1.669440120502227,1.3561924188774483,1.554349128598788,1.1130146000166978,1.089932044934246,1.4142839644653344,1.1711222483963044
2022-05-23,1.0644048303622777,1.2643139176932732,1.1887028799825572,1.3267186746175041,1.2627418146979255,1.0838752910601939,1.6708030940061538,1.3517662712975222,1.5548764256760104,1.1133900209845238,1.0864033351305484,1.4142370142476457,1.1692613118955184
2022-05-24,1.039677975848189,1.2275041994473646,1.1623848789710525,1.2934802217197934,1.2363025685665032,1.0483752228978171,1.672328004956091,1.3253178731591873,1.5582792164079933,1.0988697703935706,1.0675922484741904,1.404376168800095,1.1603067355088645
2022-05-25,1.0462909718228872,1.2388418445498222,1.1712390277007625,1.310195837614998,1.2605237168493115,1.0537281093840551,1.6736774836728494,1.3328760513609372,1.5586789735656665,1.123306147505235,1.0741853373567554,1.4247151520223307,1.1668464411153017
2022-05-26,1.0575043128234622,1.2542741686505312,1.1855501122086025,1.3353016978924357,1.2872385378372622,1.0508126616069842,1.6761335349373503,1.3427698623933468,1.5632867916023585,1.1537375182864817,1.0863026710233403,1.4535000183621294,1.1833580440754898
2022-05-27,1.0569292696952277,1.252730374190416,1.1940137069001218,1.3360519906819146,1.2860304167621193,1.056544160992939,1.6725574163379395,1.3425377035051071,1.5585549773036542,1.1596329846510725,1.0917238707482997,1.455975136383712,1.2063649360505526
2022-05-30,1.0583668775158142,1.2569530835854088,1.193124529193584,1.33703647750421,1.2800491564353336,1.063302777153539,1.6711944428340133,1.342675923266685,1.555263838241932,1.1488079124931418,1.0900439408880072,1.4444208813765826,1.1984571588256518
2022-05-31,1.076768257619322,1.272695365320906,1.2052941923628098,1.3395620993828317,1.2748723898048246,1.0843520066331014,1.6692376986947128,1.3634003316085124,1.5507364528334273,1.1439962958004972,1.0979317650155556,1.4370311989379898,1.193591754929884
2022-06-01,1.0701552616446237,1.2707156074701105,1.2041335346425683,1.3449217033575902,1.288414306690227,1.0825604102689044,1.669710016245579,1.3534603341028952,1.5546724722890037,1.1570632210248588,1.0969019133160856,1.451710310178189,1.1912866169856915
2022-06-02,1.077630822311674,1.2803819642898402,1.2095714640061626,1.3318568975435106,1.2678631212393496,1.1031792375520144,1.668819360292518,1.3555993083361746,1.5530089912333254,1.1386071850198283,1.0975779361687827,1.4351494416762705,1.1871438069513063
2022-06-06,1.0974698102357683,1.3080163462453631,1.22393379519714,1.3416185527793385,1.2877598346739885,1.1122202388745217,1.6698449641172544,1.3725254489554224,1.5516289037872093,1.1564754710322924,1.1010291563679806,1.448061023923333,1.1859158330108344
2022-06-07,1.1043703277745838,1.313635775124854,1.2285500620408492,1.353277027820182,1.3003172368663092,1.1235776512611295,1.669170224758875,1.385102968354662,1.5536081467506548,1.1677526729019891,1.10210989946706,1.459982192804756,1.1949624287013163
2022-06-08,1.1129959746981029,1.3260226861553963,1.2314943897829904,1.3746000810066714,1.342250270137687,1.1484205082752774,1.668684412420842,1.3982213597356767,1.5558207517118936,1.2054107230279325,1.1028993395276951,1.494010959639823,1.1940840147267295
2022-06-09,1.0968947671075335,1.3040088554565952,1.2134999091829868,1.3620732889485245,1.3359080231269829,1.1483084754799324,1.6692242039075458,1.3886205690421596,1.5536539869716322,1.199715054548752,1.0987697934804923,1.4866169795074105,1.17796268140874
2022-06-10,1.1115583668775164,1.3247923130337595,1.2222718825873788,1.3669502363300554,1.3534102404682857,1.1597274433419693,1.6680096730624627,1.4023580299572056,1.5612933583130513,1.215432958228375,1.1011969097851468,1.5085646906057186,1.1709652303040143
2022-06-13,1.0986198964922373,1.3121608564294216,1.2061871039934131,1.3402011789773587,1.3298284840111168,1.1428233733943285,1.6683875271031554,1.3843478159110425,1.5526249186662464,1.194255311455848,1.0965370944471358,1.4844786952206817,1.1455401928811386
2022-06-14,1.1181713628522143,1.3384950787272014,1.2170234656454657,1.3586444750558768,1.374323113651752,1.1433237959419815,1.6676857981704407,1.4342416126216129,1.5481908220994824,1.2342138086744605,1.0982745753315393,1.5166036996175216,1.1387405547806606
2022-06-15,1.1368602645198396,1.345211980354566,1.2272834274293565,1.3536708961735064,1.354244928398166,1.155221448143429,1.6674293972142566,1.4547033072607518,1.5493574558897383,1.2161825515072473,1.1007510139938625,1.5084054877131967,1.1470398378839557
2022-06-16,1.120471535365153,1.3271183847682106,1.213460579370389,1.3162222021979089,1.299357310460709,1.1499792955782375,1.6669435848762235,1.426289408359432,1.552186143325912,1.1668906089424054,1.097666068170503,1.4807436603036255,1.1300647445009404
2022-06-17,1.146348476135711,1.3525469799539795,1.233972535170261,1.310770957751584,1.2882052494909937,1.1617744339530984,1.6682255896571445,1.4446229016003602,1.55290141110322,1.1568754767604037,1.1029073554774356,1.4833394492534817,1.1304032939380135
2022-06-20,1.1495112133410015,1.350577300839605,1.2377108987254446,1.294589579226241,1.2545867426928001,1.1413097946186288,1.5898955110528759,1.4446205565871584,1.5516239781408856,1.1266843048990092,1.1034539424074143,1.470712313075159,1.1319941129279951
2022-06-21,1.1489361702127667,1.344188621506393,1.237326530391482,1.3037713792025822,1.2673814468747169,1.1459253352804675,1.6189137768645998,1.4459176234018685,1.5503698211446795,1.1381746163274962,1.1033632402026683,1.4658333968887765,1.1365068527715119
2022-06-22,1.1348476135710188,1.322098818940397,1.230791248587131,1.288182889009795,1.2340293574131107,1.1114973478149437,1.5593499680931662,1.4279339200298091,1.5523825035431587,1.108222701124467,1.1024224352515957,1.4463638994862495,1.1392376823456694
2022-06-23,1.1589994249568727,1.3533631381021145,1.2487138885494433,1.3007353600771674,1.2588011162419288,1.1384012504334935,1.603641005384745,1.455489998373912,1.5479348132914534,1.1304690320694821,1.1059272239227649,1.4659147417244716,1.1385709618667736
2022-06-24,1.1745255894192073,1.369296063716806,1.2652074537091373,1.3112327609332641,1.2590134677384246,1.1433024485137768,1.6021137282367592,1.4688091597836352,1.5502159233096229,1.130659734784633,1.109841649228801,1.4789840265127876,1.1567562444158417
2022-06-27,1.1834387579068437,1.3871608032135143,1.2639554106890019,1.3342055829073227,1.301717316230202,1.1845687696482916,1.6795670700328331,1.4792526998946294,1.5477101830421731,1.1690100171662254,1.1083286565377788,1.5015219609918602,1.1580535887223309
2022-06-28,1.1943645773433016,1.4006014247215108,1.261541740572158,1.3349939611042225,1.318333553907192,1.2004894473040049,1.704872627269752,1.4884444537967416,1.5477979560322843,1.1839322649152757,1.1082135135260265,1.5164060749214745,1.1446397792269398
2022-06-29,1.18171362852214,1.3823675328378229,1.2527014882871843,1.330345946908954,1.310215524226503,1.1800083011424016,1.6565870759369121,1.4753616201263577,1.547495625002167,1.1766418510150738,1.106263928489108,1.4920502633403994,1.143717712142149
2022-06-30,1.2006900517538823,1.4034917017684783,1.2578273663416675,1.3253744952987654,1.3113576362248625,1.1879841799131363,1.668190832896867,1.4997750169989608,1.5444072312049975,1.177667527135504,1.1072995585790308,1.5135089694540411,1.1341726777642351
2022-07-01,1.1886141460609554,1.3960847622335122,1.2520101341668328,1.3299378558223867,1.3190213974087905,1.1958773163543677,1.6834308393065827,1.4885592873185263,1.5455109626748993,1.1693434649917231,1.1072574549890626,1.5085354031736913,1.134049582892498
2022-07-04,1.2024151811385861,1.4187032542134035,1.26493783417712,1.3456158257195359,1.3384804232576315,1.2189041330551535,1.6770587495894325,1.5002268474076632,1.5441906862762769,1.1792059066248366,1.1083361114043546,1.5363677408568597,1.1423761267862242
2022-07-05,1.1949396204715361,1.409751759102337,1.2606226811925025,1.3404276332981793,1.336526978913055,1.2040022064393094,1.6754166499204004,1.4914510695052554,1.5350841212186916,1.1706022312860287,1.105558722320899,1.526336852421809,1.1338655468942551
2022-07-06,1.1791259344450842,1.3894761844538002,1.2512812884053157,1.3141618638767,1.2999360322522855,1.1950947352106294,1.675973063857841,1.4670802745143576,1.5289025899900235,1.1348851115807739,1.1030017318061993,1.4997924081384564,1.124883952378574
2022-07-07,1.1923519263944802,1.4014277330274612,1.2642647696070073,1.3332711585820352,1.3247651291018037,1.2130424698310989,1.676529477795282,1.4774973439798325,1.5280115131473306,1.1522118329094422,1.1055385523551946,1.518238520207825,1.1335481008997552
2022-07-08,1.1794134560092013,1.385302123640887,1.2528058391291892,1.313511447800732,1.2947876353864738,1.1950777918031588,1.675755926711523,1.4685758743516928,1.5268934678782442,1.129824021403002,1.1029230501224434,1.4975629486631223,1.130024598826907
2022-07-11,1.1610120759056937,1.3670397921611608,1.2389906385176215,1.29352348495008,1.267104414196716,1.1796011604406107,1.6480337859162684,1.4552523205870012,1.5260553020718708,1.114204011328886,1.1004466452436723,1.4754123719197083,1.1232758355837662
2022-07-12,1.153248993674526,1.348779284292322,1.231227251512623,1.2890664773459368,1.2612137351650752,1.1760359229527646,1.6396733299045907,1.4560522199295776,1.5266865159581267,1.1087717976142046,1.0994841593191018,1.4566520425137222,1.1214328891759175
2022-07-13,1.153248993674526,1.3474171116576494,1.2337603628533849,1.2908436674074948,1.2652665130336087,1.179022997199548,1.6494541448176612,1.4469609530028928,1.5279875627876618,1.1141790815875385,1.1005132304849337,1.4608043064965688,1.119892677976792
2022-07-14,1.1518113858539396,1.3541415864081303,1.2401738059847958,1.28658076301702,1.261068815477886,1.1741508620363106,1.645477895521015,1.4343459797038665,1.5254823985167174,1.1100547792603683,1.1015115706847227,1.4697586836105074,1.116219895212178
2022-07-15,1.1408855664174817,1.339465966149906,1.2365291265624503,1.283252316017607,1.2489151278801611,1.1666048987149849,1.644867826869018,1.4210276951277694,1.526954409799083,1.1077748882247136,1.1018657866891879,1.4537370471769895,1.1251371429455368
2022-07-18,1.1480736055204146,1.3532036926306787,1.2418499491596868,1.3027020994631453,1.2843236228871924,1.1657786944275372,1.665359446339376,1.4345486025014096,1.5243504335571996,1.1233264989428486,1.1019080756813127,1.471299643418405,1.1199215443551043
2022-07-19,1.1489361702127663,1.3578733685326976,1.247276381601005,1.309169320202948,1.2827984243747972,1.1707688269661412,1.6605929282798664,1.4402270168731093,1.5244643802167668,1.1250163734170338,1.1027561020124457,1.4746906019543888,1.1358160206526047
2022-07-20,1.1417481311098334,1.3607160204104514,1.2479313131059384,1.3089625262564246,1.2831272115368761,1.1745205394173923,1.66241844685934,1.4374342890907519,1.5223929712837128,1.1196033501102414,1.1030405170402537,1.4797059555669863,1.1349308198572663
2022-07-21,1.1377228292121913,1.353487013018633,1.2511195749546484,1.2950293411957796,1.25232791390435,1.1786290744868957,1.6407696241379266,1.423419310301301,1.5283507917573822,1.104976844422932,1.1048665933907242,1.4672275390692944,1.1455921773352107
2022-07-22,1.1331224841863141,1.3420185769852988,1.242509032589141,1.289607995240375,1.2465044529105371,1.160260052934986,1.6248667028883934,1.419341589307148,1.5294995514131065,1.097069626613261,1.103460453737369,1.4551807815099347,1.141593466555565
2022-07-25,1.1308223116733758,1.338864707637056,1.2366372828120182,1.2900346465388493,1.2460659394943412,1.163482409328721,1.6237020317128317,1.423291675818582,1.5317519728818114,1.1056201357529662,1.1034956064025665,1.442617308285182,1.1431400821957969
2022-07-26,1.1345600920069008,1.3460651788113558,1.2393842939030513,1.302467617733347,1.2664214722371419,1.1594358685818502,1.6247621115458941,1.4334684997544926,1.5320756543897682,1.114690697563401,1.1045075511582374,1.4543178335263827,1.1426719658640216
2022-07-27,1.1351351351351353,1.3500840400990077,1.2504150729471104,1.316240516537885,1.2784595505852048,1.1570622413219727,1.6249453352207444,1.4320674026424844,1.53608957353762,1.1141215417277333,1.1072821018007333,1.4669665781592842,1.1565871787418966
2022-07-28,1.1325474410580796,1.3486565820777812,1.2544915475159235,1.3258161531329578,1.2831537157355462,1.1463138460660929,1.6243825767908469,1.427721257939458,1.5398372830585476,1.1123746705903952,1.108446296778656,1.4684138094076273,1.1712525560617286
2022-07-29,1.110408280621047,1.3223110725473313,1.2462919320852477,1.3158220631788087,1.2614301103771088,1.1147679914897177,1.6279292636397351,1.4078990935391589,1.5450438281240721,1.084003977002786,1.1090179561328348,1.4474525074302238,1.178923810306049
2022-08-01,1.111558366877516,1.324675255463702,1.2536007011429493,1.322008351636493,1.2653531596111287,1.115133900511547,1.6345516166636676,1.4044829018734744,1.552058509601518,1.088547207833391,1.1123339222250517,1.4519497204869574,1.190802466649539
2022-08-02,1.1029327199539967,1.3068798478110528,1.2441252967826253,1.2933962199377425,1.2342917120700363,1.1052732979366469,1.6365233315209218,1.386929857837481,1.5475560276955593,1.0615393419816868,1.1104530768586223,1.4167954047709617,1.1754068674764975
2022-08-03,1.0911443358251869,1.309316919152132,1.242957120968787,1.3051223205663538,1.2480022807818487,1.1093567999803162,1.6325799018064135,1.3764536338684026,1.5486172439514556,1.0743746623424755,1.1099075211409362,1.4300746330264713,1.1788630223928944
2022-08-04,1.0960322024151812,1.316518744701334,1.2480099995793763,1.2959209732641108,1.2321684068831382,1.1335623537771398,1.6582121949507174,1.3843517740168112,1.554519818125396,1.0650661861205206,1.1124788874730644,1.4188610699962179,1.1904882707480484
2022-08-05,1.1089706728004602,1.338525202209399,1.2522016383005605,1.294249354429394,1.2330843929101554,1.15134347807325,1.6542687652362091,1.3947797771820634,1.5495485807003648,1.0713418661153897,1.1122549706148912,1.4382305049346908,1.1816907855063106
2022-08-08,1.1092581943645776,1.3412336986636284,1.2559591290904186,1.3182559638340885,1.2608483270391964,1.1688826490323658,1.6510928875906794,1.3958885334327755,1.55272559724565,1.0966334098021415,1.1135484917786818,1.442536493483191,1.1895456830435764
2022-08-09,1.1092581943645776,1.3456302943295053,1.2549873294416882,1.3374164264329162,1.284061966173013,1.1820910476657467,1.650086688733676,1.3936702020235203,1.5534166263470648,1.117390557397857,1.113069019913924,1.4519753428687974,1.1930018379599736
2022-08-10,1.1037952846463488,1.3431608934142298,1.2586945202371917,1.334232823799674,1.2814519416007606,1.1813959680472037,1.650748661665915,1.385660903548497,1.5522573046349861,1.1178212941022914,1.1138585481479029,1.4592131176628713,1.1889172912405952
2022-08-11,1.1236342725704433,1.3605915537926798,1.2676817083638623,1.341077136160169,1.2903295694743688,1.2031383009798595,1.650086688733676,1.4033179151027395,1.5516985062583195,1.1206141679637733,1.1158361709002682,1.4701839886381198,1.1886030953391047
2022-08-12,1.1207590569292702,1.3585982469508728,1.2688164454402902,1.3472427290987163,1.2956242827768567,1.2170443174400334,1.6508942957110075,1.4078345061069035,1.5550603423634861,1.1218429338987947,1.1166659555394987,1.4555760811159906,1.1958296010733893
2022-08-15,1.1230592294422088,1.3623493950117493,1.2759092601143358,1.3551306615791046,1.3076675924224221,1.2065645121968491,1.6567726153492905,1.4079379739104623,1.5568525372241002,1.1379393267346378,1.1207033089883065,1.462391040380464,1.1904882707480484
2022-08-16,1.1190339275445664,1.3588654683313997,1.2764820853623113,1.3581359370555983,1.3122245253331843,1.1966029328128953,1.6585467028076912,1.4082064301434467,1.557279904298675,1.134675869965732,1.1215164931891815,1.4638103461842156,1.1886030953391045
2022-08-17,1.128809660724555,1.3616268582198754,1.278114976851771,1.3527306576425109,1.3076892364330257,1.201387902668098,1.6589041681911,1.4145527712368178,1.5549214436480037,1.1225040750267408,1.1219314322230405,1.4640311557671584,1.1820049814078009
2022-08-18,1.1187464059804493,1.3524463859848725,1.2767095622717533,1.3507817183523787,1.3058723845429967,1.1880355854571025,1.6600957194691306,1.3999256996604656,1.5549592661738307,1.1213600133779298,1.1219052753783723,1.46627410337823,1.180119805998857
2022-08-19,1.1086831512363433,1.3416900503756983,1.2644047517405181,1.3525051377482253,1.3084415555719227,1.1746873894144962,1.6610357210329099,1.4028447297973192,1.5552030009586597,1.1122021284366292,1.1195669325808288,1.4427166488256988,1.1791772182943852
2022-08-22,1.1181713628522145,1.3552948444390749,1.268719446995859,1.3686762667708492,1.3284871129740603,1.1926217626708007,1.6944736601035497,1.4120272319103067,1.5560905727362504,1.1411847863291391,1.1208751042925562,1.4562216199533902,1.1813765896048196
2022-08-23,1.1184588844163321,1.3546659618672494,1.27114244791022,1.382474205101941,1.344695324496517,1.1814680166250369,1.6927757907046483,1.4085180262013761,1.5572470684134019,1.153217654044049,1.121169876811705,1.4582614810858778,1.1857753322256888
2022-08-24,1.09516963772283,1.326276922563589,1.2540513087577778,1.362254389750717,1.3159781645710422,1.15993656098255,1.6243765464072932,1.392314718368469,1.5599856951492495,1.1212970329292675,1.1174456844939875,1.4097556284681105,1.1923734461569921
2022-08-25,1.1026451983898797,1.340429412241003,1.2578861095980471,1.384890251579875,1.3451340502142715,1.1688443786379232,1.6240878281925704,1.4136652828842613,1.558845049212296,1.1378759005470227,1.1175654490225568,1.4165762283517502,1.1923734461569921
2022-08-26,1.091719378953422,1.3221520431980025,1.2362562576903278,1.3585156049117404,1.3157033616182876,1.1561295569348442,1.586453386442043,1.4090805973174132,1.5534281375775287,1.1122611683984278,1.1119445799031613,1.3856602477205262,1.1798056100973664
2022-08-29,1.095457159286947,1.3321344379590172,1.2443486961987498,1.3825907666691697,1.3434048967230456,1.1777331889491434,1.6091335854568407,1.4093993681097314,1.5571401783571106,1.1354137569194929,1.114348146461227,1.4057591365879303,1.1889172912405952
2022-08-30,1.0868315123634278,1.3188808225369704,1.237738308560963,1.3549227772628565,1.309334924106695,1.171502106269922,1.5951532675940314,1.401562426583328,1.5562979955928766,1.1053390524932007,1.1133169989247813,1.3967589377232994,1.1842043527182358
2022-08-31,1.0885566417481318,1.3138523686742773,1.2257498521225967,1.3345914180102305,1.286844095052063,1.149227652688199,1.5556781190698783,1.408702585785854,1.552638130174654,1.0771380515224769,1.1104430151250486,1.3762579862377826,1.1741500838705352
2022-09-01,1.0828062104657854,1.310052615727436,1.2219542659597067,1.3401856998334742,1.3095199737230103,1.141785734950858,1.54901504873956,1.4063421344618539,1.5507878984609675,1.0744476039839062,1.1093194261452006,1.3735969588531693,1.168808753545194
2022-09-02,1.0727429557216797,1.3044303642380766,1.2189881564460798,1.3370169184000316,1.3130899559750533,1.1504914283329424,1.5538134388452522,1.3991628780384875,1.5548946732101032,1.063392316560847,1.1092561158816787,1.3782545505965493,1.1782346305899136
2022-09-05,1.0784933870040259,1.309783602690447,1.2262284181942888,1.3562270307026014,1.3560212434506698,1.1721269217754464,1.5744536186168097,1.4029362064267261,1.559673078042847,1.0685883075832199,1.1125305652841104,1.3901813231801217,1.1864037240286702
2022-09-06,1.0790684301322604,1.3177667414324046,1.2235952619485613,1.3652102868003237,1.3770835311071,1.1825981914608592,1.5862701502229255,1.4082053610348757,1.5563908107244437,1.0742794111147358,1.1114241194071373,1.4089280873222254,1.179491414195876
2022-09-07,1.0865439907993104,1.3232255024300206,1.2366320708078606,1.3607936181285496,1.3674875757157188,1.195658620285808,1.5720703907418732,1.4056708340504762,1.5603188704669115,1.0654464653363405,1.1149666572484633,1.4185782157199802,1.1895456830435767
2022-09-08,1.0819436457734335,1.3194232862498936,1.2323305182295279,1.3587929951146709,1.3628214259835723,1.18540522470056,1.5702544413997679,1.4038008977957899,1.559081242075362,1.0635895510377023,1.113468674143387,1.412254909788658,1.1876605076346327
2022-09-09,1.0989074180563547,1.3362250182284319,1.2447850402795202,1.3753320595428709,1.3836071376845895,1.207270129620082,1.59556787459366,1.425687912995203,1.5582244199029245,1.0798623730144317,1.1158810753226116,1.4232293956257354,1.1882888994376142
2022-09-13,1.0897067280046009,1.3165268982607687,1.225914409926684,1.3559189167156664,1.3517602306034755,1.1891591474718803,1.5915495911645379,1.4184277264137763,1.5556813165068184,1.0674588740642925,1.1107842641442198,1.4000463021449872,1.1832617650137638
2022-09-14,1.0897067280046009,1.3251070100958544,1.2261813830565802,1.3614961078498997,1.3628647373270757,1.1975382569460573,1.5900764045017939,1.4210157852916745,1.5529383658023146,1.075435873793067,1.1100069043516907,1.4105607286632789,1.1788630223928949
2022-09-15,1.0733179988499142,1.2988829805665196,1.2048089043445969,1.348983146871809,1.3413260009357313,1.192757330495747,1.5897462074911788,1.415530621397723,1.549732574081873,1.0653461502383408,1.104168869898505,1.37913558066556,1.1713223207571195
2022-09-16,1.0494537090281775,1.2667513566116257,1.190816096460773,1.316590218506278,1.2884223046835768,1.164241981765594,1.588006323242938,1.3834601550734857,1.5497924123085172,1.0363573666166686,1.0996869990710514,1.3491610235461924,1.1744642797720257
2022-09-19,1.052903967797585,1.2686809986999856,1.1942343914427396,1.334087753610803,1.3092640199211094,1.170852986629494,1.6105181425007273,1.3920648036180503,1.5528989535238493,1.0547355447437126,1.1011390273259059,1.3566598314831255,1.1810623937033293
2022-09-20,1.045428407130535,1.2656009701461945,1.191523952021129,1.3313323258242256,1.3005255651741248,1.169318786281441,1.5997690195634848,1.3830984197795524,1.553199918988148,1.0552695135656185,1.1012296348477404,1.3466393649395492,1.1782346305899134
2022-09-21,1.0353651523864293,1.255913710914175,1.1825565881936393,1.335530399112835,1.315623645844634,1.1660630794052695,1.6183410817807449,1.3770615610494912,1.5538477015972585,1.0500743211980432,1.0993877461363935,1.3594432944118973,1.1788630223928946
2022-09-22,1.0316273720529043,1.2585925048164253,1.1825292774205591,1.3456215475896727,1.3399342698922698,1.1812258496471362,1.648245440633126,1.3746436424613726,1.555204628136238,1.052712599674533,1.099107628168661,1.3694637609554738,1.1842043527182355
2022-09-23,1.0224266820011505,1.2397973951276686,1.1713188363541165,1.3268757301415635,1.3081115688611467,1.1530513162650406,1.6091005190785808,1.3666786410319762,1.5513150007425363,1.038933259237185,1.0956666222281404,1.3527629833828463,1.1744642797720255
2022-09-26,1.0253018976423236,1.2383294129594224,1.1733193554268322,1.3268693664972202,1.2909346586096708,1.1556264711235376,1.600407875716662,1.3633654497196739,1.5468734869775327,1.0502093935523351,1.0934355287771242,1.3310519725384302,1.1725791043630818
2022-09-27,1.0324899367452562,1.2560636559625313,1.182095433328453,1.3371810002008448,1.2908139555392075,1.192860657329076,1.6010491264281554,1.3797031164794078,1.5486751615577188,1.0683564931368963,1.096184686555289,1.3399590539104984,1.1760352592794787
2022-09-28,1.0270270270270274,1.2463088733063823,1.179522311834377,1.339752169224173,1.2864787176227879,1.1914607470360825,1.5998692251190076,1.3794497934818544,1.5523447744367351,1.0708011479785988,1.0953575633855999,1.3332787428814472,1.1873463117331418
2022-09-29,1.0209890741805638,1.240486654249382,1.1711698470128649,1.3390621937226221,1.289413253269039,1.1942145557277652,1.5976761476857004,1.3668943990127027,1.5511016914467401,1.067903507960325,1.092327505684585,1.3254850466808876,1.1879747035361232
2022-09-30,1.0129384703852793,1.231684976468854,1.1636234409302244,1.3515779099288017,1.3108416112277705,1.1817405934401792,1.598766273895239,1.3679345767912183,1.5582422137421545,1.0717466112887002,1.0916808247615901,1.3399590539104984,1.2043128904136366
2022-10-10,0.9910868315123637,1.2031685713213898,1.1519355117891652,1.3164710740307377,1.2672208126749278,1.163532076929224,1.6022290277373032,1.3411894475123247,1.5570678620573495,1.061033104609138,1.089007076197114,1.3421858242535154,1.1952012092704078
2022-10-11,0.9899367452558945,1.2017527296799932,1.1524965404878424,1.3157158014677321,1.2629632215993092,1.1704375887854588,1.6037552044306573,1.3439110938033723,1.5578604791790116,1.0484552354605112,1.0898434329268214,1.3360622058102183,1.1945728174674266
2022-10-12,0.9982748706152963,1.2157857370885552,1.1636144583305252,1.3129703777406907,1.2600544674504062,1.1874523014554272,1.6028061533776472,1.3512145435497322,1.5586902462220653,1.061033104609138,1.0928965886498938,1.3538763685543547,1.1983431682853143
2022-10-13,1.0086256469235193,1.2293918353152489,1.1776679919015276,1.3018820878277353,1.2360483493152377,1.2033009685673064,1.6037423794164274,1.3606834925677442,1.558101538272712,1.0206042394885524,1.0970107863789365,1.332722050295693,1.1952012092704078
2022-10-14,1.0209890741805636,1.2503238736439795,1.1823168750678426,1.303809927592685,1.23731446798291,1.2150816472199806,1.6074744585573189,1.37048655495036,1.5601481312253067,1.0134168856893375,1.1002767667189113,1.3483094426968123,1.1939444256644454
2022-10-17,1.0293271995399653,1.2629331459719055,1.195129237864901,1.3011217997774032,1.234076677686171,1.2245109678339348,1.6051403059674831,1.3802922942645637,1.558069650588515,1.0107216280146318,1.1025464938146323,1.3421858242535154,1.1926876420584829
2022-10-18,1.019551466359977,1.254972385395389,1.1948498725687535,1.2907427032498806,1.2217801430482944,1.2093394015476753,1.6049992308109544,1.3690010328511075,1.5583431992379697,1.0062295318901227,1.102090203016674,1.3399590539104984,1.1936302297629546
2022-10-19,0.9994249568717652,1.2359357609226456,1.1807857352241065,1.266486070303859,1.1985615164766033,1.1909870066838768,1.6060765320062635,1.3441890257113318,1.5561219611916202,1.0062295318901227,1.09816581388178,1.3366188983959728,1.1860895281271793
2022-10-20,1.0043128234617595,1.2442505630403924,1.1821225481699533,1.2678422214199525,1.1992627962661921,1.2104993439661416,1.6054865813516896,1.3476126648245188,1.5562165016823566,0.9909564050667903,1.0984484244146642,1.3243716615093792,1.1873463117331418
2022-10-21,0.9933870040253018,1.2376442263372684,1.1865996732906496,1.2593170690455355,1.1872525037509807,1.198528307113345,1.6051018309247935,1.3358154891017269,1.560402951042281,0.9963469204162018,1.0995426273990057,1.3310519725384302,1.1986573641868052
2022-10-24,0.9626221966647497,1.2078684582150898,1.174900934897698,1.2170771451928923,1.133406361766296,1.142187964043458,1.5512346713726215,1.2959429139669538,1.5634926048688282,0.9649022475446355,1.0965689952594884,1.3032173432507175,1.2039986945121461
2022-10-25,0.9620471535365152,1.2044888394419866,1.1746533904731697,1.220985666788348,1.134605160517061,1.1475754369324274,1.5295693826663,1.2983943195783787,1.5621641764591465,0.9514259591711068,1.0959033482619471,1.2865165656780897,1.202427715004693
2022-10-26,0.9761357101782633,1.2239986614409664,1.1849789495825847,1.2143107663535466,1.1351662929528847,1.1405100690617553,1.5266806775054573,1.3025716674501577,1.5610264367022657,0.9496291207213031,1.0992466215155186,1.2781661768917758,1.1983431682853147
2022-10-27,0.9583093732029903,1.204263610545007,1.1702751703082264,1.1882202743870665,1.1020918353689153,1.1070395534076323,1.5165702094425073,1.2809694484797594,1.5624537075154594,0.9433401861469899,1.095497414900294,1.2837331027493186,1.2008567354972401
2022-10-28,0.9304197814836114,1.1751123565300028,1.156118847024971,1.1699966552614003,1.0879824239386573,1.0858497221076178,1.5006823310578712,1.248091276135443,1.5618100237448196,0.9334575746730689,1.0912046738266172,1.2581252438046224,1.1961437969748805
2022-10-31,0.9318573893041978,1.1821556456706275,1.1631354841106545,1.1627659277370506,1.072476331192074,1.0956426756186475,1.4998465567544619,1.2515481039968448,1.5635107591696644,0.9011144825766008,1.0941289471311582,1.2574245567055071,1.196457992876371
2022-11-01,0.9606095457159286,1.2085782521114579,1.1767749785323216,1.1661861421884154,1.068692028682635,1.143573356673095,1.4975539437131198,1.2737219549236354,1.562823215568629,0.8892863884508463,1.097477395442979,1.2555025014631065,1.1989715600882962
2022-11-02,0.9698102357676824,1.214261013277027,1.1737700338612507,1.170589843108216,1.0677887838411446,1.1538174106929135,1.4962882302632126,1.2795785700588505,1.5607928296826408,0.8803861076656835,1.096394453095333,1.2544413667980312,1.1961437969748803
2022-11-03,0.9663599769982748,1.221507158262878,1.1733679961621353,1.170856741236381,1.0668770178219042,1.157264556377392,1.4950105761203816,1.27918798407934,1.5596139284068045,0.8907697685817068,1.0957231996889965,1.2533702214285685,1.195515405171899
2022-11-04,0.9965497412305924,1.25199328882798,1.1925678935913833,1.2017202847967605,1.0681551944843903,1.1981040879320064,1.4968016800589294,1.3088796934707658,1.564487882930777,0.898186669236009,1.1028423745604237,1.2548718270866936,1.2046270863151274
2022-11-07,1.0034502587694079,1.2553534089734897,1.1979650778581645,1.2152480928807765,1.0677035720636452,1.2104255740324428,1.4961688233339758,1.314963885377208,1.5640248505306211,0.8751942772076717,1.1038106649114605,1.2543412597541561,1.2046270863151274
2022-11-08,0.9968372627947097,1.2470230044218662,1.1980728808920553,1.2178216251157752,1.0677291355968948,1.204039536713989,1.4962046454127467,1.3133198448425158,1.5724953288625438,0.8870613182545555,1.1055797219302317,1.2543712918673184,1.226306603517982
2022-11-09,0.9792984473835539,1.2310208556722853,1.188428604806053,1.2089652814954603,1.0685982957273854,1.1926534623495153,1.4974225960909593,1.303073840213749,1.5775008851223538,0.8670356864879393,1.1043527718559958,1.2553923837148437,1.2369892641686637
2022-11-10,1.0057504312823462,1.2674618091472396,1.2212918293590163,1.2335291655075478,1.0676268814638958,1.221859431993137,1.4960613570976626,1.3352226341525908,1.5813052932619354,0.8692607566842299,1.1130494553672223,1.2542511634146682,1.2495571002282897
2022-11-11,1.0218516388729155,1.2582990744153009,1.2129195249581515,1.2313118530925848,1.0656329258704171,1.2439899302761865,1.4932672349535274,1.3507726763781696,1.5757787339662697,0.8581354057027765,1.1091964426907603,1.2519086585879924,1.240445419085061
2022-11-14,1.0057504312823462,1.252924242611988,1.2025892070831878,1.2059278967935236,1.062258539481453,1.2518445736780524,1.4735024169448163,1.341780415531025,1.5697713392544068,0.8484934348521834,1.103720802304578,1.243246516124741,1.2338473051537575
2022-11-15,1.0276020701552617,1.2792726111422232,1.2179056631910852,1.2206319631122333,1.0614660699507115,1.2890904116253161,1.5069911082390166,1.3575239499761707,1.5709902432284777,0.8677773765533694,1.107841945157227,1.2486285356750646,1.2391886354790984
2022-11-16,1.018401380103508,1.2694822356873867,1.2110263947535962,1.2221794174265235,1.0597873979339794,1.2744575365958473,1.4979749221213474,1.347067515400476,1.5704460886642693,0.8625855460953579,1.105128369924837,1.251794429528196,1.2423305944940046
2022-11-17,1.0172512938470386,1.2704285418922714,1.2121761896470282,1.1997097940444406,1.0610570534187158,1.2918498837189558,1.513431241180209,1.3457434975388969,1.571643942337394,0.8714858268805207,1.1062245090293072,1.2514778401428828,1.2420163985925141
2022-11-18,1.0043128234617598,1.253815134824934,1.2036301800912186,1.1826600366744433,1.0606906427754696,1.2692363888927414,1.4863826828272009,1.3308554724784945,1.5684014370363681,0.8559103355064858,1.103021546557108,1.2438796948953672,1.2344756969567388
2022-11-21,1.0014376078205867,1.2538834494802602,1.2047292730601562,1.1866525803179944,1.0625056536362003,1.270674065145847,1.4859533552969872,1.331431546256486,1.5711183769491956,0.8655523063570788,1.1046483939524798,1.2441814382883793,1.2366750682671732
2022-11-22,0.9994249568717655,1.2463791089998395,1.1984132197886352,1.1898562144960894,1.0629743184124454,1.2690267162709223,1.486608800276868,1.3331714526506366,1.5708849852182112,0.8648106162916486,1.1030971718394182,1.2220871024625144,1.2347898928582293
2022-11-23,1.0080506037952845,1.24853087061818,1.2068874768034192,1.2012380581871978,1.06534320582692,1.2809985235155208,1.489921776720629,1.3457458843408703,1.5763334102002544,0.862585546095358,1.107443087128838,1.2097777026213512,1.2426447903954954
2022-11-24,0.9991374353076481,1.24155472774031,1.204332259258895,1.2060752920329072,1.06628905655716,1.2816265289316,1.4912445838618429,1.3394803203386658,1.5779109296399125,0.8544269553756254,1.1073045829388224,1.2119926250608881,1.2442157699029486
2022-11-25,0.9856239217941346,1.2259616871644952,1.1916564237518326,1.2175026212799813,1.0658289129586649,1.28267874121085,1.4906010560634144,1.337926818866567,1.5791078222379085,0.8358847037398697,1.1039897481848975,1.1936572808022088,1.2486145125238175
2022-11-28,0.9976998274870615,1.23994338256105,1.1956034031271408,1.2126710909602954,1.0620795947487047,1.2889275271222724,1.485357496224368,1.3526920493893209,1.5723583986426855,0.8410765341978811,1.1023151132479558,1.1960214339406636,1.2410738108880421
2022-11-29,1.0218516388729155,1.265115721228233,1.2033524258528039,1.222278140176836,1.0592676060912347,1.3163903756128736,1.4814248263450835,1.3834552365191493,1.5688471895563614,0.8447849845250324,1.1029232055558407,1.2154112205146683,1.239502831380589
2022-11-30,1.0454284071305346,1.2847564409700292,1.220530947254196,1.2354147743936896,1.0595914108457314,1.3256842035684016,1.481877679240274,1.4009461064140203,1.5691828933230911,0.8455266745904626,1.1076128589814203,1.2193246492458119,1.239502831380589
2022-12-01,1.038240368027602,1.2742702897160398,1.2180654033092368,1.2212421752240152,1.0362412712011186,1.3184857899310087,1.4839393516315353,1.3816995652011987,1.5744103032029582,0.8300949909982132,1.1084987635035162,1.2186751060183227,1.2492429043267987
2022-12-02,1.0437032777458308,1.2806964990026788,1.2197310670797392,1.2157076103075375,1.030239532447597,1.3227523049561831,1.4833554097403687,1.3834099350677624,1.5730262748822599,0.8298370687599256,1.1086129805633556,1.2208695786257777,1.2467293371148735
2022-12-05,1.0488786658999425,1.2825979736837794,1.211502772804543,1.2199814513813918,1.0438508345547963,1.3312283111954353,1.4825569585830596,1.3957697868071683,1.564941082784991,0.8349517209996589,1.1048079401495405,1.2066867001898534,1.226934995320963
2022-12-06,1.056929269695227,1.2887178023340389,1.2104652093840622,1.2172037341404978,1.0409540721046502,1.3303265742131831,1.4819253479660837,1.3957665554907166,1.5638732570614204,0.8307736874857945,1.1042819098910668,1.2018853525538127,1.2253640158135097
2022-12-07,1.0554916618746404,1.2865439045735514,1.2126620244814972,1.2069894624926165,1.0269169967738006,1.3148693093039194,1.4807455470022983,1.391421604876796,1.563843813319554,0.8312753647002805,1.104461809459638,1.2094822655169155,1.2275633871239444
2022-12-08,1.057791834387579,1.2846592303273525,1.2150327345331446,1.2111956258020387,1.0308393349824585,1.312796884531499,1.4825569585830596,1.3964076702143073,1.5665038415577137,0.834864620855305,1.1060880584375252,1.208905413001468,1.2310195420403414
2022-12-09,1.06411730879816,1.29137495395645,1.214627442173146,1.212248349681981,1.0302100069391238,1.3091312771928387,1.4818538448773693,1.399662874074672,1.5677829936891383,0.8361476302455935,1.1061822951852036,1.2121629307641746,1.235732480562701
2022-12-12,1.0563542265669925,1.283164992577538,1.2132264047450254,1.191801280602695,1.0059786615436361,1.3039443118213299,1.4819491823289883,1.3833264679504367,1.5661793845295233,0.8276159595976922,1.1053661952086498,1.2055050084165049,1.2313337379418319
2022-12-13,1.054054054054054,1.2847077906467597,1.214044236244065,1.2030536822723308,1.0143216634255343,1.2998867005568595,1.4782667732602035,1.3865697936769414,1.5689701866580252,0.831455023397291,1.1047781235202223,1.2085019750507395,1.2457867494104014
2022-12-14,1.055779183438758,1.284998491482769,1.210819429228368,1.2018310813809745,1.0155894670287196,1.2965096696122136,1.4818538448773695,1.384124646248446,1.5690235507638648,0.8287783685239599,1.105060216044512,1.2149006923797923,1.2388744395776072
2022-12-15,1.0543415756181713,1.2750443744494397,1.2029481545315825,1.1825222651144194,0.9953643925025217,1.2809827093971649,1.4818180933330123,1.3731598674152854,1.5650575817831747,0.8173041528653127,1.102434397511567,1.2013295795374128,1.2285059748284162
2022-12-16,1.0575043128234616,1.2793545964807023,1.2041096689458457,1.1908826681400186,1.002992652448023,1.2862831356525597,1.482604627308869,1.382359263716558,1.5684009497588935,0.8297919797732224,1.1036145095299668,1.2145382895164178,1.2357324805627008
2022-12-19,1.035365152386429,1.2505232606740646,1.1902704288053088,1.1749836088876695,0.9825242150797061,1.2523534375438539,1.484404121708178,1.354962619747187,1.5700923916707348,0.8092703164338018,1.1004464000586665,1.1892001758790405,1.236675068267173
2022-12-20,1.0227142035652672,1.2376358083064871,1.1869532617449867,1.1731737457880238,0.9733894080413885,1.2450737159887801,1.4843922045267255,1.3393889460436372,1.5766655102850453,0.7987812892513617,1.100658949367095,1.1762650241526478,1.2539558428491582
2022-12-21,1.027027027027027,1.2400855329602898,1.1897641171464188,1.172542417215297,0.9730914745302943,1.246257385306222,1.4835580018250591,1.3441157485316828,1.5755712028921804,0.8025344241885428,1.1008277732912979,1.1831894466153006,1.2526990592431957
2022-12-22,1.0178263369752731,1.2262346626712832,1.175079863668066,1.150587013247742,0.950031487859741,1.2208319536959114,1.484153860897678,1.3281686300442606,1.5718648138665967,0.7981789627566075,1.0962347560879047,1.182003323477013,1.2417022026910232
2022-12-23,1.0195514663599767,1.2308802603953781,1.177485858123088,1.1501072030313435,0.9496776166340626,1.224327570694676,1.4845232935227017,1.3281741908405786,1.5719000562457972,0.8009922117176342,1.0970035262079003,1.1911025188280382,1.241073810888042
2022-12-26,1.0339275445658422,1.2440094266739679,1.1880651914190985,1.1566107277466346,0.957612634044447,1.2505961114877346,1.4838797657242735,1.33823111660243,1.5715424576602912,0.8015047874812002,1.0998541292627102,1.1947651768871856,1.2413880067895324
2022-12-27,1.0336400230017249,1.2493439221488576,1.188442375685092,1.1663981914686314,0.9664958641349815,1.2571277645867276,1.4846424653372257,1.345864013611494,1.5753297288520773,0.8075772559289177,1.1010080887394837,1.1991941516306739,1.2498712961297798
2022-12-28,1.0278895917193787,1.2422684560719848,1.1835518030654042,1.1639019420226875,0.9643650578686729,1.245225253539486,1.4862632020147488,1.3454260240603864,1.5755831196193617,0.8098517793998529,1.100224062066783,1.1975842331093582,1.2473577289178548
2022-12-29,1.0330649798734903,1.25072240371197,1.1908182457801113,1.152772340876763,0.9505327090268633,1.2452792584858954,1.4877051809704869,1.3451332903300992,1.5766531658863345,0.8150988980404715,1.1028367856167438,1.2092483130114071,1.2473577289178548
2022-12-30,1.0330649798734903,1.2483206865564722,1.187887577922485,1.1543618287516864,0.9509423690821519,1.23676510540978,1.490172037531129,1.3474788752731712,1.580032061847953,0.8165457391083282,1.1034790894014055,1.2099382889963857,1.2514422756372332
2023-01-03,1.0362277170787808,1.2557634141088212,1.1951006889259121,1.1620534418835846,0.9584173090988605,1.232985632932856,1.4889803193858915,1.3645801771070685,1.581170694460188,0.8186715439219866,1.1057233314205237,1.2103911620092616,1.256783605962574
2023-01-04,1.043990799309948,1.2602974340379915,1.1984443987117164,1.1583261879982323,0.951889329445882,1.2318406058509568,1.4917689398457479,1.376217158840136,1.585140994028402,0.8308330915022256,1.108317452159421,1.2236278559507043,1.2618107403864245
2023-01-05,1.0598044853364,1.2785112467717226,1.203361084159941,1.1558810676294693,0.9543268602257878,1.2553154301306597,1.4915663477610575,1.3819932197190816,1.5795433545546664,0.844962673179214,1.1088418351154172,1.2432329937764934,1.2473577289178548
2023-01-06,1.069867740080506,1.2839153277129574,1.2127941502710282,1.167960908361385,0.9637581822256811,1.2680404870984865,1.4878124356035582,1.3838824487497008,1.5822512283378787,0.8427384956572316,1.1110165375200642,1.246671474452848,1.2618107403864245
2023-01-09,1.0707303047728578,1.2889128175340228,1.2135073191972983,1.1677514043478503,0.9650587373461618,1.2627046128371124,1.4878243527850106,1.3844671722904576,1.5807235511218714,0.8458846075125971,1.1109214816972823,1.2522583973811314,1.2577261936670463
2023-01-10,1.0733179988499135,1.2916694384104863,1.2187376406473007,1.1634626617484338,0.9580546652874505,1.2599964060776392,1.4869663157204396,1.3798532975713453,1.581743938158198,0.8502366452070452,1.1123932550377065,1.2581070866138355,1.2621249362879154
2023-01-11,1.0750431282346171,1.293390697577513,1.2180681257096753,1.182155357117168,0.9816204475802971,1.273708706388417,1.48521449004694,1.382983415617182,1.5799669835642953,0.8505260211480437,1.1112281892724727,1.2577543225788557,1.2608681526819525
2023-01-12,1.0767682576193212,1.2911220114066169,1.2206659147164594,1.1796384441783208,0.9771401572060261,1.2662587168570982,1.4861916989260349,1.3808206938174696,1.581993920196271,0.8494433326952694,1.112628055460907,1.25600556799875,1.2643243075983497
2023-01-13,1.0940195514663595,1.3089505291481902,1.2288924930827985,1.1942852514676874,0.9912108556275894,1.2618629534777255,1.4857865147566542,1.3995053214587803,1.5857020324682418,0.8659099271210027,1.1158067754514867,1.279624226552472,1.2750069682490317
2023-01-16,1.1106958021851634,1.3307682279243367,1.238445489187677,1.191770206391818,0.9866142039266009,1.2781979977701567,1.4848808089662735,1.4026746522314528,1.6139736663734836,0.8866102297986471,1.118677032504563,1.3022950453855775,1.2787773190669196
2023-01-17,1.1115583668775155,1.3314617489855387,1.2402855880173345,1.186038603030993,0.9794967899443565,1.291185637170505,1.485131069776773,1.4014171082608695,1.607974934914647,0.8818383296164416,1.1192583685979924,1.2977628101189724,1.2787773190669196
2023-01-18,1.1043703277745827,1.3265305466463206,1.2352838618083173,1.1916921191246612,0.9887865677512605,1.2885974312069,1.4847616371517494,1.4022916966834955,1.5981097735893217,0.8759635236982805,1.1173366792501052,1.2873620854269903,1.2728075969385975
2023-01-19,1.1193214491086827,1.3452592358886217,1.2456880898361904,1.1994875999742474,0.9925087503592118,1.3095287366379997,1.485691177305035,1.4142797212509834,1.620989941838523,0.8913594806990089,1.1221212033465506,1.3038458034369753,1.2882031961116387
2023-01-20,1.1443358251868885,1.3667690070226544,1.2690079220460393,1.213305915100026,1.0108699486322401,1.3328690895080626,1.4865968830954157,1.4388647327355777,1.6495181280793638,0.9004058875273521,1.129026846355262,1.3204682001628716,1.285061237096732
2023-01-30,1.1293847038527884,1.3480058597308564,1.2585551588126835,1.1997632999782022,0.994316069577976,1.3197513411292812,1.4865968830954157,1.4252150947859217,1.6329000284236477,0.8826052108220203,1.125890406289141,1.304198195953706,1.28411864939226
2023-01-31,1.116733755031627,1.3377147849536968,1.256910381735255,1.203596718518732,0.9994464779096952,1.2972180268066487,1.4864419597365346,1.4261816965760212,1.616730208021183,0.86672876652461,1.1252715173059908,1.290293150596921,1.283176061687788
2023-02-01,1.1276595744680846,1.3530350886854001,1.2717285956726563,1.2121762606688422,1.0032445722924401,1.3030722420356355,1.4869901500833442,1.440594140858837,1.6337866112998893,0.8805524896527145,1.1308260009819506,1.301636251019324,1.295743897747414
2023-02-02,1.1138585393904539,1.343023772702749,1.266016263656893,1.206753529778405,1.0046486195151796,1.2953533434740443,1.4880031105067963,1.4310882388714803,1.6249107504812876,0.8660654721666428,1.1284983786580307,1.294343687680193,1.2816050821803349
2023-02-03,1.099194939620471,1.3304197282441441,1.255960011028941,1.1869346410497845,0.9904756501120893,1.274106505422106,1.4885632180350583,1.429272169484057,1.6043517099590463,0.8532051866155671,1.1244579398017776,1.2785460367918768,1.2633817198938777
2023-02-06,1.094307073030477,1.3272195800453352,1.2524628381091125,1.1888683760312129,0.9917766411795026,1.2663152610721449,1.479725606488614,1.4276901401388493,1.6030939312515944,0.8515639732001852,1.1229181973956261,1.275771568983847,1.2599255649774805
2023-02-07,1.0960322024151807,1.3282539378841496,1.2549928142850717,1.1924101884722196,0.997453648439401,1.2653739538303044,1.47680124758251,1.4290605503604379,1.6046076135881364,0.8529832974692182,1.1237673131890953,1.2761227975529605,1.2599255649774805
2023-02-08,1.088844163312248,1.3151258665909118,1.2481529788695482,1.1847589878551719,0.9887493310698868,1.2604654192811897,1.470952529770302,1.4139400453163073,1.5882178194664902,0.8427447727982771,1.1216249915947283,1.2669819835311007,1.2599255649774805
2023-02-09,1.106382978723404,1.3394007040738132,1.256635675129889,1.1852080735563038,0.9932299925954947,1.2741675569828348,1.4914230421130301,1.4369462873663192,1.625249045210296,0.8631744832800211,1.1245197859720155,1.2878714063378935,1.2558410182581021
2023-02-10,1.0954571592869466,1.3319515325340165,1.2507265229286828,1.1818373234460373,0.9867220554172674,1.2728657351549317,1.4884986832069262,1.430123350541298,1.615948230061613,0.8605615807936172,1.1236097013050543,1.283651432652227,1.2662094830072936
2023-02-13,1.1101207590569293,1.3466887889902315,1.2606625179343744,1.1755011326676554,0.9860548089592112,1.2770085942401106,1.4987342518886297,1.440934447285896,1.652338103142361,0.8840694542499605,1.1261146832917812,1.2995976530479616,1.2564694100610836
2023-02-14,1.1101207590569293,1.3447984208248591,1.2621197651302343,1.1823151153337548,0.9932677441863709,1.2812916940352475,1.5111318697810905,1.4427780958259488,1.6465941396543342,0.8779971795794131,1.1269569755419242,1.2979455967252183,1.2621249362879152
2023-02-15,1.1040828062104657,1.3376738368332555,1.2614760766617885,1.1731302494637683,0.9855880359043637,1.268033663573495,1.489091660194493,1.4419229510696878,1.6393900055406079,0.8725388209653002,1.1261936175478928,1.288454815867271,1.255212626455121
2023-02-16,1.09401955146636,1.3227774963178411,1.248822234036072,1.1629876988699048,0.9745141964429256,1.2460539319018042,1.4532763196162721,1.4210034792175565,1.6260521101622276,0.8709639259672293,1.1222123749101476,1.2784624639101516,1.2564694100610836
2023-02-17,1.0793559516963773,1.314090603136655,1.2386968538479293,1.1799473603764143,0.987628776726319,1.2526772685709622,1.4436337279221358,1.4124013574839638,1.6076343171987404,0.8647773273633449,1.1194544839399099,1.2696250775092017,1.2592971731744993
2023-02-20,1.1081081081081081,1.3374838435724108,1.250335330054167,1.198083704393854,1.0127166473004965,1.271103893484516,1.4689226755519884,1.4317855655811262,1.637806995897182,0.8843858110238835,1.1227708357174306,1.2909313078489724,1.2599255649774803
2023-02-21,1.1049453709028179,1.3354077568138523,1.2452561721538797,1.2099560239177298,1.0290802151210414,1.2711351959869128,1.4756538578556293,1.4390385860943338,1.6284681363265667,0.8775291439382573,1.1212368558205204,1.2843511973149737,1.260239760878971
2023-02-22,1.0991949396204717,1.3398108059942544,1.244689802146154,1.231415242896848,1.0509782518255701,1.2685175558094968,1.4677111245310597,1.4461372024803065,1.6295827312943285,0.8777532509683424,1.1210433385897647,1.2877591070817513,1.2589829772730083
2023-02-23,1.0977573317998852,1.3340975002097415,1.2460446188209309,1.2169445003837693,1.0376289618835968,1.2734273503339786,1.474556814429004,1.440560744414811,1.6203856630365994,0.8730703639171588,1.121677844564001,1.2773666705652031,1.260868152681952
2023-02-24,1.0810810810810811,1.3204609262444327,1.2369834663429675,1.2185837237379216,1.0353987773443083,1.2511611506420646,1.4442795638469892,1.4407981840865274,1.5979106899371038,0.8554765392257995,1.11874234411669,1.2620191613059322,1.2630675239923865
2023-02-27,1.0859689476710754,1.3226711130791085,1.2387611540583479,1.2187071040888906,1.0382011112200327,1.2562103458584248,1.442003682351496,1.4382775626099074,1.610264886526809,0.8660256008235296,1.1193127673671028,1.2725609367541526,1.262124936287915
2023-02-28,1.0888441633122485,1.3269504123131703,1.240118739072588,1.2170619105353102,1.0369267813578236,1.2639122015138238,1.4412533061688308,1.4452688638921762,1.6154151413291136,0.8674551944477269,1.1198457091321496,1.2773535769061775,1.2658952871058025
2023-03-01,1.1012075905692928,1.3366890510538405,1.2434272460294262,1.221356142219862,1.0432683635655873,1.2666704923480792,1.4414957353970765,1.4565421459566321,1.6277743243732499,0.8711001571287245,1.1211024549479713,1.287063945001709,1.2630675239923865
2023-03-02,1.1058079355951698,1.3353543120777553,1.2440079168278149,1.2249163358872355,1.0457660152270605,1.2619818706110502,1.4416458106336094,1.4579162444946003,1.6260793654177306,0.8702776932664453,1.1215822644836595,1.2853938916167864,1.2687230502192184
2023-03-03,1.1055204140310524,1.338327479261852,1.2497911257755798,1.2236107757976193,1.0421216850992576,1.257502921847844,1.4413110274136514,1.4589318636606767,1.6200366666029344,0.8653021024955401,1.123425809954131,1.2789438440643228,1.2765779477564845
2023-03-06,1.096894767107533,1.3304625464617046,1.2505802227059089,1.215243447960612,1.0318505272910226,1.250675666197853,1.4424885408079868,1.4555778493610534,1.6160083062031059,0.8607615967470245,1.1242132021221043,1.2749275165019838,1.2794057108699004
2023-03-07,1.078205865439908,1.3080561463503981,1.2347422408400772,1.205509956854816,1.0242097384411448,1.2293119307623306,1.4436775984512864,1.4315929739197708,1.582116639487997,0.843468731327803,1.1188003391086925,1.2511100519317717,1.2668378748102749
2023-03-08,1.0787809085681426,1.3110961369792704,1.236653498048369,1.2030802345453544,1.021457326222667,1.229665594475691,1.4444741516298076,1.4374582169437276,1.5837002013150998,0.8410391539099458,1.119894024273008,1.2557073627734128,1.2668378748102749
2023-03-09,1.0667050028752156,1.3015604038222763,1.2292810117127646,1.1982779898185063,1.013740921884103,1.221497551122531,1.4447743021028734,1.428301367582035,1.5690197067192926,0.8322544870421077,1.1180926736412689,1.2451280965867495,1.2753211641505222
2023-03-10,1.0583668775158137,1.290344035535186,1.2266198133062192,1.1878504474896654,0.9980659084385648,1.2185282114806235,1.444739669355981,1.4124522454225583,1.5574220905751053,0.8284033343374065,1.1178310103322884,1.2311556036539233,1.2900883715205824
2023-03-13,1.0695802185163887,1.2995193709465915,1.230157237462789,1.203564236218673,1.0141306662644336,1.2304963872496129,1.4608918845886971,1.4255295599403188,1.5571653765452163,0.8387310196931443,1.1195294524867794,1.2462263377181233,1.2960580936489048
2023-03-14,1.0713053479010926,1.302177378926791,1.233812227999719,1.2000477464282322,1.008950728921976,1.227967979543935,1.4632151560391984,1.4224663631142525,1.5589598820438761,0.8424030071111539,1.1208414458973899,1.2429347891455318,1.3007710321712644
2023-03-15,1.0580793559516963,1.2896079014052777,1.2310957818570594,1.191236979816542,0.9967991488007563,1.2120656062822457,1.439923203801721,1.4177000940614948,1.5621752880980526,0.8255087310094489,1.1202768507074372,1.2386381626425789,1.3095685174130027
2023-03-16,1.0580793559516963,1.2871369318662342,1.2350054348647894,1.1872890856485392,0.991597290993018,1.206887015022478,1.4478179061654382,1.4123487000481334,1.563561716516251,0.8308539609800935,1.121542259654366,1.2287505871956113,1.3127104764279094
2023-03-17,1.0563542265669925,1.2816412717789158,1.2372347824188776,1.1895490990269002,0.9869147281701096,1.205956285177826,1.4351618032788467,1.4158867215769044,1.5750369039029586,0.8112975843288168,1.1244578308513666,1.2360005609916023,1.3413023034635578
2023-03-20,1.053191489361702,1.2790856079227855,1.2389669696081995,1.189395598087025,0.9828148354128282,1.1996611333454563,1.4334079791451027,1.4107075497714703,1.5814292699265535,0.8042000122969509,1.1261694669884659,1.2368215930889843,1.357326294439581
2023-03-21,1.065267395054629,1.2944978617508245,1.2450684430346077,1.190609132145792,0.9912802907428419,1.221567458163952,1.4317741858466453,1.4225848748057555,1.5698442958750427,0.8263412100277068,1.1260488627248153,1.2297995745547954,1.3277918796994603
2023-03-22,1.0638297872340425,1.2915955052034154,1.2438023785770653,1.1918975896895,0.9901303829061008,1.2232642233705844,1.4315913837992658,1.4255483492168841,1.5733815760416265,0.8202651818583635,1.126268770976026,1.2323073627856203,1.3381603444486516
2023-03-23,1.0761932144910868,1.3071556525516859,1.2529698309404453,1.2028452766240485,1.000628941996522,1.2300501879932042,1.4315342581594594,1.4347524487528003,1.5756650057782353,0.8287117269246455,1.129566183826687,1.2393449326232004,1.344758458379955
2023-03-24,1.0767682576193216,1.3008311038612206,1.2547036998889525,1.1970075387208419,0.9951669377136471,1.217601729102783,1.4311458038087774,1.4322461966862396,1.5739299407726108,0.8267291802307156,1.1296520843096898,1.2309756004869579,1.3406739116605766
2023-03-27,1.0713053479010926,1.3011194086357163,1.2531720042049008,1.193356592054409,0.9937630495108519,1.216024588168063,1.4312829053443121,1.4295818724385188,1.566285773447566,0.8269355990229702,1.128755041425537,1.2201792231834727,1.3299912510098946
2023-03-28,1.0747556066705004,1.2979771815887393,1.2522669394734165,1.1999954402832387,0.999960521171209,1.215090355733226,1.4320141135338318,1.4285605598774571,1.5510861119881783,0.8383487454996136,1.1290385570378993,1.2173268528955368,1.3347041895322544
2023-03-29,1.0690051753881544,1.2942262326683933,1.252270903559689,1.1980335720364255,0.9983300017458677,1.2102308053737207,1.4314542822637308,1.4207982565463546,1.5522704645426202,0.8363875044637923,1.1283918342937844,1.2102914108553298,1.3325048182218198
2023-03-30,1.082518688901668,1.3063047511438872,1.261531503452444,1.2151545750682875,1.0157049441902073,1.2265181297569299,1.4328252976190794,1.4299747754503607,1.5628199102378386,0.8472472320569889,1.1322785296829092,1.2160759896850863,1.3391029321531231
2023-03-31,1.0839562967222545,1.308904343050355,1.2663562223789109,1.214938581386217,1.0148287114871541,1.2274367386525673,1.4323797176285913,1.4383292117338409,1.5773299999674353,0.8418928249798261,1.1338635721112955,1.2191480982731613,1.3416164993650483
2023-04-03,1.0925819436457738,1.320679702247832,1.2735679098866841,1.2198776712127946,1.0146545632267128,1.2456725034470042,1.4320255386617928,1.4491724941134108,1.5983405796140866,0.8517051949513389,1.135300207891831,1.228389553282319,1.3384745403501417
2023-04-04,1.0940195514663604,1.3222849658123095,1.2707623292668275,1.2219707911369253,1.017764575204991,1.2477198118536994,1.4327110463394674,1.4505110996029447,1.597301895658121,0.8567969220949593,1.1355060954600498,1.2363747769809184,1.3601540575529965
2023-04-06,1.0948821161587123,1.3262119070365044,1.27456452253677,1.2167849749684918,1.003255802251695,1.2563359175664033,1.433030949922382,1.4499694398716918,1.6124072973910204,0.8649051001490542,1.1365063729295142,1.2374131266174113,1.3585830780455432
2023-04-07,1.1063829787234047,1.3396184696716669,1.2800172742116223,1.2179969536191775,0.9992172579544455,1.288562335763785,1.4335907811924826,1.4583292614618868,1.6237944250743646,0.8660670723176859,1.1382156663521756,1.2403417911789116,1.3513565723112584
2023-04-10,1.0997699827487066,1.3273442739567256,1.2753729496604922,1.2056974333301302,0.9891227060324318,1.268472928130138,1.434847545268219,1.4506729372680238,1.599212405548813,0.8504219795348439,1.1375254450756653,1.223368737533727,1.3457010460844272
2023-04-11,1.096319723979299,1.323372173732491,1.2760610978507305,1.204233087381065,0.9869339133081588,1.256953676111862,1.4353502508985134,1.4558679623482647,1.598587456860091,0.8475898707031156,1.1382895709814047,1.2249113844137893,1.3595256657500154
2023-04-12,1.0922944220816566,1.3189027040046875,1.2715561937500373,1.201600317818873,0.9845206844794865,1.2395232695910032,1.4357387052491957,1.4619963069251656,1.5983728536612192,0.8452934738642399,1.137605379682041,1.2315893961107474,1.3620392329619404
2023-04-13,1.0911443358251873,1.3239593533895382,1.2765216096288445,1.2043316291860025,0.9888827060357757,1.2460199603618067,1.4356358790975443,1.4644010792313116,1.5887239268019013,0.8448565158571706,1.1387378033423654,1.2293858380624991,1.3768064403320004
2023-04-14,1.0928694652098914,1.3248384777813358,1.2735151051396982,1.199438824564202,0.9854941481021916,1.2402537200822183,1.4349960719317147,1.46572714209651,1.602523578706611,0.8518996373417398,1.1372129913906985,1.232468866942428,1.3500997887052957
2023-04-17,1.1109833237492817,1.3359284957734645,1.2792416114884624,1.2088216095165487,1.0002231214091915,1.241448507887705,1.4345847673251102,1.478437107018378,1.6078191060020277,0.8544771787225304,1.1385927518064738,1.2354078652522635,1.3513565723112584
2023-04-18,1.1138585393904548,1.33704123869373,1.2794738861465118,1.2150719287004652,1.012257097674596,1.240716592802746,1.4352817001307456,1.4847209680607554,1.604616627284478,0.8529803242186265,1.1390703473878556,1.232336242670891,1.355441119030637
2023-04-19,1.1035077630822316,1.3255936780631614,1.273805729632818,1.2061753304227745,1.0048396576965626,1.2298999214135704,1.4360357585761876,1.478766297599062,1.5954375920941641,0.849048711081,1.13795067977848,1.2262257829158512,1.3504139846067866
2023-04-20,1.0991949396204719,1.3206603634137943,1.2711725896894448,1.2014749232939939,0.9997192676370681,1.231854397051065,1.4359329324245365,1.47723282927424,1.6021465659070824,0.8539316422270077,1.1373651450176556,1.2327887356737892,1.355126923129146
2023-04-21,1.077918343875791,1.2964738695124791,1.2556785337929541,1.1875205481242892,0.9884075367083979,1.1987919604577841,1.436584164718327,1.4526150105794444,1.5575559755965644,0.8306836066439218,1.1334001561432303,1.208108784815161,1.3479004173948614
2023-04-24,1.0638297872340428,1.282255852666884,1.2493047263473058,1.1761864107575106,0.9783057048419651,1.1854803212621365,1.4096155244377042,1.4424925285985033,1.5408167315031205,0.8212227336654381,1.1320009768289114,1.198659724248338,1.3541843354246739
2023-04-25,1.057504312823462,1.2682379530900045,1.24065903360484,1.1702114279792122,0.9786571160863426,1.1472505584431236,1.3679942597341654,1.438170125977553,1.5177002025179651,0.8172307857295081,1.129747886818649,1.1848360358108465,1.3598398616515057
2023-04-26,1.054629097182289,1.2718751548365606,1.2435958797039823,1.176729207436073,0.9883222006791664,1.1453641866880657,1.3645741739998503,1.438156056877547,1.516163540008638,0.8110202217672954,1.1306277169881447,1.1821223397044958,1.3579546862425618
2023-04-27,1.068717653824037,1.2824496957881246,1.2533265927298376,1.1828470892973062,0.9888291818404384,1.1562666619176394,1.3684902827290766,1.4435569852677037,1.525773607217963,0.8150670237747586,1.1340208268637766,1.1881493755622374,1.3510423764097674
2023-04-28,1.073317998849914,1.2904824826738495,1.2614131802943105,1.194245657915203,0.9953067235865254,1.161163455921088,1.3890857083101926,1.4588124336598305,1.542039198535732,0.8247585248599948,1.1374083059246773,1.2052008285540987,1.3856039255737385
2023-05-04,1.077055779183439,1.2942549829620762,1.2606169483167553,1.195501769769422,0.9995753298759458,1.152747800809492,1.357927088929405,1.4834543279877803,1.5443171440914554,0.8289074021413503,1.1376075874310103,1.2091241710302385,1.3874891009826824
2023-05-05,1.0741805635422659,1.2898506410869834,1.257460991246989,1.1920397070395934,1.0023638564072925,1.13177079264476,1.3404804882151085,1.483443305911024,1.5350427539713367,0.8261709475622869,1.1383990407639897,1.2003798477813195,1.3692657386962248
2023-05-08,1.0865439907993102,1.305733707901217,1.2620099450600109,1.201254309382944,1.0107046055619238,1.1373363937841292,1.3462960217865405,1.5195727286158218,1.553501870738177,0.8421397948672671,1.139197885027412,1.233983327331571,1.3733502854156034
2023-05-09,1.0744680851063833,1.2887467118576788,1.2545428832637082,1.191690173344518,0.9999970024072486,1.1154567456038995,1.3114028203579475,1.4944220861623596,1.527681615402792,0.8239436470321406,1.1379142185640305,1.2173792498489422,1.3802625952483973
2023-05-10,1.0690051753881544,1.2843291275028264,1.2596506209859983,1.1871941568458768,0.9937639840400607,1.1181630213147575,1.3084950535722315,1.4796454517006872,1.523392848777586,0.814891372840223,1.1407481904665964,1.2028090403690481,1.3834045542633038
2023-05-11,1.0644048303622773,1.2789721626866586,1.2591453661327074,1.1799624517748397,0.9881582155262721,1.1119390475633755,1.3084950535722315,1.4730650013101576,1.520334163536656,0.8135476530975403,1.140936599793255,1.195332044772605,1.376178048529019
2023-05-12,1.0506037952846465,1.2627946048797953,1.2515884904381644,1.1696186952308298,0.9781316804263838,1.0907240467665016,1.2794173857150706,1.4589776707839432,1.502361051810277,0.8024145459166712,1.1391232791222317,1.1860557543896462,1.3768064403320002
2023-05-15,1.067855089131685,1.2849934725780896,1.2635589142349468,1.1813748429918738,0.98437235637369,1.115985633127048,1.277454620288449,1.4690645064345458,1.5005154155794465,0.8074629966351602,1.141737894517548,1.1965924019481848,1.3777490280364721
2023-05-16,1.061242093156987,1.2776148264416094,1.2589622260354454,1.170336220165542,0.9746543398251938,1.1069060892676679,1.2768395771793424,1.4583022182508123,1.4966220003392774,0.8058213583538709,1.1403003504613813,1.189192735440744,1.367380563287281
2023-05-17,1.057504312823462,1.2778875042199622,1.2616763967814826,1.1723383048338014,0.9719035154768533,1.1094548106100948,1.2766480063748664,1.4595263839831123,1.495948978831226,0.8104630998537173,1.1405782486619307,1.1948329929471213,1.3658095837798279
2023-05-18,1.0523289246693504,1.2723447839498927,1.2631661265199627,1.169067728803601,0.9721648811675894,1.1044772344856735,1.2760934593092785,1.4644041890722583,1.493429312408933,0.8151087329780974,1.1401974852613868,1.1956943267282134,1.359525665750015
2023-05-19,1.0531914893617025,1.2753888011263026,1.264011755585829,1.173419888081366,0.973839676331853,1.1157428198285195,1.2771319747230159,1.456780885750031,1.4967651065812355,0.8189926488901951,1.1411986647859578,1.1902629943359373,1.3670663673857906
2023-05-22,1.0600920069005177,1.2789917103579278,1.2665525185974353,1.1790670819398406,0.9817905650236632,1.1191837545919194,1.2790880134634535,1.457138818071818,1.4971313873119916,0.8097264523334728,1.1429573893874674,1.1884154040410362,1.363296016567903
2023-05-23,1.041403105232893,1.2614767602376336,1.2563466550320654,1.166255341345079,0.9680531661912335,1.102772184860782,1.2824152958569814,1.4365450949436405,1.5023418139344056,0.7950783260035047,1.1435643259745771,1.175090569637906,1.3708367182036783
2023-05-24,1.0258769407705584,1.2476438190840133,1.250711858022597,1.1535594720934692,0.9554591404222786,1.085573556383546,1.2812658710301263,1.4188355842617482,1.497680394619346,0.7918974628198475,1.141568225286814,1.1591152106004745,1.359525665750015
2023-05-25,1.0244393329499717,1.2442893420841974,1.2521955578018051,1.1507194528046703,0.9516504798424994,1.0821202007272452,1.279995454116234,1.4136991957456795,1.495602522056684,0.7941007202454812,1.1407908759701963,1.1582113711746345,1.3563837067351086
2023-05-26,1.0287521564117312,1.25113005530249,1.26000893293955,1.1582793317345246,0.9609091936468905,1.090080351391531,1.2790678481156141,1.4326768570806583,1.4941162891014563,0.8105906433854145,1.1413937466675192,1.1675608251586393,1.3541843354246739
2023-05-29,1.0195514663599774,1.2421384493391652,1.2548053828766381,1.153148698277618,0.9590778672958742,1.0869091204502492,1.2799954541162337,1.4309933990588108,1.494874783552087,0.8098087703832118,1.1410810178123723,1.165724970613044,1.3541843354246739
2023-05-30,1.0201265094882122,1.2380419165628742,1.2589540090980151,1.1495713143895665,0.9538545053615596,1.0835544445633634,1.2809028947690144,1.4317151367530918,1.4988422275556674,0.8117925211512023,1.1425403550258422,1.1641345867058712,1.3639244083708841
2023-05-31,1.0117883841288102,1.227802986859885,1.25618949888691,1.1440066163954707,0.9451221735135464,1.067680888908586,1.2811247135952497,1.427324125901019,1.5023385673374998,0.8100836232307419,1.1423144021734712,1.1635496557222302,1.3739786772185847
2023-06-01,1.0207015526164465,1.2363804548489454,1.2646025598343635,1.151770401648031,0.9472916731449084,1.0680712836757722,1.2828286854876927,1.436474760442347,1.5046648885021205,0.8114140688857401,1.145446344923494,1.1670624644694345,1.3827281725613951
2023-06-02,1.0284646348476139,1.2427416302270187,1.267303799378537,1.1566770117364882,0.9500257128471427,1.0765942415182022,1.2803987610730254,1.4454265146279024,1.4973131666157642,0.8136562801539889,1.1446092472697242,1.1647507869668767,1.3862252858971322
2023-06-05,1.0253018976423236,1.2366894634346577,1.2653544213397996,1.1533617983095423,0.9519562175263947,1.0723948655194186,1.2822035597046662,1.4386392339300142,1.5015915317783852,0.8140885213596626,1.1452089196361779,1.1674009883118983,1.390633764546891
2023-06-06,1.0178263369752736,1.223114004388235,1.2569918908527273,1.1449715876951414,0.9384457118386093,1.060932798502549,1.283181579074885,1.416351248639972,1.503530592541093,0.8071482443324532,1.1433106732097482,1.1606112145371645,1.3924505687269917
2023-06-07,1.010925819436458,1.2146140884963135,1.2487356881844778,1.1390560032703096,0.9413896260605834,1.0430658364984868,1.2839579449667082,1.4081113080300214,1.5013792308834628,0.8115742944960753,1.1415992243343014,1.1623562618935321,1.3833928392948878
2023-06-08,1.0204140310523293,1.220794131232026,1.2531825161619157,1.146855528519347,0.944129405027077,1.046856644437222,1.2829395949008102,1.4091495870969617,1.5031396266400623,0.8162836681474609,1.1421964150955304,1.1731841003624015,1.3913389627787727
2023-06-09,1.02357676825762,1.2216111441047655,1.2585337196145079,1.1477548856021098,0.9468745198002217,1.0495267727409676,1.2844015826191786,1.4167707678151844,1.5045452397823114,0.815974359688589,1.1445661969952996,1.1701009189246774,1.3985660498268917
2023-06-12,1.02357676825762,1.2257349562251845,1.2658584136241682,1.156535501255872,0.9449668209871154,1.0492651976430698,1.284885550967328,1.4218360919434736,1.5064920956829815,0.8095469667134659,1.1466762864545579,1.1625464684827533,1.4162454223705772
2023-06-13,1.034790109258195,1.2333706322680025,1.2725764860282298,1.1631398359914125,0.9474537887808471,1.0523654905072464,1.2863777867074557,1.4324103210504173,1.5055514296777501,0.8185767511540137,1.1493906053441028,1.163190369124656,1.422547866440685
2023-06-14,1.0368027602070162,1.2362131043598379,1.273353960930798,1.167602297019053,0.9480598734306361,1.0506851835968911,1.2872549793384767,1.435701100588227,1.5048204471952422,0.8136194958478997,1.1500995615803145,1.155796712324045,1.4227676774333526
2023-06-15,1.0549166187464065,1.2515418361917432,1.2867517494545622,1.1782239789193558,0.951881399575719,1.0758214533778143,1.2827984374659331,1.457529629347341,1.5024195535162286,0.812874844293035,1.1511325604672638,1.1619267495214263,1.4275295930965295
2023-06-16,1.0635422656699258,1.257699474395633,1.2928120391220115,1.1830928853831246,0.9572629761221142,1.0852976305888282,1.2812255403344472,1.4717318997066318,1.5016469118229954,0.8135946019745177,1.1519484341503774,1.165045920407153,1.4279629939413339
2023-06-19,1.0526164462334682,1.2488837370471857,1.2890813355025237,1.1764555679728355,0.9530946632651832,1.069939455309797,1.2808625640733353,1.4673913439842796,1.4937743637749878,0.8071610762229059,1.1506550542255205,1.1598397858531515,1.4281771964958068
2023-06-20,1.0508913168487641,1.2442596848636875,1.2891479941441308,1.1760449497211134,0.9492338538570876,1.0614099749026285,1.281709508682597,1.466595613628324,1.4902809233222614,0.8016920312095637,1.1511124617457993,1.1631017494404217,1.4300051188459186
2023-06-21,1.03105232892467,1.2170793099474486,1.2713125663526759,1.1576806618675257,0.9303715314667919,1.0530218779167524,1.2830908350096069,1.430355823265382,1.454285049878082,0.7866716108752745,1.1468842088536033,1.1550852673752552,1.4224547979364395
2023-06-26,1.0241518113858545,1.207805242945393,1.264185412383034,1.146557094484019,0.9175888632132981,1.043265795074145,1.283816787531831,1.4175241860836585,1.452802608238377,0.7791394716280011,1.1453648713544293,1.146659441842993,1.4169149856824648
2023-06-27,1.030189764232318,1.216159849062371,1.2677048446544945,1.154677151023178,0.9287098496385664,1.0548043792341246,1.283030338966088,1.4255654669427975,1.4493793693382422,0.7857213145952279,1.1457958958076253,1.152426636093221,1.4209412537572002
2023-06-28,1.0342150661299603,1.2185911483783889,1.2696618916490772,1.1587964535172453,0.9308611049342066,1.0545663016335598,1.283302571161922,1.4239781819640072,1.45009673339393,0.7874516801291406,1.1464441531250773,1.1550005764402644,1.4287121526751174
2023-06-29,1.0287521564117312,1.2150104111533095,1.2697247134823841,1.158146727138099,0.9310886492563261,1.0494773111884859,1.2834235632489597,1.4236221716470907,1.4516977265402262,0.7843841630864067,1.146509887174962,1.159120404535392,1.4346189644502647
2023-06-30,1.0379528464634853,1.2298324249646775,1.2835508189537308,1.1697351364450974,0.9433372244881243,1.0647384336374455,1.2852283618806002,1.4466086014558497,1.4545283682002002,0.7925156073898617,1.1514559361632055,1.1706319476367444,1.4483182164947854
2023-07-03,1.048016101207591,1.2406877701373824,1.2856243242171022,1.1702103616538857,0.9532918491032192,1.0790183848542287,1.285329188619798,1.4551593737610915,1.4540083011237965,0.7993778389033619,1.1520934510531493,1.176530219324686,1.4464718703472181
2023-07-04,1.048878665899943,1.244275246336297,1.286956717935814,1.1666665488072927,0.9435872335681041,1.0892675940264058,1.285147700489242,1.4599123285739535,1.454665326074464,0.7939803752906439,1.1524853981265748,1.1732985152270197,1.4455397099227891
2023-07-05,1.0408280621046584,1.2341796832609626,1.2824083693618333,1.1678481129895928,0.9450802513427371,1.0701934913768094,1.2871037392296796,1.4447927412022081,1.4561152072288712,0.7898564392852795,1.1520651711049226,1.1664959930987966,1.446729292312979
2023-07-06,1.0336400230017257,1.225302753529845,1.2751201419688412,1.1600755793465334,0.9406011980188379,1.0642667234770302,1.287123904577519,1.4372559955117792,1.4541296436003115,0.7847773051136874,1.1495869334198043,1.1590561120020233,1.436176660151147
2023-07-07,1.036802760207016,1.2304149559341027,1.2759589003692682,1.161258357909754,0.9495593046666364,1.0660697224267575,1.2875675422299893,1.441557540207288,1.4566892882095235,0.7868355263120709,1.150318561678778,1.1603726170705222,1.4335697465194952
2023-07-10,1.0399654974123065,1.2331148976480992,1.2789513808476898,1.163272973821048,0.9525453402159025,1.0680534673096589,1.287446550142952,1.4438107380632759,1.4568936799008825,0.7883591546235666,1.1512056498120153,1.1616689530094109,1.435383102104743
2023-07-11,1.0448533640023006,1.237909031349571,1.2839990568202515,1.1654047188529384,0.951798831328586,1.0751241416395696,1.2876986169909466,1.4487963674894897,1.4575934276411056,0.7910566234811354,1.153043427455475,1.1663902609341046,1.4392652687778187
2023-07-12,1.0437032777458313,1.2332904484537714,1.2844664199651867,1.169631514867691,0.9458267602300537,1.0623523659865102,1.28753729420823,1.4439841605352721,1.4606639790426363,0.78688668026062,1.1532680541663647,1.1655250790589085,1.4492355746692782
2023-07-13,1.0580793559516968,1.2507721118620307,1.2958553993230961,1.1778102379863207,0.9566511390961436,1.0734489734171309,1.2874667154907915,1.464382326546795,1.4598124704590485,0.7942342368019328,1.1568894499261642,1.1712566875862696,1.4572188815280098
2023-07-14,1.0540540540540542,1.2442301688679005,1.29071650764262,1.1763772901890226,0.9581441568707767,1.0659601264032472,1.287033160512241,1.4551086484583517,1.4589705792450822,0.7932033540235112,1.1549706652484681,1.1686833712820215,1.4540969590503834
2023-07-17,1.0480161012075908,1.2384914654066712,1.2920080304629766,1.1820148852835146,0.9547848668778521,1.0593145743170778,1.2880010972085398,1.4499237965446221,1.4517703510941609,0.7917912171924556,1.1559589829985986,1.169387105266252,1.4650876935711559
2023-07-18,1.043703277745831,1.2352264300367297,1.2946747222007262,1.191384290075499,0.9514255768849277,1.0607983520777118,1.2888883725134805,1.444471307517834,1.446785118810106,0.7908555286684638,1.1576087223655243,1.1740612644284363,1.482290229768829
2023-07-19,1.047441058079356,1.2365923729355321,1.2947842387638784,1.1957891252773196,0.9596371746454097,1.058751649958472,1.2891303566875552,1.4473363008604427,1.4502900286582547,0.7924330410185836,1.1579889882604435,1.1742530827914264,1.4853329415385956
2023-07-20,1.0373778033352503,1.224457201973448,1.2799449684014128,1.1812672453035862,0.954784866877852,1.0453688921281865,1.2895941596878653,1.4331326279830219,1.4380849196294394,0.7862556233953562,1.1532277199043393,1.1641057766957776,1.463785549743342
2023-07-21,1.0322024151811389,1.226342872237,1.2783656191688846,1.1820422930057495,0.953291849103219,1.0413811437249927,1.2901688721012927,1.433872197979505,1.4350844318532685,0.7848651207755957,1.152993750175458,1.1632651748516922,1.4658290839046801
2023-07-24,1.0465784933870041,1.2420143152471306,1.286357544787554,1.1859126866415097,0.9618767013073592,1.0458399891975179,1.2892916794702718,1.447668964420398,1.429553743851662,0.7928347532924049,1.1550590763897934,1.1624710023173297,1.4678283910129515
2023-07-25,1.0638297872340428,1.2529513007339825,1.291828963588378,1.1887673239830139,0.9715813168424744,1.0526216397691621,1.2874566328168717,1.4639197834793094,1.428032569863736,0.7998335532651701,1.1560019190068604,1.1718681301778764,1.4676029520013316
2023-07-26,1.065267395054629,1.2563726539097555,1.2938785956353165,1.19073431408281,0.9734475890607658,1.0534322139749897,1.2878397744258232,1.4650317057289421,1.4296854740942564,0.7998378503895672,1.1569239270766571,1.1747719939182297,1.4699010845875833
2023-07-27,1.0560667050028751,1.2491915635745017,1.2869330084910653,1.1891588423719226,0.974940606835399,1.0423841897357125,1.2886665536872455,1.4534634404618825,1.4285887655959943,0.7987274413712757,1.1549045017585473,1.1744917228050968,1.4665564815799186
2023-07-28,1.0983323749281195,1.2847497329039228,1.3072500874081088,1.2013601011180128,1.0021881812224525,1.0577144993508945,1.2878196090779839,1.4913763341639004,1.4266712976726,0.8173811178954049,1.1611864548800372,1.1947473851746033,1.47295737113688
2023-07-31,1.0925819436457733,1.2786315942051225,1.3095544751716814,1.204919039472582,1.0036811989970855,1.0641475543017627,1.2867508456424872,1.4936458795475456,1.4200026823294178,0.8192708585661608,1.1614023537510267,1.185451146202709,1.4780439541120043
2023-08-01,1.08654399079931,1.2746780307715189,1.3063182003714633,1.2033393595243373,1.00125039422115,1.0637794739742865,1.287678451643107,1.4883033145575786,1.4160584667684073,0.817942091910955,1.1606941407665576,1.1781891385364798,1.4749106193798391
2023-08-02,1.0784933870040252,1.2649726487920956,1.2976244138465436,1.1873902805457655,0.9974415112630394,1.0590413728254982,1.2877591130344652,1.4773203175571867,1.4139320799442423,0.8148305368867752,1.1578604740856884,1.1761328665933586,1.4570642660872066
2023-08-03,1.102645198389879,1.286221551145107,1.3087568935184932,1.1888163768210078,1.0258822200637456,1.0648979830974887,1.2882934947522136,1.4984264099893245,1.4472502020270537,0.8380643383275983,1.1616182964171566,1.2020893839214928,1.453159045701909
2023-08-04,1.0914318573893038,1.273389890389214,1.307005968994881,1.1872867208468754,1.0074020318267836,1.0609553957454771,1.2892412661006731,1.4894482967801015,1.4314105810855289,0.8229674915121651,1.161868681561176,1.1862075614741125,1.455182840340062
2023-08-07,1.083381253594019,1.261744742906881,1.3023807882252278,1.186212641480849,1.0072817543899244,1.0298355887747133,1.2893320101659511,1.4705681693104666,1.4286961179067288,0.8228692343939836,1.1602290466035647,1.1818003791643665,1.4589064491442856
2023-08-08,1.0805060379528462,1.2596630844677739,1.299027521338582,1.1854037732376268,1.002208223566371,1.0374960793215289,1.2900781280360147,1.4687725153606466,1.4204012405397994,0.8187245624526356,1.1595148215091309,1.1785523391398463,1.4573948406424575
2023-08-09,1.0805060379528462,1.2612399179829352,1.2950637826038387,1.1784041968760033,1.004609245008179,1.0489797535673089,1.2897353171227421,1.4703563784966227,1.421686959786087,0.8206860063753251,1.157784079801353,1.1794848091166223,1.4477699182425974
2023-08-10,1.0825186889016671,1.2663714484564021,1.297822622878547,1.1824287145294914,1.0108461719017716,1.0604939157332012,1.2893118448181116,1.4724137141776685,1.4262649972588202,0.8257810805544559,1.1584947959687801,1.181584231798958,1.4504900134197023
2023-08-11,1.046290971822886,1.2298245902984075,1.276332975638699,1.1755079921624738,0.976353411344549,1.0373228388819915,1.28984622653586,1.4331806077208442,1.3775982069538997,0.7976032332459366,1.1515533101566384,1.1466704859877765,1.4496174902669177
2023-08-14,1.048591144335825,1.2326644300363134,1.2815893839442791,1.1838194104670154,0.9773560792296605,1.0387011824160883,1.2870045887835706,1.442014822512139,1.3817665749975323,0.7984223333153833,1.153710831422491,1.1459976266293566,1.4615985508903664
2023-08-15,1.041403105232892,1.2239587615886935,1.2756443473359744,1.1832826503159088,0.9856961416395484,1.0227443460104388,1.298757489778798,1.4299107049734738,1.3751250164926834,0.8052355022625156,1.1533582925687944,1.1460575970084113,1.4571408882882082
2023-08-16,1.0324899367452556,1.2172745782222743,1.2681599654134377,1.1742971876640482,0.9848795488694548,1.0129597464178295,1.3001303643094642,1.4205030455101761,1.3697342841072253,0.8045684107912265,1.1510260736318654,1.1437063028038932,1.4446215065837582
2023-08-17,1.0419781483611266,1.2303621128114393,1.2706964033708539,1.168507635700154,0.9888742041838824,1.030550773647697,1.3052868726632543,1.4344301801641341,1.387038013053589,0.8078317270837386,1.1516665942869235,1.1545866711108412,1.4330854500388859
2023-08-18,1.0244393329499708,1.21111316940509,1.260236790958695,1.1692511979973406,0.9818002425884709,1.0090226704312013,1.2900294856659393,1.4053981936372297,1.356800746891962,0.8020528619977981,1.1484183470331013,1.137844504569502,1.433385520005732
2023-08-21,1.017251293847038,1.2016231980369803,1.2588122235525399,1.172306452659165,0.9678842952673207,0.9996191562889134,1.288504661427318,1.3973885583559924,1.3562942615425786,0.7906846376969844,1.1485026378494307,1.1308384523201904,1.4427679118635925
2023-08-22,1.0149511213340996,1.2006280930904711,1.2577509775574518,1.1766693370944075,0.9733427992241555,0.9987745630107269,1.287782517892564,1.3928733701701448,1.3563127592205106,0.7951438021287054,1.147891072961998,1.1323629865455782,1.447326579863359
2023-08-23,1.0048878665899939,1.1896971505528688,1.2545144709367115,1.1893054661977502,0.9705516568160573,0.9851907821255222,1.2873311781833428,1.374554209523803,1.357904506408761,0.7928636603447144,1.1465483243880745,1.1270910107627738,1.466382097632085
2023-08-24,1.005175388154111,1.1927024398911212,1.248808064763648,1.173877392557437,0.9682158742966755,0.9874964367070811,1.2873913568112392,1.3784862442749528,1.3571270752644247,0.7909555114429221,1.1445975143374556,1.1310784571772232,1.444387302304519
2023-08-25,1.0727429557216788,1.258609771225637,1.2867023429188575,1.1911071577794485,1.0414816483602225,1.0388402589281092,1.2844626635869594,1.4536165490069972,1.3536856319444537,0.8508078329490014,1.1562283140492058,1.1964182865848227,1.4466693914048254
2023-08-28,1.017826336975273,1.1993820158934951,1.256094530509045,1.1874499980738793,0.9875004668161872,0.9913838606467257,1.2852249262069773,1.3850847768271726,1.3561696077270613,0.8067094927028542,1.146260360443555,1.1433724609273885,1.4585613330244982
2023-08-29,1.0304772857964344,1.2224408609754145,1.2749497148533835,1.1995115544221444,0.9840096012013881,1.019509106182772,1.2829180788042913,1.414816348057714,1.3561080449482563,0.8038577326036537,1.1517724641567928,1.1467311312039554,1.4768379582553701
2023-08-30,1.0287521564117306,1.2174957915533773,1.2763447907907042,1.1990576655755483,0.9698026445766971,1.0232659508182662,1.2859671292843635,1.4128753242585168,1.3593637315058642,0.7922517768024304,1.1539186773516406,1.1371899700325767,1.4822440161689052
2023-08-31,1.0284646348476132,1.215979876533478,1.2741336318407457,1.1925129056541401,0.9626015953415664,1.0204305215715124,1.2857665338580428,1.4115401405197117,1.3577614354620955,0.7863690912031721,1.1528865119058866,1.1344104294891133,1.476950735282615
2023-09-01,1.0379528464634842,1.2223274951505425,1.2779323690196525,1.1992821625994599,0.9688761187747872,1.0209544184204926,1.2840113238777382,1.420578878168924,1.3581945912376352,0.7922638300002346,1.1534922767811793,1.1426737873606416,1.4811847401271665
2023-09-04,1.0437032777458304,1.2332460508913135,1.281489879346007,1.2072258248516259,0.9773938576926325,1.0277519603348044,1.2823564116105939,1.4344305723315842,1.357876501916589,0.8000545376907429,1.1539724631565103,1.1517372201208897,1.4827172077072495
2023-09-05,1.0350776308223113,1.2237479353977803,1.2778394314706265,1.2007087888130807,0.9668808778406405,1.0166973219545792,1.2825971261221785,1.4210113036063285,1.3583264402914605,0.791503438816498,1.1529772499131645,1.1426966829039658,1.4858518204322309
2023-09-06,1.0336400230017246,1.2253686513740705,1.2755934763106995,1.1991418768941111,0.968865201945228,1.0187838840629642,1.2815139108200475,1.4248532587448615,1.3576138943062834,0.792408308005427,1.1518517541340751,1.1437398821262623,1.4788726126744074
2023-09-07,1.0163887291546863,1.2057429374074726,1.2637898112406956,1.193506623575471,0.9635160221944586,1.013159099405513,1.2804507550605488,1.4040080240144495,1.3591760776558872,0.7850986869062888,1.1483153108466566,1.137477241000284,1.4791162915897722
2023-09-08,1.0149511213340996,1.2099729965393045,1.2653886052425432,1.1951863027227783,0.964396027886133,1.0140844454854026,1.280972303168982,1.4042899578411907,1.3598335829765742,0.7864988776529622,1.1491247226925103,1.139187005878453,1.483225250653767
2023-09-11,1.021851638872915,1.2200200057942232,1.2711934973408945,1.2001340060608383,0.9702018210120057,1.0270253310243371,1.280972303168982,1.4175793348514465,1.3605533890196144,0.7913433442267931,1.1510961466339398,1.1449521602996395,1.484992020266516
2023-09-12,1.0209890741805634,1.2171773076502237,1.267660404887298,1.1959017109480325,0.9678751979400345,1.0254450147450602,1.2815841192192596,1.4176397552972648,1.3613677261169055,0.7888046150002291,1.1505678717444852,1.1424493781859493,1.477536739989407
2023-09-13,1.0138010350776305,1.2089887986605374,1.2630002668232512,1.1966172913110376,0.9665594402329204,1.0159341028698072,1.282205965040853,1.408208023873522,1.3636269066041184,0.7863068388156321,1.1498746179990817,1.1409927186040625,1.482208138709929
2023-09-14,1.0152386428982172,1.2117836422709412,1.2684821390766408,1.2079647567383436,0.9774107130450068,1.018094600076954,1.283208942172456,1.4136813105501256,1.3706451820396348,0.7900864442664501,1.153509152755579,1.1494791516870575,1.500172060217571
2023-09-15,1.005750431282346,1.2069717483727072,1.2562863686212775,1.1920151287925653,0.9696684998067813,1.0262866851322037,1.2820555184711129,1.4075363483335155,1.3617114560818278,0.7794137907631145,1.1474249721436116,1.132192818632089,1.4744057372351105
2023-09-18,1.0109258194364574,1.2124809759816442,1.259486174162119,1.1948849645460997,0.9717284073697817,1.0226184587559353,1.2814236428782033,1.4120761607695484,1.3604327241359664,0.783236951447207,1.147843961152123,1.1347701524646066,1.475271956599757
2023-09-19,1.007763082231167,1.207043856763411,1.2563877839118367,1.1962847173715117,0.9762555701870737,1.0118098203163362,1.280982332940298,1.408343695142471,1.3635238371559786,0.7825755181112832,1.1475223938394699,1.137376751580254,1.476681098794135
2023-09-20,1.00316273720529,1.1996777101508365,1.2498634185935438,1.1916314762602584,0.9759312229603723,1.0018568457189034,1.2804607848318648,1.4006183195436899,1.3649238478503647,0.7809191252380052,1.145798984463134,1.137819350115527,1.4662211862878816
2023-09-21,0.993674525589419,1.1882943368312857,1.2404567491518543,1.1780106111891313,0.9685629538610697,0.9960746102927538,1.2814336726495192,1.3895633251126278,1.3650258603249916,0.7714805444547285,1.1433996180295163,1.1266797058509488,1.4491959564869787
2023-09-22,1.0138010350776305,1.2087693216945081,1.2521216635266923,1.1893922525766705,0.9838228705910821,1.0170510291979076,1.2804708146031807,1.41238307882448,1.3614510691333297,0.7875773708380202,1.1458150273767462,1.137212934846828,1.4472824415663157
2023-09-25,1.0080506037952843,1.20435366423914,1.2510320391394494,1.1857469095561581,0.9763230283920118,1.005553651128433,1.2797386412971106,1.4070152114525203,1.3631478213801826,0.7801899384474712,1.145562412677879,1.1364504237955633,1.4515834456887768
2023-09-26,1.0025876940770555,1.1973579257547236,1.2441288069557304,1.1790487923024473,0.9746488784507693,0.9958654215714843,1.278725634394192,1.4013853163277312,1.3610531620347701,0.7778554722233899,1.1427300087103003,1.131010947378047,1.4385960856589592
2023-09-27,1.0077630822311672,1.2059127421177844,1.2456927591946754,1.1769353736735537,0.9740151791002342,0.9996625897287575,1.2792170931886775,1.406763739900984,1.3522959527705412,0.7786863118138657,1.1412471116738996,1.1222095434348442,1.4322974956941161
2023-09-28,0.9997124784358826,1.2004707586657433,1.2433101514909117,1.1701051594891672,0.9672503930710574,1.0030300086307864,1.2815339703626796,1.404376682868487,1.348283688017369,0.7700164295403256,1.1402911503405504,1.1099182304212225,1.4301022228842661
2023-10-09,1.0023001725129386,1.2036851231523837,1.2453546933066153,1.1728872855541792,0.9659593100281828,1.005347076584253,1.2822661436687497,1.4023634470650324,1.3488229044125204,0.7707674044662645,1.1411882102864617,1.1082903503499384,1.4399451846493678
2023-10-10,0.9962622196664749,1.1977214253126383,1.2416136924543222,1.168471979192537,0.9607519518056987,0.9980911843266057,1.2813032856224111,1.394984364938429,1.3436995898847488,0.7625635591102177,1.1384968781535925,1.1043392261062666,1.4399951236681678
2023-10-11,1.0034502587694076,1.204895736888419,1.2484634969299286,1.1753570797742532,0.9658667447296193,0.9910379772625441,1.2787858130220882,1.4001547263130705,1.3433335643840552,0.7605931835723971,1.1398780293901827,1.1142170367154456,1.4508806023026157
2023-10-12,0.9976998274870615,1.1993002557844652,1.2448750588219542,1.1694765046349196,0.9610000716793652,0.9916900214873171,1.2791368550181492,1.3966550362257373,1.3451601498227017,0.757406329228991,1.1391290292270573,1.110265912471774,1.4475178354892255
2023-10-13,0.9936745255894192,1.1986011351288457,1.245700592269541,1.1690451731369962,0.9629142344689696,0.9886434493162574,1.2806914695721334,1.3976909508052087,1.3549552944244179,0.7607964360055268,1.1418966551929148,1.1142170367154456,1.4509874039071085
2023-10-16,0.9833237492811961,1.1878691503728134,1.2391091748412606,1.171344350826758,0.9656507839219751,0.9760666346791541,1.2800295046652757,1.3933895052488547,1.3541927874918325,0.7657730775995039,1.1391255818257018,1.1056001651648957,1.458681424348775
2023-10-17,0.9830362277170789,1.1867698686279835,1.2385112837918806,1.1713135215691997,0.9674652338231419,0.9757256626140935,1.2796784626692146,1.3922378405449793,1.3561111470453076,0.7679605152132979,1.139186921539816,1.1017568273949134,1.458472163531883
2023-10-18,0.9718228867165037,1.1718194956691268,1.2301409928030287,1.1664178085456964,0.9626803923351279,0.9666218411835957,1.2789663489057768,1.378652510913163,1.3600128572804964,0.7613719503486084,1.1366850235393822,1.0911398421167262,1.4554140333868637
2023-10-19,0.949683726279471,1.1551881464999536,1.219235921450513,1.149802951372215,0.9477644087773297,0.9431570464520542,1.2770707221270479,1.3527602404772823,1.3623688494427066,0.7536200489527112,1.1325609595770332,1.0685260925039484,1.4448346377896482
2023-10-20,0.9453709028177112,1.1462136765921667,1.2128700899980143,1.1446568106961899,0.9461026488560873,0.9369177269574624,1.278695545080244,1.3458903752350955,1.3617126824218868,0.7502533722983488,1.130738888889242,1.0578760267729967,1.4329584705896703
2023-10-23,0.9410580793559516,1.1369247318810554,1.2056557969208261,1.1430949793291452,0.9391099107375788,0.9419095584082247,1.279016497762357,1.3348066288596117,1.3623094967320024,0.7428993565765312,1.128205400149704,1.0585720489344825,1.4349395563217748
2023-10-24,0.9511213341000574,1.156102969936596,1.2151593298512273,1.1557786042330511,0.9541537489090333,0.9561867862330323,1.2787055748515601,1.3460500461004,1.361541569194618,0.7602800173510228,1.1314595368577027,1.0617842231596484,1.4390553837682565
2023-10-25,0.9416331224841861,1.1467921508403893,1.2015350377961949,1.1428163863375895,0.9441920768540565,0.941497079775011,1.2802601894055443,1.3378536257008176,1.3641309878320054,0.7544478267575578,1.1278002777705878,1.0514484708096152,1.4170794408870524
2023-10-26,0.947096032202415,1.1524439792732568,1.2050102137878376,1.147582528233108,0.951097271947116,0.9504573889670904,1.2818047741882126,1.3472886244725568,1.365818681538689,0.7511869596954949,1.1299438181779933,1.057519325194913,1.4140173139353853
2023-10-27,0.9608970672800458,1.1736396572131018,1.221066799135353,1.1529547569547254,0.9527226597739485,0.9843716318435133,1.281172898595303,1.3598080231721514,1.3693644916783756,0.7524707086620595,1.136245800118118,1.080558961909399,1.4200209381818503
2023-10-30,0.967510063254744,1.1862406021580205,1.2301632176096011,1.1508275220360058,0.9426478717001985,0.9739427645627039,1.2827174833779713,1.3558535548003037,1.3689247517005099,0.7468374453162187,1.1399362177282557,1.0812596267593468,1.421972401460202
2023-10-31,0.9775733179988498,1.1969387838220926,1.2330706368104536,1.1633367465723998,0.948503064741724,0.9819249093953285,1.284211919304059,1.3630620108864795,1.3681732336608532,0.7531076441068525,1.141379295176459,1.0834294568434635,1.4242582122823353
2023-11-01,0.968372627947096,1.1871005192308568,1.2353547626489023,1.162518032672576,0.9431145132079573,0.977903051999657,1.2836703116529937,1.3565588354536298,1.3696447545091623,0.7481427810942414,1.1419711442512068,1.0815405433407748,1.4466568913673787
2023-11-02,0.9634847613571018,1.1798946729454247,1.232080711234983,1.1629477363226628,0.9377904213357876,0.9785707436733189,1.284522842214856,1.3549796237124552,1.36921354583018,0.7480948321093094,1.1409661159688467,1.0828561111063044,1.4582986014047885
2023-11-03,0.9761357101782633,1.1971087329216052,1.2432338723201286,1.176638341241394,0.9581852853457942,0.9908194852963442,1.2845128124435399,1.3618704624386646,1.3693844612538015,0.7531446256728129,1.1449880901198948,1.0864899372847687,1.4649846305724883
2023-11-06,0.9810235767682575,1.2011734250730701,1.2496374399693588,1.174874502960461,0.9596177125521492,0.9886179290184528,1.284161770447479,1.363068682178098,1.366090648255947,0.7502477556916303,1.146524224035559,1.088078795933815,1.461606883834408
2023-11-07,0.9784358826912019,1.2006782012397044,1.249951802281633,1.1765996220542783,0.9631702013721692,0.9907695870974694,1.2846632590132805,1.3631403553214112,1.3653886598479734,0.7501551389536983,1.1466866594993936,1.0859099637728467,1.4663424483474694
2023-11-08,0.9749856239217942,1.2008249420744994,1.2486638488772708,1.1741169693938085,0.9613446926505651,0.9863148544251953,1.2850945391798694,1.3604588322382147,1.3632846967751755,0.75468526927579,1.1460053788490223,1.0850173672572454,1.4642111263583135
2023-11-09,0.9741230592294422,1.1975451348360295,1.2458796681364237,1.1707748879633342,0.9558384094607684,0.9871136801416168,1.2847234376411767,1.3621453765828517,1.3638209571528443,0.7595967420470643,1.145004304079864,1.0802356255626993,1.461594825246279
2023-11-10,0.9715353651523864,1.202200364530915,1.2494367696453526,1.1763197657858906,0.962569769446783,0.9884445351692491,1.2847535269551245,1.3601555705435366,1.3620421001241088,0.7711561816528765,1.1458324739579855,1.0811481447752729,1.4750218774682655
2023-11-13,0.9700977573317998,1.199610910845064,1.250723727348486,1.1734550850359675,0.959584538119523,0.9793460547985484,1.2863282010517407,1.359434989559048,1.3656498914940896,0.7644627701822359,1.1474977210314012,1.0763181006626283,1.477956919895242
2023-11-14,0.9775733179988498,1.2119262843765164,1.2628213069924914,1.1896292546047977,0.9740212259018949,0.98772841096357,1.2862379331098965,1.3686335275916786,1.3667533645109406,0.7673541792695873,1.1518486719402465,1.0845750504505884,1.5007011033134943
2023-11-15,0.9746981023576768,1.2052728916628395,1.2582004121383568,1.1838793553201434,0.9649375277541732,0.9870361792622878,1.286017278140944,1.3665270700702012,1.3668588139002769,0.7621926040727066,1.1502106096878815,1.077636236124759,1.496405892142347
2023-11-16,0.9631972397929844,1.1930034857962617,1.2497674036013846,1.178323846572618,0.9572067644589751,0.9769325957741315,1.2869801361872826,1.356817318702805,1.3686528645795033,0.7575252795211959,1.1478686311745883,1.0692556222229883,1.4994444509987155
2023-11-17,0.9652098907418057,1.198427863177777,1.2508705710792465,1.1773018630039986,0.9616297083705042,0.9754285207344691,1.287381327039924,1.3582947327512427,1.366171163678803,0.7640350684174418,1.148044067555449,1.0742983321179742,1.4902333567163177
2023-11-20,0.9703852788959172,1.2048360703540733,1.2544361751215576,1.1782013078641942,0.9602575266244818,0.981618273429621,1.2860674269975243,1.36599100376568,1.3624009085108455,0.764018826974911,1.1482119124970376,1.077366527391621,1.4883504918829717
2023-11-21,0.9663599769982748,1.1993504842365672,1.2472458633775403,1.1741158564402638,0.9522016886137615,0.9848811429896578,1.2857765636293594,1.362524858750888,1.3628187539062508,0.7634238366830821,1.1456958014565635,1.072618664958016,1.4837623609054864
2023-11-22,0.957159286946521,1.1891005184672123,1.2406277502775502,1.170699112110028,0.9462569688959861,0.9759721837502204,1.28441251473038,1.3538585145883237,1.359546892727406,0.7578422324261782,1.1422162841103431,1.0623617568236672,1.4872789756678602
2023-11-23,0.9620471535365152,1.1966872990829067,1.2445115214932274,1.1732728315808683,0.9509276560286769,0.9802030927389479,1.2830885849166642,1.3622471078428489,1.3582032225994751,0.7673195266653072,1.1429493345555095,1.0687156328380938,1.4864099873240453
2023-11-24,0.9557216791259343,1.189916996533479,1.238653020785511,1.1683388147469465,0.9411537535881537,0.9788870175786781,1.2831086444592963,1.3559428993151423,1.361572793867216,0.7754570443767407,1.141429008459014,1.0665216058523717,1.4879198699108054
2023-11-27,0.9473835537665324,1.1862280247662504,1.237196354289687,1.1675260975161368,0.9444962303402111,0.9793421936514303,1.283409537598777,1.3495499211166828,1.3637796097576331,0.7761154036164803,1.1413239119576457,1.064914877821469,1.4908665311844278
2023-11-28,0.9505462909718227,1.1905229089739655,1.2426083749965904,1.1682809937365972,0.9449964583361946,0.9822043151236765,1.2832691208003528,1.3506884530436798,1.3678985961915098,0.7842767414079375,1.1438546526056605,1.0770958206016832,1.496534385163612
2023-11-29,0.9413456009200689,1.184374599207785,1.237699389638456,1.1637823037455788,0.9388465555099677,0.9750201123330412,1.2829080490329758,1.3397894675907394,1.3672723343823219,0.7828618177305838,1.141825757419521,1.0714779396981113,1.4965325073364144
2023-11-30,0.9433582518688901,1.185860583164027,1.2361112932735026,1.1650896877123889,0.9403639906887541,0.9756418072110871,1.2842219490753752,1.3419528732045534,1.3676278132495854,0.7852629834551157,1.141829910361678,1.0716920647527028,1.493297376085882
2023-12-01,0.9404830362277171,1.186875597096584,1.2410736703267435,1.16814167832555,0.9430780670909343,0.9801315284043054,1.2847134078698605,1.3447984041510332,1.375057323889198,0.7874312961925775,1.1446570422863496,1.0799456152876856,1.5047849502874568
2023-12-04,0.9312823461759632,1.1747022718011737,1.2300377459293552,1.1590184583531096,0.9407984048058381,0.9677876725406936,1.28378063913747,1.3387760611479302,1.3665817958990223,0.775619723457351,1.139150939106926,1.0639176238050747,1.4906461616447708
2023-12-05,0.9125934445083382,1.1544113636792819,1.2204685625349994,1.1506152234185296,0.9280064455743655,0.9491197407577391,1.2836201627964134,1.3170970518231528,1.366014646732083,0.7615090672318382,1.1352830916763577,1.0518489674192297,1.4968311499549334
2023-12-06,0.9146060954571594,1.1571814579957538,1.2212564209088435,1.1487525557581217,0.9258277066361636,0.9547123789930864,1.283439626912725,1.3175588412292183,1.3667759070117094,0.763734578630065,1.135576228174261,1.0552926004887198,1.4911172712750544
2023-12-07,0.9128809660724555,1.1534826922165515,1.2243016073008806,1.1523645911979679,0.9283135891906363,0.9523353909537249,1.2851045689511855,1.3182174486313487,1.3681064712064162,0.755682166754544,1.1374934674801649,1.0495139154177227,1.4994675350244269
2023-12-08,0.908568142610696,1.1497835750806318,1.2231806529193032,1.1489897791163453,0.9229447156255328,0.9460939728725767,1.2853653430054024,1.31378404200075,1.3648104310560971,0.7574390402199824,1.136669068135518,1.0452613393446855,1.5028843023711234
2023-12-11,0.9189189189189192,1.1641271002591023,1.233771177105332,1.1561152482902657,0.9331294761378502,0.9574104400471668,1.3012227892800423,1.3281857554456338,1.3654193649364643,0.7736085227648541,1.141316176972972,1.0599187282846207,1.510934267085089
2023-12-12,0.9206440483036231,1.1661559303843771,1.2346941342158642,1.162283843821005,0.9375813447460016,0.9541662091121039,1.2874289081215966,1.3340034069655478,1.364562404545466,0.7716876534959638,1.141689184397649,1.0590082555607787,1.517427120393117
2023-12-13,0.9117308798159864,1.1566358186566086,1.2348852759315134,1.1609457852928364,0.9321991907458518,0.9543868115768148,1.2904942150456957,1.3248502915061267,1.370975731734813,0.769311681408012,1.143124423469843,1.0591899145602688,1.5358499288384375
2023-12-14,0.905692926969523,1.1503512648755339,1.2293363342417294,1.154546454304838,0.9303170071192275,0.9506023206431731,1.2920268685077452,1.321140795393503,1.3702137287358807,0.7698073588638755,1.140512492706747,1.0592972184684426,1.5297684808021654
2023-12-15,0.896492236917769,1.1368890811360546,1.2213140282984583,1.1506175957941445,0.9234586960494353,0.932295516434409,1.2567758388806063,1.30683859051915,1.3696549837945444,0.7563121913528421,1.137812800578592,1.0455012834842456,1.5312031487515085
2023-12-18,0.8962047153536519,1.1331255394938902,1.2196503502135851,1.1535359499392148,0.9232686902132745,0.9271036796676769,1.2552210307590965,1.3048856837994074,1.3711947029181721,0.7556043340703319,1.1378593819087386,1.0479200744159702,1.5390357148033194
2023-12-19,0.8982173663024731,1.1325286824475223,1.222789351355926,1.1554452616731012,0.9224784743907078,0.930129877144204,1.255045286926909,1.3054265753248238,1.3721371704609757,0.7543486115912325,1.1390345489750693,1.043945166558104,1.5447493076807435
2023-12-20,0.8841288096607248,1.1148548422222324,1.209652364337852,1.1419220605469573,0.9105708714058961,0.9131697592484325,1.2541568042197397,1.2917393430682929,1.371367642574669,0.7464060137879759,1.1335422430842073,1.0452991847687754,1.533344030257171
2023-12-21,0.8962047153536519,1.1263101249312284,1.219698676806636,1.1502175090736821,0.9124101568128058,0.9304681871853389,1.2555041735998425,1.2990191001287272,1.3751745112857052,0.7520073089488222,1.1383734281225844,1.0488252211918259,1.5428905179986308
2023-12-22,0.8985048878665903,1.1241211706146341,1.2205756587073646,1.1490246672183526,0.9103053661942344,0.9293942358382545,1.25683201588748,1.2978583591269628,1.3766385027695778,0.7478396125209436,1.1394571683685597,1.0542930836257842,1.5457958638645568
2023-12-25,0.9008050603795286,1.1281067003325598,1.221522674064054,1.1506795870546602,0.9090604418054956,0.9252311478609263,1.2574471193001353,1.2983005151261036,1.3777343775646,0.7522190648927668,1.1402060216152283,1.0624113730887306,1.546896755245146
2023-12-26,0.8959171937895345,1.1171419204712179,1.2188176104652513,1.1483387463876646,0.9028876596843349,0.9156238271906093,1.258999523151123,1.290939301340025,1.3799944050017083,0.7397072281452172,1.1400787518627389,1.052628028298475,1.55389448288136
2023-12-27,0.8973548016101209,1.1209984693349022,1.2215623659203498,1.1518380810486553,0.90618549003878,0.9181001993993119,1.2601711486990381,1.2946662905579625,1.383653350220991,0.7456299670657616,1.142060977179013,1.0620283631780558,1.559267592029945
2023-12-28,0.9223691776883269,1.1406624682793376,1.2361163758913896,1.1589300876272615,0.9139319746943086,0.9396904778879708,1.2609815230363461,1.3108306563891428,1.3804630958569502,0.7476824439987713,1.1475965102358923,1.0453936574688125,1.548079315439054
2023-12-29,0.9263944795859692,1.1478452026521766,1.2405003635710685,1.159407060039042,0.9166830613180703,0.9474435460837396,1.2619774047520742,1.3178182291167608,1.3816727297265714,0.755279619033195,1.149805620511742,1.0508882534049662,1.5471398616574608
2024-01-02,0.9102932719953999,1.1386631524130317,1.2285731699948588,1.1637995356047963,0.9395219844927573,0.9603547888554937,1.2605226363634126,1.3128641772237841,1.381896923634271,0.7830117925589669,1.1448615306376089,1.072719630259087,1.5405934400188108
2024-01-03,0.9091431857389307,1.1377835803497502,1.2235005034855175,1.1664384125187732,0.9536502442614261,0.9724496732689231,1.2604250009010867,1.320187900236216,1.3802199706173721,0.7942882900215624,1.1429488531352225,1.0783713183663073,1.5309799629798593
2024-01-04,0.8982173663024731,1.1265226386494505,1.2157677779393097,1.1680800542090883,0.9623513873459766,0.9783647864882287,1.2615282816253734,1.3155942605299196,1.382761197587361,0.8020408820270967,1.1408977973506922,1.0858418723555365,1.5311316885426363
2024-01-05,0.8939045428407135,1.1135553982930975,1.2091236192479449,1.1664862604373252,0.9625008483195883,0.981583882424534,1.2627584884506846,1.3134017250108703,1.3840612506834487,0.7992217576614479,1.1391936384519694,1.084399665242534,1.532002764548218
2024-01-08,0.8829787234042559,1.0976413077738958,1.2030460812256725,1.1658425459329118,0.9530641468941101,0.964126602497208,1.262543690433567,1.2970709858522917,1.3828279043997633,0.7914691656559136,1.1366439836415674,1.0755863285893565,1.5467599845820719
2024-01-09,0.8826912018401385,1.0957303518573875,1.203511262569417,1.1699319731630182,0.9616302954980448,0.9579652972907521,1.2630025771065003,1.2991650289938501,1.3828229461040007,0.8020408820270967,1.1370660516383229,1.0817229023884671,1.552529832215973
2024-01-10,0.8801035077630828,1.0930853806274217,1.2031332893924602,1.1685460599967399,0.9550323573959922,0.9570582876311731,1.2626022717109626,1.2953497258486482,1.3811770689215315,0.792878727838738,1.1365762385630582,1.0756110635592873,1.5571635757262798
2024-01-11,0.882978723404256,1.098168800931696,1.209210151082669,1.1644069113402573,0.9436565674676243,0.9677916796637482,1.2632954834934793,1.2969702602607343,1.3821551606664193,0.7816022303761425,1.1390835101636338,1.067456716494151,1.554846529360554
2024-01-12,0.8769407705577924,1.0904170278224263,1.2062118803295214,1.1649625825233973,0.9454222255560003,0.9539147809267585,1.2624948727024037,1.296534970913216,1.383956379151754,0.7830117925589669,1.1378619532502958,1.0708600861344975,1.5604245747586414
2024-01-15,0.8798159861989656,1.090418448547772,1.2056168658164887,1.1681344495563377,0.9515742685219262,0.9492810555220178,1.2616552077263978,1.3009880828747817,1.3842022611329552,0.786535698016028,1.1374179232901986,1.0762709509177937,1.5615398010127572
2024-01-16,0.8847038527889599,1.0916913687232184,1.207019465650533,1.1707053451404164,0.952973673240864,0.9500648438017912,1.2610010501288116,1.3075385163228734,1.3825448904529676,0.7858309169246156,1.137474986581946,1.0763283152953205,1.561370977143277
2024-01-17,0.8645773433007482,1.0639696102943246,1.1879775809188042,1.1554942804355999,0.936041208629772,0.9225992341833184,1.2624753456099387,1.2836479066337287,1.3803838893271703,0.7696209518221349,1.1309391315675676,1.0607307859409765,1.5501979083803752
2024-01-18,0.8734905117883848,1.0719827425077122,1.1973032305377902,1.160693030305649,0.9304620506542648,0.93610721279856,1.2627194342657544,1.2837779711158661,1.3816454023415143,0.7682113896393105,1.1344653888826697,1.0574334699289878,1.565391505638818
2024-01-19,0.8780908568142617,1.0688911385472448,1.2014207379969464,1.1640568797337756,0.9196790121191757,0.927887045172238,1.2640570400996243,1.2824303263064196,1.3835639876625268,0.7555253299938905,1.136924287555852,1.050024110143554,1.5890174756059146
2024-01-22,0.8591144335825194,1.0347520517728845,1.1818822910857285,1.150379418048407,0.8969779270549245,0.8831212418051985,1.2190792492996614,1.2519951319637286,1.3819580274921692,0.730153210703051,1.1295452749043502,1.031012407117001,1.5897344834419687
2024-01-23,0.8706152961472117,1.050420329584004,1.1931589925113952,1.1609990555292575,0.9058557653450351,0.9021325494870535,1.2461437500080517,1.2647148272425,1.3816447533305318,0.7463631758055318,1.133257542603955,1.0383357455114797,1.5938405001753808
2024-01-24,0.8795284646348484,1.059704877105946,1.1958131365001996,1.1769850594185682,0.9301554165930043,0.9170090721515792,1.2814452726711696,1.2847384175555543,1.379981840093653,0.7675066085478982,1.1346379589040496,1.055185357066913,1.5942104665996115
2024-01-25,0.8962047153536523,1.0826900492817433,1.2067666647006512,1.1885949058834404,0.9572552715736207,0.951563470123414,1.3214536650227027,1.3130683577882103,1.382807567410929,0.7914691656559134,1.1399749882533659,1.0769019497141712,1.5880007969382717
2024-01-26,0.8970672800460042,1.076652082376642,1.2028750235243806,1.1950343319320043,0.9728432939005514,0.9506756463799845,1.3402811437763655,1.3232961988265286,1.3841607790903394,0.8027456631185088,1.1389928292165947,1.0896022811157529,1.5855727581117312
2024-01-29,0.8826912018401387,1.055316617366849,1.190727662198259,1.1955468915921839,0.9684528005977519,0.9156672110590773,1.340091675890927,1.3096731929927818,1.3864094864002536,0.7964026332957989,1.1360146715173733,1.0861482749710671,1.6030119177583668
2024-01-30,0.8688901667625079,1.0345318581284433,1.1784957090469912,1.1868926069828019,0.9590149322733424,0.8903937331065055,1.342711903483773,1.291244031667675,1.3894720900559534,0.7886500412902646,1.132712237251939,1.0783986433079515,1.5957528089917812
2024-01-31,0.8594019551466365,1.0155058196515514,1.1649741683100905,1.1808342298585273,0.9614043174407686,0.8616308100455851,1.3411645249840605,1.278455157944933,1.3881720710607992,0.7928787278387379,1.1266489196567502,1.0797071723223262,1.5836151334166022
2024-02-01,0.8645773433007481,1.0184934641973384,1.1738134624541818,1.18163410313856,0.9502213357835129,0.8764594256388657,1.3405765211541698,1.2724628547108272,1.38944694050025,0.7830217199975457,1.128079508147859,1.0724088911183718,1.60418104167869
2024-02-02,0.8473260494537096,0.9890667752680428,1.1590004477128688,1.1838302380163985,0.9456320138899188,0.8306381252425167,1.3432483280303398,1.2649513993568375,1.3903145207079388,0.77923992875858,1.1257693910436632,1.06913735582239,1.6178917441385894
2024-02-05,0.8550891316848771,0.9812673285951816,1.1548140482622,1.18217310152787,0.9475148554753036,0.8109233387315964,1.344231908773269,1.2717226551188743,1.3873801615161978,0.7807914681748731,1.1234769713568742,1.071514860483748,1.610140891117051
2024-02-06,0.8910293271995408,1.0396600235623328,1.1986087700132344,1.1918240318683542,0.9628026623924665,0.8916737710247213,1.352778342344035,1.3018597067595548,1.3867831617054551,0.7933892539922129,1.1344500584116972,1.0845534731125919,1.6104513337714301
2024-02-07,0.9031052328924677,1.073067255030887,1.225320854043985,1.207670684599679,0.981018328239161,0.9450873986503674,1.3918477529532487,1.3124686343239027,1.3890095372893765,0.8083997167813045,1.1426561213510646,1.095228718051766,1.6228080874693822
2024-02-08,0.9094307073030484,1.0852374454829188,1.2298540540662841,1.2106212223805537,0.9829338107552806,0.954118887868354,1.3979523483609386,1.31641945088167,1.386919689789881,0.8099781536758629,1.1429729310800862,1.096492767632302,1.6275690547551243
2024-02-19,0.9120184013801043,1.0852471520053497,1.2244259038628584,1.2308169972544138,1.0149170064286115,0.9606898177983144,1.395468272984514,1.3369124014426965,1.3877642190402812,0.836333631019991,1.1437876644639482,1.1213468320315012,1.628913121888772
2024-02-20,0.9134560092006906,1.0856625009549286,1.221939761893571,1.2302795825075317,1.0207042287055859,0.9646339146588153,1.3965843213733724,1.3446353589265148,1.3888100285568497,0.8411025417681255,1.1437184486890517,1.1265064370894746,1.6182023207000786
2024-02-21,0.9304197814836118,1.1006317724678012,1.2315343319734318,1.2349349380203534,1.0230709993304257,0.9808642286029546,1.396938452112145,1.3631443337142564,1.3882497873357713,0.8430528587476676,1.146907475782797,1.1339176181910353,1.6266965901083317
2024-02-22,0.9384703852788965,1.1173539795237801,1.240983698424571,1.2607118319537642,1.0537668343599147,0.9914040845714441,1.399031042841255,1.3786756415032808,1.3897054900127164,0.868347497624338,1.151117537042304,1.155099356913953,1.6457981326469588
2024-02-23,0.938757906843014,1.1166764259121769,1.2388550181789169,1.2537411112116088,1.0440321281532883,0.9919198346366498,1.3992349362969119,1.3776693049845745,1.390566232198145,0.8603256966917182,1.1508814541238694,1.149485499064882,1.6428021531061254
2024-02-26,0.9269695227142044,1.1059539910471572,1.2342387604060587,1.2359304689718857,1.0177301619207406,0.9885892531487257,1.399792960491341,1.346914416255324,1.39095442913847,0.8386517876105828,1.1484012280215865,1.1262950552346496,1.6375134560227187
2024-02-27,0.9419206440483043,1.1299773998226386,1.2499712870057749,1.2426720525182426,1.026442381378406,1.0180235424716577,1.3995139483941264,1.359382311760468,1.3907603538813778,0.8458310171309475,1.1522801267635834,1.1328594479013485,1.641359784357416
2024-02-28,0.928407130534791,1.1013380153355654,1.2330501590184724,1.238022593496667,1.017718954472076,0.985912758272686,1.400114897526589,1.347140732563149,1.3914477403276964,0.838642552208893,1.148281693061979,1.126057093872358,1.6430269110925204
2024-02-29,0.9459459459459467,1.1315270505528052,1.2545138646743863,1.2457181609905033,1.0253703568535473,1.0198078812402942,1.4003187909822459,1.3609050051421858,1.3923975196284597,0.8449476245404808,1.1538630529724738,1.1327434755182897,1.6511004870953667
2024-03-01,0.9531339850488795,1.139039016390938,1.2661025953942424,1.2568184592255096,1.0314035774873456,1.0250032443410992,1.399320786172978,1.3653377767610857,1.397709991972903,0.8488847885814258,1.157300783761056,1.1403910197935194,1.67081063354595
2024-03-04,0.9499712478435891,1.1396130927133648,1.2648377000879958,1.2645248068853427,1.0437675887781313,1.0227296802513046,1.399535410863143,1.3641183378745498,1.4028286402888632,0.8552931915995502,1.1583342445419806,1.1465200035195684,1.6712712826497838
2024-03-05,0.9603220241518123,1.1436404153466884,1.266291302261805,1.2662379189636226,1.0499662208189882,1.035649159145193,1.4007480403625756,1.380758171423039,1.4056156282775583,0.8637743514382265,1.1602261893236097,1.1568734922267667,1.6658743905985773
2024-03-06,0.9574468085106392,1.138812209293012,1.2701855741051522,1.2706374103049232,1.0503478123224412,1.0330410063896156,1.4041283792326762,1.377116719848324,1.411852312598843,0.8605784806333622,1.1637904913874255,1.1563015828692982,1.6768449817577658
2024-03-07,0.9528464634847623,1.12773430511706,1.2665199842671773,1.281175165535324,1.0594829952573441,1.0383189619400308,1.40293721220226,1.380739441600941,1.4142464916021062,0.8676417155686771,1.1638381071272137,1.162538178118317,1.6900740681183164
2024-03-08,0.9545715928694662,1.1325298021392218,1.2691142351900935,1.2782917857119598,1.0582422139328236,1.0397414231546196,1.4013489894950382,1.382783073211365,1.4154707883357085,0.8658468130516573,1.163655104824742,1.1629468102923222,1.6844460727016335
2024-03-11,0.9695227142035662,1.1482875314279788,1.2865071196391793,1.2671160762139029,1.0394722889481245,1.062854726368007,1.4004046408583115,1.3806144198709576,1.4138521353636262,0.8522482902999625,1.1655632641730582,1.1549020009110555,1.684869724720129
2024-03-12,0.9700977573318009,1.1485938871475283,1.2872591482962055,1.2507964669410296,1.009896804895175,1.083786329145428,1.3989129992616642,1.3604439919703775,1.40933617118492,0.8325452300984493,1.1628987175317065,1.1353588378649848,1.6894083216128013
2024-03-13,0.9629097182288683,1.148740005347012,1.2830991074880471,1.2456473053417811,1.0051762950983367,1.0964692207927127,1.3993851735800271,1.352188388975714,1.4127133916092165,0.8257629237908383,1.1628531345169186,1.1306946221754217,1.6833954423837965
2024-03-14,0.9577343300747566,1.138213609181396,1.2771457036878038,1.2469374401158828,1.011321521543104,1.0742891570868753,1.3992349362969119,1.3551967447278732,1.4111356474239292,0.8308712285130038,1.16155767188498,1.1334755541380694,1.6765909020101766
2024-03-15,0.9631972397929855,1.1451373104521088,1.283627056435464,1.2404504744978762,1.004052528000406,1.0850233546499737,1.399717841849783,1.3572261098435745,1.411476556341812,0.8246211735285192,1.1628141587164764,1.1304796151241285,1.671197278756416
2024-03-18,0.9703852788959182,1.1534916012332972,1.2907298939664025,1.2386228684595053,0.9998292826437029,1.0778554737822317,1.3873852023794917,1.358391679684152,1.4123331744434775,0.8208769514389219,1.164946296965371,1.1308980546158527,1.6733021825256342
2024-03-19,0.9631972397929853,1.1465719208014429,1.2854880876224708,1.2422434817528354,1.0030871871617508,1.081367623584999,1.3962515611115642,1.3515240430641187,1.4131545038030353,0.8219866104160503,1.164455963870967,1.129936845418288,1.6776322381009467
2024-03-20,0.9686601495112143,1.1516549435904266,1.296684917064627,1.251890815036138,1.0033917138994723,1.0816959154412829,1.3947824902308499,1.3581663551223302,1.4206354212580616,0.8238219722661098,1.1684188433276046,1.1358826255836096,1.703180100649828
2024-03-21,0.9649223691776891,1.1484730141929487,1.2908908879613328,1.2561912271432618,1.0077741472227129,1.0864203517304964,1.3997275763222663,1.3616352363126472,1.4193175981531796,0.827686147003534,1.1679925386364094,1.1364952458472959,1.7074425599701066
2024-03-22,0.9542840713053486,1.133661120740699,1.2823356732932474,1.2572671278568972,1.0047925873079735,1.083206112329532,1.3963041120029058,1.3551241283559678,1.419910591928825,0.824902108241273,1.1657937514981833,1.1273130198615346,1.7154189061201734
2024-03-25,0.9514088556641757,1.1232907839436206,1.2742932599969734,1.2560572263766312,1.0068824690824392,1.0771670960143056,1.4085193601943322,1.3591683562327532,1.4196718368875323,0.8281881173970518,1.164612422985972,1.1264170510305136,1.7085493968367143
2024-03-26,0.9531339850488794,1.1199426416484723,1.2750582280209422,1.2503914580772528,0.9961452176161708,1.0729694759526187,1.4038605309985406,1.361476835592803,1.4214232171111227,0.8222171905138411,1.1653396016301631,1.125185629079656,1.7113554240420217
2024-03-27,0.9430707303047735,1.102049575931479,1.2645802697076838,1.2538259205901097,0.9937312930614483,1.0572506496187866,1.3774604988890546,1.3574728818226716,1.424277461095115,0.8225280026262874,1.1644797213680735,1.1182273330867487,1.7249036865117793
2024-03-28,0.9476710753306505,1.1101883386953093,1.2733444918127481,1.2590226432799034,0.9935348448038569,1.0722256858645354,1.4240487908469708,1.353401768481229,1.4325104641785222,0.8186287585625452,1.167640205860609,1.1217371320406766,1.7395430686100917
2024-03-29,0.9571592869465217,1.1230843110238167,1.286931059930352,1.2714606809471558,1.0072013911549937,1.08754855623822,1.4830606273269977,1.3659532557305343,1.4397357043744377,0.8264571962989569,1.1732629542065938,1.1351191205378608,1.749985137477429
2024-04-01,0.969522714203566,1.1339425441452728,1.2957961319133806,1.2675565696140796,1.0045926307878297,1.0954995916073047,1.4795616631301403,1.3741964426563715,1.4362020188455327,0.8305424436137201,1.1739255615773112,1.1417484565914648,1.7358522119928093
2024-04-02,0.9657849338700409,1.130243327130543,1.2930485546160373,1.2696225208309473,1.0127211001236482,1.0865306179977683,1.4806704744829693,1.3785085045374994,1.4425749968930086,0.8390382808532821,1.1754097340144811,1.1480902918496607,1.7346782027386258
2024-04-03,0.9600345025876947,1.1274741924703753,1.2929037235425338,1.2734479122340645,1.025624992935698,1.07272282949355,1.481654827418644,1.3800974608765766,1.4503150441456107,0.847520348289859,1.1773164505157812,1.1560711262700494,1.7368553878307225
2024-04-08,0.9534215066129967,1.1158699382973907,1.2891493662715248,1.2772019330607907,1.0288599250787862,1.067061172485233,1.4835443324790774,1.382172667880225,1.459342540941561,0.8458906672569428,1.1792942822408343,1.1507511683312737,1.7468245512693739
2024-04-09,0.9525589419206449,1.1214118095773935,1.2934342575064086,1.2768776744694006,1.0269575768603338,1.0744808377267925,1.4841892533679673,1.377299604951658,1.4595426290452498,0.8475914899312255,1.1800432306449138,1.152895150407714,1.7511569071244073
2024-04-10,0.9401955146636006,1.1047005718766134,1.2791565948368941,1.2709143901726012,1.030789270665031,1.0606772104745839,1.4851283486974043,1.3726053200469972,1.459375208110788,0.8418137408931765,1.177719132524137,1.1449996845734098,1.737646154432825
2024-04-11,0.9439332949971255,1.1127521634347899,1.289689085835956,1.2840174015413244,1.0452185642375535,1.0591572116475474,1.4858864136018897,1.3829287314185632,1.4669081751356747,0.8535465371216909,1.1822389948608762,1.1587736882027642,1.7596894682450892
2024-04-12,0.9358826912018409,1.1036316940909925,1.2786532879508863,1.2725338858373527,1.043905810306681,1.0492682042375838,1.487447801017098,1.3789140984547528,1.462663729445369,0.848684432093264,1.1798196507409722,1.150192208741952,1.7361472137029603
2024-04-15,0.9525589419206449,1.1179212939863226,1.287208177396729,1.2869786078153826,1.0679538338117365,1.067947588893279,1.4871649409781107,1.4068605426372631,1.4690632248174158,0.8619696625769432,1.1835238075133605,1.1690936545370854,1.7291321550583165
2024-04-16,0.9476710753306506,1.101651813439356,1.2782394734069868,1.2812668826116391,1.0637165181055555,1.0552187348969653,1.4863389896642687,1.4031115896444268,1.4683309853749864,0.848525821331959,1.1813926467776408,1.1560985336679563,1.722139266526355
2024-04-17,0.958309373202991,1.1208346207896296,1.2841771516294742,1.2888344912987493,1.0803263729775567,1.0656915697736797,1.4872780849937055,1.4239750854407536,1.4651142391542484,0.8628823785670856,1.182963398027628,1.1722354712067233,1.7044174202916431
2024-04-18,0.9585968947671083,1.1193931211029964,1.281697285190459,1.2872849141301523,1.0767279066029243,1.063924734711379,1.4886244987792838,1.425489524065838,1.4695291203139664,0.8702947667040263,1.1833707410416945,1.1769274702507053,1.696443917860861
2024-04-19,0.9542840713053486,1.1157208025289025,1.2729090697168688,1.2874191006554474,1.08391216132861,1.0554055306226382,1.4890883892432227,1.4321977329440425,1.4684780460082434,0.8733826843694057,1.1821735217775555,1.1790904661587551,1.6857757818033903
2024-04-22,0.9525589419206449,1.1069424987092886,1.269610599624153,1.2679279538407593,1.0420518607670686,1.0454692218837842,1.4899709125648621,1.4070292509054856,1.4592201246547203,0.8477382826711288,1.1789223067591108,1.1440348665927635,1.6842884955745152
2024-04-23,0.947096032202416,1.1009583480242038,1.2690670907667851,1.2657692953165818,1.0283538162180457,1.0348658821907644,1.4898238253445892,1.3962554784338745,1.4555020668463974,0.8336788467087062,1.177729587713081,1.1285608092354817,1.7008090207553799
2024-04-24,0.9465209890741814,1.1038283308083356,1.2678957784357308,1.2613333763836643,1.0251739303269303,1.0426461836113559,1.4880248354966314,1.39437085419517,1.4537756849358352,0.8363290194411878,1.1762583392735313,1.1293819297217405,1.6941143035848238
2024-04-25,0.9525589419206449,1.111096658110655,1.2739822668307519,1.272816290704752,1.0316660979877477,1.0549460393466736,1.4895975373133992,1.4045460911759706,1.4560914253117867,0.8463209461782124,1.1789406137911487,1.138625024200288,1.7035400107208214
2024-04-26,0.9677975848188624,1.1289486858117947,1.2926731349119025,1.2736902465877256,1.0206535281007276,1.08781548869201,1.4880135210950718,1.397026544459552,1.455750739554737,0.8467561843706224,1.1810535361906735,1.139810577548324,1.7115324484385357
2024-04-29,0.9787234042553201,1.1427358949692088,1.3043823233756022,1.2739110286894413,1.016815432094084,1.0811140776702541,1.4794419235719038,1.3996169276827108,1.4512031503494403,0.8467830758351249,1.1793325002894255,1.1417606951246715,1.7084818202881487
2024-04-30,0.9859114433582529,1.1492883584962819,1.307349078447617,1.2800289082323566,1.0277701172831535,1.0927614858433952,1.4953807262461158,1.414435067272559,1.4472002975839224,0.8487713114410871,1.1811281839494103,1.1451665442454686,1.7034692916020384
2024-05-06,0.9873490511788395,1.155085393614496,1.3129365650612113,1.2864229288518434,1.0290477806712224,1.0983888362686398,1.4960940258271813,1.4156674980390012,1.4536505495372476,0.8570295955439298,1.1852396018652964,1.152400114467726,1.7195346055484706
2024-05-07,0.9867740080506048,1.1548921770474379,1.3124212349613649,1.28740386802297,1.0292792841617964,1.1006945871890745,1.4966513701028368,1.4126136583127689,1.451871741366431,0.8543838248476955,1.1850031592264678,1.1509910525378313,1.7218079446485566
2024-05-08,0.9801610120759067,1.1493867683076018,1.3047495149520663,1.2946641774950254,1.0402781275330377,1.11405521017456,1.4961850208109617,1.4164846364732742,1.4436272620388195,0.8578875815661587,1.1834029155578876,1.1547590060293622,1.721670817612716
2024-05-09,0.992524439332951,1.1674158557106662,1.3194100920999023,1.3018827435687215,1.0458270141851171,1.1200588099198694,1.4954798096866628,1.4263719286670045,1.4729235763853277,0.8737187981465994,1.1879835142152206,1.1710283014021254,1.7329035957258345
2024-05-10,0.985048878665901,1.1574204440089721,1.3117064449221854,1.3068532347634907,1.0490541112671785,1.122639546950949,1.4957527946380045,1.429368603267196,1.4565005600050456,0.8707873601785393,1.1866611440423869,1.1689505117251284,1.7396136473929198
2024-05-13,0.9902242668200126,1.1547367657480967,1.3135387332164907,1.30760128674024,1.0501027692501166,1.119089219808196,1.4973110837352457,1.4372403794882378,1.4572941457514874,0.8742861517568571,1.1883869258857032,1.170739815100119,1.739404346717137
2024-05-14,0.9879240943070742,1.1540140926661382,1.3151078245674237,1.305957644497123,1.0404725817503588,1.1256274348304185,1.4978570536379285,1.4313662949365382,1.4539696465759122,0.8719611832301518,1.1892892153020898,1.1661633257560517,1.7526321445270912
2024-05-15,0.98303622771708,1.1480249984479127,1.3183909596868117,1.3170633926116064,1.044080011798616,1.1091229135745366,1.49764094055145,1.4305128073218056,1.4474088143614336,0.8741650926536324,1.191135314496275,1.1691765408989918,1.78093114579963
2024-05-16,0.9844738355376663,1.1449332310050522,1.3141542561515303,1.3179899681352572,1.0485296342777521,1.1035951676526972,1.4959347846055653,1.4384031737143692,1.4361529370906891,0.8679781776273805,1.189139033411921,1.1662885295422944,1.7746360516873236
2024-05-17,0.9979873490511798,1.1609961426482305,1.3291114584903474,1.3291397008187242,1.0591340716911573,1.1128338125011967,1.4967764882055354,1.4535313227777287,1.4686734501087615,0.8862400260460583,1.1947887569116087,1.1857998736709536,1.7878740767710626
2024-05-20,0.9971247843588279,1.1654689397018634,1.3313050537343214,1.3392505261876078,1.071506006140472,1.1243388733204316,1.4978570536379288,1.4574745427570133,1.4742525261709265,0.8957701452452362,1.1968651862590147,1.1951853093978533,1.79204145031227
2024-05-21,0.9945370902817721,1.1604124232033861,1.3273087866240065,1.3446956971606618,1.0800000740849933,1.1204864261580219,1.497117719394712,1.4643978143520338,1.4551682579614647,0.888160553748395,1.19555078927065,1.1918979615419025,1.789818501905698
2024-05-22,0.9948246118458892,1.1558596759759632,1.3252376461266404,1.33900346881235,1.076342022539102,1.1144943250831187,1.4980049204865717,1.462391743172219,1.4455746977161967,0.8753193580924011,1.1942988922194846,1.1808585900642017,1.7803891498459918
2024-05-23,0.9836112708453141,1.1378463433837405,1.3088953582149052,1.3240085749213142,1.064334658516388,1.0959554958670858,1.4990172396811299,1.447870320608403,1.4215651389201016,0.8652125001003581,1.189168547730263,1.1651133781179368,1.7608745680402536
2024-05-24,0.9758481886141469,1.1307778452018782,1.3066270971614786,1.3273856858193789,1.0663125672824434,1.0907359045206486,1.4987215059838435,1.4438634273620528,1.4126050055671677,0.8670255223976207,1.1890060364139723,1.1658156793529397,1.7678835058264597
2024-05-27,0.9833237492811969,1.1419949734300943,1.3124039045473395,1.3416240972883215,1.0811330739451652,1.1046887989610867,1.511464574726477,1.463352896559503,1.4269040729110192,0.8843195072239987,1.1922688087614985,1.1814222299597126,1.777588957045644
2024-05-28,0.9767107533064987,1.13554004911027,1.3076437010952053,1.3404692095838902,1.0795048096973041,1.0980613341295007,1.4958278278108115,1.4559503138804877,1.415361061096429,0.8787124075601965,1.1913191423856446,1.1764217992739416,1.7786675451467946
2024-05-29,0.9752731454859122,1.135357747552683,1.3045162780114143,1.333293478467134,1.0783511405369732,1.0930447797300702,1.5084909526967152,1.4506120916685599,1.4202964500668258,0.8862380931049085,1.1898309150140287,1.1792384432214964,1.7585496027103777
2024-05-30,0.9749856239217948,1.1359669958840222,1.3031593553858525,1.3252517835371256,1.071587449929789,1.109814599631644,1.4866547176089544,1.4463199494568457,1.4122374768403394,0.8739818924559298,1.188879849429,1.17095876711203,1.747571924653937
2024-05-31,0.9686601495112142,1.1327730531834097,1.3007476191287917,1.330114145455896,1.0719172706284439,1.1052258982694982,1.4799624707870735,1.4446719802250634,1.4053517418327093,0.8712164491053633,1.1885827692777498,1.167685884028105,1.7614086148134958
2024-06-03,0.9700977573318008,1.125218522139493,1.3014922087011347,1.3214510904054069,1.0590642510275978,1.0996758500846353,1.4784900662239124,1.432539402205189,1.3932052005673874,0.8592879831405116,1.1881023377778122,1.1569984655514933,1.7666205739849636
2024-06-04,0.9781483611270854,1.133320177728657,1.3093385684281345,1.3216772829330303,1.057994516879804,1.1133477312194664,1.478691632695109,1.442568630460348,1.4036751901777447,0.862257072140073,1.1909816651532037,1.1585951318370593,1.766963233267219
2024-06-05,0.9761357101782641,1.1308073246880601,1.3154665581061606,1.3232180259505795,1.0446838631119906,1.1113799763585956,1.4795314929917593,1.4280438287213892,1.396210131236615,0.8553737314857831,1.1923083478050598,1.1523125641294276,1.8000336981148994
2024-06-06,0.974985623921795,1.1253077091231425,1.311840387959711,1.328778300086113,1.052762644796769,1.1050785792060978,1.479329926520563,1.4305550417056407,1.3936828313988392,0.8596037912526414,1.1918040981368985,1.1572342452819866,1.800212582482011
2024-06-07,0.9649223691776891,1.1159552257315015,1.2948826781783511,1.3249371226151292,1.0620853578356086,1.0893827555633988,1.4797666538748215,1.434568566651219,1.373414312563147,0.8531773189182803,1.18774970973766,1.1495775725049966,1.788359684343437
2024-06-11,0.9583093732029913,1.114831195844664,1.297521143566721,1.3145728818725448,1.0416969697501586,1.0859683704799907,1.4796434743646463,1.4123963542365139,1.36991260739682,0.8420388039059729,1.1865783749853371,1.1344027508486896,1.7976215060715066
2024-06-12,0.9614721104082815,1.1238952317101174,1.3047799477946322,1.3310041406281048,1.0630840125005354,1.0915844224244633,1.4795874836782026,1.4224001029909394,1.3828653186124888,0.8494287244390154,1.1902977672225092,1.1486205015014412,1.8133914177396564
2024-06-13,0.9534215066129967,1.1134055935400085,1.2997161197631157,1.320442758375669,1.0531128482594305,1.07897274456669,1.4798898333849968,1.4096500556252767,1.3651136525446264,0.8365048515692735,1.1876141669681817,1.1365685863515702,1.811695870047918
2024-06-14,0.9562967222541698,1.1118212366260614,1.3039744715463464,1.3227128470951814,1.0484632151164026,1.0827867092982042,1.4799682203460176,1.4138132288016871,1.36985383202774,0.8416239328737483,1.1893726990200264,1.1389107293877936,1.8186324768929263
2024-06-17,0.9597469810235776,1.1132241747807496,1.3100031778259609,1.3139816376649065,1.0328696012947003,1.0806474697547757,1.4805841178968948,1.403976277922419,1.3682579105397485,0.8326645574129072,1.1902567634131527,1.1262131967456235,1.8249986553075896
2024-06-18,0.9620471535365159,1.1157632074513144,1.314825814991978,1.3182087125233792,1.03461397281377,1.0790913301207097,1.4810208452511533,1.408054937316256,1.375560918629735,0.838049477896843,1.1922095945751128,1.1307255437252657,1.8281031022875158
2024-06-19,0.9580218516388735,1.1084412308657485,1.3083836769008157,1.3216652121952381,1.0351932520327731,1.0750220614352772,1.4822526403529077,1.4115422976365226,1.3688223801752304,0.8426966850245461,1.191493013157826,1.1340638014192939,1.8314709463708503
2024-06-20,0.9505462909718235,1.0973505651997204,1.3011601983667294,1.3213896914239465,1.0361210415512627,1.0621487175385362,1.482622178883434,1.4071165508769439,1.354884327062074,0.8392429778033251,1.1894909110862062,1.1350983584038346,1.835154628483481
2024-06-21,0.9462334675100638,1.0915015779464023,1.2935068950890272,1.312326205417322,1.0336823435743185,1.0391423848883676,1.4818159129986492,1.4048218116782878,1.3510820253493352,0.8313730880206422,1.1866106612362146,1.125523414887548,1.8231164395095942
2024-06-24,0.9442208165612426,1.0798023905489742,1.28448317227997,1.3009509205893812,1.017431800181981,1.0404262842405723,1.4826893677071658,1.3969787027911358,1.3492615966214692,0.8269121018898826,1.1833447289942864,1.1140709313999788,1.8124608405576303
2024-06-25,0.9370327774583099,1.0703260435611486,1.2793303187535836,1.3045998135892183,1.0179278442896256,1.0338529902072353,1.4835852186902598,1.398394912274009,1.3488394068609855,0.8276200113661425,1.1829455779055131,1.1087786194896105,1.8259143852376598
2024-06-26,0.942783208740656,1.081763657159681,1.284997945986031,1.3080498389437873,1.0220971260720273,1.0453068690774154,1.4844698715360651,1.403883331497495,1.3454990263952928,0.8316142210259387,1.1852690785149778,1.1119099407436774,1.8254261272666534
2024-06-27,0.9381828637147791,1.0700359621074358,1.282079428805736,1.3098426542088109,1.0174556893387858,1.0272128883638598,1.4863063660514082,1.4062718028044046,1.350287512306726,0.8299933918159663,1.185802766482682,1.1140129403827264,1.844527430797707
2024-06-28,0.9419206440483041,1.073526644834993,1.282431697670918,1.3224526988055023,1.0280537184327152,1.0166708700574094,1.487336594681966,1.4157174383967968,1.3520161580227466,0.8434928424718162,1.1877152799698496,1.1203329532576938,1.8497211449039388
2024-07-01,0.9439332949971252,1.0819253335258034,1.2870719447270609,1.3428680573644383,1.0491448423511165,1.0127270193112488,1.4759588898842295,1.435563456465935,1.3510146480954532,0.8579831034427052,1.189235714338272,1.1317446475014903,1.860792967041528
2024-07-02,0.9439332949971252,1.078126419680553,1.2858276230320345,1.3454701765622448,1.0532266376043564,1.0040559964824944,1.4508004997157482,1.442644446496939,1.3522085195392146,0.863625830716918,1.1900789260647013,1.1323097188186604,1.8712464937394802
2024-07-03,0.9436457734330079,1.0739186904064117,1.2913645497549333,1.347143329917907,1.040497432837251,1.008782259786269,1.467572759828069,1.432593113406354,1.3591661418347578,0.855690666544029,1.1923027681304812,1.1317134674126366,1.8983696693941057
2024-07-04,0.9370327774583097,1.0586815467516975,1.2814133150032505,1.3360295515904466,1.0358230528650614,0.9924400738795812,1.442414369659588,1.4281800056477598,1.3572594309886978,0.8541749271736655,1.1884055340458575,1.1259574882451573,1.8793604402522135
2024-07-05,0.931569867740081,1.0629429728927489,1.2883466004938122,1.3434758138777527,1.0259511322878552,0.9948937659353386,1.4549935647438286,1.413711388897595,1.360198172381135,0.8442969006950984,1.1887321304200007,1.1227111486260253,1.9106217847785683
2024-07-08,0.9252443933295001,1.0489893073176586,1.2797321149634102,1.3379325452076196,1.0225920431757194,0.9789061709039761,1.45150192259668,1.410820459966686,1.3551557230142248,0.8439058328191147,1.1854481904251513,1.118598118069508,1.9073327024036788
2024-07-09,0.9353076480736059,1.0621517264521567,1.2901150793837342,1.3481703059011871,1.030322420591677,0.9978464472022032,1.4525314731020498,1.4242589622226958,1.3565105697278659,0.8515642555683204,1.1901893597523614,1.1266806771225228,1.9109787874841688
2024-07-10,0.9427832087406559,1.067164522624898,1.2985275231020654,1.3364946621060623,1.0136982845924067,1.013608165008911,1.4534624496228628,1.4179896048034832,1.358860878211098,0.8442975810882901,1.1919859195266087,1.1206754384880613,1.9141707547222975
2024-07-11,0.9488211615871194,1.0757433143076636,1.2966195376615612,1.3354861998547392,1.0112181904039936,1.0202855274819482,1.453692455586828,1.41504888270988,1.364072196810245,0.8401605622637404,1.1911559211420506,1.1200350968606256,1.8916677511675168
2024-07-12,0.9488211615871194,1.0722167649030434,1.2944408352506707,1.3283986772974083,1.0089133469027372,1.0249828576157662,1.454732958757148,1.420769342648195,1.3638569162041003,0.8446891265151539,1.1909671414486112,1.123947984160633,1.8899651079865587
2024-07-15,0.9514088556641753,1.0736941484346303,1.2997309699528692,1.348149011928106,1.022934400861144,1.0371706758726704,1.455171065355178,1.4343810518846187,1.3603900999751315,0.8547113088424395,1.1940156037648642,1.1355988889192226,1.9246019964079881
2024-07-16,0.9597469810235773,1.0809150272891381,1.3087545756749206,1.353106747873841,1.0217740577901953,1.0368065299695612,1.4551820180201285,1.4336265203165843,1.3731376114808354,0.8516149437693156,1.1967320223170934,1.1384668400368851,1.9370618358008558
2024-07-17,0.9574468085106388,1.0760239474038964,1.2938797444379382,1.329233643895577,1.0136892340630226,1.0242647719445623,1.4555653612934043,1.4307394048276758,1.3642592407642746,0.8500085782531174,1.191274464784878,1.13461958482662,1.8916485516294517
2024-07-18,0.9643473260494542,1.0807517698515396,1.2963366078369771,1.3275793795913267,1.0159271755901484,1.026289045263684,1.4550724913706212,1.4340958540875905,1.3719942254256152,0.8506252906423555,1.1921562013869624,1.1302838811102371,1.8878890063570912
2024-07-19,0.9729729729729734,1.090471762190431,1.2984478524674175,1.3154447797481912,1.0121161107112207,1.021515443199162,1.4576025569742421,1.4309878001351708,1.3872838795129778,0.8456311076816372,1.1935145507857372,1.1237018687259692,1.8598521319493886
2024-07-22,0.9646348476135714,1.0837262288591056,1.2995168932579508,1.310342600610588,0.9982025700245875,1.0161351618308048,1.4605816818408432,1.4154367668053238,1.3810953146011826,0.8357937043615679,1.1942795313230192,1.116327579670859,1.8775718304150273
2024-07-23,0.9442208165612423,1.0549062003759344,1.2783268040159734,1.296754574123637,0.9949607572554855,0.9779170887375963,1.4609431197842175,1.4075102051592527,1.3453940045772794,0.8354488327555808,1.1874611981361078,1.1033079716684338,1.8685951946016175
2024-07-24,0.9353076480736059,1.0442846357152729,1.2605247465995337,1.279060696558239,0.9911130021792666,0.9611303372575613,1.4608445457996606,1.4033448856772157,1.3288341392771115,0.8347811130476487,1.1814379276296911,1.095666508266637,1.820638675797057
2024-07-25,0.9341575618171367,1.0440674816061617,1.2566147841691242,1.2680903458382355,0.984180263923458,0.9588827675180255,1.4612388417378874,1.3971665208392623,1.3277673089252064,0.8302229961493928,1.179871109571622,1.0874295829198017,1.802561168688755
2024-07-26,0.9370327774583097,1.0511823518259282,1.2692822614790036,1.2793031956309695,0.9789434937335714,0.979179016070057,1.461852190975129,1.3879797284015019,1.333983815535602,0.8220926002403965,1.1836637690804395,1.088016797904683,1.8405780643875973
2024-07-29,0.9301322599194943,1.0438516606157966,1.2616909782096133,1.280616484164255,0.9836029726771808,0.9606517631120313,1.4305035828797734,1.3939524328188082,1.3302322581217336,0.8288274234765548,1.1814986677718795,1.0844373506247569,1.8409049606699173
2024-07-30,0.9258194364577348,1.0428109312291856,1.2600236238904912,1.2747165638667786,0.9740132429924597,0.9657685748145964,1.450765673288835,1.3868127731112823,1.3330973910517856,0.8244482468268142,1.1806554585042974,1.089948920949507,1.8388757353020222
2024-07-31,0.9462334675100635,1.0781944385768734,1.294067332614726,1.3025623850131633,0.9901743340353166,1.0076654937168577,1.5156043625978333,1.4008832349153992,1.3406911145137115,0.8295416620014453,1.1930788093339884,1.1111588341470857,1.8775834400383682
2024-08-01,0.9341575618171365,1.0641952608223155,1.2742994523061637,1.2851871113247948,0.983187885046083,0.9844866371435226,1.5034471083523961,1.3943570482228769,1.3403069259449225,0.8250927293533289,1.1887247576733133,1.106437222561447,1.836251314215132
2024-08-02,0.9258194364577346,1.0559280968531433,1.2508140147222582,1.261869647023531,0.980425667662061,0.970449141686951,1.4588705094524597,1.391038925184488,1.3349335073731967,0.8144016739343959,1.1832248502178089,1.0891963353428482,1.7636738711321687
2024-08-05,0.9249568717653827,1.0526509134471462,1.2488766594401821,1.2533984616270066,0.9750330436621796,0.9762670665233091,1.4540146343975313,1.3821224503818736,1.3307200475729217,0.8032131890105619,1.181025546846315,1.0787356115424573,1.75289449347796
2024-08-06,0.9171937895342153,1.0513703214930963,1.2448403520685036,1.2468593773190724,0.970287462761848,0.9733316705669128,1.4542102329762137,1.3692462617617842,1.3276367043203083,0.8019129102094545,1.1791296621218088,1.067230879685356,1.7449515406833522
2024-08-07,0.9157561817136287,1.0500520232499182,1.2413886425016396,1.2494456510317353,0.9773148542907809,0.9723024517954598,1.4560140865351723,1.3736247611826016,1.331641402164596,0.7980942773036953,1.1796786718418717,1.064696078265374,1.7358764497563206
2024-08-08,0.921506612995975,1.0572333375028802,1.2546036519980905,1.2632520042341167,0.9790087438817676,0.9856597166611727,1.4529931751533018,1.379266983203104,1.334266617780617,0.7991407812397767,1.182021830690006,1.0791420946237529,1.7753208155378852
2024-08-09,0.9143185738930424,1.0441764084903244,1.2464248220033636,1.2623923963270298,0.9780286406714329,0.9719702230959286,1.4500374632976591,1.3755614902618105,1.332662855481189,0.7904801142959338,1.1780577069575358,1.0730029922340332,1.7776925805111652
2024-08-12,0.9143185738930424,1.047528230502005,1.2502455512295996,1.2720840779138547,0.9824215977722559,0.9712602885445726,1.4475164149501993,1.378783879616935,1.3359183678830064,0.7878271882021418,1.178236596605323,1.07622914743776,1.7970406840865834
2024-08-13,0.9154686601495116,1.048442403639333,1.260074761544305,1.282983186654714,0.9820918915836974,0.9763769894396263,1.4522977135402093,1.3813628663605373,1.3387876799387277,0.795155576738211,1.1831784288674798,1.081896404207496,1.832707663394282
2024-08-14,0.9068430132259923,1.0353879340240817,1.2501697724953929,1.2806653805287578,0.9764832542743167,0.960206623742989,1.452058648610709,1.3762289186275272,1.3355512425022493,0.785798825401355,1.1801129479306258,1.0713438255041137,1.837204696204073
2024-08-15,0.9180563542265674,1.0476719358058246,1.2644403203725423,1.3038186048419071,0.9919136328059391,0.9741562136389607,1.450417793867319,1.3931797631889287,1.3370031114937004,0.7948387991733504,1.1840794109653368,1.0834215901165793,1.8788334694354485
2024-08-16,0.919493962047154,1.0461681428056135,1.265472936055044,1.3090083354083586,0.9992601093480581,0.96395467490577,1.4512653877082757,1.4006169966731563,1.3402656296022986,0.7914456740128875,1.1853559656434156,1.088306459941487,1.8814752601160818
2024-08-19,0.9238067855089135,1.0498989787649855,1.2676520883531435,1.3154112667502569,1.0082850666975807,0.9637215713842229,1.4509937230156615,1.416867994140154,1.34082079731184,0.7969071554529494,1.1870602653515694,1.0956242406196612,1.8785911874267895
2024-08-20,0.9143185738930424,1.0317589367505282,1.2562304091866277,1.3014222324423783,0.9914788325738985,0.9443418685009031,1.4507220583230473,1.4044924924825792,1.340791024059379,0.7851664098172968,1.1830083438786503,1.0873126369754396,1.8727589259679545
2024-08-21,0.914031052328925,1.0291372139504738,1.258827088232118,1.3007280932525012,0.9854719379915338,0.9400060848811317,1.4513197206467985,1.3954211841753161,1.3427096011920696,0.7817965503586525,1.1831770408748319,1.0848934090088853,1.8882398477152402
2024-08-22,0.9085681426106963,1.0193100721194892,1.2470731632217278,1.295573374290171,0.9886023280406381,0.9267935583171484,1.4520260488475953,1.3992720976812383,1.3409109868434517,0.7783699405660208,1.180730945872559,1.0802809840958483,1.8638728794289239
2024-08-23,0.9154686601495117,1.0224807709161825,1.2539389936901058,1.303403862096269,0.9905046111488389,0.9283189418540387,1.4542754325024414,1.401317522828431,1.3439729866633139,0.779860480221185,1.183536145290667,1.0833546250952253,1.887467662446199
2024-08-26,0.9131684876365732,1.0189150508991458,1.2484970357782694,1.2980258230210209,0.9909828416055874,0.9257830276505112,1.4531018410303478,1.3983162450279527,1.3433597074229007,0.7753879324384878,1.1816448295123922,1.0819404327531612,1.872471328637573
2024-08-27,0.9082806210465789,1.0145645477936884,1.244010577824211,1.3042386785186975,0.9997207899166786,0.926557076746089,1.4531344407934612,1.40095410798747,1.3446201552365604,0.7688442900470919,1.1808425262662567,1.086051882205932,1.8752860691229745
2024-08-28,0.9022426682001154,1.0101661142970224,1.236042180324466,1.295940492868929,0.9954655480115625,0.9261113772592833,1.4538516355819626,1.3928845588264234,1.3446482152614754,0.7690427958968278,1.1784523856523033,1.0822028807154485,1.857692857983426
2024-08-29,0.9002300172512941,1.0159888397854455,1.242207355707671,1.2820768327737877,0.9763172493134165,0.9350219774705507,1.4533191727844388,1.365956401055378,1.3435023794424352,0.7692266412810705,1.1782096637175525,1.0615113269584637,1.8596656544625647
2024-08-30,0.9114433582518692,1.0267272797066145,1.2549200377447491,1.2808112837416017,0.9689935211761661,0.9489657431805112,1.455231692220443,1.3604459713518955,1.3430630347725718,0.7739519941086375,1.182216449836102,1.0468244640055422,1.8681819364236
2024-09-02,0.8967797584818865,1.0108355678803909,1.2415191222744286,1.2868014358050015,0.9761713211415641,0.9518930500844522,1.4616646104874975,1.3605704092904296,1.3425780156019118,0.7776828651017467,1.1779412984081976,1.0483785471193856,1.8703464185574115
2024-09-03,0.8970672800460039,1.0094304146142272,1.2356568471979927,1.2619845429717573,0.961929146426924,0.9375478997892852,1.4336901681815166,1.345301486441418,1.3435434094443577,0.7627989825160673,1.176716312197975,1.0376773640067285,1.8210383077059131
2024-09-04,0.8956296722254175,1.010100561531666,1.2380090716521628,1.2594252353368138,0.9571998979194171,0.9380134729238795,1.4336901681815166,1.345263546858243,1.3441178706500847,0.7627989825160673,1.1777199357370256,1.0380561474942287,1.820469833013782
2024-09-05,0.8982173663024731,1.0145486449461958,1.239176766673213,1.254718621201914,0.9522195390250097,0.9378872209254153,1.4313589646560183,1.346099446658322,1.3460895153179488,0.7615586589672607,1.1784835723712221,1.0397680553235178,1.8127134468350914
2024-09-06,0.8858539390454288,0.9968108210468153,1.2262413899426376,1.2436970709987902,0.9429152889102602,0.9311010239651015,1.4313589646560183,1.3341624827066487,1.344692281416415,0.7615586589672607,1.1731698777549733,1.0374092348713322,1.8008950043228673
2024-09-09,0.8775158136860268,0.9908649158083623,1.2307391736407385,1.2372086667900737,0.9250689557516547,0.9168920708164164,1.4298066052662253,1.3151428085720718,1.3475397749564226,0.7503957470280012,1.1729910104220789,1.0323594044805229,1.8236604858292071
2024-09-10,0.8746405980448536,0.9868035210618603,1.2299346331735885,1.2352546106107274,0.9205449710692468,0.9101594214173864,1.4305402156332168,1.3148490445268548,1.3497839669857632,0.7528763941256142,1.1727310802646078,1.0363133005072311,1.825160612406222
2024-09-11,0.8763657274295575,0.9889097416270856,1.2407120409504162,1.2303033045970642,0.9092603904889033,0.9202926485984169,1.4327304146998865,1.2938500654735117,1.3506453917415413,0.7367521879911284,1.1746720201009184,1.024467259824861,1.8448776474734938
2024-09-12,0.8723404255319152,0.9852774602039359,1.242917213498685,1.2417326396471466,0.9164725115246461,0.9195785893450642,1.4319223800927656,1.2983336987303284,1.3563425386253776,0.7417134821863548,1.1755464439038574,1.035792885229566,1.8675869313823785
2024-09-13,0.8671650373778036,0.9760956287997868,1.2374230065916538,1.2381189482599775,0.9094909976840999,0.9086170132937013,1.4339318345762637,1.2932732458963487,1.3582548558951826,0.7404731586375483,1.1739953820151885,1.0356649761916816,1.8708303114359182
2024-09-18,0.8717653824036807,0.9832438227938629,1.2384772159539201,1.2496495969549692,0.9285052549146935,0.9205195369180864,1.4331450640377512,1.3085279686019762,1.3555584279984114,0.750395747028001,1.1755419689364544,1.0398403664153184,1.863842511697512
2024-09-19,0.8760782058654405,0.9893313821843968,1.2467547401791446,1.2577416116331404,0.9292849533087275,0.9269735288387119,1.431358882274642,1.3083821119754113,1.3564124008989653,0.7491554234791945,1.1771314347117416,1.0415847797830902,1.8921153367110144
2024-09-20,0.8792409430707308,0.9877728349228636,1.2467347601709518,1.2587785422870337,0.9308218292195689,0.9289278529803817,1.432326397396326,1.3105936527931716,1.3618338698347825,0.7528763941256144,1.178004354520584,1.050288652625539,1.893113545530628
2024-09-23,0.8921794134560096,0.9995346298072358,1.2553822463511766,1.2773109054683707,0.9528106142104352,0.9383746614738835,1.4331556960720555,1.336986853329132,1.3651166631151954,0.770240923808907,1.1836710775266204,1.065910912412621,1.8982905886566837
2024-09-24,0.9424956871765386,1.0516562406971235,1.2895610576558134,1.3149999174845104,1.0082154685307656,0.9796501372793023,1.4283606486008509,1.4076733137008346,1.3619910407180598,0.8062103067242987,1.1997800050738574,1.090892456651436,1.8817881449156855
2024-09-25,0.9364577343300752,1.0463205788259653,1.28788291018148,1.3159105980397126,1.0056274721225587,0.9753742632406074,1.435654224133548,1.4080783127097432,1.3694291078484382,0.8111716009195252,1.20264047960943,1.0976795282491802,1.8912269189603832
2024-09-26,1.003162737205291,1.120992571239286,1.3304935473952602,1.349740866627165,1.0584746221012524,1.0662361026765312,1.430752856319301,1.48213381092144,1.3655144966972919,0.8496216309325303,1.2209278022164252,1.1228373066190542,1.8725726671651748
2024-09-27,1.0914318573893047,1.2272559401028968,1.405966997846186,1.3580764059544153,1.0877172149172505,1.189323561336502,1.412891038688206,1.523665654972288,1.3459595313036716,0.8595442193229831,1.2396873434688904,1.1189485685657907,1.8412385861921745
2024-09-30,1.2780333525014382,1.4169953116792637,1.5597123248698226,1.4606133232247542,1.222977848924187,1.34781156643971,1.413412008369113,1.7438148799348077,1.578307159150569,0.9513281619346725,1.3072107333092273,1.2764030889068936,1.8382824438022345
2024-10-08,1.1713628522139166,1.3262706319621396,1.4977295143708598,1.4080496394352622,1.1044837682921187,1.2331545203340306,1.422555557870745,1.5961696884149643,1.4874610118138871,0.9307251386792961,1.2923823624440147,1.1989065365924862,1.8637189304190362
2024-10-09,1.109545715928695,1.26101180860354,1.4603792784412626,1.3687445825264908,1.0411076115343034,1.1571609539587557,1.4237357136785136,1.5013373740101492,1.4242975984480215,0.8936236267419988,1.2798492980473422,1.1432976709430973,1.874521532426074
2024-10-10,1.10580793559517,1.2543471669029616,1.446696513511223,1.4048545547823406,1.0969883650424308,1.2095817125841306,1.4286796096299774,1.5510822349222455,1.370951167448826,0.8550639795723447,1.2860253981480472,1.1384932826726624,1.8885100686120073
2024-10-11,1.0856814261069583,1.2281558897664338,1.4314395692803363,1.405553405745021,1.079677509777147,1.2003659442871302,1.4286689775956731,1.5351612902252647,1.3450615760245126,0.8394029485535787,1.2822630535435684,1.1168916334202774,1.904777467508514
2024-10-14,1.0934445083381257,1.2429955702649733,1.4412321586974135,1.4233516210818182,1.0955543768755185,1.2045661834230266,1.4287221377671941,1.5591552730397122,1.3618935916358892,0.8361211396010603,1.286135339955111,1.129616052327949,1.9178624276341165
2024-10-15,1.0580793559516968,1.202121880996905,1.4181651388747583,1.4098328100577067,1.0684106558593551,1.1591871891910486,1.4292005793108844,1.5165858332351478,1.3121169192922904,0.8041874677230457,1.280956860061131,1.0957334176349518,1.9305723766698573
2024-10-16,1.0692926969522718,1.2232347799431944,1.4282007678039064,1.43136362168137,1.0910610642490954,1.1674722148187047,1.428902882350366,1.5514267625784954,1.3409262244239295,0.8144165326836961,1.2858642961943751,1.114219659443656,1.9372239085144358
2024-10-17,1.0485911443358253,1.2027740502125626,1.4204291660067776,1.4241829128617256,1.0729833947472631,1.135559703945302,1.4316034190636389,1.5254233943469182,1.3195412663330823,0.8030189021307248,1.2853554617161305,1.0975747106110643,1.948578342617922
2024-10-18,1.0943070730304776,1.2589779840862372,1.4648225931045689,1.429351509122724,1.0831274890556393,1.1694722274032219,1.4292324754137968,1.5490811006362069,1.4186713107047901,0.8441128612087794,1.2943885557061103,1.1460485881055034,1.9507456143593722
2024-10-21,1.0899942495687178,1.259648412131791,1.4651551272313226,1.4209894066573592,1.0746501084677287,1.1733630807257671,1.428998570659104,1.5347678778716358,1.416094955356667,0.8398894703647608,1.2935413126293054,1.1468955391971594,1.9493907899981193
2024-10-22,1.1009200690051757,1.26700129496037,1.4721729564618506,1.4238609380267901,1.0784235689931414,1.1903584022632712,1.4265532027691326,1.5431875870877658,1.4220673837104205,0.8528078158186098,1.29474643308223,1.15345770183526,1.9495237350456576
2024-10-23,1.100345025876941,1.2645944697319793,1.4657248598778627,1.417141970867728,1.0794097223870491,1.193359344756597,1.4256388478189692,1.5420146877775056,1.4124824673316156,0.8469461482024386,1.2919032989916406,1.1509023827785438,1.932760982340419
2024-10-24,1.092869465209891,1.2586624531768067,1.4639017885215593,1.415699295298168,1.0751563656434047,1.1802940701756863,1.4260853932597466,1.5351997892184548,1.41654527678664,0.8418066804479525,1.2912849618863216,1.145769165811817,1.9358379178349776
2024-10-25,1.099482461184589,1.2700679508408956,1.476371229491331,1.4163682325461753,1.0725979689457423,1.1943941770498236,1.4264575144603944,1.5330999815942725,1.431067862977294,0.852761311318978,1.2936377831707595,1.1554071866658986,1.945102335070327
2024-10-28,1.1037952846463486,1.2823149789653814,1.4819649809489923,1.4193228830443527,1.080186300035832,1.1942253887842362,1.42652130666622,1.537062442481629,1.4418831845616178,0.8640993209936854,1.2961334297271832,1.1664554084635683,1.9490577764451626
2024-10-29,1.0897067280046007,1.2547207912483223,1.4735997665474458,1.4189386671737314,1.060523756871612,1.1788044512544757,1.429902293574963,1.519670530773602,1.4130489067763494,0.840385134354606,1.2963441510802916,1.143829078212327,1.9691149895926623
2024-10-30,1.0805060379528466,1.2473896378613647,1.4683248523762502,1.4081033268787893,1.0507732645328705,1.17047491011324,1.4282118001205915,1.5043890595638891,1.4113450150839721,0.8334276307188042,1.2940552423277436,1.1379028064679808,1.9599011540216214
2024-10-31,1.0790684301322602,1.2500634136575903,1.4609492918417406,1.3895834783627055,1.0483920091332297,1.1778227080894816,1.429136787105059,1.4975095685360647,1.4276397732885877,0.8364970023709323,1.2906481503032567,1.1387647593026389,1.919427414360289
2024-11-01,1.0842438182863716,1.2546558122842526,1.4589429692166607,1.40213599080266,1.037732144293364,1.1908195731659859,1.4308804407309517,1.517266474120159,1.4064410149168078,0.8160682500430592,1.2925820256584772,1.1416534816883595,1.922686873920206
2024-11-04,1.0963197239792986,1.2699718589992108,1.471435143821608,1.40254813665374,1.0585788903853703,1.2149833131841092,1.4604877733072692,1.5244892314116674,1.440829567234708,0.8408212295715466,1.2943225505900326,1.1553246057118447,1.9172094270911673
2024-11-05,1.1288096607245546,1.312064299315203,1.5044939770715262,1.421599767040711,1.1040247554098954,1.265954543374137,1.52175845717195,1.5484724066280566,1.506841678005636,0.8936278470084902,1.3016523990304145,1.1922826303020002,1.9440785589429637
2024-11-06,1.1124209315698679,1.2967169942228027,1.4966121243210553,1.4229718591319074,1.0881798893692347,1.2520589184420843,1.5050550258609956,1.5322012061321657,1.485546355550377,0.877215310811617,1.2977460147900404,1.1768425288162228,1.9719903846185343
2024-11-07,1.1705002875215642,1.3688397550905351,1.5400551578750712,1.451390067885632,1.16535509183418,1.327091249787617,1.5952486946495026,1.5815498676140352,1.5847113849826384,0.9353768731084812,1.3076225147629266,1.2358850466887727,1.9773240480939327
2024-11-08,1.1331224841863141,1.328526803637892,1.5157465204462768,1.4358062974135233,1.1303656368583055,1.2925381833696086,1.5537136953732384,1.5483492774895535,1.5373599391037427,0.9258151742135263,1.303453083819824,1.2047924486962889,1.9826110248743705
2024-11-11,1.1497987349051182,1.3488139239713073,1.5367386750065137,1.4280579437132954,1.1524885865760144,1.2759673782969783,1.551274421150862,1.54179046852107,1.586908253459103,0.9513109997482799,1.3044706546424247,1.2210681947286603,1.9854601528218432
2024-11-12,1.1325474410580796,1.3270496724824403,1.5225159684132799,1.4194645022009915,1.1215797408360724,1.2663931342924057,1.5531379520264428,1.5273306692429858,1.5486457558612505,0.915179517240823,1.3020916687439945,1.2019908463086844,1.9858444726340567
2024-11-13,1.1434732604945372,1.3316720288953268,1.5263927408364206,1.4196067473050733,1.127148045315215,1.2728853618885334,1.5532069716885013,1.5368867069212544,1.5578113303638843,0.9188111600019738,1.3007827639428993,1.2053020519894724,1.971976275901525
2024-11-14,1.1221966647498565,1.3019220123705084,1.5013498757728438,1.4123698062291672,1.1093364875306702,1.2672243941996355,1.5533105011815893,1.5246111922454952,1.5155274215065504,0.8917053547814866,1.2961754989734877,1.1794191189173129,1.9666550026474292
2024-11-15,1.1098332374928122,1.2825370189947718,1.4828252564233622,1.412402757863354,1.0825214358647133,1.2772572884018625,1.5542192600653597,1.5294649800531865,1.4706294950936323,0.8571557132819432,1.2944681006009506,1.162767284567894,1.9494150612660446
2024-11-18,1.1009200690051757,1.2734129968501453,1.474516715458097,1.430484294762366,1.0768984526719174,1.2574432535528854,1.5294688461767727,1.5390665527101601,1.446570554575661,0.8449792757504299,1.2953436324799281,1.1561478121854591,1.969719220393358
2024-11-19,1.1026451983898795,1.2830973538332948,1.4907084103831312,1.4340137046202497,1.088311764500521,1.2811144382210364,1.5562226508806576,1.5350788661056511,1.4705826071144945,0.8592387534908684,1.3002415097684343,1.166133194788939,1.9952388772892196
2024-11-20,1.106670500287522,1.2936613918915594,1.4953165240789217,1.4330452933195448,1.088133453483929,1.290000977190617,1.5686810073428485,1.5368977895076803,1.4809513993436987,0.8640433553910563,1.3018882374200444,1.1756462644612224,1.9884199494363066
2024-11-21,1.1098332374928124,1.2955507064824707,1.5003077262260216,1.438675253980789,1.0934411858362818,1.2960281417438173,1.5737702595634577,1.5381463331242733,1.4870683140561276,0.8694618905048721,1.3047326535088475,1.1779467729016029,2.0034604181877067
2024-11-22,1.0764807360552044,1.2520378943611192,1.4787518434379368,1.4217353936396893,1.0543973603021037,1.249674585038191,1.5170207899024066,1.499288547714476,1.4309863236135425,0.8324402251117435,1.3003531551061418,1.1414252892419863,2.0205005685752546
2024-11-25,1.0646923519263947,1.2437930277556835,1.4644089380012721,1.4174120185319599,1.0451752688554508,1.2395607204915162,1.5046226300649872,1.4940879537936966,1.4175174196321294,0.822278085315882,1.2946151015442422,1.1290871799169824,2.0118238861361877
2024-11-26,1.0652673950546294,1.241478845192222,1.4638003172649787,1.4233645992713926,1.0449330646818078,1.244382804378128,1.5051127189751272,1.5004978575372565,1.409146792047697,0.8167715184354094,1.2952526232014878,1.1257740263144473,2.02531843867777
2024-11-27,1.0848188614146066,1.2663234614959231,1.4770717506179754,1.4274920584054924,1.0713678694060322,1.2640725523262355,1.5340833232814743,1.520747593483669,1.4470044057354117,0.8432818746037176,1.297308874842247,1.1476737434725452,2.0093488744287553
2024-11-28,1.077918343875791,1.2566006301329,1.4716498744914104,1.4282483242909811,1.0643991825375088,1.256099755209626,1.519730792745661,1.5178252354565724,1.4327932457465247,0.834478633574598,1.298349295418133,1.1386783377002436,2.0176365033210737
2024-11-29,1.0885566417481316,1.2738143533363697,1.4846820857381793,1.4339272356156167,1.0805683399439152,1.2730945927309494,1.5441043179337544,1.526112031781168,1.4606832396293337,0.8516586316100716,1.3012636717288846,1.1547512203595574,2.0239544989437417
2024-12-02,1.0980448533640026,1.2855249759551903,1.5015528855184939,1.4453332529816232,1.0841169734497946,1.2840522324295092,1.5435116434612464,1.5280486538888087,1.4835879880405471,0.8632360991289495,1.3063175282795476,1.1677018509957644,2.0433796906955837
2024-12-03,1.0980448533640026,1.2863705887594445,1.5014921315072411,1.4497655141462078,1.0909889140213471,1.2836306010289036,1.54284089250216,1.5422751443521725,1.4813245351927486,0.8613851466693527,1.3071041850942025,1.1675653825366636,2.053658778501073
2024-12-04,1.0911443358251873,1.2769097645647536,1.4976860045562645,1.4458249875511298,1.0883804385355897,1.2857450652902955,1.544148288439362,1.5550876249611048,1.4590815903178274,0.8463460842279271,1.3082777894976085,1.1554277467678715,2.0653695012581474
2024-12-05,1.0914318573893045,1.28066597823493,1.4962746021635382,1.4476262348936335,1.0929009345464293,1.288055498372178,1.5445007169093907,1.5554760166209451,1.4706028413175838,0.8558827091708829,1.3069459040894673,1.1576939855751156,2.0526219442110665
2024-12-06,1.104945370902818,1.3001883632597053,1.5132378497910277,1.4652246142721856,1.1053207658042896,1.3065599278431594,1.5440459704964509,1.5798687752071636,1.4883670334185233,0.8627502594234656,1.3114627157711356,1.1737284259016068,2.0706952176355826
2024-12-09,1.140885566417482,1.3369043059650951,1.5409718077135097,1.4941278848332213,1.1382309300822473,1.3554559887241608,1.54352301212157,1.606102648243789,1.5435186929735951,0.8894133038978633,1.3162233499153293,1.2094845591692154,2.0526884672580326
2024-12-10,1.1118458884416338,1.3006592422520118,1.5187791487672375,1.4671082498283023,1.1123163200661286,1.308367164275817,1.5488662824736148,1.5833082354708985,1.4881006999297874,0.8617692691759468,1.3164609605618007,1.1760115966002043,2.068000274235426
2024-12-11,1.1115583668775164,1.309538773699859,1.5265090456551988,1.4775399978599386,1.1100105168460073,1.323876118196494,1.5495597707533482,1.591617641028668,1.4953406798885522,0.8658100918371755,1.3192005160801152,1.1829240509877887,2.096300172630714
2024-12-12,1.115871190339276,1.3129653760215052,1.5281606461654524,1.47647065728244,1.1143904746942221,1.3369997914919671,1.554777985841835,1.5887831290013321,1.498668122852598,0.8671633296184256,1.3219450774913761,1.186987743096078,2.0847603314317547
2024-12-13,1.094594594594595,1.2887687387479312,1.5164160886649432,1.456931543531173,1.0939188645525033,1.3141353276643506,1.558006685373709,1.5613529773624057,1.4765481869548422,0.8523526490003469,1.3207721062993873,1.1655766994758008,2.088628652791195
2024-12-16,1.0874065554916625,1.2782832583945605,1.514337457750877,1.4653237155014096,1.0970947376389475,1.2968266508276607,1.5574382523575339,1.5773135672371408,1.4536780507582239,0.8381719064367891,1.3226026083420852,1.1528619011220382,2.1889779077180886
2024-12-17,1.0951696377228297,1.276869174690032,1.5118981020903672,1.452633266709528,1.1003183423693474,1.2983926077108916,1.5565401281919773,1.5781791792161344,1.4504535059569343,0.8359957434719522,1.3207905524499768,1.1502950793626772,2.105492158987057
2024-12-18,1.0894192064404837,1.2707168699266285,1.4965056474149998,1.4406334831313712,1.0955374177404718,1.285414762026478,1.5559262205345081,1.581488328575261,1.4445951473092113,0.8342502658001933,1.3159264002231896,1.1421981320565706,2.0483703340250816
2024-12-19,1.0963197239792992,1.273525686278977,1.5052403115406383,1.4446674753668471,1.092208187372216,1.2885361833470939,1.558427325805678,1.5646326692291719,1.4642067537900396,0.8478579220864421,1.3183279475793126,1.1481629127914126,2.052707234137146
2024-12-20,1.0943070730304783,1.275198046066694,1.508743931856279,1.4472407731999812,1.0915536870416407,1.2918874776921219,1.561997085147257,1.547351006558164,1.4786464731666473,0.8619629395502825,1.3214388403800756,1.1546934711132573,2.0667990601335373
2024-12-23,1.0963197239792992,1.2661594012470594,1.5106520880403749,1.4469646836923689,1.0944188574822293,1.2799423239592345,1.5481792211065755,1.5540559206068736,1.460258507661799,0.8491019506872255,1.3223405797802326,1.1431905314075363,2.0994748037368787
2024-12-24,1.1101207590569302,1.280643842192553,1.5188841935328836,1.4581277099167298,1.109667898513864,1.2897547338380653,1.5600480130036942,1.5695332579564378,1.479157126739281,0.8587073520985222,1.3235283545357819,1.1551062680978637,2.0926936840411834
2024-12-25,1.1101207590569302,1.2755020469886464,1.5159596966188036,1.4573886114507533,1.1125975962594998,1.2851953253811408,1.5545330915096436,1.5794400486747728,1.4692930172962284,0.8546670217315363,1.3222941514503421,1.1502981814835964,2.0965526076327823
2024-12-26,1.1112708453133995,1.2788785122482909,1.5177002456949957,1.4613733131026732,1.1111813485244253,1.2818927014082877,1.550538338219446,1.5719821449224967,1.4818130531003715,0.8700794078705519,1.3226886599591259,1.1561287062974226,2.0932366016621615
2024-12-27,1.1083956296722266,1.2784399618662978,1.5120799990677682,1.4572919659566685,1.1133792857249474,1.281810496256881,1.5504389053740015,1.5738237133346165,1.4784951510168423,0.868022581504197,1.3220174686685982,1.1542672739283808,2.070205830531259
2024-12-30,1.11443358251869,1.282866407882297,1.5115118372028427,1.462064820040427,1.1276278848114103,1.2833593737137388,1.5460154457633544,1.592618924361604,1.4843532667574808,0.8694400776620551,1.3211177720000833,1.1569825782362098,2.05803707500507
2024-12-31,1.0951696377228304,1.2559354322514136,1.4943891647203358,1.4369009680517364,1.1012765587882698,1.2586836056025565,1.5483845587494192,1.5818505111848769,1.4293047914269748,0.8336913361468312,1.320573793245376,1.1289397948933062,2.0689400810544165
2025-01-02,1.0632547441058091,1.220979809078212,1.474403675050627,1.4050650547672,1.0601108414213152,1.2255411319800955,1.549625522694501,1.5445226392895859,1.3783191517526836,0.7980522177046435,1.3179592054270033,1.09974251062645,2.085814729234077
2025-01-03,1.0506037952846474,1.201055496619377,1.464850230855155,1.3875048549833748,1.037562902132363,1.21104308978216,1.5534273849626141,1.53212443769634,1.3443317358367681,0.7742641149196053,1.318343044743022,1.0751068954370666,2.0973010095096023
2025-01-06,1.0448533640023012,1.200211351069607,1.4644116033043517,1.3888540943127825,1.0407666809425755,1.2095213409131225,1.5484789510978059,1.535302020594958,1.3402558816272265,0.773175455074203,1.3188803727255967,1.0678532172221409,2.115298195567877
2025-01-07,1.052041403105234,1.2046972223854744,1.4614344248493858,1.392495345290789,1.0554442673364908,1.2285674259279875,1.5687367119477669,1.5307489646397214,1.3563954248048513,0.7866152682181329,1.314939801253213,1.071061053989497,2.079183096884284
2025-01-08,1.050028752156413,1.1984442740299928,1.4598663538815917,1.3890456940578202,1.05686552261482,1.2224194098688164,1.559076078533757,1.532644057475493,1.3555291626525598,0.7818336979087529,1.3161706876997952,1.0760510222942734,2.0925102245319263
2025-01-09,1.0506037952846474,1.1986808801197486,1.460694523593789,1.3886530345580324,1.0558521715080644,1.227884914440004,1.5664960674201818,1.5160570405802374,1.358383048259705,0.7872706584312801,1.3119563834766865,1.083179548443954,2.0882105908625928
2025-01-10,1.0322024151811398,1.1756524992723838,1.44354558756653,1.365465734487949,1.0372603694980698,1.1982156166117242,1.5279537630878914,1.493499844202574,1.3321769080262802,0.7702712369469247,1.3096846266973232,1.0879913035949884,2.0756338822088103
2025-01-13,1.0362277170787821,1.187454331168052,1.449752498839045,1.3751643160464644,1.0476012937299213,1.2078749498293915,1.5231638266527547,1.4879814657254837,1.3442403496461648,0.7826785739522524,1.3083608539097158,1.0817538432140181,2.0699515874960066
2025-01-14,1.059516963772284,1.2164327381311633,1.4714616728101138,1.4024678217355813,1.0735288296483456,1.2336862010920766,1.5257337880428516,1.5091792511601836,1.3828842028941104,0.8071606006691735,1.3138816746085749,1.082644908982728,2.0708325969264303
2025-01-15,1.059516963772284,1.2167455999687018,1.477540861180164,1.4081462404213825,1.081440261537816,1.231629130241441,1.5255001551892067,1.5188660221203842,1.3865122267431513,0.8076284631692864,1.3177399363136861,1.0940505508222165,2.1058561773093643
2025-01-16,1.0534790109258207,1.2104683346553775,1.471126458149331,1.4026499722210581,1.0665180522382147,1.2251478612608449,1.5262121791241252,1.5283661874444017,1.3736142437114682,0.7932124574502676,1.3168784206553639,1.0952980428984107,2.0960779918759753
2025-01-17,1.0667050028752167,1.2262949428205676,1.4857870840209757,1.4180672927615658,1.0859721175048889,1.2367105550422632,1.524376492416913,1.5270960006218748,1.398403036773346,0.8128895028698061,1.318277258028114,1.0854963194426,2.103451558842025
2025-01-20,1.0713053479010937,1.2304805348804704,1.4915748832760922,1.4193983362209626,1.0848315891573217,1.2390698712266064,1.5239092267096228,1.5209778868826762,1.403331194623244,0.8150329161931278,1.3188222418872764,1.0874566641337622,2.1034383251003863
2025-01-21,1.0652673950546303,1.2203912931150822,1.4925829472825005,1.4134045790907914,1.0831536943006304,1.230393510161071,1.5262900567420068,1.5057877199772685,1.3997655290045112,0.8111703115526518,1.3212301472803818,1.0995751585882192,2.120844965164341
2025-01-22,1.0649798734905132,1.2219444004828741,1.4981048504224939,1.4165184658655574,1.0901479950974255,1.222152936203208,1.5258339164086994,1.4960514995484315,1.4043821660748048,0.8203538483155431,1.3217877777574407,1.1018919295868652,2.129477551207664
2025-01-23,1.057504312823463,1.2127678290117376,1.4870816796361586,1.4075706007968125,1.0810152344697788,1.2316381216986105,1.5245322476526764,1.511433372250419,1.3913289564737037,0.8034386879039156,1.3198920211830116,1.1065254715841577,2.1234043240915645
2025-01-24,1.0710178263369765,1.2260981617106312,1.4939961511005244,1.4187265058251137,1.091639848146129,1.2384488300144552,1.524309740173014,1.5191488684792316,1.409838551592643,0.8150729336773281,1.3199823363183487,1.1081293899678357,2.103653697609061
2025-01-27,1.0692926969522727,1.2250410602763833,1.4961245720188903,1.4196762702258094,1.087628204541951,1.2428650531517096,1.527747480733793,1.5395461331520104,1.4043078985035682,0.8048663049842935,1.3263762013227343,1.140564183948882,2.1234846233399143
2025-02-05,1.0560667050028765,1.213206017562401,1.4915466960791561,1.4110298422822047,1.0781480704069912,1.2336132957450918,1.5282147464410833,1.5120693637269425,1.3868195568783073,0.7936369400264718,1.3234970333970926,1.133976743268116,2.134428636191578
2025-02-06,1.0701552616446246,1.2309985058814945,1.5090279438728904,1.430371875975355,1.100819585588065,1.2677932838460981,1.5298279256686333,1.5167613483844253,1.40716654701796,0.8059389276477193,1.328674738979932,1.1330084352277534,2.1338802684558185
2025-02-07,1.0862564692351941,1.2460320700893501,1.5228343371136566,1.4427004200877735,1.1092300049309982,1.2803374693621354,1.5281257434492184,1.5222992697177846,1.422675625908476,0.8065067675040549,1.331698031610617,1.1325893492612111,2.1239464202309417
2025-02-10,1.0885566417481323,1.2506760119452018,1.5315913489557496,1.4495800453165797,1.1126436358498786,1.2797556469056446,1.5259006686525975,1.5237465660860712,1.4285689398976626,0.8087504449016202,1.3344685199045483,1.1488553614947203,2.145071144308816
2025-02-11,1.0819436457734344,1.2415143943584273,1.5202958152424622,1.4413626639056192,1.1075652248155994,1.2800599112431574,1.5258227910347157,1.5298996233153406,1.4207864940795716,0.8104252293961702,1.331769282294899,1.1460721587493432,2.1331550680648355
2025-02-12,1.0920069005175401,1.2537235525307142,1.532970331577171,1.45496926270078,1.1285341247667868,1.288822783952265,1.5257560387908171,1.5365994570772388,1.4451876226668874,0.8219119074251018,1.3354560609397146,1.1518502626601264,2.1360110507706382
2025-02-13,1.0894192064404844,1.2512048153076423,1.5329832391000942,1.4515544790165213,1.113844461010524,1.3025550661261622,1.5254667790672567,1.5375941216348006,1.4304029459808756,0.8133958385143297,1.3359057337045688,1.1564590122588028,2.1471969458466633
2025-02-14,1.102070155261646,1.262836696360938,1.542003794718729,1.4584300704139452,1.1238575199598124,1.3061993627675241,1.5220401638804604,1.5456887702308606,1.4475035943462689,0.817123111081982,1.335635838072761,1.1488486920559886,2.1313381969563783
2025-02-17,1.0994824611845901,1.2573826692541634,1.5375639955850007,1.4537490610142774,1.1224988493978356,1.2905029483486958,1.5209721279780826,1.5400460779554939,1.444601227452108,0.8182540172790866,1.3340358745171668,1.1478451804580232,2.133206823847314
2025-02-18,1.090856814261071,1.2417518457250167,1.5315908732613395,1.4425460548474702,1.1106211573737765,1.2703251344564308,1.5191809427668028,1.540817954037578,1.4284428578892265,0.8163395357273208,1.3327388045093298,1.1623469692302855,2.1528796571049034
2025-02-19,1.0977573317998863,1.2540592756071396,1.542448046312385,1.4559664721261567,1.1284429342112412,1.2776407091767656,1.52092762648215,1.5381329422844368,1.4535495424627523,0.825745603473062,1.3361477973007476,1.1606059815970615,2.1489290997401076
2025-02-20,1.0986198964922385,1.2614269665802598,1.5418737036087815,1.4590310570943303,1.1301110440359383,1.2905763333566607,1.517167250075861,1.5381688983575101,1.4586053066415139,0.8262224485313278,1.3338759050642879,1.1619676247069897,2.138617022156659
2025-02-21,1.1095457159286959,1.2719251773531244,1.5454681541099202,1.4629936015545288,1.1473057885383204,1.2866797909148793,1.5157209514580576,1.5291649758930066,1.4809712333417278,0.8318485238088849,1.3321559711129791,1.147570486216771,2.100371622180188
2025-02-24,1.0994824611845901,1.261548214416513,1.5352391196934783,1.453508274162378,1.1357425346728243,1.2839745900703852,1.5138185125069465,1.522379487856614,1.4651943060482855,0.8268428446679843,1.3288088821444637,1.1438026929508736,2.09795698711394
2025-02-25,1.0974698102357692,1.2586780873553673,1.5323668220085462,1.4494995621528295,1.1364855789246047,1.2765457095006274,1.5150868051410205,1.513835762319753,1.4696870197575762,0.827075806385332,1.327484170837788,1.1437649049993703,2.0816405871171755
2025-02-26,1.105520414031054,1.2711279797105428,1.5377329502132318,1.4599639144415348,1.1514038793622008,1.2877706011870773,1.5148976737833078,1.5252660072556112,1.4849715420265848,0.835051709749551,1.3291933963359461,1.1506203485795763,2.0766865653562907
2025-02-27,1.1035077630822328,1.2700907327827005,1.5261789183088907,1.453685409465413,1.148465354057024,1.2847793581388418,1.5138963901248284,1.5346937855120955,1.4765560162316227,0.8357314847681067,1.3259756426971117,1.1451876446827356,2.047789476894396
2025-02-28,1.087981598619898,1.2501381728072618,1.508260463167037,1.4338433078825863,1.123755827098063,1.2727444825821677,1.5150534290190714,1.5245961658308937,1.4434081860586494,0.8228569859255837,1.3212595868109778,1.1269461601052404,2.0439810641002714
2025-03-03,1.077918343875792,1.244559147401086,1.5032055351237754,1.4275898370842317,1.108873213549167,1.2583214678003585,1.5036839934367685,1.515889581194152,1.429880535821312,0.8139358808690519,1.3210828208245977,1.1187372307958163,2.0325060664233323
2025-03-04,1.0836687751581382,1.2546734974507263,1.5132595854081246,1.441214480485332,1.1309584108973418,1.2801019464203796,1.5347542200051854,1.5196935552216573,1.4518663880715672,0.8258384008446453,1.324403040173393,1.1356119943053415,2.0341239849026107
2025-03-05,1.093732029902244,1.2622325669666539,1.5227242845982025,1.453272766655038,1.1472489259364576,1.2867799556218573,1.545110203932079,1.5328846548652861,1.4684749996788287,0.8359865637375455,1.3282766702455993,1.1475285418131889,2.049634152251211
2025-03-06,1.100920069005177,1.2701228188965565,1.5223501413862888,1.4561484363206745,1.1535068847359886,1.2979163714219963,1.5579068389872648,1.529682827827601,1.4775708130836436,0.8350505620778925,1.3260013269114428,1.1469414989258058,2.0229062033024223
2025-03-07,1.1000575043128251,1.2740904083394535,1.5190987268520248,1.4572091191351921,1.1485904082509422,1.2884721824897258,1.5586386418109741,1.5297597367859088,1.47174221141072,0.8320335801899417,1.3238258687274207,1.1442667576652978,2.0216866902747217
2025-03-10,1.0876940770557808,1.2632525283525637,1.4965899374014893,1.436928185799536,1.1375355797005564,1.285735420597267,1.554943152247946,1.5184515928469084,1.4559020366257795,0.8242147818909566,1.314733259065851,1.1326787751051408,1.9659443525754947
2025-03-11,1.1003450258769423,1.2845149592611644,1.5076554704844138,1.4551617956703424,1.151829175343186,1.2946166020270642,1.5503066569292607,1.5321065871535746,1.475573209144658,0.8315282966279576,1.3174489752542318,1.1465874453944322,1.9671741868225654
2025-03-12,1.0963197239793,1.2777517110841925,1.509482126595903,1.4529642790445845,1.1480648030593386,1.291584237004553,1.5556872811262537,1.5310185407751467,1.4688444083787295,0.8296023358858272,1.3209550512104593,1.146750017891041,1.983480408263172
2025-03-13,1.0928694652098923,1.278955222893122,1.5048062910643527,1.4492911525610577,1.1327447866604705,1.3153201125711362,1.5555842478969497,1.5363071262956933,1.453877115024166,0.8241325750063664,1.320908320259631,1.1519311724658456,1.9759417317803685
2025-03-14,1.1233467510063269,1.306439660417471,1.5293780548802545,1.4720385129297664,1.152684493616908,1.3245484030262225,1.5549774966577141,1.5599595521995644,1.4849163435266197,0.8364403420199944,1.3300214522905685,1.1588537621148252,1.996250259240253
2025-03-17,1.1204715353651535,1.3041513129085502,1.5281419433515004,1.4712944836281705,1.1555328744135056,1.3220467793674793,1.5529626246179888,1.562624715930114,1.4857544802962388,0.8382970530316186,1.3291838654568162,1.1543900840848906,1.9965018263445842
2025-03-18,1.1175963197239807,1.300886960332846,1.5287705843913164,1.4702778961625895,1.1527402891510743,1.3203779818449048,1.5543135047355319,1.5568993045644173,1.4831537564596888,0.8359427210412741,1.3299786475091062,1.1537701761493746,1.9982097532288143
2025-03-19,1.120759056929271,1.3012165368191722,1.5342435587155645,1.4747563322775834,1.1520816660700857,1.312664653139369,1.5546798451063908,1.5667588485560853,1.482766210470182,0.838738975769878,1.333265976193708,1.1541673405152386,2.0200806424812883
2025-03-20,1.1075330649798745,1.288886156845767,1.5267381457051654,1.4667051594151577,1.1422959283791942,1.2998887769968053,1.5558246587653255,1.55590509389694,1.4679122639648587,0.8315108895381838,1.3305321705357065,1.1413682454396197,2.031310168632863
2025-03-21,1.09200690051754,1.2735675025199844,1.5162645382247946,1.451699471323869,1.1212751126792497,1.2718334355124588,1.554313504735532,1.5451559723888704,1.4432385585593754,0.8209973884321267,1.3261117111622456,1.125479729556855,2.0361507411929507
2025-03-24,1.097469810235769,1.27606818403236,1.5236380298152188,1.458320852300837,1.124827545362314,1.2751111791767415,1.5596565151951398,1.5559791652484019,1.4474407078378568,0.8280866951235799,1.33022252882445,1.1293204619438835,2.0667984905256116
2025-03-25,1.096607245543417,1.276826609117618,1.5214134182403576,1.4574325463607312,1.1155570732074958,1.264175589483031,1.5475185164135625,1.5614964355767273,1.4384651024639565,0.8243871196223667,1.330259568294858,1.1294892095525604,2.069157773058379
2025-03-26,1.0925819436457747,1.2724324162053533,1.5134427596502633,1.4479385720364406,1.1129241506795704,1.2639208439160807,1.5495672225777974,1.5544580045285394,1.4347774072826982,0.8205924465758296,1.3281195332593718,1.1249762158450618,2.0346231199595666
2025-03-27,1.0971822886716516,1.2798514944375419,1.5203412763865654,1.4556247353841758,1.1192625572572894,1.2739345005213196,1.5648509820454706,1.5588870549819382,1.4419816062787592,0.8261408137463923,1.3317631434236958,1.1318377204735428,2.0435838280948766
2025-03-28,1.0905692926969535,1.2690748464591113,1.5056303533088302,1.4405843466584523,1.108070670197766,1.2588879340807528,1.5425748603578737,1.5549115488849812,1.428005439368935,0.8207901016004551,1.3266304379913734,1.1246771573720618,2.00185619174467
2025-03-31,1.0859689476710765,1.2634588843456076,1.5054814711346691,1.4381724747821218,1.1093086446360891,1.2579409216149886,1.5399204613164756,1.5493222946221348,1.4211660263654224,0.8219066733990701,1.3273987869514894,1.1218053877321799,2.012386567473511
2025-04-01,1.0845313398504899,1.27034177308817,1.5091754218567384,1.4411188324341173,1.1026035803300238,1.259533175475406,1.53932087870652,1.5517659171451295,1.4192930321203463,0.8293970249054583,1.328592255067522,1.1275167301210263,2.031302052190642
2025-04-02,1.074468085106384,1.2612637833248028,1.4999890895490868,1.4318982493694585,1.1010559329501106,1.24735446132582,1.5426242395009928,1.551740432114588,1.4121485545205514,0.8237311153419369,1.3280470778958111,1.121590556713112,2.0091180192984717
2025-04-03,1.0319148936170222,1.2211527375798552,1.4316191641478198,1.364806243243679,1.0686843683501488,1.198635622205615,1.5502604331183523,1.5231996675495243,1.3456464945809834,0.7879530231043012,1.3058936873508602,1.0840017463016782,1.8436746224824077
2025-04-07,1.0025876940770568,1.1688692897606325,1.4031079599202774,1.32009091243588,1.0246402252255093,1.132725735231915,1.5035151928512611,1.4733018120842019,1.2787186945680438,0.760648274035944,1.2914123759746214,1.0576616765695692,1.8778601090041052
2025-04-08,1.001725129384705,1.1684242481288616,1.3907553113396316,1.3125682858357872,1.0175932588377858,1.1249258836929286,1.4895776244354904,1.483086602836708,1.2637140471108244,0.753528009118165,1.2897806821582198,1.0652010013269542,1.8513660997053905
2025-04-09,1.0368027602070164,1.2131343255492417,1.4628449603624423,1.3829521008970767,1.063671353630166,1.1957300346627828,1.5679764467742003,1.5050354714399057,1.3235739964359063,0.7741353282529755,1.3161007072163606,1.0866048260266579,2.0133268193924345
2025-04-10,1.0347901092581955,1.212342026748775,1.4558512512497574,1.3774998399545662,1.0588532286078622,1.1983579498499923,1.6028203678136268,1.5068007287127967,1.3258137739028455,0.7809214783225039,1.3170549346586669,1.0918676384415285,1.9790838811949873
2025-04-11,1.0488786658999434,1.2287002405069878,1.4828744745118496,1.4051605526967357,1.0888566101424793,1.222540299106144,1.6167579362293976,1.5137481638541623,1.3536988807384776,0.7898001317680666,1.3250615632585976,1.0917356853876035,2.0266801963775207
2025-04-14,1.0445658424381838,1.2304525211247836,1.478301660612059,1.4058891778523008,1.0841183730037218,1.2269457131705042,1.6126524906762165,1.5205030747160357,1.3480858154349724,0.797869435867722,1.324271300463039,1.0952018667628307,2.025827935225549
2025-04-15,1.043703277745832,1.2274931176654906,1.4736783439613734,1.4027379578514645,1.0852704439214054,1.2228022649370769,1.6126642499313564,1.530472193848175,1.3396582414947626,0.8007728022203262,1.3248330611273857,1.1002464066137354,2.019334416545668
2025-04-16,1.0439907993099493,1.2245468900320557,1.4724015851196688,1.3993012396140299,1.0838160411444935,1.2144644518794254,1.6139224902313614,1.5385293856391389,1.33001956969838,0.800189028209114,1.3279277879772842,1.1078101626640455,2.020338860388304
2025-04-17,1.048303622771709,1.2272179473082152,1.472238473589124,1.3990062564058894,1.0895130400019433,1.2152000548008162,1.612958231309862,1.539870773829029,1.3353886135211266,0.7950813800963471,1.3272007213615902,1.1088185509895443,2.0114708678089066
2025-04-18,1.0506037952846476,1.2264935646602702,1.4766904038039093,1.4019220716286345,1.0923311567878602,1.212877404232445,1.6122761945117288,1.5471743459740182,1.3336112568001355,0.799017090549171,1.3296943759076865,1.110647079189905,2.01320150668369
2025-04-21,1.0534790109258207,1.235045238441636,1.488090063651763,1.4127663785341193,1.09335838604559,1.227199755684419,1.6109356394257421,1.5405515835254067,1.3463276176719121,0.8107043137577746,1.333401752713457,1.1113595552248285,2.016143072914126
2025-04-22,1.058366877515815,1.2408181172187278,1.4957879444695166,1.4204666970888487,1.099026955180768,1.2297715487975942,1.611229620804248,1.5494951396932923,1.3574554045823943,0.8149606410445178,1.3360190594339134,1.116501474283476,2.0465832264287434
2025-04-23,1.0554916618746417,1.235123905853548,1.494873039671506,1.4168760909312583,1.0938514397435892,1.225158277419114,1.610429991454712,1.5412660977744057,1.350864914248203,0.8086390273368123,1.3337874245413177,1.1072670902299735,2.051335800338291
2025-04-24,1.0569292696952284,1.2356470298105307,1.4957141245777792,1.4183959565358863,1.0935380871282585,1.217044155513257,1.6094892510434937,1.552717858267285,1.3525318425813606,0.8136098590714416,1.3348527597455986,1.1129849180057212,2.0697251019501977
2025-04-25,1.055779183438759,1.2324973168079192,1.4927234619965373,1.4167705556212415,1.0927194530315734,1.218137444785633,1.610171287841627,1.5493399965353851,1.3474481989165394,0.8065353994750877,1.3328929879533147,1.1054881024651382,2.0591904640849235
2025-04-28,1.0531914893617034,1.2273776805874386,1.4916595829559647,1.4141908842914828,1.0923931930247963,1.2113879329244646,1.6099361027388224,1.5529117697939587,1.3405641829840855,0.8079472222057419,1.3333598626507426,1.10745109570082,2.074099422716929
2025-04-29,1.052041403105234,1.2282853663467406,1.4916974346203467,1.4157432783440935,1.0954512617109229,1.2131702379332967,1.6119822131332229,1.548610122895145,1.343742630702519,0.8079702749766242,1.333684714710808,1.1043321380901885,2.0693782092495914
2025-04-30,1.0566417481311112,1.235664460716837,1.5055537510804953,1.424155544980186,1.0970160274538445,1.2225047001980134,1.6128994350341608,1.5350374824729092,1.3592888643551182,0.8102904086332473,1.3367051456954457,1.1036657958140712,2.0927775059289266
2025-05-06,1.0750431282346187,1.2560737013707128,1.5236931078714533,1.4460747475389857,1.1216914122142398,1.2368021179053488,1.6126524906762163,1.5394000931186462,1.3845163326592742,0.8141978435723172,1.342200868435893,1.1090179417145087,2.090855411419212
2025-05-07,1.0658424381828648,1.2469138169328842,1.5189507044851982,1.4380458282933857,1.1056708555049604,1.232372208972581,1.6129229535444416,1.5422733625259104,1.3668048719733705,0.8088428018121193,1.3413396223743574,1.107088886261794,2.1074675715401474
2025-05-08,1.0738930419781496,1.2545541486583947,1.5229434405011197,1.4448480658553706,1.1114120428015195,1.2334652232276406,1.6151572120210858,1.5500627288790627,1.3770112958837073,0.8133975485220963,1.34366870277283,1.1081315134959446,2.09835439408689
2025-05-09,1.0787809085681437,1.253962151048494,1.5241977780451845,1.4437642019580141,1.109663310238419,1.234822881279572,1.61386369395566,1.5629933665284983,1.3774996925335097,0.8171048047404335,1.3436670920230978,1.1098909296957715,2.105184823804474
2025-05-12,1.0925819436457747,1.267702904172477,1.5396561132726678,1.4615483013090207,1.1224600516568715,1.2389022491337869,1.6131346201369658,1.5669197545718956,1.3922860401345107,0.8174049921225672,1.34747100761207,1.110973358174734,2.1202180864871387
2025-05-13,1.0879815986198977,1.2626149871576526,1.5344483975449337,1.456541895441993,1.1189056364462622,1.2394014427325166,1.6126524906762165,1.5753938082847256,1.3815645309379556,0.8202552141137786,1.3468770645272383,1.1142329786591378,2.1295515278628585
2025-05-14,1.1003450258769423,1.2723030950161986,1.5371113130855178,1.4639524168481832,1.1317531323902896,1.246259024148002,1.6112648985696687,1.5911353188533495,1.3924706621017697,0.8289045246960765,1.3473688570379652,1.1206192169381586,2.1270285178874606
2025-05-15,1.0899942495687192,1.260788973647916,1.5266301800694089,1.4516352796958796,1.118382506549402,1.2337713449747179,1.6100419360350848,1.5856057108507178,1.3772975539377084,0.8275580664791176,1.3433958224176832,1.117754061990099,2.1286371623788427
2025-05-16,1.0848188614146075,1.256087675166595,1.5240472264075784,1.44989916884568,1.1121461728697584,1.2296004510315723,1.6090541586033054,1.5714829976139526,1.3651310674753088,0.8224120663855611,1.3414741213286503,1.1097109957638307,2.1254290129800832
2025-05-19,1.0848188614146075,1.2587714058548307,1.528358751284569,1.4542876337007817,1.1138269902084679,1.2300185666634107,1.6106651765575175,1.5744447922936793,1.3668214986369098,0.8250095220687096,1.3437019139032513,1.112653842005202,2.139361799813441
2025-05-20,1.0905692926969537,1.2639977551005352,1.5369443389820814,1.4617035669981582,1.115013410981112,1.2299424183174825,1.6098420286977013,1.579601849669743,1.3734133802362192,0.8310691624101433,1.346636226036815,1.1207533389152022,2.152191612725937
2025-05-21,1.094594594594596,1.2695632496799223,1.5393499781033542,1.463758274887252,1.1116369577954488,1.2258672325700521,1.6105475840061154,1.5892286301929301,1.3772822111358518,0.8364108346541984,1.3490462486157344,1.1287292617411395,2.140403139976263
2025-05-22,1.0928694652098923,1.2667615466477073,1.5325775308052112,1.4601874179987548,1.1122279658685748,1.2213188437787301,1.6104887877304144,1.5942575615638044,1.3740404897890195,0.840705499059691,1.3474816849561424,1.1299229065240906,2.132720877187773
2025-05-23,1.084243818286373,1.2562360609182126,1.5263654722230857,1.4509581975109196,1.099844593887838,1.211534238527539,1.611488324417334,1.579961641841672,1.3609410965929216,0.8348086873668696,1.3452641083645447,1.1228585833269251,2.135173439242817
2025-05-26,1.0793559516963789,1.252684365538338,1.523998375393814,1.4485095877882046,1.098750315565187,1.207926386253811,1.611523602182755,1.5740052428281117,1.353477054899695,0.8280404202045036,1.3443616413446382,1.1166259863187198,2.1365834456590904
2025-05-27,1.0741805635422672,1.2500391128693646,1.5235061704755877,1.4482162277206028,1.0964958001403613,1.2060153054140708,1.6110532319771456,1.5744933029995272,1.3558354675246707,0.8327396961069032,1.3434753369160815,1.1177010930438007,2.1522524519906296
2025-05-28,1.0736055204140325,1.2495316063318531,1.5219975364971878,1.4467699601838993,1.092094376237299,1.2030486440133126,1.610712213578079,1.5787981901910355,1.3536081804294358,0.83336979033328,1.3429172747657068,1.1165704916713746,2.158051160126751
2025-05-29,1.0776308223116748,1.2593129897853477,1.526690395989334,1.4563740251294421,1.0983907865957432,1.2109835501855746,1.6102300841173294,1.577044337546237,1.368198642427906,0.8400310943569299,1.3446699583115047,1.1243774974679006,2.1433681198749372
2025-05-30,1.0738930419781498,1.2553577965768117,1.5280882940020106,1.4565114102132868,1.0935855360075242,1.1957853672666914,1.6112413800593894,1.5817835521950439,1.3648269266501294,0.8414592296103031,1.346082232739141,1.129684172299851,2.164360844210222
2025-06-03,1.077630822311675,1.265010710763998,1.534049830682554,1.4676699390669874,1.1086337969173252,1.203590831489306,1.6107122135780787,1.59952006652176,1.3810151626791345,0.8540326949485406,1.3482086274649054,1.1414049258411205,2.1723736987443716
2025-06-04,1.0830937320299039,1.273307158557639,1.5402765785218346,1.4756636636034244,1.1163814697934429,1.2117197173783327,1.6115823984584559,1.6022413126228974,1.391620957506833,0.8594242644879766,1.3509645054665187,1.1458360399297645,2.172161677142668
2025-06-05,1.0856814261069598,1.2740100261872878,1.5418832937679972,1.4768473789886822,1.1247954428758609,1.2224593585047046,1.6131346201369665,1.5934819921498047,1.3915749450731276,0.8518332611510808,1.3515127130473072,1.1380384373602015,2.160638848801691
2025-06-06,1.0862564692351944,1.2729429659229912,1.5407019274801659,1.4770260842489489,1.124905020946337,1.2213513117704171,1.6139224902313618,1.594508146944177,1.3917488161279585,0.8525551216520065,1.3516334822231664,1.1354227953114449,2.1607525574879847
2025-06-09,1.0885566417481327,1.280231485360707,1.5458891419190006,1.4851363170109735,1.1291258566648774,1.2219566194298723,1.6146045270294953,1.5961020418285539,1.4030168333731325,0.8589733534335774,1.3532029666456498,1.1405047103805919,2.168155781657456
2025-06-10,1.0819436457734346,1.2729000869488274,1.5410947881271377,1.478428300266473,1.1188708205625535,1.2140018170522096,1.6147103603257573,1.5973992332583504,1.399801386029265,0.8628292760256028,1.3520625298538242,1.1439155497412652,2.1723333609697986
2025-06-11,1.08884416331225,1.2770082913821825,1.5481291132027812,1.4830194279506108,1.1245727041087017,1.2201821424764974,1.6144046196921114,1.6051001155783222,1.4031753191614302,0.8627560720841757,1.3544079375299563,1.1479182746008643,2.1759971971137935
2025-06-12,1.08884416331225,1.2767520040992664,1.549163034614126,1.4843889275098057,1.1199142303584704,1.2056700681452415,1.6140636012930445,1.6018173199838788,1.411548864908724,0.8712600677285127,1.3551853235867233,1.1538892622243082,2.1712979499678835
2025-06-13,1.0819436457734346,1.2640269025256867,1.545037496476091,1.4770302188337232,1.1129119125663542,1.1845990145627951,1.6144986937332328,1.5849403616961968,1.3958587386426884,0.8612597475164921,1.3533150471284103,1.1424185880713316,2.1799551663233463
2025-06-16,1.0868315123634287,1.2710405918642926,1.549544542333293,1.4855596325960665,1.1274888158440315,1.1900633502854785,1.6145810085192145,1.5934373625678173,1.4068242006000213,0.8671641583449569,1.3549567607850699,1.1443285034674515,2.1792166870084895
2025-06-17,1.0868315123634287,1.2659825072194488,1.5457982268697916,1.4786319384027145,1.1254112748781562,1.1912570529732265,1.6167799892304382,1.5920765175607052,1.3937859095673395,0.8554789441479739,1.3549352760681146,1.1343622969788114,2.1722603309884048
2025-06-18,1.0853939045428422,1.2639829387295567,1.543245311434238,1.477729738180438,1.1252355156346117,1.1897771685105545,1.6168035077407181,1.5963024988834773,1.3934451766077938,0.8580232483549476,1.354853603578373,1.1367963064456268,2.1668817352808016
2025-06-19,1.0779183438757922,1.2544001120715622,1.5347243446639807,1.4676274687436723,1.1200776907121326,1.1887963920973514,1.6169328595472605,1.592053465837428,1.3810805578759642,0.8536567178289681,1.3526128985701662,1.1311253920973032,2.1607856886369707
2025-06-20,1.0770557791834403,1.25213990813716,1.5276792750627681,1.461824398212276,1.1164335961429148,1.1903913793102445,1.6171092483743643,1.6012931046789465,1.3763725599736485,0.8569372571615805,1.3514864318272888,1.1344015578516289,2.153468977602995
2025-06-23,1.0848188614146077,1.2631672125251263,1.5399808273604265,1.478423902506318,1.1339118282760094,1.1969026471122333,1.6267209868931565,1.608573987153506,1.3904998978457375,0.864954887158578,1.3547921252924813,1.14081260979146,2.180006398774359
2025-06-24,1.097182288671652,1.2775251735661195,1.5527934029629034,1.494906956162446,1.1522236527127034,1.2093070758346733,1.642660469090736,1.615789675529523,1.406776943810708,0.8707559232585107,1.3579445265808932,1.1447640224368767,2.1837640153887845
2025-06-25,1.1132834962622211,1.2952821812464794,1.569176392522628,1.5165516417103968,1.1828641592986147,1.2260153982622204,1.6471486124489076,1.6250040843608846,1.4267922862605584,0.8754923273092411,1.3627038279049117,1.1497837681992573,2.186669238500791
2025-06-26,1.1118458884416347,1.2925275931554863,1.5685312220886103,1.5157166663961488,1.1797163334545029,1.216770199020653,1.6300228797647138,1.6326135133139106,1.429957260974772,0.8767671964521835,1.363365246167075,1.150694123945275,2.196135736304978
2025-06-27,1.1035077630822328,1.2886113825645038,1.5688610679592472,1.512321369529516,1.1680637919815071,1.222117973659155,1.6310664283433083,1.6059169068154158,1.4167640399920378,0.8628431013677207,1.3613741768931282,1.1353484990984108,2.2033214287966105
2025-06-30,1.1089706728004616,1.2980041396497926,1.576874435690165,1.5243059072456044,1.172036814669708,1.2222318570238648,1.6271639081963416,1.6097628415758158,1.4276635964345858,0.8689026508216694,1.3635283669141163,1.1455493996003374,2.211969097797444
2025-07-01,1.110408280621048,1.3015920661484504,1.5757203585974209,1.5277012270592374,1.1717945860291898,1.2246591058668546,1.6276136494644995,1.6219716646435673,1.436975504654856,0.8756118688714389,1.3642703863190986,1.155033066550357,2.206487813380937
2025-07-02,1.1129959746981035,1.3001369997251417,1.5773015404477344,1.525584935083599,1.1658113713139018,1.2283156459092694,1.6287735085244868,1.6273615526900873,1.4311524157333466,0.8672471698107429,1.3655440981402582,1.154865336663535,2.220581598223137
2025-07-03,1.1178838412880978,1.3037800213823452,1.5840522426967076,1.530850191141915,1.1671918465907682,1.230601701696471,1.628939202675913,1.628898732998044,1.441842858303074,0.873832890928171,1.3669165690968834,1.1569317914424975,2.2278205656471894
2025-07-04,1.1221966647498574,1.3051166235348168,1.580393803214939,1.5309451441680908,1.172232823045665,1.2342957502390595,1.6291877439030533,1.6435132652171691,1.447924962602866,0.8797539352709781,1.3673486480860866,1.1596610348156275,2.218485887029475
2025-07-07,1.1193214491086843,1.3026443838891832,1.5790329373254024,1.5290509586128616,1.1769326843054388,1.2334729766091983,1.6288090144140779,1.6489072079764486,1.4485352944048764,0.8761876773291104,1.3674325823719218,1.158972066325144,2.220976618986927
2025-07-08,1.128522139160438,1.3124318207141712,1.5889428758181152,1.5384542715261253,1.1838659726472758,1.2462918435878856,1.6277083318367436,1.6463902722480706,1.4592244831146646,0.876604717048831,1.368452044288809,1.1609649523839338,2.217373195837243
2025-07-09,1.1276595744680862,1.3120249858032835,1.5906123100190352,1.5369298680239099,1.1779772665150998,1.2392424526984565,1.627649155354091,1.656812074939445,1.4624631880763417,0.8777966083991254,1.3694165804605511,1.160862800537704,2.221947091607862
2025-07-10,1.1336975273145493,1.3217893066911095,1.592743654923318,1.5459069729768598,1.189722331774312,1.248262644097517,1.6264419551079823,1.6676996130805215,1.4709647479395331,0.8830089624391658,1.3698787887961388,1.1688621298614261,2.222739326953291
2025-07-11,1.137147786083957,1.3298660436271301,1.5977858202758277,1.5547243289451627,1.197327206100373,1.2674593319696172,1.6260513903224763,1.655220417938955,1.4685422994723436,0.8867335391837293,1.370019261778182,1.1730990655646722,2.221095985581717
2025-07-14,1.1382978723404265,1.3293884379874361,1.5983502034338906,1.55460645300295,1.1931176776476038,1.27385460614176,1.6254596254959526,1.6644636774368047,1.46705702092611,0.8897066013574002,1.37030449577687,1.1720192061219121,2.22464892704653
2025-07-15,1.1374353076480743,1.3233867393160503,1.6030135613476724,1.551782177726344,1.1843978644561985,1.260161594594678,1.626903531672671,1.646919781099488,1.4633343848174425,0.8878806926646243,1.3711853922959005,1.1689276749442108,2.224965358276744
2025-07-16,1.1345600920069014,1.3231225061492835,1.6018756269483798,1.5512045612117529,1.1828251365499534,1.254339611184818,1.6266668257420616,1.6437897007692326,1.4612060089667236,0.8900230730722211,1.370082675322445,1.1678338636303536,2.2297790165896223
2025-07-17,1.1457734330074762,1.3363374160351513,1.615992962938004,1.566726728424474,1.1881606770333915,1.252440015695655,1.6268561904865488,1.6439671758024668,1.475513125811449,0.903767694110248,1.3729935583751651,1.1790228495476172,2.241506658095679
2025-07-18,1.1541115583668784,1.3463714502969524,1.621335171675183,1.5757458951319108,1.1892894929242008,1.2562001034561385,1.626714166928183,1.65173805233004,1.4877804200538207,0.9097743610012219,1.3744729088297027,1.1867174549083033,2.2477466880292862
2025-07-21,1.160437032777459,1.3548607818841119,1.6296125244930997,1.5834231352879489,1.1931214380533113,1.27509558052682,1.6257318373161533,1.6541031213780102,1.4990952262703232,0.9074030822012961,1.3757614358928887,1.1934589200702144,2.253043726904833
2025-07-22,1.1733755031627382,1.3760356136805831,1.6376203784444319,1.5923643735550537,1.1918105195635578,1.333645922877662,1.624098566394947,1.6680300456643897,1.5166245917385148,0.9036046027374406,1.3769630716823649,1.2021149699429943,2.2543560333200334
2025-07-23,1.1707878090856823,1.3682653120433705,1.6350816617593011,1.589689874374936,1.197525888876282,1.3101543758749565,1.6237080016094414,1.6659533094339352,1.5092356789949086,0.903020728852154,1.3758840434242428,1.1977585412792389,2.257147918288897
2025-07-24,1.1794134560092016,1.3874381780405531,1.6433935811950404,1.6083862245199554,1.2110378329530778,1.3348179494407713,1.621080565779675,1.6593459837786277,1.5406005737124395,0.912151474653463,1.3754882260158383,1.2134221477317466,2.253407944706744
2025-07-25,1.1730879815986206,1.3808479823833006,1.6420306472105413,1.6081315794650017,1.2164949504807239,1.3140159358478107,1.622512636659863,1.6480851610986096,1.535518555673008,0.9104224285859914,1.3750332580013473,1.2098699818323961,2.2611873791746087
2025-07-28,1.1745255894192073,1.3846502742024527,1.6445931236485691,1.6148653141784797,1.2171807976813245,1.3088882913325024,1.6231280720794479,1.6422999414593236,1.5462854425072052,0.923946608547406,1.3756355897551786,1.2148784952956855,2.263041447828589
2025-07-29,1.1799884991374363,1.3937289621332285,1.6524034976123378,1.6239436133850167,1.2209211821477488,1.3028772965752515,1.6210568951866138,1.6333082907817662,1.562533024885848,0.929560830795665,1.3755473162004486,1.2232081099021448,2.262281536400202
2025-07-30,1.1782633697527323,1.3847764463453878,1.6492087590732298,1.6165574060561818,1.212700052855705,1.3080126307733244,1.622571813142515,1.6400544076966228,1.545973304187771,0.9246513786769411,1.375966037546131,1.214757276337077,2.2744207610990714
2025-07-31,1.1572742955721689,1.364888289057622,1.629896438512418,1.5966022516579466,1.20010805772716,1.2918218226249207,1.6236133192371975,1.6184634401355822,1.5214460251805808,0.9196258949337194,1.3716534388631685,1.2001247285322656,2.2539826177802307
2025-08-01,1.1497987349051186,1.3556588184803806,1.6242770669360074,1.5851412298712675,1.1854637018193213,1.2901092852874307,1.624299766435965,1.6111874489448292,1.5128596868274418,0.9092163699129645,1.3698047206013395,1.1927356159665605,2.2415583796331044
2025-08-04,1.1589994249568725,1.3737225408408653,1.6412046527029613,1.607563707571899,1.2013535697554554,1.3065090654628226,1.6510228190424998,1.6247211413696614,1.535808612647795,0.9305041662315519,1.3745461386428803,1.2098658969279035,2.267673569575798
2025-08-05,1.1667625071880399,1.3822983808101292,1.6395169250468296,1.6129900144754703,1.207089052344857,1.3152711576318006,1.6621098597773853,1.6396211010060615,1.5406284940171824,0.9336674951517582,1.3759433366356437,1.2148760280607978,2.259042257936226
2025-08-06,1.1710753306497999,1.3925623702687493,1.6522053194444564,1.6257586887040596,1.2106355916245188,1.3326932554995132,1.6909928813754234,1.643721557147914,1.5531942042911215,0.9489837610702315,1.379621081836129,1.2238286132287675,2.279275601090479
2025-08-07,1.1687751581368613,1.3886709132514197,1.6481416059408298,1.621042966746204,1.2012919121017545,1.3361325486377995,1.6996350937163542,1.6443306527053203,1.5448353745058736,0.9408727870587377,1.3805907225858063,1.219494752306538,2.2787746198232046
2025-08-08,1.1673375503162746,1.3883990513454214,1.6500631019528436,1.6220164195748192,1.1933288298563147,1.3434180661997113,1.7198731382024863,1.6442660379698582,1.5528725550417113,0.9489542655741385,1.3804084095958704,1.219116059156103,2.2850023801622648
2025-08-11,1.172225416906269,1.3966535231201158,1.6564358613000136,1.6280900482895777,1.2071138096526879,1.3581808697760844,1.7144180965072602,1.6442229860096405,1.564899510153561,0.9519962669826812,1.3801869761283792,1.2253342947072836,2.280173899969117
2025-08-12,1.1820011500862573,1.403362100081013,1.6671876802102465,1.6366751088556875,1.2183109020112695,1.3633012581842436,1.713818466167031,1.6532405241120682,1.571429344776415,0.9480406197672749,1.383068876392057,1.2310870257098772,2.2917786905480284
2025-08-13,1.1909143185738942,1.4165263420502583,1.6818512839222368,1.6540706598991735,1.2423050180006423,1.4032099974156378,1.7151926190300562,1.6506570817814887,1.604218868084645,0.97054877686626,1.3865867739953985,1.2477454852741232,2.295900565000261
2025-08-14,1.184301322599196,1.4029085557841814,1.6713416555606058,1.640298781465597,1.2333438269569268,1.381837098242459,1.714817850067413,1.6437375360721165,1.5828108545627708,0.9536513234368104,1.3840343067290586,1.235741964234132,2.2909614524674273
2025-08-15,1.2004025301897652,1.4295531195287798,1.6933173414591518,1.668040732813442,1.2825688165850704,1.4109860838258814,1.7146929270798652,1.6498795653199805,1.624534500815169,0.976067386779779,1.388941278464526,1.261624739545066,2.2918656701482827
2025-08-18,1.20845313398505,1.4357738910784457,1.701922017121876,1.6751202522624922,1.2837406824219073,1.4106248269470043,1.7109452374534342,1.654171930023579,1.6372682684315611,0.9832078123187209,1.3894939011166467,1.2690549174841004,2.2855328961927275
2025-08-19,1.1995399654974133,1.4245952425528925,1.6897515116312578,1.6577298812270733,1.2605658856217241,1.4094909132268083,1.7115948369886822,1.6511459110002182,1.6204167883516307,0.9653596988233852,1.3864403834021237,1.2543575909355706,2.262318505746175
2025-08-20,1.2205290396779769,1.4486264744579043,1.7051398266025635,1.680291711885773,1.2944109928343348,1.419850695522494,1.7100707765406,1.6729628791170577,1.6457419463555583,0.9773209239059754,1.3908290900095317,1.276229028369396,2.2638913962592344
2025-08-21,1.2225416906267979,1.445547790429943,1.701644378296721,1.6772018246862659,1.28623174872282,1.4267892505951212,1.7113200064160774,1.6788058864171576,1.6379861286355943,0.9742300619511045,1.3911705488445403,1.2715662898950477,2.2660204699239217
2025-08-22,1.2587694077055789,1.4821618151221,1.7356897964328297,1.7186260575603307,1.3598630735201858,1.4222167916842496,1.7103705917107144,1.6951158088333345,1.6882642391629668,1.001082100391139,1.3990266217259224,1.3121239714975177,2.283248949603204
2025-08-25,1.2740080506037963,1.498327111045413,1.7443163771244536,1.7304656548514035,1.3571028483382863,1.4369245688606598,1.7118196983662681,1.7138334227525687,1.7009359960967174,1.0241793936472299,1.4028246127088158,1.326238113849827,2.2786412941596548
2025-08-26,1.2702702702702713,1.49346688730165,1.7461797085579103,1.7269501947385708,1.351675498832888,1.422332675077481,1.7120320674450993,1.7121160960622093,1.7033959816355175,1.0153551114496757,1.402998433497785,1.3236950557738865,2.2881540490124386
2025-08-27,1.249568717653825,1.4645624709356455,1.732888981629259,1.7024786559448322,1.3257223388327355,1.3835442143307748,1.712544251694045,1.6812971213116659,1.6813657510402127,0.9942273785706018,1.3981896784934762,1.300545299410485,2.2863583576960576
2025-08-28,1.2728579643473268,1.484610466340091,1.7586747418772808,1.7258903739004197,1.3581751944122007,1.3835935986003998,1.7114699140011351,1.6892091628501296,1.729818117728814,1.0089171808863087,1.4037361146409706,1.3211760021245866,2.2891648167561764
2025-08-29,1.2892466935020135,1.5053928221325124,1.772809660883434,1.7455396295762873,1.3788994474469662,1.397183101475084,1.7118196983662686,1.7013264916029216,1.7660224627080832,1.0424917313088131,1.4070494048203597,1.3444053701403846,2.285429256897696
2025-09-01,1.2909718228867175,1.5127491695885382,1.7858406190941982,1.7544701969952277,1.391000160738163,1.3898105262914595,1.7134357636752269,1.6988147019898776,1.777633648349935,1.041734150641284,1.41110449066923,1.3557993041561867,2.301883922182739
2025-09-02,1.284933870040254,1.5016318365661756,1.7713438030628017,1.7426360505861695,1.3614119361400547,1.3985623659616153,1.706729557163778,1.6947509488295223,1.7455207189236248,1.0252492240684905,1.4092128109948951,1.3427074553216478,2.295944345738145
2025-09-03,1.2717078780908577,1.4777208398563193,1.7729856845134928,1.722179807473356,1.3510810102650466,1.3759498520085336,1.6664923180950835,1.673258985256309,1.7245234040197583,0.9979365162259861,1.4089907187160513,1.3233573183509229,2.311175355044352
2025-09-04,1.244105807935596,1.4475453600426798,1.7455976707544287,1.6914316827884979,1.273938569183473,1.385924149735391,1.6832578343737061,1.6572309625139807,1.6518988808064974,0.9580544980192115,1.4042391281074766,1.2901510737501236,2.3230467080713124
2025-09-05,1.2740080506037963,1.4824604800636931,1.7846244324526643,1.7263947783215459,1.3526672101088733,1.3872052810662845,1.7033764539080531,1.6785619370122702,1.7293064920714174,0.9955225649336585,1.4102019977044118,1.3259102976548827,2.3215765192077122
2025-09-08,1.2714203565267403,1.4831364482007012,1.7822898996256435,1.7279370055403869,1.325871379195886,1.3780933880228377,1.6921877825033382,1.6823558732684012,1.7135369323678837,0.9832251731536761,1.4108264614252009,1.3270848914772448,2.334467603047508
2025-09-09,1.2659574468085115,1.473827531823585,1.7776066824629486,1.7191717675577993,1.318238427143737,1.3663075451979214,1.6777157159451777,1.6779695658055533,1.7020731974323986,0.9785940081103033,1.40996547470131,1.3163274429731888,2.336242019719648
2025-09-10,1.2662449683726291,1.468885827503397,1.7831450717392128,1.7156273036293137,1.3239507781420052,1.3691060706492122,1.6811520799963056,1.67843590804117,1.7055637447819476,0.9780363841394325,1.4108380961653053,1.311901591583369,2.3460568359532847
2025-09-11,1.3050603795284659,1.5039209726085048,1.8153340543188334,1.7521570091486338,1.3856667375785179,1.423964917443224,1.7485143292559406,1.7065902627203964,1.77393205477851,1.0200370232676295,1.418027318565613,1.3489325292965517,2.349653582652656
2025-09-12,1.2935595169637735,1.5040185025931807,1.8137219355793286,1.7522004730820853,1.418156179725124,1.442323148744206,1.7710567599691904,1.700086015668711,1.797698894406687,1.0401619408134959,1.4176850902871048,1.3510503973798151,2.35073238978081
2025-09-15,1.2964347326049468,1.5030811307122223,1.824415998139802,1.7515022047885327,1.4112854013263403,1.4352783804936444,1.7731405717217148,1.6947995606919672,1.7908021865110328,1.031042308858554,1.422355398407047,1.3509425030208633,2.372168488747011
2025-09-16,1.2915468660149525,1.4970601669856791,1.8252789781793484,1.7462410291265091,1.4008269157328188,1.4276557599173125,1.769341628670964,1.6921411147915166,1.7849910851605675,1.0210488463250913,1.4200401562202403,1.3472322415738207,2.370996757917156
2025-09-17,1.3030477285796447,1.5073317194076807,1.8341128040656087,1.7535332191541795,1.4225079640382456,1.4311774651769258,1.7706809170685165,1.704774149893098,1.8088766686706923,1.03124541177042,1.422230962151013,1.3545639313957636,2.3597400834833318
2025-09-18,1.2843588269120192,1.4853365778096024,1.8247367211003245,1.7342890903560757,1.404167108719971,1.419657779227946,1.7697923507278324,1.679027468757268,1.7855658996278403,1.0121224898224335,1.4181482100145637,1.3377950937065768,2.373797882998082
2025-09-19,1.2883841288096618,1.4889299469882962,1.8305323300643712,1.7378525771981561,1.4080434823115144,1.4128087161303673,1.7679894625003572,1.6832498752372649,1.7879452689197504,1.0139810268180303,1.4195248358999135,1.3394087409893292,2.3923505328597137
2025-09-22,1.2949971247843597,1.490586169345304,1.8487346999773477,1.7446058239687008,1.4363279220751972,1.4054176265532194,1.7659984993752629,1.6824819537393307,1.8137361776556775,1.0300008585085052,1.4241611351195715,1.3469514319826872,2.4249011212759126
2025-09-23,1.2863714778608406,1.4777470940664885,1.8374429809328159,1.7306976969918033,1.4179515810339047,1.3967695383461727,1.7372615637158444,1.6782766301429568,1.7913971521089855,1.016953592297515,1.4216654513098774,1.3307553605216031,2.4218521582008967
2025-09-24,1.305347901092583,1.503164533049244,1.8586364843300183,1.7569228125996448,1.4759590428378933,1.4213162752621378,1.7830573461137516,1.6978762562530239,1.8507746076661271,1.0534254427626826,1.4246200434434075,1.3593276053659655,2.422183383549684
2025-09-25,1.3093732029902252,1.4983282905391242,1.8608891904610458,1.7512463123455666,1.481434794578746,1.417993320279375,1.78355832428691,1.6922354985764512,1.8515243191717807,1.052252896424934,1.4240774236418765,1.3562463451427011,2.4129535204251478
2025-09-26,1.3010350776308233,1.4899566300071674,1.854733515784393,1.7457603372836674,1.4746561347170883,1.4225727738653953,1.7921984100128672,1.6854536033946568,1.8409022481837318,1.0533616827588037,1.4243209746256655,1.3484377733256139,2.4295175623395258
2025-09-29,1.325761932144912,1.511093319292184,1.8824856243421042,1.7712238665542348,1.5232535463031576,1.4297837876884496,1.787569380239828,1.700298572511143,1.8894870088431797,1.0938634276280619,1.4298884147186344,1.37408247831493,2.452056956769851
2025-09-30,1.331512363427258,1.5278780820165787,1.9098721189083037,1.7961119753962425,1.5829017500343674,1.435729404142415,1.7903060542199287,1.7031525676362842,1.941671401489749,1.1328537972423598,1.438398677401018,1.4111793267426194,2.5159129289639384
2025-10-09,1.341000575043129,1.5317456545075085,1.9118433275836861,1.7999838690360364,1.5854293677091555,1.446209764928148,1.791531041620545,1.7099881794815033,1.9489669538440917,1.1347879191025665,1.439758271099498,1.4117324493141497,2.518290352785568
2025-10-10,1.2866589994249575,1.484053582110242,1.8574520132706631,1.7504357290066168,1.467945988660326,1.4497595498659657,1.7913355649076808,1.6994268604791236,1.832860045978621,1.0631217404534457,1.430613478266786,1.345842884103511,2.497438408888175
2025-10-13,1.323174238067856,1.525435133971536,1.9104971652030305,1.7983396311336426,1.5796263935283632,1.5123376991371762,1.8740311877097848,1.71899420249593,1.938229652854944,1.1287446175441176,1.443481785664279,1.4065466730435494,2.5588952626027526
2025-10-14,1.3010350776308233,1.5065773849477655,1.8750841492913821,1.7772836303345914,1.4873742696734227,1.4381320003183213,1.7764821992774293,1.7408568016768922,1.8544105362822103,1.072716823622137,1.4398277198092675,1.3621214654198728,2.537854629645873
2025-10-15,1.3128234617596328,1.5165541497268815,1.8877542201572306,1.7885365013295,1.498423634889447,1.462893986533778,1.8079887048580658,1.748356109822862,1.868029943197208,1.0795014215821048,1.4427324566029247,1.3726794802415356,2.5499891899589753
2025-10-16,1.3202990224266826,1.522722840231872,1.9008771444231551,1.7966666410666892,1.4953501016894302,1.4652068455956377,1.8188948029436705,1.7648080899520668,1.8646093691262133,1.075969279780419,1.4472803506879646,1.3742265555715036,2.568083117137316
2025-10-17,1.3018976423231747,1.5012197609591116,1.8827803272739527,1.7749375955369269,1.4623140732179865,1.4455896262158776,1.8031415501533523,1.7545064984949221,1.8248757041722892,1.0493694960052207,1.4430258301611258,1.3461284844732737,2.564792356194751
2025-10-20,1.3033352501437616,1.503219029927534,1.9021563859031065,1.7838105217134288,1.467150425414035,1.446906933386822,1.8027510700567673,1.7562410547727543,1.8294529816609517,1.050136756226037,1.4477971306280526,1.3536543143699458,2.627777614015025
2025-10-21,1.31311098332375,1.5062273356596974,1.890866362130762,1.7799678114276813,1.460233152852559,1.4624053931775114,1.82048376995999,1.7621799347649425,1.82956064023003,1.043274583984601,1.4436048234057541,1.3279343402263653,2.5638788633167735
2025-10-22,1.312248418631398,1.5035407344935805,1.886196196284174,1.7780082305951512,1.467180479482417,1.455843514978288,1.810012496079748,1.771970199883998,1.8328366117095587,1.0467503808628906,1.4438946247325009,1.333982023654902,2.570392266954969
2025-10-23,1.3240368027602079,1.5163132700916555,1.9066054586974637,1.7942973930470483,1.496080687837786,1.475227048667034,1.8291771487076718,1.7812912394489941,1.8603287896453071,1.0626659484421666,1.4488782005775729,1.3539118194770152,2.603077646028318
2025-10-24,1.3470385278895924,1.5346125960149914,1.9323195470470333,1.812769831467938,1.556666027095722,1.5380867869908421,1.8953282250301848,1.7809377583794366,1.9179425423706185,1.0955014654340312,1.4515807997166283,1.381731627834858,2.605258788927377
2025-10-27,1.3490511788384136,1.5378144249154913,1.9361226364964585,1.8189015748702542,1.553862254878487,1.5351252393714436,1.8953232902062576,1.7879371259796708,1.9180989885386355,1.094077649906023,1.4547176980238274,1.3764346237591665,2.6320803457390753
2025-10-28,1.347613571017827,1.5326443980647626,1.9371472369312617,1.8130203469159396,1.5484217849256174,1.5238691647159324,1.8962457025347856,1.784133928722379,1.9122271343143689,1.0797889466474935,1.4544544708859082,1.3631836127394201,2.625374149562477
2025-10-29,1.361414606095458,1.5418024089578535,1.9535064729307348,1.8236060894224844,1.581009379041238,1.521590008507799,1.8994672620105406,1.7731127003356724,1.9456942397019164,1.0965942160212796,1.457762254618014,1.3799976476800517,2.6387907973577236
2025-10-30,1.3502012650948827,1.5296057012451416,1.944949221837343,1.8126729431093256,1.5646168767780881,1.5112110976397433,1.9007613927401177,1.772336887093179,1.9265433029599017,1.0858385368887058,1.457974198502892,1.3798016777012254,2.6499259334234333
2025-10-31,1.3309373202990231,1.5223147655541651,1.9269805669461755,1.8041979268218187,1.513973341277719,1.5301426934004938,1.900348372294508,1.7650159765043882,1.8851080646809457,1.0644032825556438,1.4544830503405504,1.3476110392275589,2.6388242096618817
2025-11-03,1.3332374928119615,1.5249585399978076,1.9274908319794286,1.8049300635884395,1.5110594958658277,1.5293979590966105,1.9070613594906909,1.7817858301114036,1.883199137007839,1.0670605181856447,1.4554848058994785,1.3448287147926459,2.64488293042182
2025-11-04,1.3136860264519845,1.5007872795160766,1.8847966254691426,1.7696265000032694,1.4523880712819175,1.513010265009118,1.8414815328231982,1.7933447879897848,1.8238762757038232,1.0363181944292443,1.4490469754869442,1.3084935004388938,2.5602810356559607
2025-11-05,1.32806210465785,1.5182088615413276,1.9120635767607392,1.789912589462144,1.4970934033159653,1.527103153703886,1.8965685872238922,1.7914619870160342,1.8671098134448765,1.0648762017156042,1.4533535353041052,1.3342231613592541,2.590114071755588
2025-11-06,1.3418631397354808,1.5284538560518066,1.9227467868221821,1.7996527419944437,1.5227002536533085,1.53334524470687,1.9175541317574898,1.793729347384878,1.8940087430273873,1.0828546695082621,1.4547454670510034,1.354010323973574,2.58032907686923
2025-11-07,1.3438757906843022,1.531223716231825,1.9356176441575292,1.807189204543381,1.5368279155569722,1.5322981176767738,1.9228005178908893,1.7936960706466427,1.9087493474465917,1.0925940786368535,1.457400457974467,1.3660991558058746,2.617241259088209
2025-11-10,1.3487636572742965,1.542486620840464,1.948528604900319,1.8224810640782803,1.53225649037823,1.5604710336222039,1.9376956102454914,1.8178967980085363,1.9067592074468624,1.091583878817853,1.4610734860971781,1.374058278516092,2.6733894131518205
2025-11-11,1.3315123634272579,1.5271738255798368,1.9277632726732334,1.8045859558233968,1.4897227041310304,1.5567398786244266,1.926882576706175,1.8206570599856529,1.8676310032225127,1.0649974722504951,1.4589001585446568,1.3517492085389737,2.6557974162099094
2025-11-12,1.3323749281196098,1.5270893362774276,1.9304635988277317,1.8085468805057214,1.4968514231916703,1.5597947186486052,1.9398582169533545,1.826963232578531,1.8702196092691479,1.0672076308705036,1.4603518431174962,1.3562526332662797,2.679189242468186
2025-11-13,1.3404255319148943,1.5379199346423973,1.9329103423989162,1.815265810500352,1.5161764259855504,1.5750589470068794,1.9614842840319873,1.8273115622893552,1.8899660084606562,1.0783429628018102,1.4592308321478753,1.363544092483806,2.650067023631664
2025-11-14,1.3246118458884426,1.5281672908594253,1.9133387037772713,1.8054764015709512,1.4914853972665145,1.567285764105316,1.9679721041555769,1.8207666476387068,1.8659032112520937,1.0662761843274682,1.455827614367977,1.3482473049826516,2.6403154092842622
2025-11-17,1.315986198964923,1.5186188661928042,1.8968335587188456,1.7883476956143283,1.4868769039684218,1.5671687684382456,1.957618149634486,1.803769323231591,1.8598301195646407,1.0674920130003753,1.4512487726290106,1.3430938164816832,2.5975695879618326
2025-11-18,1.3096607245543423,1.5071067707522707,1.885062367207071,1.775740139479289,1.4762138533259275,1.5489442737402794,1.9716613214396113,1.7959127339632952,1.8466096374020275,1.0490441469772034,1.4480968924365272,1.3240980997409715,2.563135303256077
2025-11-19,1.3228867165037388,1.5155543109978435,1.9045736823233093,1.789346800421579,1.5029960124047794,1.562949323919609,1.9913217619667871,1.8010980915205275,1.8681789067638246,1.0614673326879271,1.451687382712346,1.3369448998454505,2.594188624368791
2025-11-20,1.3001725129384714,1.4895288464358607,1.869623280143495,1.7587200488983044,1.4495665131796724,1.5083135545071922,1.8986368280529595,1.8016434567918784,1.8141364670748388,1.0295249710247307,1.4467689823927021,1.3177783521298654,2.554731333459132
2025-11-21,1.281196089706729,1.4659326230002647,1.8566492380665118,1.7380567593672733,1.4114138762903594,1.4751457898888483,1.8621245813596332,1.7867937701860908,1.7710985230928729,1.0013087920488708,1.4437302865348838,1.293341977836979,2.573402880320207
2025-11-24,1.281483611270846,1.4724488722338296,1.8713335196544403,1.7520390329166098,1.425499193746849,1.4755756609147173,1.863414918755381,1.7760355439548683,1.7866548230388708,1.0049724442530854,1.4456353982660175,1.2957605995509833,2.618129726342452
2025-11-25,1.2872340425531923,1.4780481310770204,1.8783119891525786,1.758755281120879,1.4305547382487942,1.4846378504514468,1.874667830534309,1.7875668548859882,1.7956923463980183,1.0087022957921077,1.4478725211258363,1.3005043137306458,2.623518540930281
2025-11-26,1.2955721679125942,1.480510513165494,1.8916016457788796,1.76445360751435,1.4566265424956728,1.4972044749308497,1.8872536223737155,1.778376443355187,1.8153661795104996,1.0196069475707268,1.448252654649445,1.2966992861656121,2.6490706998174085
2025-11-27,1.2932719953996559,1.4788018766289075,1.89105665740308,1.76233457074391,1.4493818283347595,1.4943021180744227,1.8833395265223813,1.7802055566506305,1.8092790297466521,1.0162901683820478,1.4482686765682236,1.3033736817320396,2.647465569296811
2025-11-28,1.3004600345025885,1.4903287982944635,1.9028303726451548,1.776034371073855,1.4842503002339222,1.5226224425709443,1.9172716424766942,1.7795826286606393,1.8437938777332865,1.037935247396942,1.450563825703982,1.3078215663790775,2.658800463118633
2025-12-01,1.3119608970672807,1.4974100793684262,1.9105880780823532,1.7844684799203192,1.4954972611120303,1.5299073903685134,1.9146549601074192,1.7873856379215567,1.8547057658590547,1.0460927447900845,1.4526569202435662,1.3087852345465374,2.661895352563189
2025-12-02,1.3059229442208171,1.4877829991780878,1.9076617645846716,1.7758596299006395,1.4825033303179842,1.5277616263231073,1.9140163993707566,1.7828038605571017,1.8418301799854062,1.0367123305188497,1.4516408918081989,1.3092072871858622,2.667423859424917
2025-12-03,1.301035077630823,1.480146066389578,1.901921161375402,1.770674190555158,1.48150508765289,1.5207033267837384,1.9141690986773496,1.7722886871609513,1.8369376236189356,1.044780509029528,1.4506574754801977,1.3067299036341735,2.675352351031404
2025-12-04,1.3033352501437616,1.4787417583098073,1.9083683976565635,1.771533370177769,1.4886234400151535,1.5137559432689673,1.9122950617327963,1.7618615998273754,1.8419168349548611,1.0397263085913004,1.449935284448596,1.3034751054161633,2.671836230855898
2025-12-05,1.3191489361702136,1.4958439807977224,1.9213664256212815,1.789391008847358,1.5144382935682428,1.5086543848799985,1.913544419695832,1.75904776867735,1.872799471404189,1.0509156416291512,1.4519602829025744,1.3039841160519623,2.6661477931369597
2025-12-08,1.3237492811960903,1.4961291501375829,1.9266617008285867,1.78959533088045,1.5310150497220825,1.4995404289239864,1.9136138284715563,1.7528102897761015,1.8741764319136425,1.0503216804252924,1.452367343665764,1.2980982178353655,2.652245512102747
2025-12-09,1.3159861989649229,1.485137675444769,1.9232138010020108,1.7793207971809322,1.5201585902912838,1.4812816163860796,1.9138637000641634,1.7389077651434186,1.8588958193847844,1.0370649864834016,1.450980234674193,1.3036768217467245,2.639721484048826
2025-12-10,1.3182863714778612,1.4920283874495992,1.9307405038097922,1.787849014037826,1.5358503178344696,1.4823548393592436,1.9146827236177089,1.732270865408013,1.8704176819610363,1.0473373072009375,1.4522313838376513,1.3098275901618122,2.6608066096950402
2025-12-11,1.309660724554342,1.4817110440686674,1.922222949724283,1.7768065835609914,1.5188921840569545,1.4802068329878597,1.9169038044408835,1.7277792166325596,1.8558263866745306,1.0371781803779578,1.4520066622438685,1.3161213997028323,2.6608634325552902
2025-12-12,1.3085106382978728,1.4822363299975396,1.9182819036068883,1.773673451167012,1.5113073438561002,1.4884413424805327,1.9147382506382882,1.7278829054820302,1.8492090526148932,1.0326559213719397,1.4498055756817785,1.3299963889182627,2.6462260933003323
2025-12-15,1.3044853364002305,1.4791583527787062,1.9120586899155232,1.7700614381910145,1.5011463243564307,1.4878876427809604,1.9139469905950324,1.7356964516862183,1.838234072766016,1.0297687992273323,1.4490635277848982,1.3262773196440238,2.6408639351600125
2025-12-16,1.292696952271421,1.4611812908362036,1.8987452858204932,1.7494455920887593,1.4757875478437221,1.4756703589479074,1.9141968621876393,1.7245501518704272,1.8097050671500756,1.0128820402216878,1.4466504755507745,1.3278507720292785,2.637145976389092
2025-12-17,1.3110983323749283,1.475771183090328,1.9149940593620995,1.7650335682986364,1.508940217360175,1.4792661327015306,1.9153490478646613,1.727906166183577,1.8422687726819127,1.0294195211500619,1.4496816436314282,1.3318559235553824,2.630470392229483
2025-12-18,1.3102357676825767,1.482328882131549,1.917720548712793,1.7749723285395005,1.5096278397943355,1.4860047030985082,1.9169315679511731,1.7449440101754894,1.8459603104077342,1.033290168000083,1.4521528780506345,1.3288520599108047,2.6504795971316515
2025-12-19,1.3165612420931574,1.493602616592046,1.9348256697360764,1.7909820050631937,1.5272904441573465,1.4900060491881513,1.9174868381569667,1.7471763295549583,1.8654499573164314,1.0451497193388217,1.4550121430503649,1.3417257612447093,2.6893429382023375
2025-12-22,1.3260494537090286,1.497460667140762,1.9531818538237906,1.7984914506810514,1.5546544142058336,1.502775976563481,1.9163901795005243,1.739088707860187,1.879442426751753,1.0585428196799667,1.4563827900135176,1.358914774003814,2.7134674446879514
2025-12-23,1.327487061529615,1.4958190265037907,1.958332227951612,1.7988303783946105,1.5701295795527845,1.512666355020325,1.9190277129780444,1.736839364100076,1.8765460666086875,1.0661807671491625,1.458441968708332,1.3580084850152905,2.717861693440654
2025-12-24,1.3303622771707884,1.501329270571574,1.9583825432441204,1.8036316325394848,1.5688915133809087,1.5201419877739608,1.9189305406920303,1.7358162573141227,1.8924457443286744,1.060839048223365,1.4586937741334822,1.3574401374100844,2.699403259199711
2025-12-25,1.3349626221966653,1.5100644965405812,1.9677236201549484,1.8134924633715181,1.577312350363009,1.5211603048671773,1.9183752704862365,1.7387234008027026,1.9181593302328699,1.0638470720985276,1.4597466578307439,1.384086757731637,2.7114734055773035
2025-12-26,1.3389879240943077,1.5162656990891752,1.9672155845584287,1.8204044449554984,1.597640983880828,1.518396202292533,1.919305348080941,1.7381085560800675,1.9420300236982597,1.080168116559183,1.4601568817428607,1.4077192487635948,2.703998472501333
2025-12-29,1.329212190914319,1.5033121567255001,1.9424673208687726,1.8016144203185944,1.5557387603924742,1.5166325370635767,1.9172092030540704,1.7372499912918566,1.9088411781462031,1.055206403159825,1.4552055481192259,1.3696930987219014,2.653063608075273
2025-12-30,1.3381253594019558,1.512492459158995,1.955804948624639,1.81285213806901,1.6006490059138876,1.5151150646131222,1.9169732132166077,1.7405270195706926,1.9382297142185525,1.078889618391977,1.4570291669363513,1.3918708521158916,2.6593962397345505
2025-12-31,1.3398504887866596,1.5156874734448391,1.9595200202741643,1.819084229027124,1.608310618538396,1.5095061413625412,1.9168482774203044,1.737456452966211,1.9652080492214106,1.0839831968086924,1.4576949533315984,1.4177640929574016,2.667494000181882
2026-01-05,1.3591144335825194,1.5403292901057515,1.9850530926216556,1.848633897777888,1.652008307791186,1.5529727760597922,1.9151130580271993,1.7387183716640304,2.0014114865291037,1.0933997658174484,1.4602098982301839,1.4421097287511295,2.701101049408032
2026-01-06,1.3792409430707309,1.5675128164931693,2.002268948632425,1.8737080147726557,1.6993787334726933,1.561312417474755,1.9128364501834452,1.7509895621874296,2.0470373964664157,1.1203900779703935,1.4617874727962117,1.4738659822944076,2.7062117241093215
2026-01-07,1.370040253018977,1.5650909405705176,1.9943758054144138,1.8688434015724253,1.6839171194285676,1.570443185670297,1.9135166561855428,1.7443895907075928,2.0309973886544745,1.1067832257184527,1.4605221483489434,1.4610666657857065,2.6936136973732565
2026-01-08,1.3611270845313406,1.5640395429281095,1.988410043566237,1.8709962663043243,1.6724325754304636,1.5696274301197013,1.914266270963364,1.7331551410477444,2.052906200150388,1.122314691898835,1.4592992707181727,1.483064644213089,2.680657954502434
2026-01-09,1.3714778608395635,1.5902663599571405,2.0154057345594123,1.905383606452183,1.730534632569098,1.586268465650071,1.9138081730435843,1.7352551184773053,2.124129591114362,1.1619899645224296,1.4630187446117835,1.544635597679562,2.7071570434558456
2026-01-12,1.3798159861989656,1.6056434582823422,2.0293429183523566,1.9201565648028551,1.7379493776824402,1.5892929493463277,1.915321284354372,1.7401580272251296,2.1579939929856655,1.1743917222848634,1.4660290159179588,1.5658989532411303,2.703172975034913
2026-01-13,1.3723404255319154,1.5891948484444416,2.0219939412823966,1.9076001100517592,1.7213296066026336,1.5873557331400159,1.9159876086013246,1.7385671960634153,2.1149249477326264,1.1568735335027194,1.4656520407824634,1.5366280346098367,2.7203956141466175
2026-01-14,1.358826912018402,1.5777512950743608,2.015240801232894,1.8948805136156648,1.7212732589985293,1.5703984714339598,1.916889922685739,1.7205519647760394,2.106513541693046,1.1463633955230286,1.4640284173418328,1.534675715685187,2.704524276141443
2026-01-15,1.3749281196089713,1.586176574877743,2.0310456615883363,1.9079767973859045,1.775910872835985,1.5653252306474195,1.9172369665643603,1.7149757065222828,2.130792436472306,1.1488981351242853,1.4660934881108465,1.5573407317983197,2.708307280618584
2026-01-16,1.3619896492236923,1.5691495533532005,2.02138712747324,1.8930422211449338,1.7694114068583007,1.5456827712471746,1.9195413379184039,1.6951757811424337,2.1018543657436917,1.1309868564254324,1.4649503821945076,1.5487671656693047,2.7103142338369732
2026-01-19,1.3614146060954577,1.573953467539865,2.0255524636674624,1.8976780372797732,1.7650220107338928,1.5673550744685811,1.9727697004239249,1.698485862568189,2.122689541493482,1.1437560634680395,1.4654230280051965,1.5591575882457274,2.71247673986194
2026-01-20,1.3539390454284077,1.5674515195615841,2.0207724536477287,1.8881349048206788,1.7455481263818349,1.5546957150356224,1.900279475211497,1.7139497322950126,2.0895612648266004,1.131941109537686,1.4668162346768205,1.5462400482861538,2.7219146981285696
2026-01-21,1.3631397354801615,1.575768089060377,2.0397572292175536,1.9068353401021478,1.8050339458897522,1.5473991322290466,1.9158130948998746,1.6963549305630188,2.120910350905748,1.1366466662749681,1.4681829996707179,1.5777294050698683,2.742834645454248
2026-01-22,1.360552041403106,1.5800018076951194,2.056421954747977,1.916439540632889,1.8006545262632272,1.5735419173018135,1.9844199151902078,1.6968661813795403,2.1503294380227356,1.1559957982291844,1.4704706913176395,1.5944688227850228,2.786760977466752
2026-01-23,1.3548016101207598,1.5889252216284961,2.0738800021446706,1.9313165301159112,1.836215524971392,1.5786486447107566,2.027137369333246,1.6875354672338576,2.1952741471711157,1.175535670273192,1.4729577610788531,1.6299422759306077,2.7891554646449843
2026-01-26,1.3548016101207598,1.5818194612649537,2.061614470846114,1.918796256319999,1.8198511446509988,1.5820358353468404,2.0226728200196638,1.6985030735030062,2.157575111070711,1.1626570280600423,1.4717707232434276,1.600210084581037,2.7876504507673467
2026-01-27,1.3585393904542848,1.5816036085423997,2.078699401545049,1.9300414434609345,1.8536863459466877,1.5639310559359354,2.0225558332026177,1.6840110830175739,2.184258613095431,1.175840750180669,1.4731942059640577,1.6289639977792607,2.8147937132908627
2026-01-28,1.3582518688901677,1.5901203661102363,2.098655120435896,1.9452621196797426,1.9086855020861777,1.5444917012021753,2.0232577541048933,1.6889119021410148,2.212280784012958,1.2022326302016935,1.4764249351758763,1.661540153971033,2.8795780073070496
2026-01-29,1.3617021276595753,1.5976737849299574,2.075707783399023,1.9268976891115353,1.833520010838002,1.568614296859593,2.024427622275352,1.7301357340667909,2.163039313264847,1.174013098679475,1.4759832481859394,1.6134420458657592,2.8293881671746854
2026-01-30,1.345600920069006,1.562291047918494,2.019240960563474,1.877710898249071,1.7527733855791967,1.5484356694232806,2.024500739036006,1.7122597622738305,2.0844485849386305,1.1099808701440177,1.4679391742003336,1.5404623465840603,2.6974990710220563
2026-02-02,1.3341000575043136,1.5497699495173378,2.0240828091583385,1.86894897657333,1.7595926147448095,1.5249145328645684,1.9974312141752117,1.6922480010272913,2.0822496941252164,1.1153518252299353,1.4666453504828898,1.543900652495645,2.730578701634196
2026-02-03,1.3375503162737215,1.5600181006679823,2.041788429661169,1.8802688616312004,1.7754106966803203,1.5516764686842284,2.04756813723874,1.6881132914303254,2.128215509906101,1.1373445463952419,1.4689311740834898,1.574752102266618,2.742338965551674
2026-02-04,1.3456009200690062,1.5709177382717026,2.0301686757706334,1.8815385094803694,1.7311231346164018,1.5526050252102572,2.0331555595940096,1.7150962775992387,2.101348676243699,1.1094027783194211,1.4689467840638017,1.549454236938814,2.72518616025852
2026-02-05,1.3349626221966657,1.5566335311524735,1.992400155462393,1.8589108703465134,1.6760545337482908,1.5329823921717363,1.9970551337455025,1.718965138996112,2.044594941898089,1.0759443423155948,1.466333395837764,1.5047051769121886,2.655732506556476
2026-02-06,1.3499137435307658,1.576033233449431,2.0422764570249967,1.8924190020038103,1.7489033342228444,1.5572566400034606,2.0360678365415725,1.7225435450699484,2.107663405199612,1.1169629874212925,1.4724514523392507,1.5596552289629788,2.7418656412383204
2026-02-09,1.3608395629672234,1.5839337894938497,2.0510244528041737,1.9010134167727633,1.764058713563014,1.5674291291993514,2.049503808628017,1.7336253352912705,2.121030037948861,1.1234993060712517,1.4750533831520207,1.5643515982294809,2.746453546390412
2026-02-10,1.3591144335825198,1.5824338469136887,2.044690788972439,1.9000867538260227,1.75263832799273,1.5572817090075395,2.0362354726353775,1.7365110517895215,2.113244134964485,1.1187545118875903,1.4743861575189356,1.5608400119753332,2.746779282411109
2026-02-11,1.3596894767107544,1.587772227542534,2.04569578617973,1.9048387982851902,1.7684007966693283,1.5712872250155019,2.0545484909820395,1.7429269483398855,2.123963865727276,1.1287852498097668,1.475146158861775,1.5712092792865153,2.7473832948189356
2026-02-12,1.3553766532489948,1.5833479772012478,2.04009420310109,1.8968072346986777,1.768930762834936,1.571758118869021,2.05516421180046,1.7294333606806842,2.128491098873389,1.1311366984753717,1.4747313281415826,1.5706687635029934,2.7091818027323535
2026-02-13,1.358539390454285,1.5856566462141468,2.0551014102921465,1.9046498305635384,1.7952669549603928,1.5951587655551254,2.085761904298383,1.7230274416914935,2.143324027002074,1.1506135572741145,1.4755278994730163,1.5900237710208627,2.750393709674399
2026-02-24,1.3562392179413467,1.5832476396750692,2.0563052463914744,1.9029500145720508,1.7894021331447632,1.5734978435606117,2.0822591051421764,1.7265708320033217,2.1463169702895595,1.1511349051278195,1.4760150224567707,1.5950844433841012,2.7633228651567348
2026-02-25,1.3660149511213353,1.5979508233091653,2.0690847962882435,1.9192552515546153,1.8276251724874526,1.576182124667776,2.0805195778929133,1.7280388838448073,2.189078582340364,1.1775625217284404,1.4769334248102333,1.6246167161197502,2.764895196857957
2026-02-26,1.3571017826336986,1.587234071192507,2.056944684172084,1.9072962404058895,1.8066242949880287,1.5655034619542711,2.07849512807696,1.723013881104927,2.177849483316078,1.1724751425100042,1.4738505249622191,1.619060996775399,2.747913162351596
2026-02-27,1.3496262219666486,1.6010240818058643,2.0651123965659264,1.9210926548221599,1.8328331422454933,1.5598576582856558,2.0798297653630327,1.731882963669161,2.2239155635743457,1.210372580456733,1.4752989082595565,1.6735492941055046,2.7771305889515587
2026-03-02,1.3631397354801622,1.6024844102167994,2.079359770454343,1.9243739909856161,1.8381913022572822,1.5395187852051073,2.081629276310546,1.7479351921946265,2.2264291125978946,1.204682180402981,1.47939470590693,1.675639544907929,2.778434418368267
2026-03-03,1.3341000575043138,1.5582414032767449,2.0192847448141538,1.86929761183779,1.7215901335305326,1.5081680491828124,2.0817192518579217,1.7501310280349234,2.0960067031659415,1.1092863206269217,1.4726769623814115,1.6084537111636281,2.7267049900463913
2026-03-04,1.3361127084531352,1.5675135609222262,2.0343850394051026,1.8815922262686715,1.7815592701123644,1.5055170026114804,2.0832938239369967,1.7332170866387782,2.152896416996894,1.1571066015050895,1.4742748808163872,1.6276641337539364,2.7287426793603577
2026-03-05,1.3341000575043138,1.5554783616936945,2.022314204817572,1.8690425526742578,1.7438032566965038,1.4968495712521581,2.0824390562369275,1.7372843046695092,2.1204418713511166,1.1322532851764688,1.4726160269814534,1.60777817329212,2.721777098629703
2026-03-06,1.32921219091432,1.566075624236621,2.0119279395350786,1.8729619930315116,1.717597871979385,1.5194039902549175,2.082963913596619,1.7474193478499287,2.110960822763691,1.1207345546070797,1.471871995112059,1.6208565895825795,2.680516441830147
2026-03-09,1.334675100632549,1.5668194673051805,2.039329173271336,1.8775839584820515,1.7582770206807175,1.5479295710981755,2.1211592354928532,1.7334544912585936,2.137399323215856,1.1342048354351588,1.4740750964280018,1.6111600426611705,2.7170724607957424
2026-03-10,1.3473260494537103,1.5795471087794333,2.0501846499151464,1.8920494237805339,1.7732435525245225,1.5610317536780456,2.1377588999883166,1.7396093609540688,2.156858445042446,1.1432265439696263,1.4753956009008755,1.6254664811645831,2.7191540338687052
2026-03-11,1.3545140885566431,1.5818469102026624,2.050056975129299,1.892901743525751,1.7602780662495796,1.541611872439538,2.1154419301563494,1.7579506179759616,2.1447648348342763,1.1245499730267259,1.476423173290804,1.6279381686307033,2.704926962591139
2026-03-12,1.3433007475560679,1.5778752198159303,2.0338808776333237,1.8864764072122726,1.7356998136637938,1.5259287920552518,2.093568806888766,1.7673383624515286,2.1174598531405673,1.1041312064332565,1.4750406416491202,1.6283753084545927,2.6937723364146295
2026-03-13,1.34416331224842,1.5706686416238447,2.0243191689231925,1.8728417816195124,1.7193040084098947,1.5032162762454564,2.0661191431537644,1.7688064418810987,2.090348117307531,1.0835485409244592,1.4745734449498622,1.6034517786785254,2.6608837174270876
2026-03-16,1.3473260494537105,1.5722999269206592,2.03230797916721,1.8731785616810805,1.7352092965455945,1.5072346642056522,2.047673095687557,1.7649689458190518,2.073426776404792,1.0871674415215662,1.4749283902304688,1.5873337223261852,2.668367539951083
2026-03-17,1.3375503162737221,1.559098406051608,2.017652995282154,1.8589327421828854,1.69672642185913,1.4709490283896671,1.9957884673522486,1.765954365610458,2.0349121530913945,1.0609946345984729,1.473566676055144,1.569357995003542,2.6757113975856464
2026-03-18,1.3286371477860854,1.549420910187837,1.997788342093284,1.844576396068048,1.6747920139340562,1.4516941030193327,1.959185966708199,1.7570809432941825,2.020488090112177,1.0471060687044635,1.4714376047644686,1.5523702687202445,2.62211353571005
2026-03-19,1.3220241518113873,1.5370723810319713,1.986091476176296,1.8294606320054245,1.6576957559857446,1.4281931406870296,1.9154277098462509,1.749129461111046,1.9956497060285667,1.030154838946508,1.4708259276129712,1.5257469703727171,2.593138399877835
2026-03-20,1.3018976423231754,1.5075776401937946,1.9438776344318351,1.7908892927048286,1.6001893870848345,1.3585413871426146,1.8215070784381304,1.7404556923265289,1.9666136229630347,0.979915071711404,1.4639120229323677,1.501872516518377,2.5220821801558073
2026-03-23,1.2832087406555504,1.4805669124991594,1.9175381871241415,1.7582812213751284,1.5971826727706555,1.3329951736654946,1.7872551895253188,1.702758099897446,1.9393982067746534,0.975507654352146,1.4575827196843605,1.4589035267111967,2.464375010208986
2026-03-24,1.296722254169064,1.4984952383090178,1.948786067529216,1.7863391220031106,1.6260391873632065,1.3533801433106607,1.8145869784968085,1.723453192540258,1.9681555313439387,0.9963028167097893,1.4625043720301685,1.4659191128638265,2.533662022266797
2026-03-25,1.3041978148361137,1.5083317726023477,1.954994082789998,1.7965556573321453,1.6364778446270956,1.3715050025990216,1.8388884534477359,1.7310067269007994,1.9809106426587118,1.0066576815108206,1.4647623978657835,1.474478128046867,2.536226611239702
2026-03-26,1.2794709603220256,1.4816573983111108,1.9172305485516365,1.7629847066164188,1.5878675188615305,1.3314319457540629,1.7851592425539322,1.7262112149371514,1.941170308928785,0.9708590782218972,1.4595347616016123,1.475627310396796,2.481773855168586
2026-03-27,1.282921219091433,1.5009776353641913,1.924751114076164,1.7813296109948165,1.620985605715834,1.3499088185963601,1.809932690744887,1.7223621662473716,1.9760709939268846,0.9933071920010003,1.4606012954314251,1.477505246927717,2.4724847068696505
2026-03-30,1.2941345600920082,1.5185078370696967,1.942733615387936,1.7995318794804405,1.6368144235143218,1.3685966941840495,1.8081110782677967,1.738605281539226,1.9852943197721673,1.0112164747232473,1.4648718970750838,1.4783996432623172,2.5019952108856502
2026-03-31,1.299597469810237,1.5164947127138064,1.9593519856113204,1.8079040632401218,1.6428158750662405,1.3754883544975014,1.8083321330486366,1.7410602636102714,1.9758053613928248,1.0193523910583955,1.4679334172817908,1.45526560937715,2.5597079967189944
2026-04-01,1.2998849913743544,1.519082844251484,1.960797084426257,1.8129314567203498,1.6311062913172019,1.3687297107388245,1.806901778584379,1.737911312224956,1.971317873727947,1.0169853509456697,1.4670815927157919,1.4564801451482934,2.5836255156575714
2026-04-02,1.2924094307073044,1.510942348628438,1.9472353012059727,1.7998119825436811,1.610889317357764,1.3450328517426657,1.8072138559220352,1.7420867009855572,1.9574994987535108,1.0159955438570087,1.465816813928783,1.4641065953437873,2.5653535512865515
2026-04-03,1.280908568142612,1.4943138234540607,1.9347077803384471,1.7821427494862414,1.5946817286231953,1.3335896341144942,1.8079810460437733,1.7228767438769153,1.931556996800258,1.0000786158408972,1.4636183976059438,1.4409970791486546,2.55106292271185
2026-04-07,1.29930994824612,1.5164765614077307,1.97627574353177,1.81447984274616,1.649279176867831,1.3622392681236428,1.796781270839086,1.7219800922901993,1.977457103587476,1.0138291889119502,1.4685640973009968,1.4289877997873455,2.6218573873738285
2026-04-08,1.314836112708455,1.5315988870439783,1.9958973619813392,1.8321272798620751,1.6779370417313613,1.3882899818631473,1.8194870156264373,1.7336518675586434,2.005932646854036,1.0229473246794185,1.4723645794128333,1.4398868592772494,2.628681348506856
2026-04-09,1.3191489361702144,1.534092897567631,2.0025175795718657,1.8388796670502836,1.6965838245371243,1.397792389909223,1.7937538382007725,1.72830945611077,2.0160918579932763,1.0236064885702818,1.4726990747832676,1.4314098130073243,2.64493672869619
2026-04-10,1.3309373202990238,1.53658337829294,2.006379755819054,1.8398015739387634,1.6981964562683987,1.4167453744242395,1.8270555972222213,1.7331406466065669,2.0249722858253807,1.024403938761232,1.473471481425196,1.4301988063973352,2.6188775787668708
2026-04-13,1.3453133985048895,1.552056961273655,2.0311913638451395,1.8611363928399343,1.7365093282967994,1.4109211969931335,1.8238484656740892,1.7351440753560732,2.053507691543619,1.0309351383474283,1.4770223210957283,1.4411489435333809,2.655029073958338
2026-04-14,1.3605520414031067,1.568332631991556,2.0568040209151874,1.882044063116135,1.7669244444022214,1.4209935858365155,1.8239009463688736,1.7464331645937436,2.075575110053125,1.0335543581964655,1.4808957277760915,1.4623221336708223,2.6851123750975923
2026-04-15,1.352501437607822,1.5607927691698742,2.0519817962168,1.8768358797866826,1.734411662891433,1.4295525542568028,1.8259476934654715,1.7516850001692987,2.052466051237194,1.026933016734841,1.4822584924138908,1.4523841847316805,2.714240115504928
2026-04-16,1.3619896492236934,1.5678867443595192,2.067353997613564,1.8857154643285532,1.7713534770222972,1.4272806510316893,1.826997307361163,1.7544748357255322,2.0820783901525646,1.0362285430701508,1.4852615629384147,1.4763019254228895,2.7078273996480915
2026-04-17,1.3614146060954586,1.5641954624624799,2.072285915897504,1.8836182213111117,1.7820061088217707,1.4069231422079345,1.8279157195198927,1.7483230388663737,2.0853824313852325,1.030845511601704,1.4860309581079376,1.4776716726294583,2.713160290746313
2026-04-20,1.3697527314548608,1.5708955240613496,2.0776186797730922,1.891041331527046,1.7926499361361867,1.4018876540988479,1.8274827537879204,1.758835697282536,2.0884263939399395,1.0319747082408641,1.486867538513586,1.4826279730468357,2.7117681383220416
2026-04-21,1.3686026451983915,1.5673169843817623,2.07024416301067,1.8863964247458398,1.7803838131642074,1.4100814671127633,1.8281518826464231,1.7683231810985418,2.102544835954494,1.0430145763827376,1.4869868163061675,1.485758553863846,2.7007982919958433
2026-04-22,1.3858539390454303,1.582883716400883,2.0944947353954135,1.9053021092168243,1.8166838042988624,1.411183214756532,1.82897845358928,1.7692695944683436,2.1288739209436383,1.0456030379594092,1.4907710574802795,1.5053980081110796,2.7093356832355617
2026-04-23,1.3757906843013243,1.572245505772458,2.0766066024012315,1.8911834596513655,1.7662818305254309,1.4329727354686834,1.8290702948051532,1.770469665005264,2.1228633106480426,1.0422531358949974,1.4889530206852906,1.4932101309951729,2.7008052026516567
2026-04-24,1.3760782058654417,1.5721163989725007,2.079416432530996,1.8933450886309957,1.7732976361697907,1.4290789195954006,1.8290309342840647,1.7681461889608598,2.116878915559984,1.0434690071256252,1.4894715548612014,1.490765439833565,2.7151900006708107
2026-04-27,1.3703277745830957,1.5720646485770249,2.0765379262054493,1.8961229226519267,1.7581295120154508,1.425183965769497,1.827968200214677,1.760770728207502,2.1159684583235325,1.040983601190928,1.4877967504246854,1.475033575873242,2.7221575650892187
2026-04-28,1.3671650373778053,1.5695411345540664,2.060871385987499,1.8916316293855133,1.7289351791758374,1.4187284546789913,1.8288866123734073,1.769138889475301,2.1253547593297224,1.0506612658193093,1.487289977782818,1.4696156380371606,2.7114103663120797
2026-04-29,1.3887291546866036,1.591593042784088,2.0887841157113005,1.9159015955315828,1.7883565207126286,1.4428314726517744,1.8298181447058333,1.7790856033832396,2.1640600914332206,1.077308360795319,1.4921466939101118,1.4950326149018487,2.728935145208685
2026-04-30,1.3990799309948265,1.6025785282948246,2.1117877196075785,1.9359683935718,1.807627430073053,1.4480806672727042,1.8284930071625232,1.7759729965112983,2.176987711378204,1.0753669705956619,1.4940201458598443,1.502144571295054,2.7693356411836874
2026-05-06,1.4102932719954016,1.6183211632382133,2.1351228916042486,1.9569581143189552,1.8544963984414733,1.4512744318515727,1.8286373290731808,1.772864727026949,2.195733740925625,1.0799116037844745,1.495914515478671,1.5139832353380347,2.7956368270375695
2026-05-07,1.4059804485336418,1.6085520824646964,2.137720741757763,1.9476081292802254,1.8346061571138423,1.453759900720763,1.829122775499938,1.7616893264587266,2.174653369901237,1.0572770725260867,1.4961860567650374,1.5069327144883145,2.8081331639989466
2026-05-08,1.4120184013801051,1.6117252448691468,2.154615111404393,1.9560861189507903,1.8568725337874188,1.4635526527753366,1.8297525438373528,1.7606571699343343,2.1816006335949125,1.0612119815890322,1.4984334189043265,1.5196621819006157,2.8343726400092257
2026-05-11,1.430419781483613,1.6284081618829886,2.1754619828067603,1.9748629838041871,1.9038177899880937,1.4622359677553791,1.8304985424667828,1.7670069777819724,2.2138590366547146,1.0717209559221315,1.5011117930470494,1.5439244717746692,2.8379388060596136
2026-05-12,1.4203565267395073,1.615204211861061,2.1573830766898197,1.9604702125982556,1.8758280009642108,1.4560106426453856,1.812911686974708,1.7613762410666347,2.1883842282304777,1.062737592166896,1.4993256153256191,1.5291667163902154,2.814107566047191
2026-05-13,1.4482461184588862,1.630561957888048,2.197184207539051,1.9831079822623174,1.9456097077437084,1.4487603241179663,1.7982559740646455,1.7677537862053456,2.253223478046466,1.0808945257338214,1.5044195935851958,1.5781035567441675,2.8376469664776183
2026-05-14,1.4189189189189204,1.5965512318225237,2.1596388552626586,1.941354116674882,1.8739060345089336,1.4407240214560177,1.7748068334085458,1.7564620335994572,2.1954367225652103,1.0616570542475672,1.5006252672195688,1.5429371596635726,2.8175391450421485
2026-05-15,1.395917193789536,1.5746146589686052,2.126201599573551,1.9127646168838925,1.8313199877884399,1.4473683058852158,1.8129116869747077,1.7418803256039284,2.1832463642615956,1.0691638362872073,1.496628769805371,1.5268934004022285,2.7596276368733705
2026-05-18,1.3924669350201282,1.5701883821709426,2.1284857132976702,1.910725627693975,1.8335178561581547,1.444406333034105,1.811199580566397,1.7351649867377197,2.1881308792454326,1.0704364783732587,1.4967029612950038,1.5264529231107413,2.7645845256834667
2026-05-19,1.393041978148363,1.573595746626826,2.1218141038460714,1.911537402944893,1.8406740535580743,1.428657717673541,1.8046181867416644,1.7416374092134705,2.2104442643271134,1.0869521415645842,1.4978629255500897,1.5440280737102716,2.737927795498276
2026-05-20,1.407993099482463,1.5860490831794243,2.1520441167823856,1.9309507798191234,1.9140641711489887,1.448059469992401,1.8151484168612366,1.7382165756705898,2.2478803173007376,1.0999067498274349,1.5009667250007472,1.586747499620865,2.7826668410885067
2026-05-21,1.3881541115583687,1.5632467019325669,2.131523442189306,1.9073807196711554,1.8467891790761266,1.4217813287803498,1.769078660088109,1.7268260614417437,2.1818127089961386,1.0689651643125868,1.4978039949401025,1.5386953329461561,2.795581961023658
2026-05-22,1.4031052328924687,1.5724452479653153,2.169461401392072,1.9309461529330096,1.909229678409575,1.4427804731007523,1.7967205141519857,1.7291708568510393,2.2271695493675447,1.0864781289360017,1.50169391884663,1.5687579695745715,2.867525947434355
2026-05-25,1.4123059229442225,1.5765232985144408,2.1773416661861726,1.9365844196316684,1.944909862548472,1.4289590116530269,1.7746921596346819,1.730881751958288,2.260119461671423,1.10802036582685,1.5023162025878773,1.601926855403118,2.8768226125201477
2026-05-26,1.4269695227142052,1.5799483303226292,2.1798610944553984,1.9398730448677466,1.973205252648515,1.4270726834483185,1.7702738389053008,1.739219173232576,2.2608456447654275,1.1051273260620997,1.5037071360427714,1.6050512140434279,2.863297864433992
2026-05-27,1.4137435307648087,1.564472717410063,2.16248198840205,1.91863770647555,1.9092434726721665,1.438365511720492,1.807093178316809,1.727973091602702,2.234770059370148,1.0950096282656672,1.5024310566376096,1.5765175681260761,2.8482176503558074
2026-05-28,1.4220816561242107,1.5685325158116141,2.1858039210973192,1.928832113477781,1.9547352189354246,1.430526245975654,1.830657555540174,1.7255304755197758,2.272313832138228,1.1111301846070472,1.5050014846554316,1.6058250635320739,2.865738568157837
2026-05-29,1.4154686601495128,1.566481518939404,2.1729223961927717,1.9232652615089598,1.8816070655489798,1.4720877632963754,1.9028234607867291,1.7467403984471965,2.2323422409179803,1.108021794903477,1.5060129538185882,1.5566905330344758,2.8927162343466333
2026-06-01,1.3993674525589435,1.5656192686772257,2.1693131214854335,1.926479985692791,1.838512656622855,1.4630390796195953,1.8933681005017748,1.764628566610362,2.2243935786505875,1.1230677462769474,1.5064392387389107,1.525609865410049,2.9452977206600273
2026-06-02,1.4197814836112725,1.5651319388642941,2.2195968568678794,1.940413133639151,1.881160456137811,1.4730178569799453,1.9001341568466295,1.771421349134225,2.234948882042503,1.1157930230444972,1.5117764981059734,1.5505353961777255,3.03089324001587
2026-06-03,1.414318573893044,1.5618848177694935,2.177442714737081,1.9253545853551757,1.8874489291011545,1.4718968023838175,1.888857396271872,1.7663613448122024,2.255842461137941,1.141483233271192,1.5065664576687159,1.5492153627521683,2.9057787301330698
2026-06-04,1.4114433582518708,1.5590754771634703,2.1611207881239225,1.9207592451805595,1.8831077644650993,1.4666852286905063,1.897878804731678,1.7568267050800126,2.273075291533647,1.1526174859161948,1.5044554029813488,1.5584756670331916,2.8584254325862473
2026-06-05,1.377228292121911,1.524891580599787,2.094614264847124,1.865378765439112,1.7607510775635475,1.416848641116356,1.8550271145475996,1.7513721074229094,2.183351281585695,1.1164459347631646,1.4969761090216935,1.4863715318836892,2.768301247567107
2026-06-08,1.369752731454861,1.5152234756670055,2.1010541863322585,1.8609072033426868,1.7812853491704042,1.3908251880118319,1.9092282794030722,1.7464917219467975,2.1842630387663458,1.1140388478224235,1.497300293677161,1.5045855758178392,2.7925438367563538
2026-06-09,1.3772282921219108,1.5183737035511913,2.1004008167930244,1.862524468815779,1.7952973034058277,1.3824734191132313,1.9371954905271405,1.751969387066382,2.203110979064779,1.1207347340060612,1.4968474832752063,1.5208786040696698,2.76724710741304
2026-06-10,1.3703277745830953,1.5198911186039776,2.0764460240439813,1.8511916902061463,1.784633629397179,1.4012878761407985,1.9409244520103495,1.7615865660990107,2.1794489027390056,1.1108071314312356,1.4946467632085085,1.508723118531639,2.719607011496984
2026-06-11,1.382978723404257,1.5352611581963738,2.112996426346874,1.8838706939414143,1.8737456499352325,1.4051760460852134,2.06770914243946,1.7518113280069285,2.2182348248430297,1.1229203608450613,1.496482739915232,1.5578636671867958,2.793135361300907
2026-06-12,1.3967797584818877,1.554391067328102,2.1293554389814746,1.903801614541976,1.8835632430226286,1.4310757248817356,1.9912654320336731,1.774648712165048,2.2108447210219984,1.1177803698668876,1.4998201940504767,1.5412062081218123,2.830225172238242
2026-06-15,1.4146060954571609,1.5622009644069426,2.164267349572585,1.9195543174035314,1.9389026915695342,1.4386487417973224,1.9926807966797377,1.7618188172172535,2.254022115238796,1.1169965870946712,1.5024550945864212,1.5733715303178795,2.856848419445709
2026-06-16,1.4082806210465801,1.5532199969966878,2.1660498472884777,1.9107160836261052,1.937471614928028,1.4300288042927232,1.9771306405591766,1.7464062205717628,2.246394392171194,1.1021630513149763,1.5026178604958882,1.5675909608187109,2.8548935374759044
2026-06-17,1.4212190914318588,1.5551506473607193,2.191904381377559,1.9212776221321763,1.989442326325706,1.4309725865271252,1.9689207170069385,1.7372328645550241,2.283697198295072,1.1140688782221397,1.5052839258308388,1.6032822505365376,2.8766175143222683
2026-06-18,1.4327199539965514,1.5547217094903167,2.2005560216440987,1.9304696998219277,2.0506192748558782,1.4353326129448472,1.9678974512629117,1.7095059362157163,2.3170125891049778,1.1155856634651617,1.5049057474169871,1.6285426283598614,2.849902162022679
2026-06-22,1.4603220241518131,1.582708222035312,2.203867065709349,1.9469191825585723,2.1097641100588294,1.4487706001488243,1.9647347697743511,1.724381406843484,2.3426478422061123,1.127548888498465,1.5059996412237953,1.6508548201912525,2.794485221578777
2026-06-23,1.4171937895342168,1.5567652214991134,2.151122428663677,1.9064168619856754,1.9961791082162204,1.4375901793702677,1.9635280595181748,1.7178992270227122,2.283362083893503,1.114882681593715,1.499996227095142,1.6182664881659983,2.7328237901345207
2026-06-24,1.4298447383553785,1.5574122141770756,2.172010651661564,1.920636229157584,2.067151849832008,1.394139595596375,1.9655345661069332,1.6912864814674864,2.3896158453477847,1.1266388990143519,1.5017193028081381,1.6555580789186355,2.7471627147512594
2026-06-25,1.4399079930994843,1.5657564448251573,2.180639667338441,1.923680830255804,2.0761975263655934,1.397786141618397,1.9648189588619913,1.68431638471294,2.40718070399207,1.125024865382448,1.5017422439712236,1.6648411647460069,2.741698765910032
2026-06-26,1.407993099482463,1.5356771828479183,2.1513272393648033,1.8920963940728548,2.032264753424595,1.3641704688163314,1.9661238897204147,1.6605114718367855,2.3852877125148377,1.1118344975869479,1.4984754555681605,1.6437634613372636,2.728871953090673
2026-06-29,1.4223691776883283,1.5620709862036175,2.162125221778475,1.9218295517255526,2.0701216004427367,1.3690323931911628,1.967611230268725,1.671190866076849,2.419820348272928,1.1378111455631745,1.5014694044422017,1.6809722267676823,2.731667178302483
2026-06-30,1.4401955146636014,1.5657472652403237,2.192510101103417,1.930859564482293,2.1196973227047002,1.3478420271519473,1.9666711187900758,1.650784639591343,2.4747871084949082,1.1305456945116497,1.5026613379154174,1.725050948504582,2.741410689219866
2026-07-01,1.4246693502012666,1.5789319837995655,2.1712491198894566,1.9203643998616822,2.054684174904245,1.377633507071246,1.9646505806867105,1.678720156460995,2.4432155822827784,1.13917644769124,1.5007408018572692,1.6587593272709167,2.7400866109710007
2026-07-02,1.388729154686603,1.564708987934645,2.1376367527521385,1.8978171548333846,2.0035106126055062,1.4012671577584903,1.9648329903765975,1.6878381689711812,2.3593004587865365,1.1166908632536106,1.4982127364740265,1.5870624195169458,2.7526410234334393
2026-07-03,1.408855664174815,1.578600979179923,2.1552851494564265,1.9177780656549444,2.023245390047683,1.3983052289004523,1.9654503770192926,1.690474390628272,2.3981438415360943,1.1382361943130914,1.500578558823335,1.6164130009080964,2.7655332646094415
2026-07-06,1.3967797584818877,1.5748765034382437,2.1301216361097737,1.9001484797680817,1.956754939384147,1.3602688551417053,1.8964297799636967,1.726091502283242,2.3437260820183385,1.1192359007155626,1.500296674437916,1.5758920579761324,2.758651432006819
2026-07-07,1.3904542840713072,1.5525796348907843,2.123039085952178,1.8850833320974416,1.958227391801311,1.3713682050940619,1.9239352500547733,1.7089930093198822,2.3329460645488482,1.1043411473871576,1.4984800461872252,1.5887508228978613,2.7539932834638803
2026-07-08,1.383841288096609,1.5387714696781534,2.110874024828187,1.8691429337651249,1.9377773143190855,1.370912110647681,1.927550561199042,1.7171010868437975,2.319460574728495,1.0944287494707499,1.4989356759453347,1.5882224305781947,2.7358790870026843
2026-07-09,1.4140310523289268,1.5586772301568672,2.1477124826957876,1.9024941169520992,2.0283819435084682,1.439442026033616,2.0510581221218414,1.6989514682216647,2.404420984299481,1.1416147253508644,1.5013741285700215,1.6676153748349543,2.76226402696365
2026-07-10,1.3806785508913189,1.5507110022383341,2.106592769192722,1.8718406455792875,1.9110794253938452,1.3494779808651125,1.8829627080053197,1.714021649236457,2.3006510797979245,1.1105948451577718,1.498155405925309,1.563390666793924,2.75488569819365
2026-07-13,1.364002300172515,1.5269076130614163,2.0721537786577438,1.827541530329406,1.851850221895202,1.3021273884082176,1.8555041671524541,1.7342848966464506,2.2432773530923567,1.0894308514535982,1.4954310758146558,1.5297527230973873,2.7197809234667782
2026-07-14,1.3884416331224863,1.5516034511832537,2.1065040413833556,1.864564934594467,1.9395105933962393,1.3564337064139325,1.895110702406541,1.7394632012687439,2.2880010655388365,1.1158590430879458,1.4996917553694196,1.5746732222704616,2.7562288774888133
2026-07-15,1.3729154686601517,1.5532286119537593,2.078756859660009,1.8343409703467395,1.8316403391737273,1.3165646927999464,1.8840151992342296,1.7822573268783575,2.2196022033165694,1.093930257352586,1.4984806802586867,1.5000479125895698,2.751883525345578
2026-07-16,1.3571017826336995,1.5374367450111672,2.0512331292662633,1.8028392911823896,1.783703007212504,1.2938469660577312,1.851446039926636,1.7774584114159608,2.172026639825396,1.0753319767058402,1.4947154001171687,1.4605175865326143,2.7225734366519867
2026-07-17,1.3312248418631418,1.4967155597364359,2.0127525277362586,1.7578729906887536,1.7167722387263367,1.2412658713583697,1.8010850609798865,1.773046000994084,2.1049786471734433,1.033170291285354,1.4913388278986819,1.4120385817825638,2.697252639343114
2026-07-20,1.3447383553766552,1.5150562275570776,2.006791551849256,1.7549901775590258,1.6901066832165108,1.2417129472915553,1.79786880241847,1.8209546522255773,2.1044102031926233,1.0397282459238681,1.4927647192096616,1.4096111925940054,2.7022714051353507
2026-07-21,1.3657274295572188,1.532492863489621,2.0542088143717283,1.7998976306296137,1.7892568573424974,1.2869183550796597,1.7979713956137517,1.794582515543716,2.119838920849325,1.070229998667355,1.496918409460219,1.4096916303412752,2.7498520555953574
2026-07-22,1.3726279470960343,1.5424747172363713,2.0549573101294496,1.8105613944394587,1.8099088695016985,1.2964336172371105,1.7989716792677504,1.8093474819384925,2.124306972101054,1.07606405356465,1.4982317535469523,1.4104758983771566,2.754649274419499
2026-07-23,1.3657274295572188,1.5375414422421865,2.0283769749580394,1.7921916901867367,1.7509267999890163,1.2828533301341478,1.7985741306360332,1.8235017409700758,2.1088682284667395,1.0499304605805329,1.4959820301847675,1.410164202106486,2.7028495070338696
2026-07-24,1.3519263944795878,1.51231092167232,2.0219445724606824,1.7741448160502151,1.7573586807940607,1.2749298025574358,1.798638251383084,1.8040132303923302,2.1166784789814708,1.0358681812643982,1.4944340446905804,1.4102144756985293,2.718925026244752
2026-07-27,1.3484761357101804,1.5196219689659056,2.018087302009103,1.776167615100429,1.7454774349203301,1.2917741112034695,1.798240702751367,1.8092062957863753,2.1079868345167236,1.0397925217108204,1.4941515960038299,1.409902779427859,2.6972767374665008
2026-07-28,1.3294997124784378,1.508674307937922,1.9864716715181086,1.7505534242129344,1.6875362742892972,1.2776712144638225,1.7979585714643416,1.827703875905099,2.103911659065156,1.016895378134408,1.4912728132303201,1.4096815756228667,2.6843503574303034
2026-07-29,1.3312248418631416,1.520072860225915,1.9893695578239559,1.7592636268898496,1.6884804784258918,1.285304244519502,1.7979842197631621,1.8429584324743808,2.113241341906122,1.0128191738221894,1.4925172838195557,1.4097016850596842,2.6845473070030565
2026-07-30,1.3456009200690071,1.5275385074392895,2.016242533719768,1.7745462367857383,1.7175107444549509,1.2815866343665934,1.7983304717972384,1.8521456264226501,2.113301483203152,1.016925975733743,1.4956980935364972,1.40997316245672,2.7223573830885517
2026-07-31,1.3294997124784378,1.5234946954396433,1.9935257457491085,1.7580126261645315,1.6660601687614751,1.2804094761644742,1.800164325162902,1.8643889634082589,2.110313629326173,0.997557302248417,1.49514886923537,1.411410987189169,2.7176410241406135
2026-08-03,1.3277745830937342,1.5211108369568298,2.0070123421331014,1.7609276652260835,1.6489029049437152,1.2663553870998114,1.7222538076513627,1.8616605560896018,2.1094825721663737,0.9868683029132446,1.4957761496793787,1.4110490173264545,2.755277980146345
2026-08-04,1.3283496262219687,1.5254737699266294,2.031877820088862,1.791464724860818,1.694407212632924,1.2905664573187217,1.8075322523789865,1.8236395693953884,2.114877623627994,0.9936350989094324,1.4971094028462686,1.411521589091665,2.8247835662135365
2026-08-05,1.3479010925819457,1.5461421555599144,2.0676799909088075,1.8346684027287703,1.7666199998945997,1.3210841959047372,1.8575869916756351,1.8143851004924825,2.146528347400262,1.001057820450421,1.5000353629861227,1.4115919721205261,2.8742785912644133
2026-08-06,1.3530764807360574,1.5507748822206042,2.072441892887657,1.8527282231418438,1.7856331227474198,1.3466480611203737,1.9354499194704222,1.8170933851663316,2.1389567841968926,1.0113043378178888,1.5001772901187487,1.4116321909941614,2.8720278898315956
2026-08-07,1.3671650373778055,1.583088038079842,2.100810818209197,1.8913272481927415,1.8496110560533008,1.3747834087677646,2.0114589680320005,1.8116112614538518,2.1519291932726667,1.022834388281426,1.5030919282916566,1.4124868420589034,2.910028005386724
2026-08-10,1.3657274295572188,1.590594067482287,2.0965764095194697,1.8938028685375075,1.836913461183025,1.3876477717488342,2.026872563042379,1.8386667242371268,2.1317812099858524,1.0221733516727052,1.503419598960345,1.4061482195139423,2.9107786367194786
2026-08-11,1.359114433582521,1.5792648350295782,2.0893645718818945,1.8765863579461903,1.8067413102590009,1.382150644950394,2.0193001873398546,1.8272007440552804,2.135549667435788,1.0196854912874591,1.5024517364470633,1.4096548235526303,2.8983069209905565
2026-08-12,1.371477860839565,1.5898340802403057,2.11381203261644,1.8992449444484272,1.8515502098809624,1.3812623793453052,2.009203686403155,1.8206450948928439,2.1687848892074295,1.0299902397574838,1.5042613098423512,1.4026416154752541,2.9133300769803125
2026-08-13,1.3619896492236938,1.581350075675783,2.098970623427228,1.8791686818734747,1.8028908296389434,1.3891592583972205,2.0193001873398546,1.8224288553174297,2.1538239842539566,1.0248819663592865,1.5031602744940176,1.4026416154752541,2.9127814808069186
2026-08-14,1.3599769982748728,1.5779149112550732,2.109322710503271,1.8961964414007126,1.8266858408650941,1.3705740759875524,2.009203686403155,1.810949915425178,2.1506545882320753,1.0172432048565254,1.5045068954010063,1.3816019912431252,2.9500368249022753
2026-08-17,1.3783783783783803,1.595838735135105,2.1294600429221013,1.919546785504546,1.8803324744766905,1.3977961894701627,2.0056998693698493,1.8116070561804942,2.1868369695392906,1.0363232824935562,1.5063483489652778,1.402641615475254,2.922656827987896
2026-08-18,1.365152386428984,1.5872530787705432,2.0994210920822853,1.8903153426329182,1.8323179375212852,1.3664043915408044,2.0066699298342767,1.8299966583954421,2.1611570529802626,1.0247898701364544,1.504896516534936,1.402641615475254,2.8625712912210775
2026-08-19,1.342725704427834,1.5666098749657624,2.086088196307293,1.863719404514393,1.794789075743356,1.350552158230271,2.0063988835280395,1.8297373689781564,2.133288894511647,1.0116299903147317,1.5045685526291097,1.4061482195139419,2.9065322756213683
2026-08-20,1.336400230017253,1.5615390919550796,2.079585777857762,1.8513855746220618,1.769986333775897,1.3338113229078015,2.0059566500810213,1.8476013363418764,2.1136210041435683,1.0057435002764288,1.5044200421448883,1.381601991243125,2.893065961118257
2026-08-21,1.3450258769407726,1.5625615286835977,2.094423153841776,1.8742352417123163,1.809960878422159,1.3573710089410695,2.0062419619823233,1.8363354314565892,2.101473194794838,1.0075080655435897,1.505477505337897,1.3500425548949317,2.925965270246693
2026-08-24,1.3228867165037397,1.5453635463174522,2.064485692242834,1.8449733160866908,1.745847114103487,1.3299751161562712,1.9039409669525966,1.8600198395333518,2.106068722091742,0.9977717631561565,1.504631815632744,1.348924908943345,2.9189391993493525
2026-08-25,1.326912018401382,1.5476754727993887,2.074039574415705,1.8521922145659224,1.742907108003728,1.3358052941930598,1.934711730054861,1.8430143446770855,2.1017118674227766,0.9995362103042689,1.5050782720150124,1.3459008625590894,2.938573279976068
2026-08-26,1.3395629672225435,1.5606418222943055,2.0865926149114244,1.8679831222011842,1.7667801006990667,1.3494399255638778,1.9712520112387995,1.8584240407623305,2.0984049535974862,1.016393054310661,1.5055606692214958,1.3531344788586122,2.9619739366075417
2026-08-27,1.3467510063254766,1.5773712325691287,2.0983304690655302,1.8946529943639652,1.804463020134628,1.3690763632772889,2.028947192055545,1.852966387982795,2.093225220958311,1.0266508896826336,1.5053524238206442,1.35427971822626,2.9563174148809197
2026-08-28,1.3341000575043147,1.5654637789916128,2.065179433694541,1.8664681060822956,1.7515684113469314,1.354242451617334,1.953943456993776,1.86244813582429,2.0745737925389793,1.0131802909876169,1.5024297848205455,1.3384326241659235,2.907149894566375
2026-08-31,1.3464634847613592,1.5773715980204683,2.080476948246685,1.8903665579089544,1.7937041421827211,1.3499402371154052,1.9332380627216321,1.8689202788743002,2.07267864545614,1.0300606542097477,1.504257694787805,1.3346428430900183,2.9111040125530967
2026-09-01,1.336975273145488,1.571780953536273,2.0513118948801576,1.8626107937393424,1.7336659976919724,1.342847495798189,1.9400854230382378,1.8953673131000763,2.0576014719041336,1.0330114872107916,1.5030727399390633,1.3301487107511696,2.869640967354439
2026-09-02,1.3315123634272592,1.560040649292383,2.053816572987664,1.8530737301684899,1.7443130915711593,1.3366476585527,1.924108248966158,1.8724840879274067,2.067791492704011,1.0242924467322365,1.5030344075202653,1.3107533903794828,2.8749968012323683
2026-09-03,1.3332374928119628,1.5643459163126685,2.0657360000709626,1.8629013089739295,1.748808181844845,1.34310681754936,1.9423678764771062,1.8726005793491503,2.079375468389935,1.0324705567024777,1.5043942960912295,1.319836040579647,2.913761293273344
2026-09-04,1.3326624496837283,1.561636570533788,2.0519495139684403,1.8455135453913323,1.7096352264961676,1.3370229264822835,1.9263907024050266,1.8952232440458534,2.0666672701089457,1.0308888624502481,1.5036324193371295,1.3117036546496699,2.898832913456883
2026-09-07,1.3335250143760804,1.560890384005658,2.06780452589943,1.853063168961321,1.7388015872464588,1.3576932882457238,1.8919008422013472,1.874963564956009,2.072110824339576,1.023000746849298,1.5041494858277746,1.2995624171899505,2.9107677625695345
2026-09-08,1.3335250143760804,1.566975659634851,2.0627589396345023,1.8581096382228859,1.7384573014706821,1.3574244625841654,1.9321223561694074,1.886931042448304,2.0630234951828497,1.0231295691427067,1.504045617526032,1.3073915306439041,2.889768473426818
2026-09-09,1.327487061529617,1.563355031155196,2.0528680105071966,1.8577473904546116,1.7214040077162018,1.3441088878557081,1.9931994699727584,1.8959946527950513,2.069171636556601,1.0128256140696157,1.5037400860595194,1.319864095147195,2.8900851153256015
2026-09-10,1.3202990224266842,1.5478428719394726,2.036856467559574,1.8370923289874022,1.685443664385322,1.3160302863974107,1.9663851273273851,1.8916205826648007,2.057557486511738,1.0030568038490222,1.5021073569433538,1.309992349311541,2.860245592046558
2026-09-11,1.3085106382978748,1.5240411123607795,2.024627093186429,1.8141627606011772,1.6582194468495939,1.2947730379010303,1.924673927656804,1.8706208834442186,2.0578471443739352,0.9825067120115882,1.5001866845805651,1.2949419145931187,2.86166423071826
2026-09-14,1.3056354226567017,1.5301405801087322,2.0244044393497527,1.8147547581721741,1.6578598154985134,1.306356151185001,1.962471766487327,1.8761481212582063,2.054329452744124,0.9999460600052867,1.5007835725987713,1.290448453640134,2.853304370304422
2026-09-15,1.3001725129384727,1.523293556627217,2.0184234367592278,1.8110203898064479,1.6649332499930334,1.2980759446708297,1.9518924038647538,1.8588558930804235,2.053163582914826,0.9942323315395105,1.5002348973778272,1.2810796701355969,2.845397526302455
2026-09-16,1.305060379528467,1.529244731372214,2.0347638457271096,1.825707602774622,1.6952726714411115,1.2973188192425733,1.9466027225534672,1.8440167573127866,2.05575410215157,0.994370933946478,1.5012882873029165,1.2781708315147275,2.8651609837552976
2026-09-17,1.3099482461184613,1.532892329700895,2.0500220712395687,1.8323849391556144,1.7139644381599157,1.3012213432479893,1.9730511291099004,1.836548183380677,2.06242815359311,1.002678032681153,1.502546686737902,1.2713419235472174,2.8911572736510402
2026-09-18,1.3185738930419806,1.5465162232432856,2.069582631602635,1.84957294982847,1.7426480086945095,1.314620960382968,1.9836304917324734,1.8387383490708145,2.0640737406143557,1.0115106535123102,1.5036604563894975,1.271959687945829,2.9147340132197175
2026-09-21,1.3329499712478459,1.5660275808404611,2.086863132949371,1.8691416892408226,1.7600744134536968,1.3258413543012384,2.015456387461575,1.8498112249684855,2.0616601804856782,1.0356454173287077,1.5054735786845561,1.26987612865605,2.9463291918168437
2026-09-22,1.328349626221969,1.562585484235075,2.0780856800089387,1.8641590545671987,1.748221731330768,1.3319255593237136,2.034500069862787,1.852511980778486,2.060027564624785,1.0341064181332946,1.5052007995067875,1.2679578867698627,2.939771198122581
2026-09-23,1.316273720529042,1.5479060075002022,2.061890580256966,1.844522423377448,1.7193900625649996,1.3205438335955992,2.004347572727535,1.8435797565798784,2.0549105673165515,1.0284682661502658,1.503680245971536,1.2613181285642894,2.915697462772072
2026-09-24,1.2935595169637744,1.5230031655912042,2.032513873309481,1.817244743181425,1.663106868304215,1.318828508581106,1.9932387579934947,1.840910827447905,2.0435890784214057,1.0081243048823385,1.501840971911968,1.252426141825834,2.898297244857238
2026-09-28,1.2648073605520433,1.4992538042052501,1.9910972581976083,1.7822955346443363,1.6027163561695523,1.2911649755533392,1.9883598806498162,1.8364485398643526,2.0308581886429957,1.0002353278700156,1.4979540829783744,1.2466900898779492,2.863666256924303
2026-09-29,1.2711328349626243,1.5056509285653719,2.0078668809075264,1.7936481012857837,1.6269263026565604,1.3049980812891873,1.9897735540285453,1.8386699937855377,2.0366712929654014,1.0024971840643977,1.5002870196509404,1.2526622579731728,2.8886237892935585
2026-09-30,1.2742955721679148,1.5166621096865358,2.011708775165836,1.7952810772826626,1.6067370744884524,1.3112124412721777,1.9895332295541612,1.864822910709025,2.041206243533775,1.0258047544313456,1.5012478211430609,1.2735648463064555,2.9071631025388993
