date,S1_trend_300,S2_ts_basket,S3_dual_mom,S4_sector_mom,S5_reversal,S6_low_vol,S8_vol_target,S7_pair_300_500,S9_donchian,BH_300,BH_60_40,BH_EW_equity
2019-03-01,1.0,1.0,1.0,1.0,1.0,1.0,1.0,1.0,1.0,1.0,1.0,1.0
2019-03-04,1.03503635671632,1.035114876125736,0.9827038475114718,1.0392337751308036,1.035973264670298,1.0319325380384117,1.0201981387825227,1.027919962773383,1.0366559485530549,1.0366559485530549,1.0216306320664172,1.0367442056702736
2019-03-05,1.045309670430626,1.056148803897114,0.9777620896576067,1.0400315129596116,1.0467749927156098,1.0465138954231363,1.0239655220320985,1.0604932526756632,1.0469453376205788,1.0469453376205788,1.0275291213918727,1.0578112420373698
2019-03-06,1.0536567378234996,1.071179993116247,0.9827038475114717,1.0592246060935275,1.0827617140587527,1.0617727757009596,1.0268268568808114,1.0751633324682186,1.0553054662379422,1.0553054662379422,1.0321811000954646,1.0728660912011612
2019-03-07,1.0401730135734732,1.0684616492868475,0.9788210377691491,1.0612304954735294,1.1058513600101492,1.0608263023994597,1.0222311801086779,1.073018735706424,1.041800643086817,1.041800643086817,1.0246939369476136,1.0701434685443432
2019-03-08,0.9977955945019614,1.0264629490732362,0.9879985880691844,1.0069962941001274,1.0307764462002,1.0125571061435608,1.0063083372972408,1.031967255461892,0.99935691318328,0.99935691318328,1.0001242183664107,1.0280786599937073
2019-03-11,1.0135266061269923,1.054753292608917,0.991175432403812,1.0248857303120142,1.053694920040709,1.033864818461322,1.011431729400879,1.06061384912575,1.0151125401929262,1.0151125401929262,1.0092466663840398,1.056413534135228
2019-03-12,1.0215526324662938,1.0708512134898136,0.991175432403812,1.0309933663916377,1.056741312100207,1.0487200477726069,1.01453681538069,1.0681642640420603,1.0231511254019294,1.0231511254019294,1.014174975315407,1.0725367940569421
2019-03-13,1.0144897292877084,1.050138554987751,0.9954112248499821,1.0183397967884826,1.0489260660708823,1.035546531348737,1.0120789958610465,1.0607790931404497,1.0160771704180067,1.0160771704180067,1.0100147909422188,1.0517915326552194
2019-03-14,1.0058216208412627,1.0323943737485075,0.9936463113307445,1.0090795373070536,1.048753082058235,1.0196913067993674,1.0085189686191636,1.0517154743066546,1.0073954983922833,1.0073954983922833,1.004563532823264,1.0340194210679503
2019-03-15,1.0215526324662936,1.0450360420068103,0.9922343805153545,1.0218682008799551,1.0612760114175306,1.0340262079755256,1.0142088035688621,1.0681642640420603,1.0231511254019294,1.0231511254019294,1.0139867544160355,1.0466809880293446
2019-03-18,1.0584723536270806,1.0789221997274396,0.9908224496999645,1.0622751289522265,1.0868493896782965,1.0668908795687482,1.0276571019652874,1.1067685664822984,1.0601286173633444,1.0601286173633444,1.0359275544226714,1.0806204844848317
2019-03-19,1.049483204127063,1.0752217603297438,0.9964701729615246,1.0527407600034582,1.0853685545972958,1.0635567270455384,1.024491985798934,1.0973692580620666,1.0511254019292608,1.0511254019292608,1.0306858599956588,1.0769142203855713
2019-03-20,1.049483204127063,1.0726966444830754,0.9950582421461346,1.0602622997444118,1.0806711040249946,1.0628286619881084,1.024670432966717,1.0973692580620666,1.0511254019292608,1.0511254019292608,1.030799714455352,1.0743851298632923
2019-03-21,1.0501252862342072,1.0800105507244395,1.0021178962230848,1.059420865477203,1.0917233144774268,1.069784276440157,1.0249307133174177,1.0980406372349403,1.051768488745981,1.051768488745981,1.0311964658763477,1.081710548608051
2019-03-22,1.0517304915020673,1.0818557424868942,0.9999999999999998,1.0541975889945239,1.087159899498197,1.0700606355180002,1.025998603299212,1.0997190851671244,1.0533762057877816,1.0533762057877816,1.032454464559497,1.0835586448070307
2019-03-25,1.0212315914127217,1.060270686840981,1.00564772326156,1.0212573496274904,1.0563657921300178,1.0483331355195,1.0159913218542889,1.0678285744556235,1.0228295819935695,1.0228295819935695,1.0152586018966703,1.0619396130588552
2019-03-26,1.0087109903234113,1.0374269066146047,1.0060007059654075,1.0076796825773517,1.0489167081607191,1.028002185214364,1.0122256384239254,1.0547366805845864,1.0102893890675246,1.0102893890675246,1.0083781445885531,1.0390598754263105
2019-03-27,1.0189843040377171,1.0504405494495077,1.0052947405577124,1.0220284625926792,1.0569254804677077,1.0430787048438974,1.01560885276876,1.0654787473505656,1.0205787781350488,1.0205787781350488,1.014225276970902,1.0520940024733931
2019-03-28,1.0157738935019966,1.0417903674146218,1.0031768443346274,1.0208268712900768,1.053864968172305,1.0349094433429753,1.0150132796047848,1.0621218514861972,1.0173633440514476,1.0173633440514476,1.0126969432149442,1.0434302045611974
2019-03-29,1.0645721336449496,1.0821274889584471,0.9841157783268617,1.077599504603801,1.091363054782805,1.0706562405903388,1.0332689813568363,1.1131466686245985,1.066237942122187,1.066237942122187,1.0418369055520407,1.0838308190229478
2019-04-01,1.0966762390021556,1.121767266070058,0.9841157783268617,1.111385561477592,1.1370912574406649,1.1025792440365907,1.0473240185745205,1.1467156272682837,1.0983922829582,1.0983922829582,1.0602333838432707,1.123532991392782
2019-04-02,1.094428951627151,1.1206395085737124,0.9855277091422517,1.104598368256564,1.1463803392075669,1.1011799642463416,1.0462161109023285,1.1443658001632255,1.096141479099679,1.096141479099679,1.0588620409887093,1.1224034587421514
2019-04-03,1.1114441274664704,1.1344229990435695,0.9872926226614893,1.1302046766665848,1.1530956430813804,1.1167845288040021,1.0526554947316298,1.1621573482443788,1.113183279742766,1.113183279742766,1.067742669567794,1.1362086452080447
2019-04-04,1.126533056984357,1.1459898592080873,0.9876456053653367,1.1446311964634264,1.1651947241936405,1.133584996267408,1.0592907129023827,1.1779347588069107,1.128295819935692,1.128295819935692,1.0763184016152063,1.1477937122667325
2019-04-08,1.1181859895914834,1.138021281452907,0.991881397811507,1.1368063214057442,1.1543268135992262,1.1340225417865404,1.0541870761177374,1.1692068295595526,1.1199356913183287,1.1199356913183287,1.0704217592492593,1.1398125915180508
2019-04-09,1.125890974877213,1.1410520795628984,0.9922343805153544,1.1281838436824796,1.1574263336084822,1.1362717746889759,1.0575486727161947,1.177263379634037,1.1276527331189719,1.1276527331189719,1.074877852493206,1.1428481602762264
2019-04-10,1.1278172211986452,1.1394013735866606,0.9971761383692196,1.1193546350067392,1.1557675879160192,1.1378691414483035,1.056500291040133,1.1792775171526582,1.1295819935691325,1.1295819935691325,1.0745766167898392,1.1411948559951255
2019-04-11,1.105344347448601,1.1176823869268944,0.998235086480762,1.0908128593007183,1.1344096414860008,1.1179741033221253,1.048936025895981,1.1557792461020786,1.1070739549839235,1.1070739549839235,1.0632729658780726,1.1194416824180824
2019-04-12,1.1008497726985922,1.1149047968432209,0.9883515707730317,1.0918335602254985,1.1346156418377864,1.111347293461488,1.0463967907820757,1.1510795918919625,1.1025723472668816,1.1025723472668816,1.0602386285122376,1.1166597202500244
2019-04-15,1.0928237463592907,1.1056058650512934,0.9830568302153192,1.08121255200719,1.1207998511343589,1.1075809102059977,1.0415374322957585,1.1426873522310412,1.0945337620578783,1.0945337620578783,1.054888478168899,1.107346151411861
2019-04-16,1.1313486727879378,1.13547932832619,0.9830568302153192,1.102870851211795,1.1520133402979387,1.142428919059567,1.0599559170988035,1.176540414011904,1.1331189710610938,1.1331189710610938,1.0768688035033283,1.1372666372128888
2019-04-17,1.1281382622522171,1.1382463827757767,0.977409106953759,1.1049238413704858,1.1512525853663098,1.1404908485819047,1.0587474757890043,1.1760457497498669,1.1299035369774924,1.1299035369774924,1.0753130301789158,1.1400380471631741
2019-04-18,1.1258909748772128,1.1317670076889383,0.9710554182845038,1.1042855079445022,1.1407697638304641,1.1340017108835332,1.057675773170639,1.1727651005318755,1.1276527331189716,1.1276527331189716,1.0740354936785264,1.1335484731723273
2019-04-19,1.1451534380915362,1.1436861974744768,0.9749382280268264,1.1087004654046513,1.150396471950605,1.1470325506778105,1.0674068391444893,1.1881920278688463,1.1469453376205794,1.1469453376205794,1.0854412667738182,1.1454864244388496
2019-04-22,1.112086209573614,1.119653274841966,0.9784680550653014,1.0940914098790753,1.131334290642328,1.115667160824074,1.0519437035579264,1.1605585198398303,1.113826366559486,1.113826366559486,1.06690331915565,1.1214156726225546
2019-04-23,1.1098389221986096,1.1083201106067144,0.9731733145075888,1.0869252893126873,1.1136716787570309,1.110723401067012,1.0504056999226965,1.1475625784719776,1.1115755627009651,1.1115755627009651,1.065236036585943,1.1100646693437846
2019-04-24,1.111765168520042,1.1187262770580848,0.9721143663960462,1.0935728032231449,1.1197992951628863,1.1145065764853697,1.050688446969799,1.1547027190816401,1.113504823151126,1.113504823151126,1.0658042351739228,1.1204872156915662
2019-04-25,1.085118761073561,1.0844250608240777,0.9767031415460639,1.0622831331541496,1.0863610530363776,1.0869970973896352,1.0383849465953197,1.118631991090768,1.0868167202572352,1.0868167202572352,1.050969787699543,1.086132007397052
2019-04-26,1.0677825441806699,1.071140514857279,0.9788210377691491,1.0634078780223966,1.068934927279724,1.0703023514936632,1.0303019894375678,1.104125533064911,1.085962384293005,1.0694533762057883,1.0412375605996376,1.0728265508011736
2019-04-29,1.072598159984251,1.0573035266425599,0.977409106953759,1.0412782388659843,1.0465406725662973,1.0743827382532651,1.0316928399573173,1.0918447780425213,1.084331941291305,1.0742765273311903,1.0434297829960313,1.0589677823819326
2019-04-30,1.0732402420913951,1.0633320620269837,0.9802329685845392,1.0489333229872124,1.055196047827863,1.0806031156199256,1.0331619573913602,1.0940925735033253,1.0867096706687842,1.0749196141479105,1.044719771295499,1.0650058070230937
2019-05-06,1.001648087144826,0.985661507813463,0.9117733773526367,0.9705588212338758,0.9611560419451414,1.0122945060088004,0.9892793409964625,1.0138420950321927,1.0868649509546604,1.003215434083602,1.0029656918057983,0.9872129949504315
2019-05-07,1.012563482966276,0.9965623840776825,0.92683571288159,0.9875689537679772,0.9764047985612619,1.021961338642889,0.9968988410042071,1.0241963542096455,1.0892232702964053,1.0141479099678463,1.010394053069729,0.998131029812376
2019-05-08,0.9971535123948171,0.9849945284983148,0.9117733773526367,0.9794011640962655,0.9736569487205915,1.004958372713911,0.9872623991614654,1.0139861525382663,1.0891650401892017,0.99871382636656,1.0011462740071824,0.9865449657719987
2019-05-09,0.9804593776090699,0.9703750742673294,0.8911881854630673,0.9659102744357542,0.967623005011743,0.9835348248454149,0.9769238120133595,1.001531663215073,1.0895823559574938,0.9819935691318332,0.9912431220303142,0.9719024996905868
2019-05-10,1.0167370166627128,1.0073278913512487,0.9213128565209738,1.0104578040993095,1.006931780101845,1.0195187418039107,0.9998524218699759,1.0386072095776335,1.08963088104683,1.0183279742765279,1.0132667670270374,1.0089134826051955
2019-05-13,0.9949062250198129,0.9893686536667153,0.9022338981842998,1.0004544817601095,0.9999495911480487,0.9979030756064042,0.9910427418500354,1.0192008122781102,1.0906013828335563,0.9964630225080392,1.000573993379723,0.9909259760615899
2019-05-14,0.9891274860555157,0.9831062890145499,0.8942006525688581,0.9920000361956646,0.993499591738653,0.9906283793360807,0.9881315099804776,1.0139738754888066,1.0896502910825647,0.9906752411575568,0.9967379655929699,0.9846537540921529
2019-05-15,1.0141686882341363,1.0061026179188615,0.9147858444584275,1.0204542497887563,1.0285063067318128,1.0145719526342194,0.998573312735386,1.0378978366632547,1.0896017659932284,1.0157556270096468,1.0118605341405926,1.007686280522907
2019-05-16,1.0199474271984335,1.0121974479185112,0.9213128565209737,1.0356246442295356,1.0393572330322731,1.0201722985817612,1.0011558501852726,1.045990553592155,1.0899802616900518,1.0215434083601294,1.015460482663238,1.0137907041307797
2019-05-17,0.9929799786983805,0.9814728228985962,0.8931964968669277,1.0030213828767889,1.019762744779539,0.9936487189834619,0.9909196479636486,1.0142843957112897,1.0915524745845482,0.9945337620578786,0.9999370840854283,0.9830177168078542
2019-05-20,0.9801383365554981,0.9733370986887561,0.8866694848043813,1.0035762787112004,1.022350888400481,0.9835950858432639,0.9854713817764656,1.00353752479821,1.0914845394594772,0.9816720257234735,0.9921532221433573,0.9748691865065097
2019-05-21,0.9945851839662407,0.9886261728666533,0.9002255867804393,1.0125037757639739,1.0357700637894942,0.9966506021723568,0.991139200412665,1.0201259237316607,1.0906013828335566,0.9961414790996792,1.0006064736225095,0.9901823265546221
2019-05-22,0.9916958144840922,0.9857553585357139,0.8987193532275439,0.9987255599410313,1.0292550614744291,0.993308872370132,0.9897866463802709,1.0168565359499007,1.0903393473511405,0.993247588424438,0.9987661913922916,0.9873069933990439
2019-05-23,0.9730754333769128,0.9664131214193606,0.8846611734005209,0.9846422197345068,1.017459510916382,0.977421283997343,0.9825410882571256,0.9965812829966821,1.0914748344416103,0.9745980707395506,0.9879303582683091,0.9679343105040452
2019-05-24,0.9750016796983452,0.9636749064136826,0.8846611734005209,0.9771883612583949,1.0069886782038036,0.9800263967167997,0.9837960603866849,0.9945838953010736,1.092309465978195,0.9765273311897115,0.9894059308153806,0.9651917853925897
2019-05-27,0.9888064450019438,0.9840276915603877,0.8982172753765787,1.0038609005027115,1.0276359961762425,0.9928670509497097,0.988751585667863,1.01348801651412,1.0903005272796715,0.990353697749197,0.9970832845636006,0.9855766069778756
2019-05-28,0.9942641429126687,0.9862219371788268,0.8987193532275438,1.0045441934631865,1.0324463199408545,0.9975387144993756,0.9918937560521558,1.0150923607367572,1.091833920102699,0.9958199356913192,1.000946230659689,0.9877743064634135
2019-05-29,0.994906225019813,0.9882029284876548,0.9002255867804391,1.0077430277929706,1.0353582965289,1.0004037622511002,0.9925912651796583,1.0156595921318685,1.092649141603549,0.9964630225080395,1.001633013003852,0.9897584159649574
2019-05-30,0.9942641429126687,0.984868566072511,0.9002255867804391,1.0002755329402915,1.0299576509247141,0.9986588828732413,0.9929377274623289,1.013655453164666,1.0938525638190897,0.9958199356913192,1.001686430519993,0.9864188050741898
2019-05-31,0.9884854039483717,0.98199864248378,0.8977151975256136,0.9964757942452992,1.0296956771371486,0.9945407059981385,0.9911342043562646,1.007951975062852,1.0951724462490373,0.990032154340837,0.9986767723644615,0.9835443640628987
2019-06-03,0.9910537323769482,0.9769999112459575,0.9008089551314847,0.9938194111426578,1.0260191571322002,0.9948500393687045,0.992445086807958,1.0049457447455963,1.0955606469637278,0.992604501607718,1.0003752557677488,0.978537764538494
2019-06-04,0.9804593776090701,0.9660281608475264,0.894024619904553,0.9806782258541135,1.017489110376135,0.9869403177700243,0.9878719181043607,0.9922204650033899,1.0956091720530643,0.9819935691318336,0.993976578347569,0.9675487439824293
2019-06-05,0.9778910491804936,0.9654404013521124,0.8925169898541238,0.9811644882033448,1.020998737888225,0.9875729167546521,0.9870230759859953,0.989108952741116,1.0961429480357636,0.9794212218649525,0.9926080405927518,0.9669600593202217
2019-06-06,0.9679387765197599,0.948623622399959,0.8872402846776214,0.9661245042234103,1.0097884625038809,0.9772746409248261,0.9823525561540365,0.9718689871440336,1.095521826892259,0.9694533762057886,0.9863218280687721,0.9501168098038607
2019-06-10,0.9827066649840746,0.9610796018547406,0.9004320476188774,0.9714372703805737,1.0200248619964913,0.9915557647373394,0.9910780438875476,0.984883761667841,1.0949007057487543,0.9842443729903545,0.9951271603264539,0.9625923956770215
2019-06-11,1.0189843040377173,0.9976045837867159,0.9287001110644262,1.0160492608192886,1.0515625627556633,1.0253122233008192,1.0129374654990304,1.025507479013163,1.0929985222467709,1.020578778135049,1.0164773147513992,0.9991748700028827
2019-06-12,1.0099951545376997,0.988281859908094,0.9241772209131384,1.0025561785167385,1.050508726223138,1.0172784171075717,1.0076513035385273,1.0150317664594715,1.093600233354541,1.0115755627009655,1.0113209286012566,0.9898374716279307
2019-06-13,1.0077478671626952,0.9895468729261714,0.9219157758374946,1.0053608838163055,1.050795599109692,1.0140136394169343,1.006271170085193,1.0157272409571954,1.093600233354541,1.0093247588424445,1.0099707862299516,0.9911044758482718
2019-06-14,1.00068496398411,0.9764257764481853,0.9196543307618505,0.9922805277384587,1.0456859970785128,1.0063263113379064,1.002444846059021,1.0037984482567925,1.0950559860346303,1.0022508038585218,1.0062614681212756,0.9779627260199751
2019-06-17,1.0016480871448263,0.9767192189559084,0.9230464983753164,0.9873776490677934,1.0397664580423218,1.0093915170330419,1.0031641529021447,1.0040377494157275,1.0956285820887988,1.0032154340836024,1.0070530287712443,0.9782566304228545
2019-06-18,1.0042164155734028,0.9789161005951822,0.9271924810139969,0.9865165798520867,1.04017752996819,1.0123291066617979,1.004989504740247,1.004105300733248,1.0958809125533475,1.0057877813504834,1.008695113496148,0.9804569700784734
2019-06-19,1.0215526324662938,0.99326134791585,0.9445302265939333,1.0023589482365534,1.0542549231022755,1.028038251744115,1.0168952098553983,1.0197420070752596,1.0961914731251,1.0231511254019303,1.0192575754678714,0.9948247976323331
2019-06-20,1.0562250662520762,1.0194376506742995,0.9814671628294503,1.038576203571745,1.0793710147857711,1.062142570201749,1.0404823728416355,1.0486827947673416,1.1316433112990585,1.0578778135048243,1.0401189750770565,1.0210423033764946
2019-06-21,1.0584723536270808,1.0296979171391691,0.9810902553168431,1.0493218670115332,1.0838350245700779,1.063901374942993,1.0423219243065849,1.0573101163212875,1.1340510630252267,1.0601286173633453,1.0418629077744095,1.0313187200829186
2019-06-24,1.060398599948513,1.0284356066595237,0.983351700392487,1.0478422593173282,1.0854855946023967,1.0657440897682136,1.0435004255675124,1.0581497797513382,1.136114850219085,1.062057877813506,1.042831010718528,1.0300544226549582
2019-06-25,1.0478779988592026,1.0159092914933394,0.9682753998881943,1.0443315394649075,1.0780112211806938,1.0513511698669704,1.0347789038160369,1.046143950658607,1.1227002334590048,1.0495176848874608,1.0355611839793308,1.0175083903579945
2019-06-26,1.048199039912775,1.017018882308231,0.9671446773503724,1.0402684254539036,1.0640402512984306,1.0521895870590015,1.034968930142327,1.0463042055530094,1.1230441979913148,1.049839228295821,1.035700260498217,1.0186197277317837
2019-06-27,1.0616827641628013,1.0294370438042284,0.9818440703420578,1.0521948924300373,1.0760098524869983,1.066202771010987,1.0444109050693682,1.0579334552148274,1.1374907083483239,1.0633440514469463,1.0435914322115583,1.0310574361185474
2019-06-28,1.0613617231092294,1.0222794418345635,0.9807133478042358,1.0481058269977512,1.0719878221477108,1.063597650707151,1.0442273693887543,1.0522519282056222,1.137146743816014,1.0630225080385862,1.0434611766663324,1.02388856767728
2019-07-01,1.091860623198575,1.0525240449306235,0.9554859558574248,1.0806873023496324,1.0904445878820364,1.0906708893238315,1.0650290066172066,1.0832800659595878,1.1698233743854398,1.0935691318327985,1.061529417270439,1.054180777494607
2019-07-02,1.0937868695200075,1.0530917998819314,0.9655635928341675,1.084081752560809,1.0874289304955138,1.0932538036584492,1.0667211440272004,1.0821405393653476,1.1718871615792985,1.0954983922829593,1.063160006672891,1.054749426124421
2019-07-03,1.0831925147521295,1.044298877245388,0.9926472422091639,1.0663731107715981,1.0783781414133984,1.0861408290934544,1.060667325730395,1.0735628764436485,1.160536332013077,1.084887459807075,1.0584088349821081,1.045942662928762
2019-07-04,1.074845447359256,1.0389482383151951,0.982254679076898,1.0522734075115976,1.073037741209922,1.0812737756078195,1.0545794493040481,1.0669590522622,1.1515932541730236,1.0765273311897117,1.0529598384403744,1.0405836017893129
2019-07-05,1.081266268430697,1.044763966061537,0.9841442360100373,1.0656280027368141,1.074319745679707,1.0858786653810983,1.0588761894456697,1.072978977933762,1.1584725448192186,1.0829581993569142,1.0566484928491082,1.0464084838210956
2019-07-08,1.0523725736092118,1.0124730550683323,0.9791054175216659,1.0452639631206613,1.0447065694683666,1.0560471034703782,1.040064432832228,1.0380655159389955,1.1275157369113418,1.0540192926045027,1.0396548066576565,1.0140667451018917
2019-07-09,1.0494832041270632,1.0134918430703486,0.970287485167016,1.0474387352752683,1.0483771634296242,1.0531443505490699,1.0383837838120402,1.0372602863733373,1.1244200561205542,1.0511254019292615,1.0381878322826075,1.0150871367340264
2019-07-10,1.049804245180635,1.0087970773649413,0.9696576328559697,1.0484182685295382,1.0411452785574087,1.0499483676075383,1.0383800816802708,1.0342022427903608,1.1247640206528637,1.0514469453376216,1.0381258589785092,1.010384981201031
2019-07-11,1.0501252862342072,1.0097048357448375,0.9863487190987,1.0478263249917625,1.0478013364391672,1.0516118640352725,1.0385994118547566,1.0346086259478608,1.1251079851851735,1.0517684887459817,1.0383273261494486,1.011294168444121
2019-07-12,1.0600775588949412,1.0160278758956005,0.9797352698327126,1.054320329099952,1.049353737381536,1.0602740384981078,1.0451065962686275,1.042117614540779,1.1357708856867756,1.0617363344051458,1.0442279401979029,1.017627161418833
2019-07-15,1.0645721336449498,1.0229963457211089,0.9835143836989911,1.063134818371909,1.0601328860754984,1.0618270422939915,1.048263929664536,1.0505461980039086,1.140586389139112,1.0662379421221875,1.0470316948509053,1.0246066000112182
2019-07-16,1.059435476787797,1.0225374097403404,0.9825696052324214,1.0556637012237116,1.0591602709810324,1.0581798781918896,1.044711451531159,1.0494986804589435,1.135082956622156,1.0610932475884254,1.044011556759827,1.024146941639177
2019-07-17,1.0575092304663647,1.0216429792224113,0.9772158605885268,1.0533777105818949,1.057647112065969,1.0557352787538543,1.0433715418864768,1.047433618257771,1.1330191694282978,1.0591639871382648,1.0428689539743066,1.0232511032368654
2019-07-18,1.0494832041270632,1.0092391527555986,0.9872934975652694,1.0399003719097153,1.0469275386731784,1.046615393511951,1.037924915499756,1.0353104877520343,1.1244200561205542,1.0511254019292615,1.0382928293706029,1.0108277524434357
2019-07-19,1.0623248462699457,1.01985294922104,1.0005203960972442,1.0491183405153246,1.0572586563399815,1.0589112945966463,1.0469603046249014,1.0451154675195582,1.1381786374129441,1.0639871382636668,1.0460437387311095,1.0214582556267107
2019-07-22,1.0526936146627839,1.0046510901942483,0.9929621683646871,1.0385047213661496,1.0456008372608592,1.0492362142437202,1.0387355408977503,1.0295637523597563,1.1278597014436518,1.0543408360128628,1.0403719923733934,1.0062324680113
2019-07-23,1.0555829841449325,1.013411939221974,0.9857188667876532,1.0384136204737224,1.050069858718241,1.0524436815623939,1.0411958680501674,1.0351029518285042,1.1309553822344394,1.057234726688104,1.0422319413099361,1.0150071071124613
2019-07-24,1.0655352568056662,1.0245583759307522,0.9898129068094549,1.0451500948894163,1.0587408235947195,1.0637243841774624,1.0494517269181363,1.045345124552028,1.1416182827360415,1.0672025723472678,1.0480837301076784,1.0261710889450366
2019-07-25,1.0767716936806884,1.0325050615127438,0.9910726114315478,1.051315775586782,1.0657507305287237,1.073738978270347,1.0587363783552963,1.0535992663262952,1.1536570413668825,1.0784565916398723,1.0546081124792686,1.0341302830610068
2019-07-26,1.0783768989485485,1.034813872660546,0.9869785714097461,1.0506198450503028,1.0711208998145294,1.0770602567024237,1.0600958628549686,1.0556344179212962,1.1553768640284312,1.0800643086816728,1.0556257246420637,1.0364427284085513
2019-07-29,1.0764506526271163,1.0345788424312816,0.9885532021873622,1.0462160625235828,1.0674060353409305,1.0768281759669796,1.0584611068628487,1.0541918979922003,1.1533130768345727,1.078135048231512,1.054442300020948,1.036207328228371
2019-07-30,1.0822293915914134,1.0410240984684642,0.992647242209164,1.051068711720525,1.075307178456888,1.0831676664461298,1.0632714986618736,1.0603931372174726,1.1595044384161481,1.0839228295819943,1.0578163652699608,1.0426627294642419
2019-07-31,1.0732402420913956,1.033188667462969,0.9964263560754426,1.043246650901581,1.0703705037190958,1.0729176714395132,1.055851309211274,1.0546163304156064,1.1498734315114751,1.0749196141479105,1.0527271638809015,1.0348149650457834
2019-08-01,1.0616827641628013,1.026066119303479,0.98528776015021,1.0328879133019768,1.0599173487237394,1.0616521321002361,1.046301747904369,1.044830914503646,1.1374907083483243,1.0633440514469459,1.0461699084448675,1.027681205591377
2019-08-02,1.04274134200205,1.0099834493949267,0.9681357488516571,1.0179265999968659,1.0500142662760064,1.0423360380429054,1.0307281324601265,1.0278060202737866,1.1171968009420497,1.0443729903536985,1.0356486394095217,1.0115732206479031
2019-08-05,1.0215526324662938,0.9911061596046138,0.9471721794867589,1.0008796930333574,1.0346726322660573,1.0191900035403167,1.0104802872666938,1.0112839198662371,1.118844398775378,1.0231511254019299,1.024295637412665,0.9926662169324157
2019-08-06,1.0090320313769834,0.9719791421687862,0.9357375052877236,0.9946203344443265,1.0209555908845769,1.0021501442952903,0.9986171704340806,0.9921150345108153,1.1208433850895327,1.0106109324758847,1.0174951292771601,0.9735090924859309
2019-08-07,1.001327046091254,0.967649985879771,0.9304013239948403,0.9892369277522889,1.0090016633502294,0.9961540744706442,0.9911558934193812,0.9859637678050753,1.1172961642771604,1.0028938906752418,1.011545304893972,0.9691731218592925
2019-08-08,1.0186632629841452,0.9804864814578523,0.9456475562602207,1.0016525396722427,1.025334946257541,1.0113818776615415,1.0076895113209063,0.9974798761854774,1.1174333496124453,1.0202572347266887,1.0221028620960189,0.9820298228097205
2019-08-09,1.0093530724305555,0.9739642434616724,0.9414548423872411,0.9940057019537081,1.0144048038457498,1.0071916730398347,0.9989095677550829,0.9878005387176141,1.120186855270668,1.010932475884245,1.017505325215843,0.9754973184408812
2019-08-12,1.0282944945913068,0.9930241757394465,0.960131476912332,1.010997229185326,1.0329640487552532,1.025715737011116,1.0163877932572412,1.0069420298127367,1.1222740321575058,1.0299035369774925,1.0297203117684552,0.9945872521334675
2019-08-13,1.018021180877001,0.9843967676277208,0.9490779585199313,1.0059432554159917,1.026400582601993,1.0152886679507072,1.0069549322507034,0.9982899416511243,1.1221662436797817,1.0196141479099685,1.023508216976317,0.985946263991879
2019-08-14,1.02251575562701,0.989283706008329,0.9525083607796418,1.0166417963851446,1.0356217237559058,1.0191578514065305,1.0110066334757508,1.0029881498219657,1.1210001683298583,1.0241157556270104,1.0257940742431626,0.9908408946907695
2019-08-15,1.027331371430591,0.9956658387606659,0.9559387630393523,1.0158504153367538,1.0339817343105295,1.024669828197817,1.0154365941714567,1.0079684168103429,1.121156951570184,1.0289389067524124,1.0287500945010644,0.9972330732821629
2019-08-16,1.0324680282877439,1.0008768078661285,0.9605126327189664,1.023658522914617,1.0407314428574856,1.0282034162718854,1.020087128702961,1.0121088658536714,1.1201966542231883,1.0340836012861743,1.0314838853059591,1.0024522447486532
2019-08-19,1.0613617231092294,1.0320766051858925,0.9822385136971333,1.0588408859916227,1.0756988430954786,1.0540002857564277,1.044164774082665,1.0467326039362195,1.1182760595291965,1.063022508038586,1.048096179304622,1.0337011523195876
2019-08-20,1.0562250662520765,1.0287880888773444,0.9799515788573264,1.0525629772479659,1.0730567764938468,1.0526351100091031,1.0398215231357557,1.0418432871116672,1.1181584720989521,1.057877813504824,1.0450086226369988,1.0304074596997885
2019-08-21,1.0559040251985043,1.02859370893267,0.9791892672440573,1.047390887296856,1.069634165107263,1.0520641905265011,1.0396097781055917,1.042676947778205,1.1185994249623685,1.0575562700964638,1.044982885859989,1.0302127737900526
2019-08-22,1.0584723536270808,1.030183977914674,0.9807138904705954,1.0552759437649168,1.0737699364643085,1.0519326637206319,1.04173334883966,1.0445643394889486,1.1182858584817168,1.0601286173633448,1.046390772396675,1.0318055459456617
2019-08-23,1.0671404620735263,1.0345136388221066,0.9959601227359758,1.0676393528745516,1.0733971030558198,1.061600252609924,1.048768722620442,1.0490893250496294,1.1162672742625215,1.0688102893890683,1.0507767504937233,1.0361420219850155
2019-08-26,1.0533356967699279,1.0240535198642209,0.9772834882108848,1.0582324371969418,1.0643481958153238,1.0478756427910205,1.0388013817969446,1.0383223354881146,1.1185308322947258,1.0549839228295828,1.0434732048138171,1.0256654382064123
2019-08-27,1.0661773389128104,1.0400949323009654,0.9849066043435751,1.076831579576865,1.0773731154618218,1.0617714557017142,1.0483480782386194,1.0530892493760222,1.118158472098952,1.067845659163988,1.0509670981487158,1.041732100736477
2019-08-28,1.0623248462699457,1.0357229040789941,0.9765211765976158,1.0741273713359785,1.0662106906043096,1.0549989862493931,1.045511805773521,1.0510628145283745,1.1183544511493593,1.0639871382636663,1.0487622596761141,1.0373531906940279
2019-08-29,1.058793394680653,1.0332428783864902,0.9723284627246364,1.0723009138587267,1.0631328535127564,1.0498381654245361,1.0429349785679787,1.0509229374206328,1.1186484197249702,1.0604501607717047,1.046780710399713,1.0348692613003743
2019-08-30,1.0620038052163736,1.0286231337217138,0.9780457998241538,1.0774413142430355,1.0622961583573793,1.0500869717815742,1.0451665392740894,1.0477101605029424,1.1178743024758613,1.063665594855306,1.0483953486364728,1.030242244895384
2019-09-02,1.0758085705199723,1.0489066963190088,0.9871935391833822,1.100204123062972,1.077076892954173,1.063892526431673,1.0557427806960014,1.0679104948615101,1.117462746470006,1.0774919614147915,1.0564176810618986,1.0505577349710398
2019-09-03,1.0770927347342605,1.0526649334571858,0.9868123833767477,1.0968423054039964,1.0787826335122161,1.065908823322933,1.056535341852253,1.071751841051154,1.1170086917771997,1.0787781350482322,1.056796334728716,1.054321887787704
2019-09-04,1.0928237463592914,1.0669480919456624,0.9997716808023211,1.0905884316813168,1.095224690243417,1.0826631428825597,1.068700579098159,1.0881838310293317,1.1333226786317698,1.0945337620578783,1.0660719239643401,1.068627528778028
2019-09-05,1.1047022653414575,1.0776916879183986,1.0115875108079908,1.0950356797604521,1.1136726778087114,1.0952427523840835,1.0780695451556201,1.0979061484551476,1.1456414033995066,1.106430868167203,1.0734325038253187,1.079388035780387
2019-09-06,1.1133703737879033,1.0845580859105857,1.0241656524269296,1.1002980767304156,1.115472988226968,1.104936924095682,1.0854981939301824,1.1039367107067302,1.1546307430948821,1.1151125401929267,1.0799205335818465,1.0862652418725938
2019-09-09,1.1185070306450562,1.1001080255715108,1.0222598733937571,1.1044033868118461,1.1178501604730187,1.1086294487560984,1.0899902541671076,1.1179569156555593,1.15995775921066,1.1202572347266888,1.0824946914531306,1.1018396580208052
2019-09-10,1.1149755790557636,1.0967372382378557,1.0180671595207775,1.1036989434151148,1.1171371400554033,1.1042317835990874,1.0866505613725848,1.1155800827577669,1.1562954356310626,1.1167202572347275,1.080258450810265,1.0984635648766379
2019-09-11,1.1056653885021739,1.0882108131307635,1.0127309782278944,1.0812327848771868,1.0943974425619605,1.0980847385782608,1.0778673824613527,1.108477088621848,1.146640218921215,1.1073954983922838,1.0746156091308294,1.0899237186926616
2019-09-12,1.1188280716986283,1.0974759083973284,1.027977210493275,1.0855927039340096,1.0988104462484016,1.1111867538989015,1.090220892822295,1.1207864627678774,1.1602906977178962,1.1205787781350491,1.0818322738687056,1.0992033977448517
2019-09-16,1.1143334969486196,1.0975258229969371,1.0230221850070265,1.0832876965481217,1.0964773740150355,1.1096308694503563,1.085781579785164,1.1162840207366722,1.1556295586165906,1.1160771704180075,1.079167806976165,1.099253390912872
2019-09-17,1.0908975000378593,1.0757015151426514,1.0051078620952045,1.0665832254338832,1.0795695159455547,1.0887360399489203,1.062946069752229,1.092807001573959,1.1313250475883534,1.0926045016077182,1.0657315957829054,1.0773947303597737
2019-09-18,1.0963551979485844,1.0774882996476902,1.0112063550013568,1.0727598028369523,1.0858212968832486,1.0933221675860396,1.0682639282530495,1.098274252611851,1.1369850022113674,1.0980707395498404,1.0687588434481512,1.0791843273650006
2019-09-19,1.1024549779664536,1.0851593584876658,1.0127309782278948,1.0821397458563446,1.0953154463350394,1.0964693122124192,1.0742074171657314,1.104384709654201,1.143310833848854,1.104180064308683,1.0724165297126647,1.0868674608868247
2019-09-20,1.1043812242878859,1.0861528810484666,1.0150179130677017,1.0818184714434602,1.0949902602134762,1.0981235122182886,1.076084308401315,1.1063143276675746,1.1453084648922707,1.1061093247588436,1.0737588418895685,1.0878625473085062
2019-09-23,1.0931447874128637,1.0756287720150304,1.0028209272553974,1.0715119141247247,1.08413350435276,1.084668168404923,1.0651357761937434,1.0950582225895615,1.1336556171390062,1.094855305466239,1.0674334227103155,1.0773218727303429
2019-09-24,1.09410791057358,1.0778480980038674,1.0051078620952045,1.0752644316718927,1.0868947081681462,1.086383935667595,1.0660742218115353,1.0960230315962485,1.1346544326607146,1.0958199356913196,1.0678145329373803,1.0795446920642044
2019-09-25,1.0854398021271343,1.0646070815750386,1.0012963040288594,1.0640604441664043,1.0743638728688967,1.0769875392703592,1.0576282112514086,1.087339750536067,1.1256650929653393,1.0871382636655962,1.062746136273137,1.0662828335242585
2019-09-26,1.0767716936806888,1.0474677339905059,1.001677459835494,1.039067734804238,1.0432836349826442,1.074257325360386,1.049182200691282,1.0786564694758856,1.1235879661865014,1.0784565916398727,1.0575497546394705,1.0491165076341893
2019-09-27,1.0796610631628374,1.051990190350349,1.001677459835494,1.0447535398357468,1.0470093422295297,1.07253734346292,1.0519975375446577,1.0818716272480813,1.1226725113149763,1.0813504823151139,1.0589077688397244,1.0536460825969343
2019-09-30,1.0645721336449505,1.0386937431242098,0.9890993182165552,1.0389141817087637,1.0373872965289004,1.0595843205138715,1.037295222865919,1.0660588806087035,1.1250152882980187,1.0662379421221877,1.0509123206360573,1.040328706008458
2019-10-08,1.0725981599842522,1.0418770356690883,0.9857692340102063,1.0486266106130064,1.0291046368933414,1.0672991888216714,1.0449447830829186,1.0714538653219559,1.1245427954611025,1.0742765273311912,1.0554895977765533,1.0435170092364134
2019-10-09,1.0761296115735448,1.0486354486137255,1.000308603243395,1.0468567040166679,1.0365795267558904,1.0731135154068001,1.048343725288111,1.0783604852228181,1.1256551223480091,1.0778135048231525,1.0579922810362101,1.0502860603064788
2019-10-10,1.0851187610735624,1.0618495029896728,0.9950744303194471,1.0602163804504634,1.0444354045778041,1.0805805520625658,1.056934910153102,1.089241509276165,1.1247199802749461,1.086816720257236,1.0629432952786548,1.063520914353742
2019-10-11,1.1005287316450212,1.071642007663631,0.9901310447801628,1.0707304478521842,1.0475178352337196,1.0973926453800866,1.0716757027068107,1.1000964466859762,1.1240801462249557,1.1022508038585224,1.0717584507688416,1.0733288329856563
2019-10-14,1.109838922198611,1.0836326614917986,0.9758824629316377,1.0822406899199335,1.0583569457015722,1.1094193414642177,1.080712264867743,1.1115187663381403,1.1236568713918849,1.111575562700966,1.077037102392861,1.0853383607832656
2019-10-15,1.105665388502174,1.0746876311921592,0.9779179746242841,1.0881223704442518,1.040698973668358,1.105683176651719,1.0766482615575663,1.1020470751920122,1.1239521794149574,1.1073954983922845,1.074720215001515,1.0763792504984186
2019-10-16,1.1011708137521654,1.0695755032971876,0.974137738623655,1.0821634393714932,1.0321978611406748,1.1013491413017507,1.0722716426081453,1.0962870282513708,1.1238438998064975,1.1028938906752428,1.072057531509965,1.0712590758240925
2019-10-17,1.1030970600735976,1.069397321682613,0.9811166358555857,1.0796150855397344,1.029660760082163,1.1002060917698373,1.0741473364436114,1.0973717452100324,1.1243459234457207,1.1048231511254034,1.0733742793082734,1.071080613741547
2019-10-18,1.0844766789664182,1.0551738710865932,0.9802442737015944,1.0731820806470787,1.0089688897190843,1.0823319612915865,1.0560156293674388,1.079922415212422,1.1236076533880393,1.086173633440516,1.0622211642426973,1.0568347746272904
2019-10-21,1.0873660484485668,1.0543300902846213,0.9796626989322669,1.0748274122409691,1.0037733193928011,1.0845271337351656,1.0588291701206378,1.0802285112355399,1.1212648764049968,1.0890675241157572,1.0630332954738326,1.0559896656664622
2019-10-22,1.0921816642521478,1.0620308060592667,0.9758824629316376,1.0797209263595242,1.0118018059558596,1.0873049347948138,1.0635184047093031,1.0881704971486905,1.1221803312765217,1.0938906752411592,1.0662051722249306,1.0637025028046538
2019-10-23,1.0854398021271343,1.0547853353183516,0.9802442737015943,1.0710099998546219,1.0029742365979886,1.081524691748132,1.0569534762851716,1.0812903588621516,1.122574075307285,1.0871382636655964,1.0624059056981976,1.0564456272817049
2019-10-24,1.0870450073949949,1.055817711052742,0.9782087620089478,1.0697564981442123,1.0036650296051233,1.084106487876343,1.0585165544813935,1.080957783792745,1.1227315729195906,1.0887459807073971,1.0634082130161364,1.0574796280340752
2019-10-25,1.0947499926807245,1.063292049524582,0.9880955330875164,1.086438272404216,1.0117676297176836,1.0880596441242818,1.066019329823258,1.0897032933502742,1.1232040657565066,1.0964630225080403,1.06810969231961,1.0649657315387429
2019-10-28,1.1021339369128818,1.0772356250784012,0.9872231709335251,1.093521875882826,1.0224487899394765,1.0943359939844242,1.0732094895258781,1.101561091700929,1.1213534688119184,1.103858520900323,1.0717283184069946,1.0789312550716033
2019-10-29,1.0979604032164452,1.0676235129636167,0.9770456124702928,1.09697747312748,1.0100969607931884,1.0890101579313054,1.0691454862157015,1.092078174732533,1.1206939475603896,1.0996784565916415,1.0690411480011799,1.0693040129469857
2019-10-30,1.0896133358235716,1.0576871505562673,0.9758824629316376,1.093335755891117,1.0026336363372303,1.0779596000916332,1.0610174795953482,1.0806196014299945,1.1202214547234737,1.0913183279742782,1.0639845337034575,1.059352010141446
2019-10-31,1.0889712537164273,1.0522927682195142,0.977917974624284,1.0962042080052805,0.9975151555501507,1.0759622296838394,1.0603922483168593,1.0771422427715367,1.1206939475603896,1.0906752411575578,1.0637878550637796,1.0539491367408327
2019-11-01,1.114975579055764,1.068206427672022,0.9858422359839564,1.1102941558757924,1.0109636868688827,1.0958291019499509,1.0857141150956522,1.0957043450270414,1.121294407207304,1.1167202572347281,1.0792576147188795,1.0691003463424338
2019-11-04,1.1191491127522009,1.0740258724212177,0.9919724025163609,1.1162142227282628,1.0118416293150185,1.1010622860062953,1.0897781184058288,1.098143460434947,1.1236975222466719,1.1209003215434097,1.0814351772800228,1.0742871539417336
2019-11-05,1.1265330569843581,1.0811478526531317,0.9964307054490187,1.1233331433241518,1.0207020547947396,1.1085233596773676,1.096968278108449,1.1070631682825274,1.1311114760652816,1.1282958199356925,1.0861114087614279,1.0818296513171686
2019-11-06,1.121075359073633,1.0744716910479535,0.9858422359839564,1.119406701798823,1.021688491238877,1.1024571686664857,1.091653812241295,1.0966143676610762,1.1256315971558746,1.1228295819935703,1.0835299891102224,1.0740490668595177
2019-11-07,1.1226805643414934,1.0786585189477655,0.9919724025163609,1.1222499200068015,1.0189274460429525,1.104359701995083,1.0932168904375168,1.1042598315304308,1.1272433262468766,1.124437299035371,1.0841569772562005,1.0787576537467725
2019-11-08,1.1175439074843405,1.074567229571819,0.9919724025163609,1.1181027019142673,1.009551373680492,1.0981502194560975,1.0882150402096071,1.0999274020044632,1.1220857931556698,1.119292604501609,1.080982963819922,1.0743660964632613
2019-11-11,1.0960341568950127,1.0514755858588025,0.9641080091872496,1.0994122748124202,0.9898023342322845,1.0747516743500583,1.0672697923802354,1.0724037320747872,1.1004886233362416,1.0977491961414805,1.0690684272294106,1.0495999240131753
2019-11-12,1.0944289516271524,1.0521045600732482,0.9657798727869964,1.105250070464032,0.988547665138356,1.0757520276197479,1.0657067141840135,1.0729134296660774,1.0988768942452394,1.0961414790996797,1.0682826352239612,1.0505835453517132
2019-11-13,1.0934658284664363,1.0523863905371755,0.9629934334540853,1.110468388392083,0.9893705903626568,1.072606246531319,1.0647688672662805,1.0729134296660774,1.0979098567906382,1.0951768488745994,1.06776722733707,1.0495204660049093
2019-11-14,1.0944289516271524,1.0552627726733914,0.967451736386743,1.114291742686725,0.9898705589299949,1.0722571213088954,1.0657067141840135,1.0797943471484965,1.0988768942452394,1.0961414790996797,1.0681070675745017,1.0523610444823743
2019-11-15,1.0883291716092833,1.0476286791404967,0.9579778426548452,1.1056946516901232,0.9795984097164135,1.065952644520672,1.0597670170383708,1.072658580870432,1.0927523236994314,1.0900321543408373,1.0649021375161367,1.0446690005651578
2019-11-18,1.097318321109301,1.0549730982402645,0.9641080091872496,1.1134928578852707,0.9864239076459697,1.0748807720415183,1.0685202549372128,1.0769910103963996,1.0940369245661208,1.099035369774921,1.0713618104784364,1.051616443404606
2019-11-19,1.1101599632521832,1.0731988771860759,0.9858422359839564,1.1253765931931043,1.0016830956467961,1.0857876035631508,1.081024880506987,1.0958498212741405,1.0945814211494913,1.111897106109326,1.0790978227470285,1.0688376596185112
2019-11-20,1.0969972800557286,1.0623838467664815,0.9763683422520586,1.1166327626319865,0.9959850476029809,1.074686415903556,1.0682076392979682,1.0884592062004312,1.0939700565646542,1.0987138263665606,1.0711801004255308,1.059284203482808
2019-11-21,1.0905764589842875,1.0586864320515512,0.9780402058518052,1.1059689545625249,0.9980917369972385,1.0697731195920366,1.061955326513081,1.0902431477699472,1.094657841722596,1.092282958199358,1.0676876567030311,1.0569210491194811
2019-11-22,1.0770927347342611,1.043519781232722,0.9657798727869963,1.0858483676711694,0.9984881584084135,1.0619832101848672,1.048825469664818,1.0780104055789803,1.0943712645734536,1.0787781350482328,1.0596554118061314,1.045044869387414
2019-11-25,1.0860818842342788,1.0438565127344837,0.9579778426548451,1.0857780474277492,0.9968259146152609,1.0746426309701496,1.0575055709506858,1.0787749519659156,1.093387349694731,1.0877813504823164,1.0645805037784106,1.048371369820602
2019-11-26,1.088008130555711,1.0456894926066844,0.9579778426548451,1.090830346480137,1.0014643051553325,1.0739769123667344,1.0593684811736088,1.0746973712355932,1.0932918239783505,1.089710610932477,1.0656761674187072,1.0483696671729257
2019-11-27,1.0860818842342788,1.0456760682934887,0.9596497062545918,1.0880922830616697,0.9989505569930315,1.0714972281112791,1.057507320298815,1.0800491959441416,1.0936643742722356,1.0877813504823164,1.064689397974042,1.0486604280612766
2019-11-28,1.0841556379128463,1.0434623917197265,0.9568632669216807,1.0867491597395298,0.997717468759939,1.068145125817192,1.0556436347461642,1.0780104055789803,1.0936357165573214,1.0858520900321555,1.063545255483528,1.0461826936884888
2019-11-29,1.0703508726092479,1.033933183784961,0.9551914033219339,1.0656843265574254,0.9783783675018926,1.057021616813683,1.0422989609627504,1.0780104055789803,1.095345626880538,1.0720257234726702,1.0560850033494285,1.0392400758715068
2019-12-02,1.0729192010378243,1.0364380291495379,0.9559550980443978,1.0641391834268172,0.976959809889654,1.0602335297598569,1.0447892551371512,1.0802252926399647,1.0968644857709928,1.0745980707395513,1.058191228951762,1.042547072737895
2019-12-03,1.0780558578949775,1.0409296950574376,0.9605317831337786,1.0654384986690966,0.9781526790103984,1.0638682359897709,1.0497912384053123,1.085356410152134,1.097686006931868,1.0797427652733134,1.0615479388879925,1.0470221883622353
2019-12-04,1.0786979400021215,1.040121754000607,0.9611038687699511,1.065835890906107,0.9785175149739339,1.0605493826848038,1.0504164863138323,1.0845341975520453,1.0975045080707444,1.0803858520900336,1.0618570795365077,1.0452151360803488
2019-12-05,1.0880081305557112,1.0532591383803191,0.9693991104944537,1.0717347141999756,0.9839330784392245,1.0685805516691658,1.0594825809873745,1.0948219414203595,1.0973134566379827,1.0897106109324775,1.0672820438705015,1.0564727608215312
2019-12-06,1.0957131158414406,1.061009493650333,0.9762641381285247,1.0772761322399487,0.9890205169991105,1.0724439945706228,1.0669855558896162,1.104428612895912,1.0971128526335832,1.0974276527331206,1.071738923510027,1.0634329808264005
2019-12-09,1.091539582145004,1.0577139809830838,0.972545581493403,1.068388135868941,0.9808606678175804,1.0735393136352716,1.0629214444842354,1.1035964591039529,1.0954793628834714,1.093247588424439,1.0686513092008108,1.063744195734397
2019-12-10,1.0925027053057204,1.0612740679227133,0.9734037099476619,1.0683019503064253,0.9807815429887214,1.075488766476813,1.0638593163470158,1.1068714797776336,1.0948106828688056,1.0942122186495196,1.0689561441022266,1.0682089841132976
2019-12-11,1.0944289516271526,1.060179789419696,0.9751199668561795,1.0675843797092401,0.9801227592082475,1.0809406419562584,1.0657350600725761,1.1055707976700198,1.0951641280194147,1.0961414790996802,1.0702250215630438,1.0677706905568265
2019-12-12,1.09089750003786,1.0585580471452563,0.9719734958572304,1.0635707781760018,0.9764379711166575,1.0782217310967963,1.0622961965757156,1.1025186576126333,1.0951832331626907,1.0926045016077188,1.0681604786998533,1.0664500814201212
2019-12-13,1.1162597432700525,1.0828671186262826,0.9945708784860475,1.0806116392479634,0.9920827633134902,1.1011607820982086,1.086993488962261,1.1235758665262991,1.095211890877605,1.1180064308681688,1.0830718374868775,1.0873240059373885
2019-12-16,1.1201122359129174,1.0878665206973748,0.9980033923030832,1.0799180489114897,0.9966518218833068,1.1061309682095806,1.0907449764133819,1.135189762193703,1.0972394030717958,1.1218649517684904,1.0852579290875457,1.0985742658821973
2019-12-17,1.140016781234385,1.1034872411082648,1.0157380470244335,1.0930393126490892,1.0145169330696726,1.1207254586377158,1.1101276615775062,1.155011977825189,1.1167374950724984,1.1418006430868184,1.0966169762555416,1.1136141678996088
2019-12-18,1.135201165430804,1.0981011053375471,1.011447404753139,1.0867989802013693,1.0122680672114495,1.1170841629840698,1.1054383022636052,1.1519401007038554,1.1120202147497478,1.1369774919614164,1.093960109112298,1.1102135485829023
2019-12-19,1.1329538780557997,1.0962202166296977,1.009445105026535,1.084993455734503,1.0129506167141813,1.116930087604106,1.1032499345837847,1.152441548367365,1.1098188172657975,1.1347266881028955,1.092775260908042,1.11225194610236
2019-12-20,1.1316697138415115,1.0917398655060464,1.0083009337541897,1.0821637158059099,1.0018709744563683,1.1129387502889125,1.1019994387667444,1.1456155277882318,1.1085608758463974,1.133440514469455,1.092527754527286,1.1037871132549544
2019-12-23,1.1149755790557645,1.0749863754813205,0.9934267072137024,1.0741353642474325,0.9903450613483366,1.0979159618379744,1.085742993145221,1.12286122697573,1.0922076373941954,1.1167202572347283,1.0834060226038151,1.0831716246418956
2019-12-24,1.1217174411807778,1.0854347155020965,0.9994336063935146,1.0770302775810023,0.9943831430258615,1.10290716248098,1.0923080961846825,1.135545308685185,1.0988118298460463,1.1234726688102912,1.0885810766281712,1.0959991726707337
2019-12-25,1.1239647285557821,1.0880541882525432,1.0014359061201188,1.0744276828988453,0.9930118322650462,1.1025483201030795,1.094496463864503,1.1393412712636726,1.1010132273299966,1.1257234726688121,1.0897535988107108,1.0995690751888134
2019-12-26,1.1332749191093718,1.0957279006567477,1.0097311478446214,1.0800819842005638,0.9994397675821133,1.11402891480608,1.1035625585380449,1.14873777276216,1.1101333026206477,1.1350482315112558,1.0957334307312065,1.1092361514725
2019-12-27,1.1319907548950836,1.090336162957072,1.0085869765722761,1.0822173699986235,1.000532041005318,1.1149564378609451,1.1023120627210046,1.1431561821825365,1.1088753612012474,1.1337620578778151,1.0958547161741106,1.1035274194471538
2019-12-30,1.1506111360022633,1.1081628738926361,1.0251774600212815,1.0912918319353588,1.00838794913998,1.1314598490176238,1.1204442520680888,1.1611877134688204,1.12711551178255,1.152411575562703,1.1064427600606104,1.1189042224306323
2019-12-31,1.1573529981272765,1.1119098675323988,1.0311843592010936,1.1009151060830755,1.0172801568866634,1.1381047449581474,1.1270093551075504,1.1671294112487554,1.133719704234401,1.1591639871382655,1.111152419231675,1.1244300078292608
2020-01-02,1.1743681739665957,1.1301664147990977,1.0503965755396887,1.1127209175179962,1.0237203364148129,1.1539672459611894,1.143578424683334,1.1876546578085911,1.150387428041453,1.1762057877813523,1.1191337620568496,1.1437916684022085
2020-01-03,1.1711577634308752,1.129196259573571,1.0498014500011392,1.1188535432791267,1.0210674322294402,1.1497753905220014,1.1404521851407334,1.1872985288334383,1.1472425744929526,1.172990353697751,1.1168670313706341,1.1428098170133476
2020-01-06,1.1660211065737223,1.1332869714228637,1.0640844629263249,1.129270533679251,1.0167348260998796,1.144450813779131,1.1354502018725723,1.1919005126930304,1.142210808815352,1.167845659163989,1.1144128441383836,1.1469498463663583
2020-01-07,1.1762944202880283,1.1471343367917817,1.0843187312370044,1.1289918018000624,1.0291936439344638,1.1533008575147714,1.1454541684088946,1.2014483183858984,1.1522743401705533,1.1781350482315132,1.120091340996435,1.1609641551715841
2020-01-08,1.163131737091574,1.1326236730176373,1.0664649650805225,1.1186281458924596,1.0175184000352915,1.141144433705561,1.1326365862842318,1.1880041641681522,1.1393804406217016,1.1649517684887478,1.1130882247669984,1.1462785512547464
2020-01-09,1.1772575434487442,1.1489018691319839,1.0944358653923443,1.1250807716419708,1.0333332318334831,1.153491192887051,1.1463920402716747,1.2024320369871966,1.1532177962351033,1.1790996784565932,1.1216043066512071,1.1627529968305481
2020-01-10,1.1769365023951723,1.1463719562716432,1.089674861083949,1.1251203770198768,1.034156108200532,1.152230841516544,1.1460794163174148,1.202104130786764,1.1529033108802533,1.1787781350482331,1.1218948257946824,1.160192583413949
2020-01-13,1.191383349805915,1.160397422752957,1.1081237527789805,1.1329051442329483,1.0420524663525736,1.1616932092760697,1.1595936005001513,1.2168599098062414,1.167055151848505,1.193247588424439,1.1301692010218658,1.1743871405134296
2020-01-14,1.185604610841618,1.1579744689632923,1.1009822463163876,1.1381091496346545,1.0457813633614905,1.1621312529407881,1.15419684629973,1.2109575981984504,1.1613944154612044,1.1874598070739566,1.1272320964469584,1.1719349756629684
2020-01-15,1.1753312971273122,1.1520270890313042,1.0991968697007393,1.1254161908246552,1.0309862492604704,1.1526810954822133,1.1445624546993018,1.2004645997845997,1.151330884106003,1.1771704180064324,1.1215703758522697,1.1659158942905676
2020-01-16,1.1734050508058798,1.1521357713377127,1.104552999547684,1.1211228013010286,1.0253864593803586,1.149892040026461,1.1426858309886407,1.1984971625820027,1.1494439719769027,1.1752411575562716,1.1197232038739888,1.1660258868677182
2020-01-17,1.17501025607374,1.1489753391474218,1.1057432506247828,1.1247216489406564,1.0253901018895055,1.1476561676147239,1.1442331173774225,1.2001366935841669,1.151016398751153,1.1768488745980723,1.1210764393611787,1.1628273525983668
2020-01-20,1.1846414876809017,1.1629016588222703,1.1337141509366047,1.1342148488844495,1.0324327769704686,1.1530265364046184,1.1535481881188094,1.2099738795971517,1.160450959396654,1.186495176848876,1.126799313972979,1.1769215675803515
2020-01-21,1.1602423676094251,1.1444973077056233,1.1259775189354624,1.122326917476677,1.0134699658798747,1.1282096349504362,1.1297894720491537,1.1850530083642563,1.1365500724280508,1.1620578778135062,1.115079467055199,1.1582953341390474
2020-01-22,1.164736942359434,1.1503121618085625,1.1414507829377467,1.1207969567191152,1.0148789648280203,1.1287567493838353,1.1341660776409324,1.189643695170316,1.1320043413428065,1.1665594855305481,1.1166009478757897,1.1641802919548383
2020-01-23,1.1252488927700706,1.110661247140398,1.1027676229320358,1.0907996328264535,0.9811866961248682,1.092750464123754,1.0957144713703053,1.1493112325170776,1.1388164132299121,1.127009646302252,1.0965750417295945,1.124051347006465
2020-02-03,1.0170580577162864,1.003113501465605,1.016474419842373,0.9873386449406284,0.8770815057943366,0.9793533992730769,1.018334623627761,1.0388068429712132,1.1563638419591615,1.0186495176848887,1.04007332831824,1.015207008820982
2020-02-04,1.052693614662785,1.0370070214497138,1.080747978005708,1.0151424637075097,0.8951451921803936,1.0141464661699127,1.0432151661874027,1.0752044312192575,1.1440572192519405,1.0543408360128628,1.0575109067022026,1.04950914810154
2020-02-05,1.0645721336449514,1.0588028718826907,1.1134798826259251,1.0472996236376724,0.915349736428014,1.0264997185122904,1.052644294480476,1.0873369606352723,1.145901748745727,1.0662379421221877,1.0653526302547567,1.0715677686768217
2020-02-06,1.093465828466437,1.0834101381725598,1.1485922894003395,1.075966593930628,0.937095898720504,1.0425871824642676,1.0738528838385444,1.1168485186742272,1.142485953386863,1.0951768488745994,1.0814312820375136,1.096471699457237
2020-02-07,1.0905764589842883,1.0868916013305159,1.1545435447858334,1.075353455976234,0.9376330440584396,1.0403329316003065,1.0720808778528412,1.1138973628703317,1.1443500017112715,1.0922829581993583,1.0804225136568837,1.099995135034313
2020-02-10,1.0947499926807251,1.098393755015839,1.1670411810953707,1.0925038035610342,0.9562901250104859,1.049991156425903,1.074029230649521,1.1181601434759585,1.1463311630194128,1.09646302250804,1.083651513575433,1.1116359583517292
2020-02-11,1.1082337169307515,1.1016484719336523,1.1587094235556792,1.0891099815456062,0.9569488327421717,1.0613393114618965,1.079165015422933,1.1319322038941373,1.1470436003371187,1.1099678456591653,1.0919291229696604,1.1149299140425508
2020-02-12,1.117222866430769,1.1188109713259655,1.1938218303300934,1.1231127984442266,0.9824838209914373,1.0673840392318703,1.0815689412716631,1.1411135775062566,1.145872470499794,1.1189710610932488,1.0967973191715632,1.132299324031057
2020-02-13,1.1104810043057558,1.1104971952981435,1.1831095706362043,1.1162516500297461,0.9739666254211097,1.0601384343590199,1.07820861439827,1.1342275472971672,1.144164572820362,1.1122186495176862,1.0921722555653148,1.1238853173599463
2020-02-14,1.1191491127522013,1.1155562561282666,1.182514445097655,1.1279044743792686,0.9914663384616631,1.0680765193901156,1.0811787772516834,1.1430810147088537,1.144125535159118,1.1209003215434097,1.0972724673115568,1.1290053700810876
2020-02-17,1.1470796844129705,1.1507525729767547,1.2325049903358047,1.170128969718877,1.02584489325628,1.0933282230580237,1.089692956977883,1.17160885414651,1.142398118649064,1.1488745980707409,1.1130405545870736,1.164626012707334
2020-02-18,1.139053658073669,1.1563532566130945,1.2438123755682433,1.1802558451464837,1.0299917410296728,1.0875795088416158,1.0868507543835075,1.1634111991356892,1.1421736520969101,1.1408360128617376,1.1082803609849083,1.1702942180235756
2020-02-19,1.1393746991272409,1.1496365406059303,1.2223878561804649,1.1562271759403193,1.017472344278493,1.0872882774294255,1.087115216023624,1.163739105336122,1.1424273968949972,1.1411575562700977,1.10856626759631,1.1634965254825318
2020-02-20,1.1685894350022985,1.1739346188627606,1.2527392586464843,1.1672927343918174,1.0296710754199605,1.1111670382622596,1.096131962440139,1.19357856957551,1.1410122816748964,1.1704180064308696,1.1250718645621687,1.1880875406679263
2020-02-21,1.1730840097523074,1.1873269148826788,1.2765442801884603,1.186922943112336,1.0396333357934358,1.1144975822939807,1.0983471382088905,1.1981692563815696,1.1421736520969101,1.1749196141479115,1.1281262424868983,1.2016412938212453
2020-02-24,1.1624896549844295,1.1901922376378895,1.2961834229605904,1.186121155915471,1.0310911483878853,1.1028525903349193,1.0963544593831231,1.1873483517672863,1.144389039372516,1.1643086816720274,1.1228884993772372,1.204541160824704
2020-02-25,1.159921326555853,1.1881941644226504,1.3063005571159303,1.1925750825022372,1.0338113827417919,1.0918678065375675,1.0951050503889126,1.1847251021638237,1.1437156397160544,1.1617363344051463,1.1211356984519352,1.2025189988965828
2020-02-26,1.149005930734403,1.1662873019529791,1.2509538820308364,1.1560201281894442,1.0106492128206248,1.0891256821169737,1.091687146128896,1.1735762913491075,1.143852271530409,1.150803858520902,1.1148590291096712,1.1803480279267038
2020-02-27,1.149326971787975,1.1676071886331636,1.2563100118777812,1.1536981049058248,1.0123293801647377,1.0901804873499314,1.0925469609484904,1.1739041975495403,1.1450526796136669,1.151125401929262,1.1155139217262706,1.1816838271225227
2020-02-28,1.1050233063950308,1.1125157642373347,1.187275449406051,1.0908384983727109,0.9681716303423938,1.0500702442787584,1.0814588121885387,1.1286531418898094,1.1501861320672737,1.1067524115755643,1.0917141775456116,1.1259282221078748
2020-03-02,1.1509321770558354,1.1584599808466665,1.2223878561804653,1.1261402506504288,1.0070347649261906,1.0897783864611135,1.0954343508090023,1.1755437285517045,1.1480878577754001,1.1527331189710628,1.1181310966211313,1.1720221635049848
2020-03-03,1.1499690538951193,1.1679329140831576,1.2450026266453427,1.149357816159755,1.0220762669262342,1.0933058327828657,1.095257850903034,1.174560009950406,1.1483025649122431,1.1517684887459825,1.1176533338219259,1.1797500727211974
2020-03-04,1.1592792444487092,1.1722426915670054,1.242622124491145,1.156057835225869,1.037479890345531,1.101975598213812,1.0993726624416604,1.1840692897629583,1.1500495002529194,1.1610932475884264,1.1237625938437479,1.1876016228484592
2020-03-05,1.1907412676987712,1.1940727721788866,1.2622612672632751,1.1742113902003504,1.0533210391601717,1.1260612310222833,1.1096780119566965,1.216204097405376,1.1503032450510065,1.1926045016077191,1.1421606476063535,1.2095341032924414
2020-03-06,1.1653790244665783,1.1827015791844915,1.2563100118777812,1.1701691763966242,1.037383202403341,1.1084100457717103,1.1026601407059573,1.1902995075711822,1.1239618279745813,1.1672025723472688,1.128199834397716,1.195470712768753
2020-03-09,1.1233226464486386,1.1340923676854395,1.19798770909994,1.1168812938670545,0.9988431807404592,1.0678075746850502,1.0849708781689402,1.1473437953144812,1.0834001201330745,1.125080385852092,1.1069559652493064,1.1484420258622887
2020-03-10,1.15157425916298,1.162987113134054,1.2277439860274102,1.1450300219753158,1.030035601505152,1.0922350585660532,1.0978011346153413,1.1761995409525705,1.1106476795991251,1.1533762057877834,1.1222853792550438,1.1755922280359326
2020-03-11,1.130064508573652,1.1433368850793562,1.2045340900239836,1.1328215026719433,1.016768192972368,1.0744740532730486,1.0869615972014146,1.1542298255235706,1.0899023786420186,1.1318327974276547,1.10970398489083,1.1578776610580128
2020-03-12,1.1098389221986122,1.1199510622115822,1.1729924364808655,1.0988653660216596,1.0018705135346408,1.0577835378100704,1.0771058426209332,1.1335717348963021,1.0703956031151869,1.1115755627009665,1.0981543909629667,1.134927091670183
2020-03-13,1.090897500037861,1.1085469406257242,1.161685051248427,1.0825606004112622,0.9976336906947567,1.0434889695732834,1.0652977449358234,1.1142252690707652,1.0521273530186306,1.092604501607719,1.085097929492965,1.1195989797908397
2020-03-16,1.0385678083056151,1.049510795149086,1.0902699866224992,1.0331018496512536,0.9556850692175021,0.9933273192998062,1.0420473808181616,1.0607765584002136,1.0491521974952556,1.040192926045018,1.0533341429998662,1.0655096458540054
2020-03-17,1.0279734535377372,1.0484387400144384,1.0962212420079933,1.0272966615345802,0.9458965687980739,0.9890142908083975,1.036024859498102,1.04995565378593,1.0466973537258424,1.0295819935691337,1.045901300420687,1.061477609652322
2020-03-18,1.0080689082162695,1.031600027872257,1.0819382290828077,1.0076084910504186,0.9347667075781054,0.9693329079447938,1.0272472801341368,1.0296254693590945,1.0466973537258424,1.0096463022508058,1.033750292183445,1.043106578614126
2020-03-19,0.9968324713412473,1.0347816125231009,1.0861041078526534,1.0056121489527834,0.9237204033297891,0.9613068268668415,1.020705365914768,1.0181487523439452,1.0439223129430273,0.9983922829582011,1.0257403895482422,1.036648819317616
2020-03-20,1.012242441912706,1.0476054371818158,1.0991968697007404,1.023811315578125,0.9468507466709623,0.9773233017479392,1.0286954525438987,1.033888249964721,1.0458968611923378,1.0138263665594873,1.0360305663774703,1.052496295406087
2020-03-23,0.9743595975912029,1.0021396757801633,1.048016073385492,0.9825456703631575,0.9079573222781837,0.9410390815311407,1.0155723042545677,0.9951953183136468,1.0511979006364334,0.9758842443729921,1.0148671152762319,1.0085871107218456
2020-03-24,1.0016480871448281,1.0234703491826693,1.074796722620215,1.0172957603960786,0.9411971357115207,0.9649765917711809,1.0275585956234512,1.0230673453504375,1.0513313160586841,1.003215434083603,1.0319724172307796,1.032979573663533
2020-03-25,1.0321469872341738,1.0520137832665952,1.1069335017018826,1.0426479287298074,0.9603214870360444,0.9915302538030208,1.0407574670875699,1.0542184343915566,1.0515003089268684,1.0337620578778153,1.0508921119023729,1.0627904327950504
2020-03-26,1.0247630430020165,1.044100116571929,1.102767622932037,1.0403117698110225,0.9518936067216062,0.9843495376832216,1.0390004353577715,1.0466765917816014,1.053866209081448,1.0263665594855325,1.0473270968536177,1.0547852623303697
2020-03-27,1.0302207409127415,1.0395287785847276,1.0890797355454007,1.0378012277333297,0.9519771190790641,0.9866328532814838,1.0423524040048258,1.0522509971889595,1.0556717644625746,1.0318327974276547,1.0513915596310932,1.0542176315162717
2020-03-30,1.0193053450912914,1.0184522087014196,1.0658698395419741,1.0197493850895936,0.9446536149099404,0.9746401445330902,1.0389958720644825,1.0411021863742431,1.0570770735769488,1.0209003215434103,1.0452675812145928,1.0367356531386978
2020-03-31,1.0202684682520076,1.0192614379960934,1.0682503416961717,1.0236279970896123,0.9358257600006091,0.9742637352908089,1.0406471104859052,1.040761163925793,1.0591672485255434,1.0218649517684906,1.0466869034012842,1.0363890490030627
2020-04-01,1.020623747146784,1.0159423149076745,1.0664649650805236,1.0095271257788072,0.9326657615459649,0.972786567487931,1.0424048042039937,1.039271717156729,1.061230740389688,1.0231511254019312,1.048293023876802,1.033046673878312
2020-04-02,1.0193064269685952,1.0441733822953496,1.0974114930850924,1.0212127002322378,0.9489898119387277,0.9931851191414568,1.0477215668858346,1.0642803261297802,1.0598610087212472,1.0392282958199377,1.0576351515906828,1.0562408826150211
2020-04-03,1.0188102933949916,1.0377586211903735,1.0914602376995985,1.0297472292028753,0.9394388864099444,0.984519347849174,1.044235349060451,1.0530085649441145,1.059345135755211,1.0308681672025743,1.0523243136239928,1.0487130140081011
2020-04-07,1.0243618570030735,1.0743195091677813,1.1271677700125622,1.058880812460381,0.9643658050792281,1.0103294475156661,1.0591210606355737,1.08362705355095,1.065117576357926,1.0575562700964651,1.0709641352014336,1.0785490189349904
2020-04-08,1.028835613192637,1.0740106169698553,1.1247872678583646,1.052528878058693,0.9651572741104509,1.0081034098398454,1.0596286432371045,1.0829324658338868,1.0697693274137345,1.0527331189710631,1.069904469355386,1.0773660269140324
2020-04-09,1.0300331769909907,1.08941103308201,1.143236159553396,1.067381820974411,0.9678276157242173,1.0138461962018488,1.0618753340135507,1.090178145510044,1.071014538021408,1.0562700964630247,1.0725594184440617,1.0854758464914178
2020-04-10,1.0279716564523964,1.067851683764144,1.1170506358572223,1.062559688178364,0.9575356189399438,1.005912253445105,1.0589863354363402,1.0776049817676476,1.068870996903913,1.052411575562703,1.0693499500565973,1.0722109172827983
2020-04-13,1.029460057173207,1.0514217323203117,1.1027676229320367,1.0596445241274675,0.9499009783983888,0.9983468151610577,1.056534656142455,1.068103315279049,1.0704186158020212,1.0456591639871402,1.065852620753256,1.061589565349243
2020-04-14,1.0298022182584512,1.0777630744980569,1.1360946530908032,1.0762810948853518,0.9762575588157608,1.0186453679694512,1.0662125003548573,1.0907601784798686,1.0707743902613567,1.0655948553054684,1.07818673355096,1.083853858979434
2020-04-15,1.034840540238667,1.0705163665155566,1.1301433977053092,1.0678061059706228,0.9680785472031253,1.012901517366642,1.0656353169499897,1.0859540620575436,1.0619528118930186,1.0585209003215454,1.0760022233887059,1.077385333708723
2020-04-16,1.0337798408744108,1.0859097708454892,1.1497825404774393,1.0674828981027988,0.969482540203612,1.0162512700995052,1.0653628532667876,1.0908974690761144,1.0625979837106936,1.0591639871382657,1.075953291929617,1.0834571037098635
2020-04-17,1.0331040727310543,1.0895565814569939,1.1563289214014827,1.0691448795579457,0.9691839193596681,1.0257906627378304,1.0701765662595297,1.0973523109644463,1.0735659046111683,1.07009646302251,1.0823354203926103,1.0905277198074417
2020-04-20,1.0330270864868745,1.1077030542255792,1.171802185403767,1.074927152606136,0.9761013348532769,1.032790565541778,1.0729768979013319,1.106381141806676,1.0787272791525682,1.0752411575562721,1.0854252798247024,1.1006346376714067
2020-04-21,1.0335745442232647,1.097360168064891,1.159899674632779,1.0640824580842818,0.9722671048984944,1.0218436844629903,1.0656345931969493,1.0958716440344007,1.0658238427990685,1.062379421221867,1.077865236803117,1.089592891427767
2020-04-22,1.0374580725407825,1.1076952783455183,1.170611934326668,1.0929127018987925,0.978763491853455,1.0314817695685665,1.0737477106978883,1.107157818721567,1.0767917636995434,1.0733118971061115,1.0861403149768787,1.0982635036791035
2020-04-23,1.0408369132575654,1.1001409515993885,1.1610899257098777,1.0949217326008125,0.981440979280799,1.0283729135274744,1.0738516937829494,1.1028201736246062,1.0745336623376809,1.0710610932475906,1.0861886479576974,1.0932139445273772
2020-04-24,1.041487019319529,1.0853614427908977,1.1485922894003402,1.0879637717626067,0.9680766568927792,1.0165480304665386,1.0680376776861185,1.0886824506285129,1.0642109132548812,1.0607717041800664,1.080199191855461,1.0800124998516334
2020-04-27,1.041760748187724,1.0831731154845274,1.1539484192472849,1.1027840034563323,0.9665006385724615,1.0204834874680917,1.0725339414079036,1.089477097995816,1.0696948737051184,1.0662379421221886,1.0836525627796707,1.08261088789009
2020-04-28,1.0428984337961598,1.0789795395744224,1.1610899257098777,1.1127971754005483,0.9654656342754774,1.02278818483214,1.0797204093993622,1.088787182626013,1.0774369355172182,1.0739549839228317,1.0888317861891945,1.0804264614627732
2020-04-29,1.0460548698075343,1.079256059189895,1.161685051248427,1.0922305208547574,0.9735893022891684,1.028163296636671,1.0859063091774266,1.093244283323048,1.083888653693968,1.0803858520900342,1.094061939829946,1.0869636978373136
2020-04-30,1.046371368811385,1.1044270755451344,1.1860851983289524,1.0911883161592852,0.9933214636161838,1.0464236395424333,1.1027464329960892,1.1173914093938953,1.102276050497705,1.0987138263665617,1.1053303371261924,1.1096230816969659
2020-05-06,1.0477594262127745,1.1193518214775542,1.1826043264025377,1.1062214171125657,1.0102854334380411,1.0461302421892207,1.105398874335099,1.12845541658502,1.1055019095860799,1.101929260450163,1.106335084694765,1.1198106364360902
2020-05-07,1.0456192698125732,1.1175369025912438,1.1769141692586602,1.1104939326646373,1.0130105419369317,1.0449416858454612,1.1027087606780968,1.1264731768247296,1.1032438082242173,1.099678456591642,1.1023363103127972,1.1183452819620885
2020-05-08,1.0584602082137804,1.1309721503688877,1.1914556819596807,1.1197589318985928,1.0232284464830028,1.0555054424090622,1.1147568079596952,1.1412112019276714,1.116792416395392,1.1131832797427674,1.1098700859080237,1.1306724942495927
2020-05-11,1.0563200518135791,1.1260358370809291,1.1867138843397826,1.1120002046566937,1.0135553581047678,1.0543771821193524,1.112325345117547,1.1376893150203529,1.1145343150335294,1.1109324758842465,1.107527098490739,1.1271592140975502
2020-05-12,1.056014315184979,1.1300570559080723,1.1841849256091705,1.117552060632579,1.0177963937941923,1.051570560623094,1.1120033985632438,1.1390656131022725,1.114211729124692,1.1106109324758864,1.1079759960299946,1.1283968953391237
2020-05-13,1.0587659448423805,1.1366870546126409,1.1876622438637625,1.1280087701084032,1.0263615665367152,1.052902446395977,1.1149009175519724,1.143745263213355,1.1171150023042293,1.1135048231511275,1.1094593057358457,1.1330349576753118
2020-05-14,1.048676636098575,1.1271258258987908,1.1952491200555992,1.1231429319955277,1.0187669043123515,1.0405547099509715,1.104276681259967,1.135104853880887,1.1064696673125922,1.1028938906752432,1.103864012364282,1.1218370532736186
2020-05-15,1.042867640155172,1.1285130932969971,1.212003471645905,1.11701819576111,1.0125211311786957,1.0349773419870831,1.0981596967282061,1.133140429722245,1.10034053504468,1.0967845659164008,1.1009674444909785,1.120786747754424
2020-05-18,1.046536479698374,1.1255110153240904,1.241402616889272,1.139310051891402,1.015921844456409,1.0390785771416768,1.1020230553798445,1.1318437265335692,1.10421156595073,1.1006430868167225,1.1017173581250768,1.1203625378336528
2020-05-19,1.055402841927779,1.1389905256232293,1.2218031867270274,1.1452022720117296,1.0225779624698026,1.0462954457402467,1.1113595054546372,1.1436031023712392,1.113566557307017,1.1099678456591662,1.106618356151493,1.1316165118826569
2020-05-20,1.0505110558701762,1.1302826933915981,1.2347641002214151,1.1283945152409347,1.012292937782483,1.0408987368074754,1.1062083605857862,1.1361220073079628,1.1084051827656172,1.104823151125404,1.1020678060745062,1.123804652912444
2020-05-21,1.042561903526572,1.1166024534598007,1.2233837859336603,1.1228263158112488,1.002394107505518,1.0350816777453875,1.0978377501739032,1.1245043680037947,1.1000179491358426,1.0964630225080407,1.0971594354268022,1.1130138679095294
2020-05-22,1.0162685534669575,1.092456165997031,1.2218031867270278,1.0985228890966972,0.9845386811093404,1.009664665118091,1.0701503465038282,1.099907939385794,1.1032453797295563,1.0688102893890696,1.0825470570070492,1.087981094582924
2020-05-25,1.016880026724158,1.0918057390044267,1.2195903478377421,1.1059031656324092,0.9816553712443636,1.0112949560624078,1.0707922328549855,1.0977615681507744,1.1003087424453295,1.06945337620579,1.0817852513640218,1.088318522910486
2020-05-26,1.0309439116397656,1.116212220191519,1.2252805049816193,1.1197395113330058,0.9951181077258531,1.021484166568004,1.0855937129529778,1.1164699953995507,1.0941162681720686,1.084244372990356,1.088326892441165,1.107511516598617
2020-05-27,1.0254406523249626,1.1054170791058668,1.2123195914872318,1.1062222754817077,0.9879212527122222,1.0208434813290488,1.079799944296708,1.109717438593094,1.0914532306348197,1.0784565916398736,1.083781569379363,1.1010088628220178
2020-05-28,1.0269693354679634,1.1020999034845302,1.2211709470443746,1.0994563750727178,0.9932781170409074,1.0234208660807471,1.0814098816936921,1.1088928819157862,1.093651148602207,1.0800643086816741,1.0856239502066203,1.0999225666791346
2020-05-29,1.0318611215255662,1.1126779275238694,1.221487066885701,1.1102500817407592,1.0010673101892518,1.0222433378382279,1.0865585266500704,1.1165001399879324,1.0924108297492414,1.0852090032154362,1.0882341702897105,1.105454661449261
2020-06-01,1.0287370655409058,1.152285252155529,1.2658103630937951,1.1360104067969419,1.0292355716185153,1.0494559477916487,1.1193960695923713,1.1536674093559574,1.0908513111914688,1.1180064308681694,1.1073460608498822,1.1400647213067077
2020-06-02,1.023722863592838,1.1484947783400976,1.2566906918899496,1.1349600063043646,1.0244626005062285,1.0538828660712565,1.1229374434104662,1.1547864126677416,1.0925570173774584,1.1215434083601308,1.1072890708787055,1.1405941508431618
2020-06-03,1.021039448485124,1.146204778417361,1.2524348453281549,1.1265559624681554,1.0208696817497782,1.0565840730902276,1.122615500336094,1.1536776153324888,1.092243784287614,1.1212218649517707,1.1059376122322366,1.1409187558181493
2020-06-04,1.0199643623041488,1.1517094506548429,1.2603385603714876,1.1283921898671174,1.0255500610094799,1.0582913575783697,1.1232593864848386,1.155070350054933,1.092870250467303,1.1218649517684909,1.1058524131650604,1.1445801772871456
2020-06-05,1.0188204706075914,1.1549538782708308,1.2688502534950772,1.12641027009353,1.030907650937076,1.0593813365079914,1.1306640771954009,1.1604104085167584,1.1000746115337254,1.129260450160774,1.1097302918835765,1.1467817750346532
2020-06-08,1.0215812919203353,1.151430619174292,1.2603385603714876,1.1315765241510771,1.0307155147136784,1.0651883337526022,1.1362561528597785,1.1621316038388145,1.10602604024077,1.1353697749196163,1.1145353598477665,1.1481756515527974
2020-06-09,1.0221833401816813,1.161695395121457,1.277969924698923,1.133257081231107,1.033182007267833,1.0716329668898337,1.144079002585332,1.170370247835122,1.11448333366657,1.1440514469453396,1.119911507656241,1.1567668935293298
2020-06-10,1.0195343278317586,1.1655610772765228,1.2901294863040507,1.1322058420598318,1.028090949233262,1.0665567744269449,1.141177383707963,1.1697207388028288,1.11166423585797,1.1411575562700984,1.1170508997109536,1.155951803856179
2020-06-11,1.0210394484851235,1.163114947329464,1.2883055520632816,1.1306110756564542,1.0303007901903913,1.05513483067521,1.1307461956687836,1.1624388860283743,1.1000746115337252,1.1292604501607737,1.1107230630721145,1.1485491768288798
2020-06-12,1.0226305760329666,1.1677743247896715,1.3016810698289218,1.125623628004525,1.0253865563563491,1.057273217383052,1.133808520594952,1.1642117811414425,1.1032069424321695,1.1324758842443747,1.1133130078040898,1.1520135430473102
2020-06-15,1.0238174711767631,1.1673004865568495,1.3016810698289218,1.1129253701541104,1.01431161054051,1.0421583047782483,1.1177126314907997,1.1540823983087933,1.0853526563110356,1.1141479099678475,1.1030191598140624,1.143545155307752
2020-06-16,1.017994804420602,1.1906852747260084,1.3272161491996899,1.1344708980164926,1.0333354630988028,1.0584271001100793,1.1346738871315423,1.175660001422125,1.0774434616765884,1.1340836012861757,1.1123518557019403,1.163925357784733
2020-06-17,1.014021285895718,1.1964777368933022,1.3302560396009722,1.142053445505763,1.0347139120551558,1.061074750398909,1.1353018388451908,1.1813628647536631,1.0732378984105524,1.135369774919616,1.1113720439924053,1.1682122746975676
2020-06-18,1.013685859007254,1.197560923872281,1.3339039080825101,1.1416840937175936,1.0377327807878536,1.0705509732957543,1.1440768163618005,1.1907894110541466,1.0728828833296533,1.14533762057878,1.1170792884592138,1.1739575958041646
2020-06-19,1.01221514111168,1.2125163169504647,1.3606549436137911,1.152934125203383,1.0475096928435943,1.0795325645295935,1.1586620063369777,1.2081731980768349,1.0868287945605544,1.1620578778135067,1.1262156335813451,1.186212481068334
2020-06-22,1.0134364390132675,1.2185838248229148,1.3758543956202007,1.1612532265357258,1.0501714084209794,1.0769597848993049,1.1598572617538225,1.2095104124631955,1.088031704128413,1.163344051446947,1.1275070740126203,1.1877669105177844
2020-06-23,1.0087834660220072,1.2295892103652195,1.402605431151482,1.1686733715723001,1.0542957887981836,1.0777379200937334,1.1652147317959907,1.2158621807984087,1.0937455245757433,1.1694533762057897,1.128989068301104,1.1935595433280115
2020-06-24,1.0130580086775642,1.2280844354404954,1.402605431151482,1.1701879043309302,1.059965342975454,1.0857697741436072,1.1763245035948233,1.2278971102756544,1.1045717106864739,1.1810289389067545,1.1376076470962206,1.197276710476457
2020-06-29,1.015182378971171,1.2234772806149232,1.3953096941884053,1.166519906804538,1.0538805546725396,1.0754564965530715,1.165054618684054,1.218029526112083,1.0937455245757435,1.16945337620579,1.1318718790462956,1.1893447026962318
2020-06-30,1.0139008762434485,1.247517380046719,1.434220291324814,1.1816658017627077,1.0636780001838528,1.0866619458305378,1.180652254469405,1.2360481218200945,1.1087818941739802,1.1855305466237964,1.1406366664932113,1.2072254564202682
2020-07-01,1.038128019806711,1.2606336332504144,1.4238846639604557,1.1895919002792774,1.0776401436909648,1.114276906893084,1.2100705191944987,1.2547787636208176,1.1370502690186655,1.2157556270096488,1.1587119627759552,1.2232715422781688
2020-07-02,1.0650353316133914,1.2830827400715277,1.4287484886025068,1.199634809641333,1.0964599381755498,1.1466620953663564,1.2407162334215986,1.2830590659907766,1.1665215534312097,1.2472668810289416,1.1772655726313952,1.248228595014199
2020-07-03,1.0889224349519748,1.3069124202628877,1.4469878310101982,1.2107281958771892,1.1219700557900891,1.1747138968783322,1.2678392583712008,1.3066122936799123,1.1926848365321416,1.2752411575562728,1.1925144324572807,1.2719083684217747
2020-07-06,1.1787049957763054,1.3863049807040018,1.4895462966281454,1.2524915565848207,1.1594749883291802,1.2850530193909713,1.351979673204258,1.372156770479879,1.29102269370461,1.380385852090035,1.2485626651191883,1.357824669050994
2020-07-07,1.165525904279156,1.3898954063958742,1.521769134881734,1.2768172975254286,1.181994172626212,1.2619195759819033,1.3389096244877254,1.3866743875189886,1.2765877788903028,1.3649517684887487,1.238832692557491,1.3558529165488422
2020-07-08,1.182548897462974,1.417467620193412,1.5649355785799373,1.32401872086628,1.225690171604827,1.2828352845624456,1.3545142428127956,1.4161935421651788,1.2952328771921167,1.3848874598070768,1.2487443197913348,1.3829214830589494
2020-07-09,1.2028666635210794,1.4525898444005203,1.6257333866055756,1.3592653070367224,1.2583191620948315,1.29440330178056,1.3736526031254213,1.4566009095907015,1.317486704197507,1.4086816720257263,1.2616687084135358,1.4128721595911595
2020-07-10,1.1789795601824957,1.4387487482600592,1.632421145488396,1.354350035263918,1.2537689240900765,1.260661899866941,1.3520181409690957,1.4544232670348352,1.2913234210965747,1.3807073954983948,1.2482175330152325,1.3943314850053943
2020-07-13,1.2064360008015573,1.4860731442558064,1.703554580878393,1.4003573067004311,1.291021683968467,1.2878617460957882,1.3626869714985865,1.4947542266708864,1.3213961602930484,1.412861736334408,1.264324789664442,1.4389260259594194
2020-07-14,1.1946297313353609,1.4672639872194246,1.6822753480694195,1.4040599604727244,1.267372625818255,1.2752360077407259,1.3599932853699592,1.4769765798120855,1.3084648824385647,1.3990353697749225,1.2588923587589593,1.4218159447589733
2020-07-15,1.1787049957763054,1.4391013363265845,1.654916334457882,1.3990037906175197,1.229541852000584,1.2567897589269714,1.3536123951362315,1.4507402305745927,1.29102269370461,1.380385852090035,1.2497551728656637,1.394260006553355
2020-07-16,1.1161043111648454,1.362836156370059,1.5552079292958347,1.3183882090516235,1.1897913189123164,1.1991054751195152,1.325246995661285,1.3735925852807105,1.2224568483366505,1.3070739549839254,1.2116281280379788,1.3240125271104919
2020-07-17,1.1295579670681852,1.3727306056525947,1.5704073813022446,1.3484525762168929,1.1756682955399578,1.2075207833174588,1.330756117072466,1.3823556521116367,1.2371924905429224,1.3228295819935716,1.2195074399250658,1.332260673967863
2020-07-20,1.1630548246234402,1.411374058197325,1.5874307675494235,1.3938609545340377,1.2232810779487355,1.2553567188290395,1.3430880323094627,1.4245278325383015,1.27388123236262,1.3620578778135075,1.2401366641162028,1.375577850967791
2020-07-21,1.1663495974977278,1.4192874848093104,1.6068860661176276,1.39357701161893,1.2185201245963748,1.2547712751206674,1.3461159354557444,1.430804073597341,1.2774899610661972,1.3659163987138292,1.2431992031446595,1.3811863221487082
2020-07-22,1.1809015110258303,1.433050769866598,1.6281652989266013,1.4141669305976228,1.2363206939509281,1.2608949096987756,1.3553706305819098,1.4471401035743519,1.293428512840328,1.3829581993569158,1.2543356899740452,1.3924656958307169
2020-07-23,1.1737628364648744,1.4334680405589821,1.6451886851737803,1.446340316757484,1.2399504384975817,1.2508399822056466,1.35451412463843,1.4419147871808367,1.285609600649245,1.3745980707395524,1.2510182499401834,1.3888841460622774
2020-07-24,1.115555182352464,1.360446584378509,1.542440389610451,1.3844317632829934,1.1805410777300476,1.1954124219295756,1.3291618832774867,1.3697684372942405,1.2218553935527208,1.3064308681672048,1.2132412257943574,1.320647026644198
2020-07-27,1.1232429857258013,1.3638704624170301,1.5442643238512201,1.3924748127008648,1.194894461616291,1.1968622975637349,1.3329785007633514,1.3741241827152555,1.2212333468075725,1.3154340836012886,1.2187872373423945,1.3218650513102346
2020-07-28,1.1328527399424728,1.3777865739598731,1.564327600499681,1.4157654475547572,1.19273861168275,1.2071592181991464,1.334762466397769,1.387555060208409,1.2187368231555415,1.3266881028938933,1.2240469302019736,1.3353907771043796
2020-07-29,1.1690952415596336,1.420934752470112,1.6293812550871143,1.4483258524886315,1.2205809011763846,1.2350207766106067,1.3473434918765386,1.4306782586516957,1.2173338181279538,1.3691318327974302,1.2469792880598685,1.3739706370262945
2020-07-30,1.159485487342962,1.4123803241228945,1.6123578688399354,1.448337789607459,1.206189385279012,1.2301457520969457,1.3428218932881466,1.4222409064991668,1.2160236590213094,1.3578778135048257,1.240292493700942,1.3673210434011491
2020-07-31,1.1693698059658244,1.4304333065804002,1.6464046413342928,1.4530324398036603,1.2175082325115185,1.2402606179633908,1.3446987379988717,1.4362003158193681,1.2136612461439742,1.3694533762057906,1.2456725760441565,1.3841846830450444
2020-08-03,1.1899621364301203,1.464667404695296,1.6865311946312143,1.512221506503716,1.262825771048521,1.2710698969844592,1.3515979053497176,1.467289830495757,1.2126296248001598,1.3935691318328,1.2584106462618359,1.417681043712522
2020-08-04,1.1910603940548827,1.461529925869143,1.6646439837419844,1.4862078164053394,1.2562800029773815,1.2665650688552557,1.3521191464603053,1.4633741022917401,1.2127843680017318,1.3948553054662407,1.2591717390692667,1.4146442148443243
2020-08-05,1.1916095228672638,1.4646736506473563,1.679843435748394,1.51688990107122,1.2802790509935953,1.2745608067680048,1.3527487417029171,1.4711107958460932,1.2133517597408296,1.395498392282961,1.2597556951533113,1.4176870892951623
2020-08-06,1.186667363555833,1.4637688572956356,1.653092400217113,1.5120213680750352,1.3115170172435755,1.2766378120225985,1.3501126228034408,1.469991647413313,1.2122685573298244,1.3897106109324786,1.256170967685911,1.4168113216095433
2020-08-07,1.1734882720586834,1.4452067385205156,1.6153977592412172,1.5111446380394107,1.3154025906100157,1.259253975170609,1.3452090024574115,1.4520834040953499,1.2122169762626338,1.3742765273311923,1.247778990212788,1.3988446734583868
2020-08-10,1.1778813025577333,1.45312376495175,1.605670109957115,1.4979032862584543,1.3168358574698884,1.2652226571057616,1.3471228280295213,1.4585351800436774,1.2121653951954432,1.3794212218649542,1.2505604381180269,1.4065077225971552
2020-08-11,1.1649767754667746,1.43263116169605,1.5807430086666032,1.4910210741979326,1.3006126231741593,1.2424598408279548,1.3405857889155384,1.4365836535463958,1.2119281222863658,1.3643086816720282,1.2422420555142106,1.3866725196843332
2020-08-12,1.156190714468675,1.415510643561455,1.549128148493271,1.4463794114069297,1.2785965927610548,1.2266176251114513,1.333478597778179,1.4213764719759936,1.2075746802154688,1.354019292604504,1.2348358519326652,1.3701012257918463
2020-08-13,1.1520722483758155,1.4176865883886365,1.541224433449938,1.442274074252915,1.2755420799098236,1.228960223355078,1.332146520944971,1.422360787805423,1.2087300961205412,1.3491961414791018,1.2326692870391727,1.372207366560577
2020-08-14,1.1770576093391614,1.4401980532977818,1.567975468981219,1.473146720719956,1.2947239669582191,1.2501549096844777,1.3447985638395992,1.4485287506236124,1.2089673690296185,1.3784565916398737,1.2488060528016525,1.393996666278443
2020-08-17,1.2042394855520322,1.4707791292900436,1.5849988552283978,1.499805794990237,1.3387023791648156,1.2754840372335292,1.3619708263815373,1.476275654453407,1.2102878443497012,1.4102893890675265,1.2666549091099364,1.4235967048889704
2020-08-18,1.2023175347086976,1.4745293730415987,1.5837828990678848,1.5143553449129143,1.34860248670649,1.2823768237030289,1.36121836438474,1.4806904702347978,1.206419779851991,1.4080385852090054,1.2657788262779097,1.427226641254617
2020-08-19,1.1814506398382112,1.4475557505571366,1.5345366745671176,1.4836593842514412,1.3214909322325024,1.2589336467834193,1.3478716496146752,1.4545279786491456,1.1854816882171997,1.3836012861736358,1.2520932462365177,1.4011183294604899
2020-08-20,1.1674478551224898,1.4315231917869145,1.5217691348817335,1.4536684239594029,1.298978140768691,1.242976774138147,1.3378482694406815,1.4382809299147514,1.1714311267254318,1.3672025723472692,1.2420447352531059,1.3856000933217678
2020-08-21,1.1784304313701144,1.4431686213325936,1.547912192332758,1.4628316111574944,1.3085453278844792,1.2533879360727915,1.3447409910172092,1.449643593099546,1.1824511749542694,1.3800643086816744,1.2491487449972727,1.3968719388341855
2020-08-24,1.186667363555833,1.4551724985308891,1.5789190744258337,1.4797713705285431,1.3050375798225162,1.2636700272994277,1.3510048390534275,1.4588295976313044,1.1907162111258978,1.3897106109324784,1.2542850217591095,1.408490733039971
2020-08-25,1.1891384432115486,1.4553677964094698,1.5874307675494232,1.4701556702490395,1.2880754921604922,1.2626271858608058,1.352181856371653,1.4564686426448359,1.1931957219773863,1.3926045016077198,1.2547630545022934,1.408679765785189
2020-08-26,1.1729391432463023,1.4279123562291447,1.55095208273404,1.4546727071665384,1.2606829690958459,1.237935650135032,1.3386079437835456,1.4334048439504214,1.1769411508398508,1.3736334405144721,1.2439869339730873,1.3821050929511696
2020-08-27,1.1828234618691644,1.441908952396449,1.5819589648271155,1.4747462435121161,1.2697330819368866,1.2511507181437163,1.3458263056622553,1.4462748549736835,1.1868591942458047,1.3852090032154367,1.2491675289781448,1.3956526799318567
2020-08-28,1.215222061799657,1.4727359845011696,1.6208695619635245,1.5174553521711416,1.2999111724438723,1.276203846546649,1.3719221459344755,1.47912602070649,1.2193683365208756,1.4231511254019322,1.2693449484720436,1.425490784411195
2020-08-31,1.2034157923334605,1.4628835713471842,1.6032381976360894,1.5174754726978363,1.308646905536197,1.269816782737382,1.3624078265000479,1.4680220670139472,1.2075217846748751,1.4093247588424465,1.2623168061444034,1.4159544355319524
2020-09-01,1.2127509821439413,1.4705320171042784,1.6160057373214736,1.5260306243535162,1.3287233754535355,1.2789136211191654,1.371285209758827,1.4793368298771157,1.216888825669387,1.4202572347266909,1.2697756833885416,1.4233575200335506
2020-09-02,1.211652724519179,1.4720737721631942,1.6269493427660886,1.5236999183278532,1.3103032521464104,1.2799456539686924,1.369941535919522,1.4780559988162811,1.2157868208465035,1.4189710610932504,1.268485351678126,1.42484981576845
2020-09-03,1.2061614363953665,1.46341992661777,1.6129658469201917,1.5110328072135397,1.2945573590828199,1.270731198541892,1.3653280876670217,1.4704298939586022,1.2102767967320847,1.4125401929260477,1.2649359552984873,1.4164735845874767
2020-09-04,1.191060394054883,1.452353557251134,1.603846175716346,1.488004049673336,1.286037092670336,1.26239897573462,1.3522095060048331,1.455967414191447,1.1951242304174332,1.3948553054662407,1.2545831643041552,1.4057622230705153
2020-09-07,1.1644276466543932,1.4226467437705461,1.5497361265735277,1.4421534081403067,1.2530140669893133,1.2352950783131065,1.3290317875837778,1.4234712466824029,1.168400613462502,1.363665594855308,1.2365267225240142,1.3770084007313788
2020-09-08,1.171017192402968,1.4334813056125324,1.5588557977773734,1.4356676196453027,1.2511965895001549,1.2443695547359057,1.3352274682785057,1.4322544608216572,1.168704903618306,1.3713826366559512,1.24164544710298,1.3874953910822772
2020-09-09,1.14054054331581,1.3946173124167383,1.4834665158255815,1.397693882143535,1.2068326980944517,1.2085393397554554,1.309940602686919,1.394604455604984,1.1698402709226687,1.3356913183279768,1.2227390547998647,1.349878150294351
2020-09-10,1.1416388009405727,1.3780070698182612,1.4609713268560953,1.3840163715818996,1.2080441021285238,1.1880774319102878,1.3115678944314355,1.3824757786482176,1.1722114805140813,1.3369774919614175,1.224436873235205,1.3338007623577868
2020-09-11,1.1515231195634348,1.391017412466058,1.488938318547889,1.4008750445954656,1.2231425838035814,1.2012937042477287,1.319732758413669,1.3947389073821181,1.171498108137004,1.348553054662382,1.2304995221977477,1.3463937347178312
2020-09-14,1.1589363585305814,1.4032000596287313,1.5102175513568628,1.393839220702319,1.2254079676141472,1.2124745874476184,1.324558868557252,1.4048900754758,1.1693780860023089,1.3572347266881055,1.2343618066118813,1.3581855639682086
2020-09-15,1.168546112747253,1.412747224543872,1.5223771129619905,1.406370680990884,1.2400954597236438,1.2205931069191684,1.332456489548063,1.413666110933414,1.1706943082755081,1.3684887459807102,1.2410586566468156,1.3674264569368124
2020-09-16,1.1608583093739158,1.4045200366552621,1.5017058582332734,1.3839005886855789,1.2215810671180156,1.2130180833314042,1.3267219316317462,1.4066745705807648,1.1711866356906744,1.3594855305466265,1.2363685083594766,1.3594631962843575
2020-09-17,1.152895941594388,1.402371387744748,1.499881923992504,1.3663980222172876,1.210164302769698,1.2134293473193296,1.3207093724081684,1.4034496881618572,1.1715382981300786,1.3501607717041826,1.2314288250555148,1.3573834757824437
2020-09-18,1.1861182347434525,1.4331919009125402,1.5278489156842976,1.3956087745123873,1.2413309070767788,1.239841309688837,1.3464113161260514,1.4372644839642097,1.1715784881231535,1.3890675241157584,1.2527369190436801,1.3872152704515968
2020-09-21,1.1710171924029684,1.4203887018706962,1.507785639035837,1.3986407594476002,1.2306277950820672,1.2314664138364844,1.3360935087518464,1.4227018053317646,1.175034827527585,1.3713826366559512,1.244645708689363,1.374822796554578
2020-09-22,1.1553670212501035,1.4012927867363671,1.5010978801530168,1.3864223147720456,1.2146709243168088,1.2121768815813,1.324598788328427,1.4037462045103442,1.176632379752308,1.353054662379424,1.235342074269271,1.356339476169693
2020-09-23,1.1592109229367722,1.4097075705534023,1.524809025283016,1.4011045525961205,1.2261828332726405,1.2201586057470455,1.3274526324823521,1.4097624862870335,1.1762807173129035,1.3575562700964658,1.2376603776510293,1.364484314694881
2020-09-24,1.1380694636600948,1.38019404632129,1.4919782089491713,1.372317247979964,1.1947437237081655,1.1932400201333118,1.3107012285461903,1.3823190247164003,1.175265919987765,1.3327974276527357,1.2236899544726048,1.335917580907479
2020-09-25,1.1388931568786667,1.37882146551935,1.4938021431899404,1.3764372944975218,1.1977936629595063,1.1901571083985214,1.3108865461139627,1.3806099069973983,1.1739999352059092,1.3337620578778162,1.2236940931306002,1.3345890323389533
2020-09-28,1.141638800940573,1.3739021156245512,1.4798186473440438,1.3648522374399794,1.1908052909031872,1.1822977325458737,1.31278824066539,1.3753870327324103,1.1729851378807707,1.3369774919614177,1.2250410414026984,1.329827494619954
2020-09-29,1.1446590094086695,1.3822496747301036,1.5071776609555811,1.393075648853941,1.2055394705460045,1.1902982806660956,1.31502244426409,1.384929451630157,1.1719000080677515,1.340514469453379,1.2265322362780777,1.3379072649946306
2020-09-30,1.140815107722001,1.3775683573917634,1.5132574417581448,1.3985516683376964,1.2007838626373786,1.1839505401710206,1.3116364248544201,1.374789789573579,1.1714378231473916,1.3360128617363374,1.2238674387041333,1.3333761237752024
2020-10-09,1.1663495974977283,1.413285458914413,1.5691914251417325,1.4313945563453527,1.2221296360043734,1.206639657450866,1.3330739258048985,1.4131226583240566,1.1696594159538323,1.3659163987138296,1.2395602913072163,1.3679474248109826
2020-10-12,1.2069851296139391,1.4607020333924245,1.6312051893278838,1.4854011227415618,1.2622974752001725,1.243931074006421,1.364953742379063,1.4593694096552776,1.1704330733205222,1.413504823151129,1.26579996060048,1.4138428810625296
2020-10-13,1.211378160112989,1.462112158436226,1.6342450797291659,1.4928800069795132,1.253478127384758,1.2437321610976164,1.367740306691837,1.459616718485926,1.1728203733907272,1.418649517684891,1.2678513982820667,1.415207769457979
2020-10-14,1.2047886143644142,1.4527069130230155,1.6220855181240381,1.483099424313196,1.2437749016315274,1.2372370638865833,1.3626298521539428,1.4526920712277749,1.166440570815619,1.4109324758842479,1.2636828344690856,1.4061042432300934
2020-10-15,1.2014938414901268,1.4454982112099595,1.611141912679423,1.4713237626931874,1.2489622130531002,1.234559768279715,1.35957144257451,1.4410685561873076,1.1632506695280649,1.4070739549839264,1.261009645250076,1.3991267957376563
2020-10-16,1.1976499398034581,1.4423059180447269,1.6014142633953208,1.4639394861005677,1.256415838296062,1.2347977074150893,1.3573029916034653,1.4326600559452674,1.1595291180259184,1.4025723472668845,1.2594139516255485,1.3960369109680386
2020-10-19,1.189138443211549,1.4300963698124167,1.5807430086666037,1.4410387700338063,1.2507288630882876,1.2265335063292317,1.3513894722182918,1.4178215261063727,1.151288539699737,1.3926045016077204,1.2551172682631837,1.384219043631228
2020-10-20,1.1973753753972673,1.4405573055636705,1.608102022278141,1.4573201995481597,1.2531212826922247,1.228920005602449,1.3580837694946646,1.430434276469433,1.1592632929186222,1.4022508038585242,1.2605144518774773,1.394344393773182
2020-10-21,1.1990227618344111,1.4333412472280884,1.5880387456296803,1.4452661902857713,1.2401724946967223,1.231406799978303,1.3597650999816298,1.4178215261063727,1.1608582435623993,1.404180064308685,1.2620174561600292,1.387359825754611
2020-10-22,1.1946297313353613,1.4240583960162563,1.5697994032219886,1.4315131818436369,1.2361310831965664,1.2256564801259247,1.3567105205609986,1.4084237905417396,1.1566050418456604,1.399035369774923,1.2597749052074592,1.3783747673362758
2020-10-23,1.179254124588687,1.4045147104362463,1.5296728499250674,1.3999012021758261,1.2170643295670138,1.2171283024901038,1.3438749763245996,1.3836929074769153,1.1417188358370745,1.3810289389067556,1.2492791193713164,1.3594580409298314
2020-10-26,1.169369805965825,1.3976159491656004,1.540008477289426,1.3977193349591128,1.2173214570622721,1.2032874575376333,1.3356798862756025,1.3824563633236742,1.1321491319744124,1.3694533762057912,1.2425125509624808,1.3527805911230424
2020-10-27,1.1732137076524933,1.4009912717773005,1.5564238854563486,1.4170721990560922,1.2365550467166506,1.20186716386479,1.3395330350817292,1.3819617456623778,1.132590340006633,1.3739549839228327,1.2459520460353641,1.3560476337756486
2020-10-28,1.184196283900118,1.4077816794883253,1.566759512820707,1.4302412905116275,1.2451113619260217,1.208833287014211,1.3479454862898572,1.3906175547350663,1.131940830002692,1.386816720257238,1.2526643305472205,1.3626202059924803
2020-10-29,1.1962771177725053,1.4179900560015903,1.5849988552283987,1.4437759159717973,1.2448852148359828,1.2205403244329254,1.3572352879276275,1.3928433342109006,1.1314076501487105,1.400964630225084,1.2600959080272143,1.372501098967597
2020-10-30,1.1712917568091594,1.3909505076859425,1.5582478196971177,1.4111688100039772,1.2185852672380704,1.2015230612151953,1.3381878508621325,1.3592093332427397,1.1327745294107359,1.3717041800643122,1.2449138827382595,1.3463289762353257
2020-11-02,1.1789795601824964,1.39861863537174,1.5910786360309623,1.4038899122222037,1.2138746686968909,1.204874967338088,1.3454168001449576,1.3641555098557046,1.1348684721100084,1.3807073954983955,1.2507369904582648,1.3537511112716303
2020-11-03,1.1929823448982175,1.4186129227096587,1.6105339345991667,1.4309995913037852,1.2427322873241389,1.218479828781366,1.3578829418059668,1.387155231105991,1.1344710107643132,1.397106109324762,1.259474804069523,1.3731039841836927
2020-11-04,1.2031412279272704,1.4250365900397501,1.616005737321474,1.4389806828833382,1.2490154094265298,1.2305130407348308,1.3671697807461296,1.3869079222753427,1.1352271567390506,1.409003215434087,1.2662456505376325,1.379321581008605
2020-11-05,1.2240081227977573,1.4504053498586427,1.6354610358896784,1.4465590648756537,1.2547065700778837,1.2523188629445803,1.3854907279790034,1.4163376731224837,1.1339572192686584,1.433440514469457,1.2788558639134666,1.4038765139459033
2020-11-06,1.2245572516101384,1.4436794009920029,1.6032381976360899,1.4204372500598184,1.2472193395658044,1.2559522415389868,1.3855570984198993,1.4049614669126644,1.1326516168426686,1.4340836012861773,1.2784697863405825,1.3973663327411823
2020-11-09,1.251189999010628,1.4774397927977108,1.6530924002171135,1.4483011089261708,1.2666223013131093,1.283670305863709,1.4090040163837325,1.4296923499774887,1.1572855197201888,1.4652733118971102,1.2943561435714037,1.4300436950814854
2020-11-10,1.2437767600434815,1.465947447983559,1.625733386605576,1.4386224498510478,1.268264929164344,1.278601809099632,1.4024654051541479,1.4193053790902626,1.1504286601563432,1.4565916398713867,1.2899056859716924,1.4189200233601091
2020-11-11,1.2308722329525223,1.4504833856832369,1.5777031182653216,1.4129761310737088,1.2563114991079025,1.2770002717408777,1.3908810070097286,1.4010045256222925,1.1384926453600188,1.4414790996784603,1.281805043718599,1.403952046390268
2020-11-12,1.2300485397339507,1.4532832387076535,1.5849988552283982,1.4160509913551116,1.2561978293294547,1.2770814737110372,1.390016893452287,1.4059507022352573,1.1377307720751473,1.44051446945338,1.281066197240417,1.4066620804534091
2020-11-13,1.2160457550182293,1.4453588867147191,1.5922945921914748,1.4167166771877464,1.2414510703513963,1.2601868495290234,1.3768243698152298,1.406445319896554,1.1247789262323276,1.4241157556270134,1.2711777325213578,1.3989919407561133
2020-11-16,1.230597668546332,1.4643100477171394,1.592902570271731,1.4313844452114106,1.254546259078138,1.2823241845082118,1.391218934518647,1.423756938041931,1.1382386875983952,1.4411575562701004,1.2811963813019946,1.4173351507049032
2020-11-17,1.2281265888906165,1.4557483464017364,1.5637196224194243,1.4037967047185183,1.2397554387029306,1.2838059121036236,1.3886987297360662,1.4136172759853531,1.13595306774378,1.4382636655948593,1.2793581320966496,1.4090481077777068
2020-11-18,1.2262046380472824,1.4540866448995242,1.5406164553696815,1.3951401391755085,1.2318212022026425,1.2866135262885454,1.3865504558390103,1.4121334230014637,1.1341753634124125,1.4360128617363386,1.2774230897307388,1.4074397134675425
2020-11-19,1.237736343107288,1.4609793348938478,1.553991973135322,1.4252833400772182,1.241083096738743,1.2902958734810304,1.397695697796147,1.420541923243504,1.144841589400617,1.449517684887464,1.2843455442167635,1.4141112867638514
2020-11-20,1.2418548092001471,1.469936457277189,1.56615153474045,1.4355840115558025,1.2450823765461008,1.2954228838283814,1.4017086548486883,1.4334019824372126,1.1486509558249756,1.4543408360128658,1.2869096768471875,1.4227810656968491
2020-11-23,1.257779544759203,1.48801846517253,1.5764871621048087,1.437361370855892,1.2550284377908414,1.317424039796213,1.4181058377844689,1.4447781886470317,1.1633805059991629,1.4729903536977536,1.2981840278919432,1.4402830048697346
2020-11-24,1.2489934837611034,1.481452830746242,1.5697994032219884,1.435122863411855,1.2473444887563614,1.3095369770148877,1.4090773299458645,1.4442835709857351,1.1552538576271976,1.4627009646302294,1.2921504672942623,1.4339279952366561
2020-11-25,1.2319704905772852,1.459208511043301,1.5369685868881435,1.4001259320154047,1.2216120925791325,1.2938000126857516,1.391984056485814,1.419799996751559,1.1395084764065146,1.4427652733119012,1.2818545804917356,1.4123972707376695
2020-11-26,1.2338924414206196,1.4576263632214885,1.533320718406605,1.4091689939733882,1.2229129573309574,1.2968285837883216,1.3938826918916436,1.4153484377998908,1.141286180737882,1.4450160771704221,1.2829047708617645,1.4108658780350365
2020-11-27,1.2533865142601532,1.471304886346429,1.539400499209169,1.425474123606322,1.238202155979715,1.3159928437531285,1.4135132191203226,1.421531158566097,1.1593171818131802,1.4678456591639915,1.294858685829437,1.42410559571978
2020-11-30,1.2465224041053877,1.461957629816685,1.5448723019314763,1.4248129041725317,1.2407776940356763,1.3036963782101052,1.4064896435045475,1.4101549523562777,1.1529682377725823,1.4598070739549882,1.2918588237351598,1.4150581980986845
2020-12-01,1.2769990531925457,1.4887371819656134,1.5819589648271157,1.441903739101098,1.2597626659053829,1.3268680572222489,1.4382660410688972,1.4343912177598055,1.181157549312837,1.4954983922829626,1.3099816806873408,1.4409786653112016
2020-12-02,1.2739788447244489,1.4871324226715508,1.5764871621048084,1.4414572527779508,1.2593725796704385,1.3246267824658775,1.4351367613245636,1.4356277619130466,1.1783640139349738,1.491961414791001,1.3082756909606155,1.4394253865097337
2020-12-03,1.2734297159120678,1.4864140944732218,1.5922945921914746,1.4216046082365426,1.259063624627543,1.318377942594838,1.4344823783222171,1.4408212473566597,1.177856098411726,1.4913183279742808,1.307528658516847,1.4387301021969465
2020-12-04,1.2764499243801646,1.4909570807768633,1.6032381976360894,1.4490786377383804,1.284244784878626,1.3178204545891838,1.4378115552909372,1.4465093504615694,1.180649633789589,1.4948553054662423,1.3102562615281808,1.4431273500252737
2020-12-07,1.2643690905077778,1.4774847277623664,1.5977663949137821,1.4492818228155946,1.2701333595185855,1.3002747267564578,1.4256329704035438,1.4353804530823986,1.169475492278137,1.480707395498397,1.3025146950530515,1.4300871885376705
2020-12-08,1.259976060008728,1.475750354751144,1.6087100003583972,1.4536943269316946,1.2676155217646812,1.2957114280709454,1.4213515116649795,1.4334019824372126,1.1654121680921543,1.4755627009646348,1.3000228513765335,1.428408454012102
2020-12-09,1.243502195637291,1.452978268517565,1.5795270525060907,1.4281665869090139,1.2505025964155154,1.278274423603805,1.4050791271564418,1.4096603346949814,1.150174702394719,1.4562700964630269,1.2900295071568915,1.4063668936717544
2020-12-10,1.240756551575385,1.4565449810518756,1.5971584168335258,1.421992312176254,1.2429291528822497,1.2790463904620908,1.402349838665003,1.412133423001464,1.14763512477848,1.4530546623794256,1.2883160580961228,1.4098191864803842
2020-12-11,1.2253809448287105,1.440510099768774,1.5813509867468598,1.4027664221725982,1.2242344243403398,1.268712950289358,1.386866701432602,1.387649848767288,1.1334134901275406,1.4350482315112583,1.2781186119630283,1.3942987023347273
2020-12-14,1.2374617787010975,1.4485711186226096,1.6056701099571153,1.426662685772347,1.233884817927103,1.2692681857381616,1.399363982777222,1.3985314373158109,1.1305494276924977,1.449196141479104,1.2852051783508283,1.4021011246358293
2020-12-15,1.2415802447939568,1.4514530947574602,1.621477540043781,1.424116466437069,1.2354159659004418,1.2683258650758495,1.403863324817997,1.4000152902997,1.1325210056644197,1.454019292604506,1.2886681100574826,1.4048906473095175
2020-12-16,1.2443258888558628,1.4498032563902716,1.621477540043781,1.4253241087188406,1.226492176089912,1.2712051215591103,1.4068032573045592,1.394574496025439,1.1331620113104635,1.4572347266881072,1.2906697287594573,1.403293735566377
2020-12-17,1.2638199616953962,1.46911272927938,1.6378929482107036,1.4508942069169324,1.255826130118189,1.2906006214417944,1.4272311765301398,1.4126280406627605,1.132695825386068,1.480064308681676,1.302589402366945,1.421983762797962
2020-12-18,1.2558575939158685,1.4654313124429268,1.6342450797291654,1.4568404295351693,1.2597223529576556,1.2875444580312423,1.4188189282382428,1.4074345552191474,1.1320159709129913,1.4707395498392324,1.29735269718907,1.418420445387939
2020-12-21,1.268212992194446,1.485523635872948,1.6889631069522402,1.500850433588459,1.2821366085201236,1.2936671560927482,1.4314359383630502,1.431423511792027,1.133404816479419,1.4852090032154381,1.3056475562575092,1.4378682094056052
2020-12-22,1.2470715329177688,1.455218589584382,1.652484422136857,1.4613314939736772,1.2482966827867612,1.2675028544747908,1.4103283958306623,1.401993760944886,1.1355317897594728,1.4604501607717082,1.2935683371767548,1.4085353454977967
2020-12-23,1.2583286735715842,1.4653153423227896,1.6688998303037794,1.4986590221890534,1.2753127085917924,1.275509369473481,1.4218258068483585,1.4101549523562782,1.1362116442325492,1.4736334405144738,1.3008842426929348,1.418308195575846
2020-12-24,1.2583286735715842,1.4556773380138521,1.657348246778908,1.4999178900648882,1.2763953545155797,1.2725744527552754,1.4218548132387199,1.3911121723963635,1.1364350249879884,1.4736334405144738,1.3009865449378897,1.4089793773306944
2020-12-25,1.2698603786315898,1.4663891146497354,1.6713317426248049,1.5391799891101914,1.2891968713013573,1.2817640907087005,1.4336969209511323,1.404961466912665,1.1376976118665592,1.4871382636655992,1.3087182876504844,1.4193475214107039
2020-12-28,1.2737042803182586,1.4635299064787557,1.6688998303037792,1.5543239008875762,1.3008138760858394,1.2815639990294592,1.4375220179002615,1.39581104017868,1.1365321470555707,1.4916398713826413,1.3105589392268764,1.4165800363072383
2020-12-29,1.2693112498192087,1.4541565967220758,1.6518764440566005,1.5129668081949266,1.30046198751558,1.273745874280621,1.4330210619868249,1.3893810105818258,1.137202289321889,1.4864951768488792,1.3081559554855708,1.4075074212437146
2020-12-30,1.286883371815408,1.4718972438400573,1.701730646637624,1.5522719872287971,1.3157119119332537,1.2873591018518917,1.4513612450688373,1.401746452114238,1.1378432949679325,1.5070739549839276,1.3193168310221088,1.4246789504535067
2020-12-31,1.316810892090185,1.499339362054972,1.7424651780148022,1.5921654387041924,1.3481982751675718,1.3089649372304784,1.482501323951682,1.424498864533876,1.1624842176719823,1.5421221864951817,1.337933109113225,1.451240728689226
2021-01-04,1.3297154191811438,1.5216016186282644,1.8093427668430044,1.6932991435613516,1.3731911845427123,1.3145426740768322,1.4953947744788567,1.4504662917519417,1.1738763690962073,1.5572347266881077,1.344941567513662,1.4727888146458374
2021-01-05,1.3568972953940146,1.530873074035976,1.8166385038060813,1.7260290773525577,1.377675629280529,1.3236500043500063,1.5232175664619179,1.464068277437595,1.1978726029472346,1.5890675241157606,1.3619799536549042,1.4817628428361302
2021-01-06,1.3703509512973546,1.5352831661328827,1.8257581750099272,1.7356223715473302,1.3973803896236772,1.3344410985442854,1.5372016817411946,1.4623371156230576,1.2097495267724905,1.6048231511254067,1.3712498086517855,1.4860314596885082
2021-01-07,1.4024749868216564,1.547103856357113,1.8579810132635155,1.782544702244726,1.430303499453091,1.352434795049943,1.5699200126518404,1.4687671452199118,1.2381087122327954,1.642443729903542,1.390868637029398,1.4974729435371743
2021-01-08,1.3947871834483192,1.5435546020782696,1.8458214516583877,1.7487177762826434,1.4267562838262609,1.3503341602864019,1.5620580120772993,1.4727240865102835,1.2313218986183636,1.6334405144694584,1.3860336078597981,1.4940375489251951
2021-01-11,1.3774896258583107,1.521940194104381,1.8172464818863374,1.6864485109652136,1.4041917400040245,1.334939682841356,1.5451831943452559,1.4484878211067558,1.2160515679858919,1.6131832797427703,1.3751676790022904,1.4731165286598298
2021-01-12,1.4214199308488087,1.558354343708369,1.870140574868643,1.7361588955627358,1.4628596185098879,1.3709965680952096,1.5874318828637672,1.4675306010666707,1.2548333600683597,1.6646302250803906,1.4020723872488443,1.5083625165550987
2021-01-13,1.4153795139126155,1.5463404536535996,1.8391336927755673,1.6990884629046237,1.4418890464151017,1.366074770127017,1.582158886347064,1.4576382478407408,1.2495008636570204,1.657556270096468,1.3996391121202385,1.4967340307041173
2021-01-14,1.3870993800749822,1.5311189263472103,1.8160305257258247,1.638939062280577,1.4012756630593723,1.3489382310882259,1.5557114924917357,1.4465093504615698,1.2245350850039314,1.6244372990353746,1.3840541860492241,1.482000808233648
2021-01-15,1.3824317851697419,1.5335697006551505,1.8178544599665938,1.6307854946686793,1.4112250179193553,1.351985746550646,1.5509610292621132,1.4408212473566602,1.2204145195951692,1.6189710610932526,1.3805648036725067,1.484372961985173
2021-01-18,1.3986310851349881,1.5545203492014816,1.8519012324609514,1.6518908059858406,1.4279835132106737,1.3645543638607445,1.562109850869025,1.4593694096552785,1.2347153054255795,1.6379421221865005,1.3894833680942698,1.5046515161486664
2021-01-19,1.378038754670692,1.5381742788558947,1.8093427668430044,1.6075973216167811,1.3896938361978375,1.3534758132319527,1.5455826098829892,1.4509609094132383,1.2165363403869225,1.6138263665594907,1.376149963978479,1.4888298258496657
2021-01-20,1.3862756868564106,1.553940250253026,1.8823001364737706,1.6383451341479942,1.4162739038407837,1.3560965192636003,1.5526650092844307,1.4650575127601884,1.2238079264023853,1.6234726688102947,1.381999984067795,1.5040900267074002
2021-01-21,1.4120847410383282,1.5759103172954647,1.9309383828942817,1.678115582282138,1.4506536243663573,1.3705267392753513,1.572856034987144,1.4870679986878816,1.2465922292508353,1.6536977491961469,1.3981289309831428,1.5253552965395216
2021-01-22,1.4129084342569,1.5774995957063798,1.9704569581109466,1.6849101933105688,1.456527252630477,1.3643448197101329,1.5737145223677533,1.4892937781637159,1.2473193878523816,1.6546623794212274,1.3988795950269084,1.5268935910827832
2021-01-25,1.4310296850654807,1.5780302792056002,1.971064936191203,1.7158468517019432,1.4720132840270321,1.3692495983671251,1.5874436346751069,1.4917668664701982,1.2633168770863998,1.675884244372996,1.409658644915606,1.5274072503167118
2021-01-26,1.398081956322607,1.5486208492296665,1.9163469089681282,1.6553850139333577,1.4445992242028465,1.344826847737059,1.5607966721674007,1.4677779098973185,1.2342305330245487,1.6372990353697805,1.3881932903048957,1.4989412714537862
2021-01-27,1.4008276003845135,1.5510167762997578,1.9248586020917173,1.6469220445259452,1.4491696857636849,1.3462297138980697,1.5630001075581497,1.4714875423570424,1.236654395029703,1.640514469453382,1.389961524312291,1.5012603374605107
2021-01-28,1.36348684114259,1.5150818135664579,1.8585889913437712,1.6093640210254845,1.4322948953006904,1.3172482640734406,1.5342693805617516,1.4420577915099018,1.2036898717596052,1.5967845659164044,1.3672855774933508,1.4664781641765265
2021-01-29,1.3533279581135373,1.4991703043736329,1.8415656050965923,1.585985659636081,1.4319270121052645,1.3068122922216876,1.5265968827107206,1.4202946144128565,1.2020102976223688,1.5848874598070797,1.361285189319706,1.4510770943587556
2021-02-01,1.370625515703546,1.512239668385628,1.8579810132635146,1.6040809429294491,1.4443314010510808,1.3156211075388868,1.5384331565139568,1.430928894130731,1.203229728359087,1.605144694533768,1.3722771526551036,1.4638801773408516
2021-02-02,1.3925906681987952,1.5321055237781647,1.8956756542394104,1.6299861053515419,1.478661821514999,1.3255512769799986,1.553205813464522,1.4455201151389774,1.2038650620202342,1.6308681672025782,1.3857619631512867,1.4797372934447943
2021-02-03,1.3909432817616516,1.5290668944760588,1.8883799172763338,1.6453602911063379,1.4673656919946814,1.3110589965298263,1.5525409315739258,1.4363696884049924,1.2046336108038802,1.6289389067524174,1.3851322469480638,1.4712529535867325
2021-02-04,1.3879230732935548,1.5253459728510441,1.8835160926342827,1.6227937387876479,1.4332271250648259,1.2924080119512025,1.5504137772822242,1.4197999967515602,1.2043466859246523,1.625401929260456,1.3831957257686363,1.4612298708419802
2021-02-05,1.3901195885430797,1.523185350591534,1.8750043995106933,1.6160624856330765,1.4120586891957254,1.2817577472089503,1.5508061771612582,1.397047584331922,1.2023894483556337,1.627974276527337,1.3836099887909106,1.457731991557633
2021-02-08,1.409888225788804,1.5378801207019286,1.8750043995106933,1.653897364796243,1.4356245978138666,1.2923380587490394,1.5639762226895841,1.415101128969244,1.2009548239594945,1.6511254019292663,1.3947552893622832,1.4699843591685031
2021-02-09,1.4477781138431085,1.5805398142103537,1.9589053745860747,1.7009325574201828,1.507455755750757,1.3193366779895455,1.590531681154397,1.4457674239696259,1.2008216088369958,1.695498392282964,1.4171833241960778,1.5072142328900742
2021-02-10,1.4793530205550294,1.6104193319836566,2.002071818284278,1.7282115343409425,1.5143984903865935,1.3316438385572806,1.6133565179187064,1.4630790421150028,1.2250892730256586,1.732475884244379,1.4365599629157813,1.5302317546266253
2021-02-18,1.467546751088833,1.6019421865742542,1.9467458129809467,1.7736447155268766,1.5231156181413004,1.3631082548428113,1.6046783539232672,1.4863260721959375,1.2153122057019572,1.7186495176848935,1.4291082314533494,1.5388877388524902
2021-02-19,1.4763328120869326,1.6054415397450301,1.9272905144127426,1.7802019975601289,1.5324946691369032,1.3900550716949993,1.6107715779042193,1.5088311757849275,1.2225881627800606,1.7289389067524177,1.4343198055037716,1.5524561916986561
2021-02-22,1.4194979800054754,1.5551776509286481,1.8433895393373614,1.7770352535354155,1.4704446850366804,1.3961454619816398,1.5700393855823402,1.493992645946033,1.1755218154310794,1.662379421221871,1.4014535603647031,1.5259984190817073
2021-02-23,1.4153795139126164,1.5514020524042194,1.8294060434914643,1.7607694038782464,1.4675434675204995,1.383433200281691,1.5676274582771803,1.4897883958250129,1.1721112105507185,1.6575562700964692,1.399635120229179,1.5172969967476602
2021-02-24,1.3750185462025961,1.511069064630782,1.7655683450645439,1.702701366822042,1.420871183673871,1.3669273302647902,1.5391538368875273,1.469509071711857,1.138687282723181,1.61028938906753,1.376746236138969,1.485390232233105
2021-02-25,1.3890213309183175,1.5153754016322176,1.749760914977878,1.6986659327910736,1.4243259084018625,1.3719392436617348,1.5494246729183787,1.4718590473910833,1.1367202176443798,1.6266881028938969,1.3850882578016344,1.4922687030074848
2021-02-26,1.348111234395916,1.4763328982072723,1.7108503178414691,1.6393625182496894,1.3885541779130959,1.3423699346373474,1.5182154470294051,1.4328754479001595,1.1343239898595352,1.5787781350482375,1.3594437861674173,1.4564054298180316
2021-03-01,1.3725474665468806,1.5029471033403798,1.7594885642619802,1.6679714690912197,1.41802482280531,1.3711861451859908,1.5317965339499202,1.4595176850725005,1.134275678815486,1.6073954983922891,1.3742056160405376,1.4854240864235917
2021-03-02,1.3536025225197283,1.4848049600133424,1.7382093314530067,1.6298354028981825,1.3770999848909633,1.3640039607797636,1.5241364562866369,1.4433647088832466,1.1389135390442173,1.5852090032154402,1.36507247456507,1.4704819012675985
2021-03-03,1.382431785169743,1.5175217490994177,1.7631364327435184,1.685428354853913,1.4124123080186757,1.3907193540643876,1.5401253871997178,1.4690060821132624,1.1381502245482387,1.618971061093254,1.3821506499299372,1.500497410189246
2021-03-04,1.3365795293359104,1.4767306703358085,1.672547698785317,1.6316971554215363,1.352414809529706,1.3737448151268439,1.5138391799793522,1.4313573454230946,1.1376477896901263,1.5652733118971125,1.3544008318116254,1.4627333356349352
2021-03-05,1.3308136768059076,1.47252586848726,1.6853152384707009,1.605667887315615,1.3350670241542584,1.3689288565083118,1.5114006658336743,1.429502217902074,1.1389908367146961,1.5585209003215499,1.351534766543929,1.4595637689690881
2021-03-08,1.279744697254453,1.4272765638830105,1.6008062853150635,1.5520588246598714,1.2691115478649528,1.3429688135684923,1.483346326663913,1.3837692774389623,1.1389811745058862,1.4987138263665654,1.3204116989212884,1.4158837797943917
2021-03-09,1.252013692229201,1.3985483420690261,1.5485201704130145,1.515310148537217,1.236110607778244,1.3167704301623486,1.4669509348911174,1.3521783150901916,1.1376671141077457,1.4662379421221923,1.3026350119568912,1.3852585651335876
2021-03-10,1.2577795447592042,1.40046401901496,1.5722313155430134,1.5273735498327663,1.2577284530118047,1.3034507790525534,1.4706942728191361,1.3477159703730675,1.1383917797684848,1.4729903536977553,1.306566296617872,1.384128325344445
2021-03-11,1.2931983531577933,1.4376529703872072,1.611141912679422,1.5908577948642169,1.3093218067664225,1.3386849205851614,1.4901288075495014,1.3860292141037154,1.137570492019647,1.514469453376212,1.3282648298760344,1.4214589519885281
2021-03-12,1.2967676904382712,1.4435952185432221,1.616005737321473,1.5865816489681117,1.3015498169024087,1.3458842749008346,1.492178879438213,1.3885576778928381,1.1376671141077457,1.5186495176848935,1.3305096317714722,1.4268616971421124
2021-03-15,1.2687621210068287,1.4225178879848437,1.5533839950550654,1.573991696597309,1.2705332272627505,1.3432857420889723,1.4779053721939146,1.3686336422706622,1.1370583949527246,1.4858520900321606,1.3129843060457618,1.4069633993020785
2021-03-16,1.277822746411119,1.4298441467886878,1.5679754689812189,1.575535860549188,1.2799186471309076,1.3495706259653153,1.4811984315996805,1.3738876189081333,1.1354737927079082,1.4964630225080449,1.3178782550316095,1.4158343982706147
2021-03-17,1.284137727753503,1.433742527349069,1.5849988552283976,1.5797559779942043,1.2955761432677984,1.3509405039448843,1.4846384575825962,1.3815789528920577,1.1359182543131616,1.503858520900328,1.3219923603527293,1.4198558981172256
2021-03-18,1.2951203040011277,1.4444591987915703,1.6111419126794222,1.5915807934126296,1.3099613969663224,1.3550330944059241,1.489626759252379,1.3928846748044053,1.1353868328286194,1.5167202572347331,1.3285287676110324,1.429001543661522
2021-03-19,1.2569558515406323,1.4151546711257406,1.5679754689812189,1.5470708758780936,1.2936205563449215,1.3463286530885392,1.470824277534497,1.3663486593771403,1.1351549398171827,1.4720257234726752,1.3049308738968157,1.4042361556486418
2021-03-22,1.272606022693497,1.431511961276894,1.5849988552283976,1.562056233694146,1.3094392822554382,1.3658961268260201,1.4791067564176346,1.3842049970050505,1.1353095351581406,1.4903536977492022,1.3147504612932968,1.4218435643531495
2021-03-23,1.2602506244149194,1.4176307266750345,1.5679754689812186,1.5346642447991587,1.2903915521642637,1.351588741576611,1.47285306971613,1.368990521974598,1.1355897392136263,1.4758842443729965,1.3072215173833588,1.408174470697245
2021-03-24,1.239383729544433,1.394832833818503,1.5460882580919888,1.500463335955371,1.2658978636171878,1.326152934537326,1.4629332898856862,1.3497583417703196,1.1370487327439147,1.4514469453376269,1.2949065432043974,1.3841535112609906
2021-03-25,1.2382854719196703,1.3980189695639116,1.560679732018142,1.5023640339596407,1.2639186981838029,1.328841805949559,1.4630007617350838,1.3508572041851639,1.137966642580851,1.4501607717041862,1.2946362060381587,1.3873854285801994
2021-03-26,1.2668401701634944,1.4272110195173906,1.6111419126794218,1.537326350738264,1.2868112200906539,1.3497837872102576,1.477036346996843,1.3758705901462047,1.1363723781272246,1.4836012861736398,1.3118231873154131,1.4156064791257597
2021-03-29,1.2695858142254004,1.4319941679120818,1.603238197636089,1.5411019534928643,1.2941889860466447,1.35854098757606,1.47843992736071,1.3773615639109926,1.136275756039126,1.486816720257241,1.3134844531810734,1.4200588308751518
2021-03-30,1.2816666480977876,1.4430606601178027,1.6251254085253188,1.559433373852482,1.3142990446345881,1.359624494816595,1.4865014424688663,1.3864699307888741,1.1381309001306184,1.5009646302250872,1.3218413716375885,1.4290043168756132
2021-03-31,1.2715077650687348,1.4355798496643015,1.6202615838832677,1.5403942589424262,1.2851818864845215,1.3574827516217858,1.4809997900562208,1.379998922383524,1.1384400908125338,1.4890675241157623,1.3156986188877844,1.422831031437224
2021-04-01,1.2885307582525527,1.4545181656079527,1.6393612876122292,1.5529064696144368,1.2918467090171242,1.3671899099720506,1.4903880253404937,1.3943450650577756,1.1381115757129987,1.5090032154340902,1.3261155257200605,1.438705501163521
2021-04-02,1.301984414155893,1.4631850646287374,1.6564779940032373,1.5679164837118855,1.2938112162924154,1.3639386079754483,1.4991158977146564,1.4033321601833106,1.1398700977163925,1.5247588424437368,1.335242779123846,1.4453101396655266
2021-04-06,1.2942966107825558,1.456282542281081,1.6466970189226615,1.5659214236991121,1.2974881675549703,1.3721290638486277,1.4937056289830897,1.400658759666619,1.1391164454292237,1.5157556270096533,1.3301591380299607,1.4443005048809379
2021-04-07,1.2846868565658842,1.4500306392039082,1.6344708000719417,1.5596726441329096,1.2912078411021182,1.377191698129879,1.4875738230212647,1.3965569155942124,1.138952187879456,1.5045016077170486,1.3241568024013701,1.4405442272402054
2021-04-08,1.287707065033981,1.4556286293448522,1.6383133259964537,1.5716519881754507,1.2906633949474853,1.3779737984211118,1.4885672985077383,1.4005058740536487,1.1374255588874986,1.5080385852090101,1.3253146526845725,1.444547860241913
2021-04-09,1.2682129921944472,1.440011291095773,1.6135115677564218,1.5563730924437862,1.2862225300746124,1.3775473347978642,1.4762843376461021,1.387356007365951,1.1373869100522593,1.4852090032154406,1.3132586001444235,1.4335390459412756
2021-04-12,1.2451495820744356,1.4220120936272023,1.5841686425146944,1.5255935695861171,1.2594248111211384,1.3596406382872708,1.4574287862487623,1.3626727865909312,1.139551244825667,1.4581993569131897,1.2999286415327278,1.4114910544376273
2021-04-13,1.243227631231101,1.4171273909625623,1.58172339874455,1.5252189713743693,1.2659976530428194,1.349787280448869,1.4567403591749957,1.359329078620283,1.1421020679514693,1.4559485530546685,1.2998886661531015,1.4066667929600472
2021-04-14,1.2509154346044382,1.4287497236154598,1.591504373825126,1.5352943451172376,1.2734259284209433,1.3618029486772687,1.4630574357109187,1.370172837633879,1.141715579599075,1.4649517684887523,1.3045356212409132,1.4199505724909085
2021-04-15,1.2432276312311008,1.4219189840821729,1.58172339874455,1.5339149263793426,1.2618898185192449,1.3619959518782503,1.4566336308020453,1.3666856468987543,1.1417735528519342,1.4559485530546685,1.299751714048004,1.4150769845763835
2021-04-16,1.2476206617301506,1.4294238463817979,1.5873125273620219,1.537243174894629,1.2655310318417792,1.3818943859680628,1.4605323847287848,1.3782275362168042,1.1423532853805256,1.4610932475884306,1.302771349602611,1.426490227494389
2021-04-19,1.282215776910168,1.463363571433446,1.6313269152246133,1.5739853227641736,1.2949370620040117,1.39524897115805,1.490409606270946,1.4048652233176917,1.1415996330933569,1.5016077170418072,1.3241021841874723,1.4546360857027518
2021-04-20,1.2800192616606432,1.4595668085043476,1.6285323509158773,1.5745224125792154,1.292723888319905,1.3935297075170252,1.48870225445185,1.4051079910933189,1.142189027830758,1.4990353697749261,1.3230146701084247,1.4521208781614807
2021-04-21,1.2833140345349305,1.462664138940461,1.6327241973789814,1.5858281816824271,1.3084566180504953,1.3908903877462857,1.4923056749578174,1.404991890952531,1.1444403224834545,1.5028938906752478,1.3261010193436888,1.4538113122187126
2021-04-22,1.282215776910168,1.4647886619975659,1.6313269152246135,1.5829615739495932,1.3069090351542918,1.3964684677086803,1.491039355045104,1.4070438998760373,1.1434934260200886,1.5016077170418072,1.3249812144034092,1.4572306086283522
2021-04-23,1.2962185616258894,1.4786501414210231,1.6491422626928054,1.5971088010565222,1.3167716847111561,1.396139841252275,1.504104450745066,1.4184568797419246,1.146285804366137,1.518006430868174,1.3349573306999274,1.4668164813742688
2021-04-26,1.2786464396296902,1.4623356559273795,1.6267857482229178,1.5855228907537324,1.3127280925482996,1.389287628177098,1.486792319753805,1.405705148759346,1.1446915399125108,1.4974276527331256,1.3233562931991285,1.453338155740248
2021-04-27,1.2822157769101683,1.4647291392646593,1.6313269152246137,1.5911425984466205,1.3042518979081312,1.3851665629493037,1.4899836273377818,1.4074269500258425,1.143744643449145,1.5016077170418074,1.3251349043571274,1.4542399121466154
2021-04-28,1.2926492243454117,1.4765922597561318,1.6446010956911097,1.5968156688277735,1.309835835915694,1.392050593344786,1.499755774751328,1.4185662787935482,1.1429233557003071,1.5138263665594924,1.331223898340251,1.4653638269222813
2021-04-29,1.3052791870301796,1.4886292796054965,1.6606698404663411,1.6233311457047401,1.3271632065955368,1.3935887745342,1.511919248328065,1.4257370418190656,1.1434451149760394,1.528617363344058,1.3392711030140134,1.4723025087853903
2021-04-30,1.292923788751602,1.481204131601213,1.6449504162297015,1.6067868766403455,1.3043686775826635,1.387136929060255,1.5004960109753283,1.4201980993419105,1.1307920794067345,1.5141479099678523,1.332334773155751,1.467314565983851
2021-05-06,1.2745279735368311,1.4693399326948475,1.6215459401440382,1.5827099579604538,1.3266116853531078,1.3960618121755062,1.4816430381207804,1.407690494678834,1.1147030861342244,1.4926045016077238,1.321109263087725,1.4587238576469441
2021-05-07,1.2577795447592037,1.4556075321691817,1.6002373872899267,1.5775296606027085,1.3404707578577482,1.3954139944362849,1.4644591131396372,1.395213243945328,1.1124869334198415,1.472990353697756,1.3104878396704778,1.4446470019475712
2021-05-10,1.2575049803530132,1.4627667711054138,1.5998880667513347,1.6079782365887714,1.3317879676153814,1.4056341621313604,1.4642268263386011,1.3973228258124522,1.1130784969874998,1.472668810289396,1.3105949376403385,1.4505681109672768
2021-05-11,1.2646436549139692,1.4623646414132512,1.6089704007547265,1.605686675270648,1.363539351521286,1.398526634598014,1.471700384492086,1.3991499027493246,1.1153508522791395,1.4810289389067592,1.3161292072344397,1.4502357975051863
2021-05-12,1.273155151505878,1.4747847903628173,1.6197993374510782,1.621915366289066,1.373828536623132,1.4147297581044098,1.480060498753029,1.4120941987580542,1.1154259714623345,1.490996784565923,1.3214794713788036,1.4648487625084305
2021-05-13,1.2580541091653945,1.456780631770892,1.6005867078285185,1.5944255045831928,1.3741769777620267,1.395352388356317,1.4649296175146254,1.3953852400070335,1.1137921292278496,1.473311897106116,1.3113006724562062,1.4475380789865253
2021-05-14,1.292649224345412,1.488245943561377,1.64460109569111,1.619895332861572,1.4099474790991189,1.413218324325898,1.4988920544489854,1.4261198626004448,1.1139141979005411,1.5138263665594924,1.3329937610308178,1.4781996167323561
2021-05-17,1.3093976531230394,1.5030961864133763,1.6659096485452216,1.659341461978976,1.4336680173972143,1.4116758676341654,1.5145604494783849,1.439308883414388,1.1153039027896432,1.5334405144694603,1.3440216670770657,1.488885633028675
2021-05-18,1.3099467819354205,1.5036534089301525,1.6666082896224055,1.6606097396518187,1.4372963969249517,1.418698009684869,1.5149822782030948,1.4416531135499626,1.1139871472655778,1.5340836012861803,1.344219544380068,1.4909734596248874
2021-05-19,1.3061028802487518,1.4990402348399747,1.6617178020821175,1.659280435531514,1.431831977022934,1.4115344024674474,1.5119933033972541,1.4383379458653323,1.1107182686108474,1.5295819935691384,1.3427720556052398,1.486655465073193
2021-05-20,1.3099467819354205,1.4968046940812614,1.6666082896224057,1.6462842131490778,1.426191975516945,1.400446573920965,1.5159692608848814,1.4375763677294668,1.1139871472655778,1.5340836012861803,1.34591077503684,1.4850101718150845
2021-05-21,1.2948457395949367,1.4860484800082752,1.647395659999846,1.6361020092797758,1.4184968489342693,1.4013878877785584,1.5024327866439997,1.4264020413959633,1.1011451239791374,1.516398713826373,1.337152779417451,1.477025739081779
2021-05-24,1.3025335429682738,1.492091188214591,1.6571766350804218,1.6322659402284354,1.4111308963178608,1.4059670447290107,1.5100653319501613,1.4327944290184584,1.107682881288598,1.5254019292604566,1.342032797765025,1.4839313028138885
2021-05-25,1.3475621055835347,1.5312305199071836,1.7144652034095091,1.672200202610221,1.4471181807184788,1.4223845141888871,1.5552646055941781,1.4657243394637633,1.1459754598154384,1.5781350482315182,1.3689240319435905,1.5190616602348002
2021-05-26,1.347836669989725,1.53333336730268,1.714814523948101,1.676321600348366,1.4566205396986764,1.4300175858661295,1.5556377593844255,1.4670880126066688,1.146208951147919,1.578456591639878,1.369358136964804,1.5222139389149738
2021-05-27,1.3530533937073468,1.542091548747513,1.721451614181349,1.6820970752532023,1.4575842990791146,1.4425125564704542,1.5607384047180406,1.476358555369045,1.150645286465053,1.5845659163987207,1.3721196916530947,1.5324785640042209
2021-05-28,1.3489349276144877,1.5400969851701787,1.7162118061024692,1.6742963550576118,1.4562694332595276,1.4387532515311552,1.556590897540299,1.4737485042182028,1.147142916477842,1.579742765273319,1.3696045687681355,1.5294250707277406
2021-05-31,1.3505823140516313,1.5494390699886593,1.7183077293340208,1.7003881854068574,1.4781869076435394,1.4539992559297317,1.5569406566824484,1.4802097268213676,1.1485438644727262,1.5816720257234795,1.3695494880728256,1.5429837252143979
2021-06-01,1.3527788293011562,1.5527850484058179,1.711793756495932,1.714189944785656,1.490185097345913,1.4611850140112574,1.559392671196646,1.4826185802405978,1.1504117951325719,1.5842443729903604,1.3716652639641214,1.546727225788119
2021-06-02,1.34097255983496,1.5381479909160414,1.6822615555526206,1.6873606216563877,1.4668617441663372,1.4501730200035927,1.5489362770052855,1.4713281224880332,1.1403716678359006,1.570418006430875,1.3640859593784496,1.532147271306907
2021-06-03,1.3297154191811447,1.5320938888198146,1.6640052858785737,1.6846226928268213,1.4644815991002527,1.4522320481216728,1.539155431374184,1.4635874138859628,1.1307985232041904,1.5572347266881097,1.3571280464415367,1.5261167878542563
2021-06-04,1.3387760445854349,1.5408500774590228,1.6865571484171022,1.6898313142015786,1.469009574529108,1.4565027273035775,1.5471541820539134,1.4721739915084078,1.1385037371760547,1.567845659163994,1.3629002925698623,1.5348388163000508
2021-06-07,1.337128658148291,1.5425479052969249,1.6763551153639582,1.6856568112163883,1.4771134463608597,1.4644064795546716,1.5450953736518418,1.4734303595127036,1.1371027891811702,1.5659163987138331,1.3612567571028982,1.5365300204652894
2021-06-08,1.3255969530882854,1.5331606827658635,1.6672269805269349,1.6460855963833807,1.4721174845171778,1.4565190968529644,1.5342556332047288,1.464199901179149,1.1272961532169794,1.5524115755627077,1.3543045756661825,1.5271794199567188
2021-06-09,1.3277934683378103,1.5352676184929712,1.664542234986634,1.6516625187242753,1.4713358631332212,1.459037280714252,1.5362477076875438,1.4646954808348016,1.1251508342157044,1.5549839228295887,1.3554868484706368,1.5292781359737548
2021-06-10,1.3371286581482913,1.5538330548896506,1.70696121452339,1.669563086705672,1.479042103891539,1.4757362789330106,1.5451386841436394,1.4797829905708888,1.1254161329387193,1.5659163987138331,1.361332626879398,1.5477711437231938
2021-06-11,1.323675002244951,1.5474790853689375,1.715552400252353,1.6615957156576457,1.4544616131252883,1.4705471639847858,1.532017549805358,1.4685190862381128,1.1237485409654817,1.5501607717041868,1.3523074498722696,1.5414419627076985
2021-06-15,1.3074757022797048,1.530210049746996,1.6940744359299449,1.6231548532006186,1.4371063630966654,1.4570987119253627,1.514320854568916,1.4500081119197783,1.123540091968827,1.531189710610939,1.3422772872590105,1.524240298132821
2021-06-16,1.2879816294401711,1.503898611097024,1.6237341027740582,1.5732296036988782,1.4294942020533519,1.4397457940791483,1.4935891560928993,1.4299081748798073,1.1258804057039957,1.5083601286173698,1.3313878905488135,1.498031507320888
2021-06-17,1.2910018379082677,1.5139843352283513,1.6580988456899113,1.5817932507029049,1.4319973901780358,1.4488132551984776,1.4967824723499195,1.4362249232195563,1.1252740086228186,1.5118971061093311,1.3329742528347774,1.5080778843913833
2021-06-18,1.2923746599392207,1.521717258385419,1.6844093519848613,1.5933203944558187,1.4274060971945526,1.4590283442726855,1.4983458210870302,1.4447063568941014,1.1261741292901912,1.5135048231511319,1.3342512306307843,1.515780639382645
2021-06-21,1.2904527090958866,1.5270647507842146,1.6999808761186073,1.584620156363527,1.4180892584634002,1.4685467988350518,1.496657583544317,1.4414021013691856,1.1286281424780809,1.5112540192926112,1.3342236653312842,1.521107269808024
2021-06-22,1.2975913836568427,1.5356959744952148,1.7042764689830887,1.6043522197516282,1.4357476398904039,1.4767429213584977,1.503854236384199,1.4493758151214406,1.1280027954881167,1.5196141479099745,1.338356447287592,1.529704820846642
2021-06-23,1.3061028802487515,1.5507895508030376,1.7273652806296773,1.608288920574718,1.4392706249594684,1.495107332014109,1.5124995846419984,1.4588829353645139,1.1277090719019214,1.5295819935691384,1.3434843840355002,1.5447395131459967
2021-06-24,1.3096722175292295,1.546332679041655,1.7042764689830885,1.5959342135209007,1.4282142987514979,1.4888697087769118,1.5160162602782503,1.4628697922406413,1.1269226506872696,1.53376205787782,1.3453125225710014,1.5403000288128277
2021-06-25,1.3319119344306694,1.5651370407759666,1.7413259574392423,1.623029510960212,1.4524620972534017,1.4977360289128365,1.5387664915046564,1.4877109773918977,1.127339548680579,1.5598070739549907,1.359218556332882,1.5590310297893561
2021-06-28,1.334383014086385,1.5676397380214242,1.7746168021389752,1.6484554695547426,1.4807989588203927,1.4941800991153196,1.5413286888857278,1.4904711090753708,1.1286660422956545,1.5627009646302321,1.3613713355122925,1.5615239633550344
2021-06-29,1.3195565361520918,1.5549849999814327,1.7703212092744935,1.6260328010427259,1.4586954253767233,1.4813585996999603,1.5242028145647752,1.4739103189745333,1.1300588605914836,1.545337620578785,1.3529675209216192,1.5489185947743884
2021-06-30,1.3280680327440009,1.5705745199584922,1.8111293414870693,1.6386611943114755,1.4681236751616276,1.4937548772400033,1.534034335008285,1.4834174392176067,1.131432728978526,1.555305466237949,1.358861672593586,1.564447295936369
2021-07-01,1.3275189039316198,1.557890546660203,1.7934100209210824,1.645626990352735,1.4618378515999793,1.4793901064431336,1.5334000433667685,1.4828040766212796,1.131072680711577,1.5546623794212289,1.3583515872009957,1.5569031876839277
2021-07-02,1.2888053226587433,1.5289566637507641,1.7327347717102795,1.6183707870713329,1.4064652844969083,1.4646614559345625,1.4886824826398368,1.439562013580204,1.1309021315324959,1.5093247588424505,1.3345020183897298,1.5229660374251797
2021-07-05,1.2907272735020776,1.5405343413500767,1.7450846011956642,1.644511137875862,1.4065293966696604,1.4789383595646348,1.4905541114522476,1.4417087826673496,1.1310442558483969,1.5115755627009715,1.33576316100008,1.5323361601657293
2021-07-06,1.2926492243454122,1.535205910309046,1.7160893493604132,1.6345785554955288,1.4104802350667969,1.4778696982119635,1.4926339367916013,1.4438555517544955,1.131385354206559,1.5138263665594927,1.3371177026325183,1.528806199603838
2021-07-07,1.3072011378735147,1.5575335860869475,1.7746168021389754,1.6640282559434234,1.4267189366430224,1.4913460300432433,1.5082462968958505,1.4601096605571693,1.1326834229584544,1.5308681672025795,1.3467628557257025,1.548216697313701
2021-07-08,1.2951203040011274,1.550647906434355,1.783744936975999,1.6408150063990463,1.4370052874745083,1.4823947725036275,1.4955886276740222,1.4466156834379682,1.1344078646580524,1.5167202572347336,1.3401151294100104,1.5387111689902742
2021-07-09,1.2885307582525527,1.5539246264874567,1.773542903922855,1.6765659840906382,1.425992952671958,1.49295588354421,1.4886288903400593,1.4392553322820405,1.1348816123777221,1.5090032154340904,1.3362479041144757,1.5403600192003895
2021-07-12,1.3072011378735147,1.5817518095753387,1.8401245933223203,1.70382604388109,1.435879918027845,1.5116213652730914,1.5082590728109866,1.4601096605571693,1.135118486237557,1.5308681672025795,1.3479765364852878,1.5656435093227767
2021-07-13,1.3115941683725643,1.5901439623911928,1.831533407593357,1.709082218219468,1.4515902613992195,1.5256472972946988,1.5132115302894813,1.4650165613277877,1.1379609725555755,1.5360128617363413,1.3520447779835976,1.5734746624896834
2021-07-14,1.295943997219699,1.577933736100171,1.815961883459611,1.6774986274312809,1.4434734500143034,1.5165140701743627,1.496856499565643,1.4475357273324592,1.138595794499933,1.517684887459814,1.3426667772620047,1.5590202048459945
2021-07-15,1.3146143768406608,1.5911699758687523,1.8411984915384403,1.7147415940245603,1.4657408300785182,1.5234080432915542,1.5161926011694666,1.468390055607588,1.1361607312208304,1.539549839228303,1.353124279652426,1.5759221226617077
2021-07-16,1.3006115921249395,1.5809001458071263,1.7869666316243595,1.712344301618992,1.454976006159119,1.5273866589235767,1.5015848158753666,1.4527493094012416,1.136899777663515,1.5231511254019363,1.3448285634005088,1.5643975777025871
2021-07-19,1.306652009061133,1.5811186479501866,1.7987795120016843,1.7196062892538362,1.4577982634738016,1.522008324319385,1.5074500892618976,1.4594962979608421,1.1370324270250225,1.5302250803858592,1.3486387913116678,1.5656534612570154
2021-07-20,1.3030826717806552,1.580913838302688,1.8020012066500455,1.715887396642445,1.4596886759526213,1.522156947569968,1.504087877122152,1.4555094410847145,1.137885172920428,1.5260450160771775,1.34683295076755,1.564824677836071
2021-07-21,1.313790683622089,1.6023705262385834,1.8551591683480058,1.7513616068246514,1.4992388268732566,1.537451992134307,1.5148791137577693,1.467470011713097,1.1389937425844552,1.5385852090032224,1.353998320927937,1.583597566427186
2021-07-22,1.315163505653042,1.607794065690215,1.8460310335109822,1.7502182827930275,1.503128320305621,1.5481111265193883,1.5162704418959827,1.4690034182039153,1.139183241672323,1.540192926045023,1.3549373308111707,1.5883973754662435
2021-07-23,1.30088615653113,1.5938221540838504,1.8079076468387076,1.728512069763728,1.489290697926333,1.5419480590013723,1.5022615016887217,1.4530559906994054,1.1396096146200259,1.5234726688102962,1.3463147018593333,1.573807561133383
2021-07-26,1.2528373854477723,1.5553820920245842,1.7558235833568678,1.6868474354374465,1.4178814136960696,1.5137579749246528,1.453162163238566,1.3993867635207653,1.1425942252539454,1.4672025723472732,1.3178890724310266,1.5313866228898865
2021-07-27,1.2053377431767962,1.5074865678784186,1.6860201993090413,1.6211142715446551,1.3712865385229027,1.475259041005045,1.4042713094394992,1.3463308989384526,1.1440628431849218,1.4115755627009707,1.288587051114851,1.4833469027918624
2021-07-28,1.2080833872387025,1.497692904161039,1.70910901095563,1.6270449308755435,1.3884616461505888,1.4514308579287016,1.4069507266982284,1.3493977119200893,1.1427837243418135,1.4147909967845722,1.2897719363050586,1.4776147809180722
2021-07-29,1.231970490577286,1.5406484379829555,1.8030751048661657,1.6718980314579563,1.3939801260097164,1.4846460662199554,1.4316448764544953,1.3760789848603274,1.1420731027623088,1.4427652733119036,1.3047525120205132,1.5153678173637257
2021-07-30,1.2226353007668052,1.544414269520859,1.7869666316243593,1.666024399949654,1.3706766446423668,1.498865469238062,1.4222109950982078,1.3656518207227633,1.14377859455312,1.4318327974276592,1.2995998673536207,1.514273601998575
2021-08-02,1.2241631836880087,1.5615749957061376,1.8218683236482727,1.6667432239604185,1.4143377609370695,1.5135201066259474,1.447473142989204,1.4027602578005656,1.1470379788644482,1.4707395498392348,1.3222694129596892,1.5395208453920353
2021-08-03,1.2235665735125785,1.540352377847738,1.8057598504064667,1.5607797430055679,1.4192414633251405,1.5007917114449292,1.4476112342102974,1.4033736203968927,1.146478956555238,1.471382636655955,1.3223585441937655,1.5267142251983268
2021-08-04,1.2227879466734577,1.570312539567377,1.8503266263754639,1.6455505277694489,1.4106620903565588,1.5191984812804598,1.4560436720838805,1.4168675975160938,1.1457493850669467,1.4855305466238011,1.329650938219978,1.5498050900563023
2021-08-05,1.2222823448298725,1.5631651956906554,1.8358290004578384,1.6156314272645498,1.3958318798098504,1.51241237305635,1.4498619269028716,1.407667158571184,1.1452756373472768,1.4758842443729971,1.3242505648760192,1.5429105993952232
2021-08-06,1.2226362661203822,1.5655024584459558,1.8181096798918517,1.6767162574620518,1.3966828419896207,1.515732422745705,1.4468317377125268,1.4027602578005653,1.1456072607510457,1.470739549839235,1.3216342692823437,1.5413279947836964
2021-08-09,1.2197239995013325,1.5705450152887002,1.7977056137855638,1.6405640110186321,1.4356922297649943,1.5334636473824232,1.4553971518257787,1.4196277291995665,1.1428784738857478,1.488424437299042,1.329910222893293,1.5508300791212515
2021-08-10,1.2185510032242153,1.5785941206264487,1.8073706977306474,1.6268510899538866,1.4695097101967591,1.5432523571872179,1.4652359737105392,1.437108563194895,1.141779379176114,1.5067524115755697,1.3392242874770774,1.563939334227218
2021-08-11,1.217317334725868,1.5910441855589494,1.7858927334082393,1.6580168196464902,1.4607138780791074,1.558225647965459,1.4597046699130771,1.428828168144476,1.1406234347401196,1.498070739549846,1.3340521112423946,1.568368042971674
2021-08-12,1.2183993226711398,1.5957163347058654,1.7611930744374698,1.6979089536530223,1.4450802021152191,1.5640626739964,1.454415638630145,1.419014366603239,1.141637254860213,1.4877813504823219,1.3290287058757404,1.5667224352480658
2021-08-13,1.2207453152253744,1.5907772310907504,1.7445476520876035,1.7141151330931759,1.4481050894387257,1.5600201564612504,1.450650493075954,1.4107339715528204,1.1438354442794807,1.4790996784565984,1.3253991281108028,1.561358349712351
2021-08-16,1.2206947550410159,1.5797133871335194,1.7214588404410145,1.6355774942678158,1.439641223013272,1.5587634093083693,1.4500199640237397,1.4098139276583297,1.1437880695075138,1.4781350482315183,1.324858535797098,1.5546426210071902
2021-08-17,1.2226969383416126,1.5431730570278124,1.6785029117961983,1.6168780564522536,1.411920919291984,1.5260893620520568,1.4298179220569924,1.3754656222640003,1.1456641104774063,1.4421221864951836,1.3063606630427376,1.517469629369962
2021-08-18,1.2234755651807334,1.5563277462530631,1.6967591814702454,1.6330842358924071,1.4570353197069443,1.5385416177903128,1.4403015909740784,1.391719731066674,1.1463936819656977,1.4591639871382704,1.3159559152897924,1.5327074036744792
2021-08-19,1.2233339966645296,1.5609796356515435,1.705887316307269,1.644303898581744,1.4589599933743564,1.533606112033481,1.433772451640735,1.3812925669291096,1.14626103260419,1.4482315112540258,1.3099792956026306,1.5298938602423224
2021-08-20,1.2241227355405222,1.5538106302766101,1.6645422349866332,1.6380707526432234,1.4334024454024579,1.5244482300865172,1.4169862331174843,1.3536912500943805,1.1470000790468748,1.4192926045016143,1.294611345969359,1.5140145278764001
2021-08-23,1.2233744448120163,1.5819405243584503,1.7155524002523523,1.6891825493390926,1.4436800427231344,1.5434743519007195,1.4293265622206701,1.3757723035621638,1.1462989324217636,1.4424437299035437,1.3069652087829324,1.5388773971910448
2021-08-24,1.222848618894688,1.5982506925573396,1.7316608734941588,1.7390477168472578,1.4630285301955914,1.5606231943502247,1.4382467020450753,1.3917197310666742,1.1458062347933071,1.4591639871382707,1.3158304121091686,1.5567855246542157
2021-08-25,1.2233036605539145,1.6106725497316952,1.740252059223122,1.7677201881644526,1.4651762086269353,1.5744311284353114,1.4409470254537124,1.3960132692409655,1.1462326077410099,1.4636655948553123,1.3184619178478183,1.5667139415112636
2021-08-26,1.220189153197431,1.6013296290942365,1.6989069779024863,1.7914061427308312,1.4273645406491484,1.571559390505503,1.4243835998485628,1.3699453588970545,1.143314321787844,1.4363344051447011,1.302347335251705,1.5496615175341386
2021-08-27,1.2205734105985555,1.6098647807487003,1.6956852832541252,1.8524909729283334,1.42796054240896,1.5838334787677824,1.4268834488189026,1.3739322157731824,1.143674370054793,1.4405144694533831,1.3047854660153775,1.558703599246427
2021-08-30,1.2210284522577821,1.6197161013663117,1.6989069779024863,1.9123291739381316,1.4308448736326822,1.5911474688522507,1.4225057347678376,1.3684119524062364,1.1441007430024959,1.4347266881029006,1.3018345757462393,1.5631250066764848
2021-08-31,1.222777834636586,1.6273520763528928,1.6677639296349944,1.9522213079446638,1.4287893584318374,1.6092144605758187,1.4226104367656927,1.367798589809909,1.1457399101125532,1.4340836012861804,1.3022305250743338,1.5669318160562884
2021-09-01,1.22345534110699,1.613393591655631,1.661320540338272,1.9043798605118836,1.4315971757037267,1.6116827580811652,1.4389625906224326,1.3892662806813652,1.1463747320569107,1.4565916398713898,1.3147822940652125,1.56831434745802
2021-09-02,1.2233845568488881,1.634214126761454,1.635546983151382,1.9269497675499783,1.4175704876560231,1.6386829006532595,1.4380213936059572,1.3880395554887104,1.146308407376157,1.4553054662379492,1.3140552934354934,1.5813107078007274
2021-09-03,1.2237384781393976,1.6189638721884514,1.6162168152612146,1.870426040534626,1.4026603507896445,1.627527505235753,1.4319382141123567,1.3797591604382915,1.1466400307799256,1.4466237942122255,1.309503930535526,1.5706150019705551
2021-09-06,1.2226868263047408,1.6491911384717277,1.6801137591203792,1.907535681722343,1.4398559001000972,1.6486413229627404,1.4528888582868285,1.4055203894840387,1.1456546355230126,1.4736334405144766,1.323723491839319,1.5981473938598894
2021-09-07,1.2217160707650576,1.6820178790762503,1.6897788430654626,1.9450076036025306,1.4552629254658938,1.6863368509968375,1.4686241254432624,1.424841311268349,1.1447450399012467,1.4938906752411647,1.334221004970988,1.626306587256136
2021-09-08,1.2213621494745481,1.6899967777190539,1.676892064472018,1.9356987483347046,1.4443632382813434,1.6952516884640108,1.4632319067867579,1.4184010040069122,1.1444134164974777,1.4871382636656019,1.3304479785960819,1.6270956262596323
2021-09-09,1.221503717990752,1.7080628830213145,1.6785029117961985,1.9691118025578955,1.4731684329925392,1.7215697280214928,1.4627600721472076,1.4177876414105848,1.1445460658589854,1.4864951768488817,1.3301644663599221,1.6377597896069067
2021-09-10,1.2214834939170087,1.702497038561891,1.6833354537687402,1.9865901180814245,1.4776638058600216,1.7143903327505512,1.4751498836704537,1.4328150250206038,1.1445271159501986,1.5022508038585278,1.3386148470921817,1.6418454102721427
2021-09-13,1.2210183402209105,1.710335809557397,1.661857489446332,2.000770654604591,1.461468691165962,1.728347089520457,1.4684241591615874,1.4245346299701849,1.1360815249339729,1.4935691318328042,1.3337693425364434,1.6443135375069022
2021-09-14,1.2203408337505066,1.6988720840330507,1.6860201993090411,1.9476629062503183,1.4528099662614593,1.6989557585716943,1.452304398210614,1.4042936642913835,1.1199391394343727,1.4723472668810356,1.322102536624115,1.6282768715558955
2021-09-15,1.2205734105985555,1.6961540524600096,1.667226980526934,1.955391551784008,1.4393193452382476,1.6901052078398984,1.4395381614428984,1.3880395554887097,1.106976314714997,1.4553054662379488,1.3130216563729067,1.6195690918342187
2021-09-16,1.2189049245147252,1.6630042570187282,1.6296405429627197,1.8942842060880498,1.4366074187554965,1.6696317930478854,1.4254762224211448,1.370865402791545,1.0932797452001848,1.4372990353697814,1.3025561366749048,1.5933792732571548
2021-09-17,1.2199970244968688,1.654778492901596,1.662931387662452,1.8720871752972006,1.4605494411315194,1.6511783825037591,1.435272261195708,1.3828259734199277,1.092510041431339,1.4498392282958268,1.3098417064419425,1.5933572906591664
2021-09-22,1.220634082819786,1.6664378653311298,1.6473598635287061,1.878692493052208,1.4576885687481034,1.6652492685083926,1.4261625063867998,1.372705490580527,1.093080528572528,1.4392282958199423,1.3043634959091388,1.5952035602053687
2021-09-23,1.2223025689036164,1.670976421986275,1.65702494747379,1.9036075374584416,1.471759172892694,1.6701636946344471,1.4343598615761162,1.381599248227273,1.0945746615613565,1.4485530546623862,1.3101472522283848,1.600371414721509
2021-09-24,1.2221913364980277,1.6434397667142342,1.6693747769591747,1.8689065644703096,1.447519627203137,1.6382822518512705,1.436251175412173,1.3837460173144185,1.0944750526954345,1.450803858520907,1.3113210085759337,1.5852188993232748
2021-09-27,1.222150888350541,1.6069013216590176,1.680650708228439,1.7925414486827105,1.4033548745056676,1.6078603821990434,1.4454451953916696,1.3935598188556553,1.0944388312896447,1.461093247588431,1.3168837388245513,1.5690896394722298
2021-09-28,1.2223329050142315,1.618622747985497,1.6720595224994756,1.8033768370398517,1.4169326330950371,1.6242466199825187,1.442839656589562,1.3907996871721826,1.0946018276156986,1.4581993569131901,1.3153972303005963,1.5762020819592215
2021-09-29,1.225386740149485,1.578192115130199,1.6554141001496094,1.7488755243562937,1.3941092225730847,1.5894177756864356,1.4335196882440042,1.3806792043327818,1.0973365437528269,1.4475884244373058,1.3109686884403058,1.5481308391952648
2021-09-30,1.2259732382880437,1.6023096627018187,1.6903157921735228,1.7676487433651213,1.4004493360090084,1.5993771171010773,1.4376621991553844,1.3882991241296618,1.0978617541367788,1.4520900321543475,1.3136657267038352,1.5632412470698345
2021-10-08,1.2239407188768319,1.6011734254609402,1.6807120387747245,1.760101510955179,1.3937230083567487,1.6175477980226731,1.4596745080217874,1.3981557536247036,1.0960416284958423,1.4749196141479166,1.3251865405972287,1.5721957791707055
2021-10-11,1.2223430170511032,1.5997212293014318,1.7103311443760825,1.7793355348432203,1.4036283171794963,1.619949215507896,1.4593275501310874,1.3973638514842843,1.094610882967146,1.4745980707395567,1.3243212540611033,1.572651913777408
2021-10-12,1.2204824022667105,1.5677662578767144,1.6827784880027263,1.7234355508269157,1.3723744866929233,1.5997845939499655,1.44303507695939,1.3751544949728949,1.092944698300816,1.4578778135048298,1.3145051429269827,1.5472809068271394
2021-10-13,1.2200172485706124,1.576521759060385,1.6552258316293702,1.7348200609567421,1.3870730045579613,1.6145540590122456,1.46053161030244,1.3869674416682678,1.0925281521342336,1.4758842443729971,1.3240461180332768,1.55893859962567
2021-10-14,1.2203104976398917,1.579140464245512,1.643515952670694,1.7603310326699748,1.3986744761864502,1.6097988462820074,1.4520991953321252,1.3855760470619432,1.0927907573262094,1.4672025723472737,1.3195003156618248,1.5573621590672067
2021-10-15,1.2201183689393293,1.5934503891632636,1.6586699136760397,1.7696449210578178,1.4001522209029187,1.620090037025457,1.4595969794170462,1.3929647026712202,1.092618705648708,1.474919614147917,1.323581321065841,1.5703454979268623
2021-10-18,1.2162960190018268,1.606121852716738,1.692421917733401,1.7958379176259611,1.3974742710470056,1.603782294828792,1.4410996978507264,1.3864047976581482,1.089195782801574,1.4562700964630297,1.3118811721003676,1.5699228703230441
2021-10-19,1.2161746745593665,1.6184233120655074,1.7006877146454078,1.8004473383643589,1.4081513811020552,1.6178270550505338,1.4560548062187952,1.3993301288751554,1.0890871185842046,1.471382636655956,1.3199973005730137,1.5826497091201168
2021-10-20,1.2165791560342345,1.6068840999822653,1.6497153003546992,1.8014487022197168,1.410314840628324,1.6162863928431064,1.4516000930878814,1.3968707911833025,1.0894493326421024,1.4668810289389143,1.317749833135063,1.574493532240675
2021-10-21,1.218379098597397,1.607740086437267,1.6758903239093872,1.803134221501546,1.403896237187248,1.6211316629828056,1.4586003565793175,1.3983289253823756,1.0910611851997476,1.4739549839228367,1.3223425501035193,1.5781303151645312
2021-10-22,1.2169128532510005,1.5930054675949814,1.6331837065306853,1.7848143418007334,1.409037581496063,1.6273648047393208,1.4691007518164725,1.3977168823826376,1.0897481592398681,1.4845659163987213,1.3274176955070143,1.5736457780407298
2021-10-25,1.2171858782465363,1.6088592454547477,1.6324948901213514,1.8116249597014544,1.4294519759201751,1.6338443666469904,1.4745100463325826,1.406515542626725,1.0920170635294808,1.4900321543408437,1.3304693893034067,1.5848830131126896
2021-10-26,1.2181262976756044,1.6023676119927328,1.6145856634786697,1.8080226336093705,1.4266095817907154,1.6289837874908881,1.4691007518164725,1.4050061860566456,1.0880109586352207,1.4845659163987213,1.3279520413858248,1.5778601795378489
2021-10-27,1.2184903310029855,1.57992891882605,1.5656796984159629,1.7901688344810753,1.4125221470239582,1.6086928504328155,1.448099961342163,1.3883435704381326,1.0724578455163287,1.4633440514469527,1.3167209410817768,1.5557810501580565
2021-10-28,1.2182880902655515,1.5493335825787387,1.5126408348972522,1.747620813641014,1.3789498824470001,1.5992946864343254,1.4414178916457918,1.3764060044090138,1.0675091277057722,1.4565916398713898,1.312988020263305,1.5344139812193296
2021-10-29,1.2192689578421065,1.5695903966776188,1.5153961005345877,1.7758449910739063,1.401220002972839,1.611939451451971,1.4516000930878812,1.3886468154610527,1.075050031036144,1.4668810289389138,1.3189758475380224,1.5511122194762788
2021-11-01,1.2201891531974314,1.5727601927533534,1.521595448218593,1.7800600632366095,1.3859253664966573,1.6095621074539226,1.4465089923668364,1.3889872466062363,1.071279579370958,1.4617363344051517,1.3165984517226308,1.5510232832113513
2021-11-02,1.221210468921473,1.556047403820115,1.4864658113425637,1.775453582280538,1.3633063729110275,1.5910303689058545,1.4299629150234408,1.3739174542875354,1.0590256114591035,1.4450160771704248,1.3080032089484739,1.5337588759093215
2021-11-03,1.2222014485348995,1.56437209459475,1.5147072841252538,1.7691917035701492,1.36782083725467,1.5850736115371669,1.423599039122135,1.373304921066678,1.058190541422765,1.4385852090032223,1.3049351073437012,1.5354483052557748
2021-11-04,1.2217565189125448,1.576394738770415,1.5098855692599167,1.7800023532265976,1.3722255594835076,1.599734487733662,1.438554147490204,1.386340979210319,1.057805318251463,1.4536977491961485,1.3129702043994993,1.548246097476942
2021-11-05,1.2230508596321223,1.5589788112696963,1.4830217292958945,1.76520290659741,1.3661819811135312,1.5928077238143037,1.4331448529740938,1.3778000013256702,1.0589259674770692,1.448231511254026,1.3105643517523358,1.535700079037764
2021-11-08,1.2241935197986242,1.565891433223272,1.4809552800678927,1.8006188673196581,1.3903769130548251,1.5919253648914966,1.4318720777938327,1.3794190145850398,1.0599152906215497,1.4469453376205856,1.3103557734221731,1.5389854908818492
2021-11-09,1.2231014198164807,1.5741416833201647,1.4713118503372182,1.8284734419621191,1.3947581854426938,1.5939497938192093,1.4312356902037022,1.3836709628567962,1.0589697428374445,1.4463022508038654,1.3095387591705472,1.5436744386770536
2021-11-10,1.2247496818265677,1.5717584598059493,1.466490135471881,1.8124374604661273,1.3825515304900504,1.5863995886222866,1.4232808453270698,1.3780298456897164,1.0603968195856774,1.4382636655948622,1.3058775873385555,1.5391281927299407
2021-11-11,1.2243957605360583,1.5912398254467586,1.4988645067105746,1.8359070706373974,1.409683498419739,1.6128234625735944,1.4487363489322935,1.3963654691407466,1.0600903920630507,1.4639871382636727,1.3197400828486918,1.5624259170527703
2021-11-12,1.2230002994477636,1.5957971799221886,1.4878434441612323,1.8558683426690061,1.4067734730464199,1.6134574748461081,1.448099961342163,1.4001912906161056,1.058882192116694,1.4633440514469525,1.3187905983292532,1.5641749161419516
2021-11-15,1.2239508309137035,1.5884557395415364,1.4905987097985678,1.8274278933098251,1.4011508997758007,1.6088863112122025,1.446190798571771,1.3937756872929667,1.0597051688917487,1.4614147909967916,1.3181573812551657,1.5592071283585618
2021-11-16,1.2244362086835452,1.5765261060433817,1.478888830839891,1.7832222479961528,1.3972752247326372,1.604581312237146,1.44491802339151,1.3881815665057116,1.060125412351351,1.4601286173633512,1.3176704193209872,1.5511717748855192
2021-11-17,1.2244564327572887,1.591525050447087,1.4809552800678927,1.8105092718377491,1.40436424541083,1.6042707472579891,1.4445998295964446,1.392387381484594,1.0601429224955012,1.4598070739549909,1.3175050218157172,1.5592366687675119
2021-11-18,1.2252856197807682,1.5848476499657393,1.4809552800678927,1.8294654997287516,1.4050897360980021,1.5931086331495805,1.4305993026135717,1.3855341643021082,1.0608608384056553,1.4456591639871452,1.3102006384929055,1.5494905464977546
2021-11-19,1.224547441089134,1.6062449184170864,1.5057526708039133,1.847478307463956,1.4184025734014443,1.613313673504262,1.4480999613421628,1.4027620349059848,1.0602217181441767,1.4633440514469522,1.3195015902272904,1.5700000762432766
2021-11-22,1.2250328188589756,1.6281957741197763,1.5050638543945793,1.8782634498043989,1.411836768490048,1.6194225276900247,1.4522364806780117,1.4111973265786935,1.060641961603779,1.467524115755634,1.3219723019385357,1.5848766606650497
2021-11-23,1.2250530429327189,1.6289043822744051,1.51401846771592,1.874203726465973,1.4138068741416878,1.6234866503241285,1.4531910620632076,1.4134479873098136,1.060659471747929,1.4684887459807143,1.3225024055441792,1.5866562868641496
2021-11-24,1.2259732382880437,1.632037256939587,1.5360605928146052,1.8736339356803147,1.4165779520493993,1.6264657963538804,1.4566911938089258,1.4145201249617048,1.0614561833067584,1.4720257234726757,1.3248109775556673,1.590382238763452
2021-11-25,1.2266911929059343,1.6290538608469205,1.528483612311932,1.8658756277900495,1.416726855051451,1.6204833970128014,1.450645511702685,1.4111640571707083,1.055352508834431,1.4659163987138333,1.3218223068955444,1.5856769151741013
2021-11-26,1.229259650271346,1.6224852940786432,1.5064414872132472,1.8679557387435652,1.4093561553153486,1.6082411874618627,1.4372813723099427,1.4024589060050827,1.0456300246556538,1.4524115755627078,1.3156229546359264,1.5762507161022683
2021-11-29,1.227611388261259,1.6229890692659994,1.4823329128865608,1.8805945034910776,1.4128813339287896,1.6079705906699266,1.4350540157444855,1.4021049470805018,1.0440096106258574,1.450160771704187,1.3136940360515235,1.5761698762072076
2021-11-30,1.2277934049249495,1.6263360891673289,1.4837105457052286,1.8872757877839101,1.421911951457289,1.6037030290643222,1.4293265274333102,1.400770530047975,1.0398428316920958,1.4443729903537046,1.3106260732173451,1.5756968490796943
2021-12-01,1.2271967947495193,1.6258286420097392,1.472134623758323,1.8666610215337813,1.4234639205982433,1.610365693638384,1.4334630467691591,1.4066537566220878,1.0376738020515965,1.4485530546623864,1.3126471268282647,1.5806413741988394
2021-12-02,1.226529400315987,1.6136658417918717,1.4677597808942566,1.8589528548928986,1.424599055976962,1.6103137338261335,1.4366449847198122,1.4037391594340343,1.0371094771427682,1.4517684887459876,1.3141098343154105,1.578193463636601
2021-12-03,1.2247699059003112,1.6247489989412578,1.4743220451903563,1.8912881832892836,1.4408262713016644,1.6258883976219525,1.4509637054977504,1.4177385977519503,1.0356217114740391,1.4662379421221934,1.3212142459364875,1.5923368873780899
2021-12-06,1.2273080271551078,1.5999619291081222,1.441073239423452,1.8740112083658218,1.4259971263809181,1.6225426248215404,1.4493727365224238,1.41100268698534,1.0377678562030679,1.4646302250803926,1.3214402201452757,1.5798288380991257
2021-12-07,1.2267316410534208,1.5833985368578027,1.4288236794040663,1.8309366933842364,1.4289624360936033,1.626993679599553,1.4582821627842522,1.410722861966101,1.037280484690898,1.4736334405144764,1.3260657906739441,1.5791042763208019
2021-12-08,1.2270451141964436,1.6084878820766768,1.4498229251515848,1.8643580089638743,1.442741150089267,1.6528772314498912,1.4811921160289534,1.4327859297020427,1.0519167545053434,1.4967845659164056,1.3387010151828234,1.600078294892424
2021-12-09,1.226590072537217,1.618676668626019,1.4668848123214435,1.8598002515651781,1.458322762745807,1.6724813508731629,1.5079203948144382,1.446452524195493,1.07089871097762,1.5237942122186563,1.3529966422549196,1.6156653369708125
2021-12-10,1.2273889234500812,1.6273807469613935,1.4743220451903563,1.8624220744300133,1.4582057277864724,1.6700201038997473,1.5031474878884588,1.4439503550323,1.067509075893285,1.5189710610932545,1.3507795898785306,1.6165146681991451
2021-12-13,1.2273484753025945,1.627460883208313,1.4826342466320823,1.8605068567488812,1.4531047771253083,1.6736689493135912,1.5072840072243077,1.4475323349822102,1.0704467596330423,1.5231511254019363,1.3529921145002377,1.6166417145126428
2021-12-14,1.2293405465663194,1.626708233474603,1.480446825200049,1.8348972661460377,1.433934505858389,1.6656065503402737,1.4974199995772837,1.4409874937088387,1.063441513792083,1.5131832797427724,1.3485579423735718,1.6084538334889467
2021-12-15,1.229451778971908,1.6194189282257208,1.4677597808942566,1.8122345141284932,1.422960237120511,1.65358229122777,1.48278308500428,1.4329894221941002,1.0530466328667885,1.4983922829582064,1.3406976555120347,1.6008679701575959
2021-12-16,1.2290574095339117,1.6302974805982078,1.4778219194816091,1.8232314329768646,1.4303665410443518,1.6641033710439905,1.491374317471043,1.4441175717249617,1.0591479760185918,1.5070739549839298,1.34518642849113,1.6138264671477605
2021-12-17,1.230837128023331,1.6110192227766913,1.4559477051612773,1.7967592449313903,1.4148685375192394,1.6423951288831007,1.4681461704312762,1.4274908849019468,1.042651751941494,1.4836012861736403,1.3333948165842688,1.593845904185567
2021-12-20,1.2305944391384103,1.5763405548915785,1.410886823661394,1.7489286280182392,1.3913410039591751,1.620445440534049,1.444281635801379,1.4040160488587277,1.0257035765198181,1.4594855305466305,1.3202851515409844,1.5673613063742213
2021-12-21,1.2300787252579535,1.5908105816772447,1.42051147796234,1.7555612939305645,1.3984242234860307,1.6299831834148644,1.45096370549775,1.4129388531016212,1.0236326019740682,1.4662379421221932,1.3237288658508073,1.581680575034963
2021-12-22,1.2308270159864592,1.5995694178385593,1.4261987736856263,1.753517393176064,1.4015333400744197,1.6301840602323228,1.4519182868829459,1.4164460492469433,1.0242553058463695,1.4672025723472735,1.3245734946772687,1.5844091704304077
2021-12-23,1.23113037709261,1.6041949839880933,1.4301361322632862,1.76205642656307,1.40709871436056,1.6434772835858469,1.4640096510954272,1.4265328373820714,1.0245077533621672,1.4794212218649585,1.3313225945607237,1.5926605817984085
2021-12-24,1.2310393687607648,1.5798982049281691,1.3981997793556018,1.7253763087963447,1.3970962397218432,1.636999023914287,1.4566911938089255,1.418563754085278,1.0244320191074279,1.4720257234726757,1.3272901289226386,1.5777993117635183
2021-12-27,1.2321618048535234,1.5777411417876683,1.3955748736371618,1.7201065168338574,1.3936091238891726,1.6353741482965216,1.4579639689891866,1.4176098673294724,1.0253660749158797,1.473311897106116,1.3284700342025193,1.5773461841013652
2021-12-28,1.2327685270658255,1.5892920537807393,1.4113243079478008,1.75379558455992,1.4132044298152644,1.642081190311067,1.4662370076608844,1.422157246463284,1.0258709699474753,1.4816720257234794,1.3332546368178786,1.584166497469867
2021-12-29,1.233082000208848,1.5806540113197587,1.392074999345909,1.7599939769585762,1.399985002695959,1.6218049903926819,1.4449180233915098,1.4099222838783432,1.0261318323804662,1.460128617363351,1.321758988974224,1.5695981949609799
2021-12-30,1.236317852007792,1.5949188724722614,1.4082619179429545,1.7901003376662843,1.410906450113658,1.634131612040422,1.4563730000138604,1.420850874628147,1.0288246058823092,1.4717041800643156,1.3294335722307749,1.580309815850536
2021-12-31,1.237399839953064,1.6044004180667304,1.407824433656548,1.802627478872851,1.4177831147566682,1.6401453476408803,1.460191325554644,1.4265881383985655,1.0297250020219881,1.4755627009646373,1.3319902733256144,1.5893361968876063
2022-01-04,1.2367830057038902,1.5918287602151373,1.3992385141542167,1.7783361232388044,1.4110895450562708,1.6368659033734605,1.4544939414133211,1.4244177366424484,1.0292116920731993,1.4697749196141547,1.3285899008673108,1.5862630157091058
2022-01-05,1.2354178807262106,1.5516843398200073,1.3622025044186954,1.7257807347748106,1.4124437705519695,1.6189085094109006,1.439689423578869,1.4023851975077004,1.0280756782521092,1.4546623794212288,1.3198068099943512,1.5619756094550181
2022-01-06,1.2347201501820633,1.5504973747957929,1.370784018869609,1.715946114336634,1.3953575500416102,1.6043256620247837,1.4220605822105812,1.3945445347162373,1.0274950489657744,1.4366559485530614,1.3097063748495148,1.5544906282978592
2022-01-07,1.2348212705507804,1.5330711301094764,1.3459427928274907,1.694939851719833,1.393244515769787,1.6053966300058038,1.4258380485509667,1.3926673488048948,1.0275791981377072,1.4405144694533831,1.3118598179410519,1.5494909616406278
2022-01-10,1.236277403860305,1.534697810647625,1.352266014001848,1.6947657967288348,1.395899638409821,1.6086373833428498,1.4299497381577428,1.3947925459266293,1.0287909462135365,1.4446945337620647,1.314762651254454,1.5539817839317531
2022-01-11,1.2380166742022376,1.519937988756459,1.3387162543425108,1.67839731789915,1.382008809787326,1.5963965995511584,1.415627962458411,1.3835137928163879,1.0302383119707772,1.430225080385859,1.3076016603778136,1.5445479219587546
2022-01-12,1.238502051972079,1.545851305002151,1.3635574803846289,1.7177177130596533,1.4165812951294479,1.610755545742989,1.4321775699331942,1.396618154602788,1.0306422279960537,1.4469453376205854,1.3169787501380623,1.561467211971446
2022-01-13,1.2383503714190036,1.5222823039014188,1.337361278376577,1.687980231263618,1.3848693043128504,1.5851728111873726,1.4063983736743966,1.3758775579036058,1.0305160042381547,1.4209003215434146,1.3026908629682648,1.5400965548432737
2022-01-14,1.241343534333027,1.525868322864103,1.3423295235850006,1.6757125820756804,1.3881762038794327,1.5690394786121915,1.3923948596572722,1.3655817895598061,1.0330068197273596,1.406752411575569,1.2961677952168322,1.530371657802005
2022-01-17,1.240969388968774,1.5500892274519376,1.3685257255930525,1.685995168061957,1.4027357038241242,1.5814239660708462,1.4054435886277745,1.3791677882360882,1.032695467791209,1.4199356913183343,1.3032996937257781,1.5462095677185355
2022-01-18,1.2446703944638162,1.5445896054705455,1.3608475284527615,1.6921824071951599,1.4076352877486162,1.5947300459719858,1.4200836260093137,1.3876001999848144,1.035775327483942,1.4347266881029002,1.3130000753321345,1.552904438810291
2022-01-19,1.2440636722515144,1.5236619089462489,1.3414262062743785,1.667111117084546,1.3960949213532043,1.5884283580527285,1.411808822271922,1.3793754003338425,1.0352704324523465,1.4263665594855368,1.308153565560409,1.542785813878946
2022-01-20,1.2438412074403369,1.5064390985994736,1.3116167350238366,1.6584180402687945,1.4006102065060626,1.596603930386117,1.4239027661958026,1.3795325725900802,1.0350853042740948,1.4385852090032218,1.3147835980226612,1.5386297242555824
2022-01-21,1.246975938870564,1.4868923486491046,1.2903887782242085,1.6448116464872062,1.385867675303529,1.5851207711562503,1.4130818690007518,1.366487217040893,1.0376939286040052,1.4276527331189774,1.3101140162329519,1.525682089571719
2022-01-24,1.251516243425957,1.4927673955156808,1.2980669753644996,1.656144157670503,1.3955730811624036,1.582764548748362,1.4137183923651664,1.3659497781744776,1.0414722264237788,1.4282958199356974,1.3123761785399688,1.5263317631184108
2022-01-25,1.2511825462091908,1.4419160655706336,1.246126230003707,1.6197925005620226,1.3674703533274393,1.5401268761232514,1.3799826540511846,1.32586035523624,1.0411945341564013,1.3942122186495236,1.293445770857903,1.4798614928595561
2022-01-26,1.2452872287129897,1.451324261203218,1.2547077444546206,1.6316239861849373,1.361277387639366,1.547903019557625,1.3882574577885762,1.3324940166035417,1.036288637432731,1.4025723472668867,1.2956615306319657,1.4883286317099287
2022-01-27,1.2447512907587897,1.4085607951641028,1.2149617827872317,1.5906547579638037,1.3306002892069926,1.5187054653656997,1.3624782615297786,1.30319721510799,1.035842646821488,1.376527331189716,1.281002639816443,1.4566540956761436
2022-01-28,1.2473601962716883,1.4076842615372542,1.2199300279956553,1.574741936207078,1.3184550688819217,1.4941639272703122,1.339881682093055,1.2925409073883856,1.0380136954573491,1.3536977491961468,1.2693294059202833,1.4453400043097415
2022-02-07,1.2462377601789296,1.4041652631418482,1.2325764703443698,1.5976529492895004,1.3460885152203135,1.520733300032974,1.3595682262321567,1.3123933110856802,1.0370796396488973,1.3768488745980763,1.2818974717159821,1.4681086162876762
2022-02-08,1.2477646777465563,1.405885676915729,1.242512960761217,1.606248129280423,1.3463920861090173,1.5250049557311038,1.3536463912240042,1.3288302474802147,1.0383502921450793,1.3697749196141533,1.2785740461715447,1.4731975777208084
2022-02-09,1.2484421842169602,1.4066490393187094,1.2596759896630443,1.6207284060458726,1.3683391034820025,1.5409635076641968,1.364606035362725,1.343562592092499,1.0389140915970279,1.3823151125401985,1.2858748934720663,1.4878704890239336
2022-02-10,1.2496151804940774,1.4079706816880484,1.2560627204205543,1.6322718721863583,1.3662044384338583,1.5409804702283703,1.3617011456800066,1.341737320227287,1.0398902219914459,1.3787781350482369,1.2843840326720617,1.487009011975405
2022-02-11,1.2441445685464878,1.4018068151207,1.22896320110188,1.6311229428517198,1.3507512273322588,1.5292803898555078,1.3509414103971993,1.327606295335578,1.0353377517898925,1.367202572347272,1.2756650580011522,1.4690950260759192
2022-02-14,1.2430221324537292,1.4005421400948668,1.2199300279956553,1.5960998545777927,1.3330457528279385,1.5126187983760624,1.337992958670365,1.3138881863711065,1.0344036959814407,1.3514469453376259,1.2663842589287548,1.4532493591318913
2022-02-15,1.2430423565274729,1.4005649270322693,1.246126230003707,1.5965568748424699,1.3635495506070656,1.5244938770703553,1.3487850560477548,1.326620428871882,1.0344205258158274,1.3649517684887513,1.2739853826661327,1.469496878483666
2022-02-16,1.2440232241040277,1.4016700934962854,1.2560627204205543,1.6024687081002433,1.3595182395407344,1.5309629519213503,1.3543742820606015,1.3313909727364748,1.0352367727835734,1.371704180064314,1.2781689370945897,1.4775605332368311
2022-02-17,1.2441344565096162,1.4017954216519983,1.2610309656289778,1.5988746087465,1.3592345978229619,1.5328495159787456,1.3569592689486565,1.3331644629113537,1.0353293368726992,1.374919614147915,1.2800123572505404,1.4796842433109028
2022-02-18,1.2433457176336236,1.4009067310933048,1.2659992108374014,1.6093640495186723,1.3611303358637643,1.5449317813688903,1.362938269418241,1.343196327077628,1.034672973331625,1.3826366559485581,1.2839983757946918,1.4916743776589656
2022-02-21,1.2404941232358042,1.3976937729195666,1.281807263773295,1.6075600523677425,1.3592405406059807,1.5428856977954875,1.3577950207592182,1.3437336838126357,1.0322999666831256,1.3771704180064361,1.2797746799464367,1.494156068087232
2022-02-22,1.2397963926916569,1.396907623579184,1.274580725288315,1.5835254820811173,1.3438427414475316,1.5209647735799747,1.3415117921867974,1.3263748888539062,1.0317193373967908,1.3578778135048282,1.2687298301763257,1.477782855059851
2022-02-23,1.2411412935955932,1.3984229549164435,1.3052935138494792,1.585812489107574,1.363511946188032,1.5380130132254124,1.3546914384296942,1.3442851206084725,1.0328385213834945,1.3733118971061145,1.2779328241221297,1.4957909342211577
2022-02-24,1.241586223217948,1.398924267539296,1.2732257493223813,1.5491155683347544,1.348838029056484,1.5083502777071203,1.3318467537910152,1.318656867720945,1.0332087777399979,1.3459807073955035,1.2628562790834446,1.4670748688340323
2022-02-25,1.242364850057069,1.3998015646292885,1.2854205330157848,1.5507989921040168,1.344909728086931,1.5186442689195434,1.3414378836273808,1.3291293842067242,1.033856726363879,1.3572347266881082,1.2695084647859851,1.4786806972737674
2022-02-28,1.2427996676425521,1.4002914837834401,1.2967119993985656,1.5497506624649788,1.3432832930107457,1.52298761448345,1.3429311688922527,1.333663427393087,1.0342185678031892,1.3591639871382688,1.270768928268389,1.485971334214424
2022-03-01,1.2405851315676497,1.4085678356326818,1.299421951330433,1.5507095141708542,1.3648129371720923,1.5368328283561878,1.3520354136500137,1.3415546328686558,1.0323757009378653,1.3713826366559534,1.2767175744686439,1.4972458473741073
2022-03-02,1.2400087454659627,1.4169889918607552,1.2967119993985659,1.5539142066755216,1.3559274110864656,1.52978109980205,1.3430880942514272,1.3362613807575934,1.0318960506578494,1.3601286173633491,1.2701940051576364,1.4919733932340915
2022-03-03,1.240069417687193,1.419991625590868,1.2831622397392288,1.5363227410220903,1.3501424772155948,1.5239505070660153,1.3357831894635417,1.3309441777139335,1.031946540161009,1.350803858520905,1.2649939533077565,1.4868273667042873
2022-03-04,1.2394626954748909,1.408058552864036,1.2669025281480242,1.5176632899518636,1.3378008339679495,1.5083491293261821,1.3227604411330613,1.3179336140530078,1.0314416451294135,1.3344051446945386,1.2555321958824555,1.4712027540926675
2022-03-07,1.2421423852458913,1.3838888030792778,1.2339314463103037,1.4869308677303994,1.3126277900575032,1.4620596945074824,1.278238551464802,1.2698782611666217,1.0336715981856273,1.2868167202572391,1.2297526049335117,1.4292488932897027
2022-03-08,1.2434266139285972,1.338310524402457,1.1955404606088482,1.4231789009941789,1.2577281204485242,1.4258468893395544,1.2536756003202087,1.2438587665600094,1.0347402926691713,1.2604501607717085,1.2151427747363768,1.392485893150946
2022-03-09,1.2406458037888797,1.3141791559090248,1.1819907009495112,1.401201597431247,1.2217262771653574,1.4072158140322744,1.241474011661919,1.2311663301665399,1.0324261904410248,1.2475884244373032,1.206616102729249,1.3727971521487474
2022-03-10,1.241171629706208,1.3439454673900801,1.2113485135447417,1.4267209183969825,1.2541474977191145,1.4270460199761805,1.259567290335566,1.250204984756744,1.0328637661350744,1.266881028938911,1.2180160710786412,1.398731786592109
2022-03-11,1.243467062076084,1.354564424895903,1.2199300279956553,1.4277899947305943,1.264143883291839,1.4391986589951504,1.2681267336901967,1.2590896902321727,1.0347739523379442,1.2758842443729947,1.2241106854637134,1.4116665024788277
2022-03-14,1.2471175073867675,1.3240923743081856,1.1856039701920011,1.3670807577130621,1.2363578049348454,1.392946924394127,1.2366688064353204,1.2146661628550295,1.037811737444711,1.2308681672025765,1.1996345003254956,1.3699264091593801
2022-03-15,1.2424052982045553,1.2455780616514056,1.1273400036568513,1.29624481976344,1.1836900494824358,1.3139627161588636,1.1892808973690918,1.1515212917975188,1.0338903860326518,1.1668810289389107,1.160403315396163,1.2976826280399096
2022-03-16,1.2417581278447662,1.2841437206003763,1.1657309893583065,1.3396062457669595,1.2394519113721587,1.373083955562691,1.2297274597740258,1.2064160791992744,1.0333518313322831,1.2225080385852132,1.193352457483011,1.3519728709453553
2022-03-17,1.242000816729687,1.3051854776313399,1.1878622634685572,1.3749273321978832,1.2487620689713153,1.3994089538460135,1.249262447626547,1.2292370257593843,1.0335537893449214,1.2495176848874643,1.2092650450026805,1.3786746345674004
2022-03-18,1.2437299750347477,1.3328410715192727,1.2005087058172719,1.3824181210275173,1.2501925231480675,1.4138748581085254,1.2562050585248632,1.2403996499246068,1.0349927401849688,1.2585209003215478,1.2151663865398052,1.3965012561735595
2022-03-21,1.2432243731911625,1.3459260125730736,1.2140584654766091,1.4007951545218047,1.2671910287943797,1.4121086620889616,1.254504323912314,1.2420095140795717,1.0345719943253058,1.256591639871387,1.2138511106121301,1.400287311236136
2022-03-22,1.241758127844766,1.356496040184069,1.2077352443022518,1.402933190413346,1.2630042463968412,1.4132022136259839,1.253106958868673,1.241586672135873,1.0333518313322831,1.2553054662379466,1.2125330133185357,1.4014849301890073
2022-03-23,1.2421727213565057,1.3601573905307203,1.2163167587531651,1.4014194409263836,1.2709434000741169,1.422605358946117,1.256722593048049,1.2500274135257754,1.0336968429372069,1.2633440514469498,1.217353757940752,1.409832230218756
2022-03-24,1.2432243731911625,1.353353933544562,1.2005087058172716,1.405430059728841,1.2686448668092918,1.4128300628031094,1.2537090873619299,1.2406310481889127,1.034571994325306,1.2546623794212264,1.2127466370985063,1.4018334312357592
2022-03-25,1.244286137062691,1.348041584613963,1.1905722154004246,1.3816953377299208,1.2506940622880418,1.3889731708249955,1.2439301985042206,1.2198823999110848,1.0354555606305982,1.2299035369774964,1.198801911319989,1.383258980181144
2022-03-28,1.2443366972470495,1.3540924943416057,1.1779257730517099,1.361225402886728,1.2357989868657202,1.3872846410547095,1.2404574971557993,1.2181223058335564,1.0354976352165646,1.2218649517684932,1.1941202121473857,1.3797241916312075
2022-03-29,1.243750199108491,1.3550315369472614,1.1706992345667302,1.3591418946170035,1.2363109391758205,1.3801611663630113,1.237604747527218,1.2117563271122143,1.0350095700193556,1.2160771704180109,1.1905012650460136,1.3764092621633839
2022-03-30,1.24344683800234,1.37374701628256,1.199153729851338,1.3905313358177025,1.2706054508177407,1.4189909886518823,1.2546855422038483,1.2454971795123568,1.0347571225035577,1.255627009646307,1.213615944241187,1.4111528150995476
2022-03-31,1.2424255222782983,1.3749900834921862,1.181990700949511,1.3712248982975814,1.2573605482949548,1.4078147343435259,1.2498272007986053,1.2347224854104837,1.0339072158670384,1.245659163987143,1.2074366152225269,1.4027771642310394
2022-04-01,1.244023224104027,1.392350088477973,1.1828940182601335,1.3951269140334426,1.2684861914874794,1.4248420708114264,1.2577983569050626,1.2474118972418555,1.0352367727835734,1.2620578778135094,1.2175950138517335,1.4151228648389107
2022-04-06,1.2451962203811442,1.4175029403372696,1.1779257730517099,1.4164446427707957,1.2539632392373279,1.4201541660960253,1.2569115762142555,1.2440154514677555,1.0362129031779916,1.2581993569131877,1.2158206945520913,1.4133225181211988
2022-04-07,1.2466624657275405,1.3917911362144328,1.1544395229755255,1.4022328236125603,1.2356649139811668,1.3977158042814362,1.2511032300533869,1.2207524597709956,1.0374330661710143,1.2414790996784613,1.2066991051799842,1.3881998233096893
2022-04-08,1.2483916240326012,1.4113544654383303,1.145858008524612,1.4117073697180507,1.2297434700806114,1.4070848156547178,1.2557797232887598,1.2273179567023866,1.0388720170110617,1.2504823151125448,1.2126191907462336,1.3939212408782184
2022-04-11,1.2458029425934458,1.3783762818894745,1.1038537535806667,1.3927582775070702,1.1951220995482144,1.3618091475282148,1.2358603863472164,1.1855945906706924,1.0367177982095872,1.2080385852090079,1.1869182390471467,1.3477577430616667
2022-04-12,1.2462782083264157,1.372786759254075,1.117403513240004,1.3927582775070702,1.2246880300827747,1.3858467669272465,1.2460564186328826,1.2070338356388908,1.0371132993176704,1.2305466237942169,1.2003680756949682,1.3665826723482246
2022-04-13,1.2466523536906686,1.3856426613154933,1.0966272150956868,1.3974955505598152,1.2026037085326724,1.373110991207908,1.2417770295965624,1.192659681931068,1.037424651253821,1.2202572347266927,1.1944899926356447,1.353907465146135
2022-04-14,1.2486848731018805,1.4169439880737296,1.1038537535806667,1.39275827750707,1.218177944279003,1.3926172671887833,1.2491361508932823,1.2079666008662646,1.0391160496096663,1.2344051446945383,1.2035784781737084,1.3696373159429995
2022-04-15,1.24755232497225,1.3984985633769116,1.0916589698872632,1.414076006244423,1.2233529423675216,1.3884308745506988,1.2482110923121559,1.2018485460284158,1.0381735788840212,1.2337620578778181,1.2027656071437562,1.3617030174268108
2022-04-18,1.2460557435152384,1.362725618510356,1.1015954603041105,1.3761778218224618,1.2226307608254419,1.3790717654240414,1.2431825781768187,1.1992561020173318,1.0369281711394187,1.2273311897106154,1.1984268840159495,1.3559432557522004
2022-04-19,1.246551233321952,1.387319518106113,1.1052087295466004,1.3714405487697165,1.2105421183793583,1.3728043557918916,1.23785394931837,1.1971672387704873,1.0373405020818887,1.218649517684892,1.193531175752588,1.354402646387474
2022-04-20,1.2469152666493333,1.338690671178139,1.0817224794704159,1.3595973661378538,1.1940374721145683,1.34819160276267,1.2236555784723175,1.1713370491975508,1.037643439100846,1.196141479099683,1.1804441287987282,1.3210998081354801
2022-04-21,1.2458029425934463,1.3085072489469827,1.0374599312499146,1.3548600930851087,1.1693500816903006,1.3189320249817975,1.209225332894058,1.141298741603888,1.0367177982095874,1.1742765273311941,1.167076111117296,1.2881707184658069
2022-04-22,1.2454793574135519,1.3252758168531804,1.0248134889012,1.3785464583488345,1.169454266638873,1.3198680847052424,1.2111839891637337,1.1391817940928979,1.0364485208594032,1.1774919614147954,1.1688722870880284,1.2873243744208918
2022-04-25,1.2455501416716537,1.2559657361742287,0.9444182482557995,1.3193305451895205,1.0836608591207664,1.2431325197770307,1.170949220352179,1.069152955157003,1.036507425279756,1.1154340836012904,1.1319367044781041,1.210085949044731
2022-04-26,1.2462782083264161,1.2341665978961716,0.9137054596946352,1.3169619086631479,1.060755490703756,1.2317203516447286,1.164816413541647,1.0472262544937452,1.0371132993176708,1.1057877813504866,1.1263279563633264,1.192842022364443
2022-04-27,1.2458636148146764,1.2542888793836091,0.9620329358129377,1.3193305451895205,1.1247574828718367,1.2677054347048387,1.1873135239941945,1.0853869598930983,1.036768287712747,1.1398713826366604,1.1470081058691817,1.2348881229683826
2022-04-28,1.245175996307401,1.2800006835064461,0.949386493464223,1.3382796374005008,1.1212338339361598,1.2754327663216891,1.1925627190386543,1.0820972439103955,1.0361960733436055,1.148231511254024,1.1518023654246416,1.236236052371762
2022-04-29,1.2465006731375936,1.2990050604668035,0.9963589936165919,1.3453855469796188,1.1720024267928524,1.3134929828420239,1.214090566735947,1.1299077828590103,1.0372984274959225,1.180385852090037,1.1716451041028002,1.2761455905108594
2022-05-05,1.2465107851744652,1.2928565855678644,0.9900488343172604,1.3432438443290087,1.1621254515653505,1.306896245113742,1.2114266698718272,1.1384610444140377,1.0373068424131155,1.1755627009646352,1.168776444578565,1.2758113345767177
2022-05-06,1.2455501416716537,1.2509351658023693,0.9579460835287629,1.34220865194472,1.1329167064103256,1.2679911006095677,1.1955622080199846,1.1110467445581804,1.036507425279756,1.1443729903537025,1.1498103543646154,1.2454977589173324
2022-05-09,1.2463793286951332,1.2464635476940498,0.9545217901113231,1.3431021864237902,1.1262732018028614,1.2582701327547225,1.190898940212375,1.1215738357028298,1.0371974484896032,1.1340836012861784,1.1439135680469985,1.2440690106632304
2022-05-10,1.2490286823555188,1.2481404044846696,0.955805900142863,1.3459571380520388,1.1386324944151935,1.2682676635840642,1.1994037957700279,1.1419700747955877,1.0394021567942373,1.1485530546623843,1.1536431100792524,1.2604087531737467
2022-05-11,1.2480478147789638,1.2470224999575896,0.954949826788503,1.3449001521438704,1.140606907580152,1.2779638299794318,1.2076179932038074,1.153905578008281,1.0385859098264911,1.1662379421221916,1.1639386827920932,1.2754061713483165
2022-05-12,1.2487354332862393,1.2403150727951104,0.9498133866623435,1.3456411319557822,1.1406132247954899,1.2699305888817802,1.204828229589912,1.1511642315128006,1.0391581241956327,1.159807073954989,1.160344280291422,1.273315818811981
2022-05-13,1.249827533268383,1.2710574472898069,0.9733554039072417,1.3468179822452893,1.1469609183581677,1.2886490947859508,1.2102694915892935,1.1632399848856163,1.040066935252505,1.169774919614153,1.1667336763450202,1.287809120673337
2022-05-16,1.2496758527153076,1.295651346885564,0.9921890177031603,1.346654530816191,1.13903270483788,1.2886942847555303,1.204990994865256,1.1564228958640856,1.039940711494606,1.159807073954989,1.160711879438226,1.2850644762853758
2022-05-17,1.2511825462091908,1.2900618242501645,0.9879086509313605,1.348278148345233,1.147336892010628,1.2987122567755633,1.2138945467193425,1.167553089816266,1.0411945341564017,1.1755627009646354,1.1707324035596698,1.2956005859668258
2022-05-18,1.2531847295097873,1.2744111608710464,0.9759236239703214,1.3504357072093294,1.1451590715939401,1.2902602448533702,1.2125449546472302,1.163235054174978,1.0428606877606672,1.1710610932475936,1.1687919147256163,1.2903318712121028
2022-05-19,1.2521330776751305,1.2760880176616662,0.9772077340018612,1.3493024439675818,1.141342133931805,1.2915472202756386,1.2135323444230823,1.1704808334396004,1.041985536372568,1.1739549839228347,1.1701325523018273,1.2974517576084577
2022-05-20,1.2514353471309834,1.2978871559397238,0.9939011644118799,1.3485505673937301,1.1556086443034033,1.3202756820252306,1.2271398196747358,1.193663302411117,1.0414049070862332,1.2009646302250858,1.1860247587256112,1.3212169941212413
2022-05-23,1.2519915091589269,1.3001229649938835,0.9956133111205997,1.3491498893004235,1.1502039882339126,1.3121498908942064,1.222358388739298,1.1912881476204935,1.0418677275318624,1.1906752411575616,1.1801387615443986,1.320498780824941
2022-05-24,1.2526184554449722,1.2755290653981264,0.9767796973246813,1.349825488540696,1.128130646121397,1.2868208788713669,1.2097442304754065,1.156335419170508,1.0423894523978443,1.164308681672031,1.1646952051911732,1.2823514577593351
2022-05-25,1.253629659132142,1.2917386810407843,0.9891927609629002,1.350915164734684,1.130699344623392,1.295140524261196,1.2129680041398676,1.1690257907650996,1.0432309441171703,1.1697749196141531,1.1683521270420583,1.2945810631732209
2022-05-26,1.2559756516863765,1.3140967715823817,1.006314228050099,1.353443213504736,1.1255541754803278,1.303799526212654,1.2157464327387273,1.1778231307987093,1.0451832049060066,1.1729903536977544,1.1711536039729102,1.303075768586593
2022-05-27,1.2537914517220892,1.3135378193188418,1.005886191372919,1.3510895129257219,1.1316640550581156,1.3080905712931903,1.2162348363730016,1.179437471712633,1.0433655827922625,1.1762057877813554,1.1722651672588769,1.3049628416513939
2022-05-30,1.2522746461913343,1.3057124876292827,0.9998936778923992,1.34945499863474,1.14310579593808,1.310644480814579,1.2201999341754661,1.1865114791325575,1.0421033452132737,1.1836012861736385,1.1761203292646807,1.311882437568596
2022-05-31,1.251071313803602,1.3079482966834424,1.001605824601119,1.3481582839638944,1.164776160740061,1.3248203881830058,1.2330938884844336,1.2068187576183615,1.041101970067276,1.2041800643086868,1.1879374934389748,1.3303930061417721
2022-06-01,1.250707280476221,1.312978867055302,1.0054581546957388,1.3477660005340586,1.1558523762717892,1.3241003705607008,1.231719238397914,1.2052001489690531,1.0377682197802138,1.202250803858526,1.1866572857271274,1.3326866839467109
2022-06-02,1.2504949277019153,1.3029177263115832,0.9977534945064994,1.347537168533321,1.153735681950735,1.3211583781072294,1.2339183146783015,1.214684693034142,1.0408212955805836,1.2057877813504874,1.1886713557005084,1.339593087603961
2022-06-06,1.250909521213655,1.3023587740480433,0.9973254578293195,1.3479839357728562,1.1840787895870803,1.336262807286951,1.2540226657400315,1.2383416231945577,1.0635805879106124,1.232154340836018,1.2044243624096944,1.3654061808508073
2022-06-07,1.2508488489924248,1.3107430580011423,1.003746007987019,1.347918555201217,1.18752118819639,1.3430839987682643,1.2554805840982441,1.2388777319280078,1.0652459019835414,1.2340836012861789,1.205532500521642,1.3683785914614717
2022-06-08,1.2505454878862736,1.3319832440156598,1.0200114017198578,1.3475916523430205,1.2052115706026263,1.3610521809519025,1.2657121513916034,1.2503203343107347,1.076903100494044,1.2475884244373043,1.2133309818577815,1.3814368180560577
2022-06-09,1.2507578406605793,1.3358959098604393,1.0230076584601175,1.347820484343758,1.204428675889373,1.3566985597989172,1.2574446308583922,1.236802180124169,1.0674663207474466,1.23665594855306,1.207034026157558,1.36557311912657
2022-06-10,1.250292686964481,1.3470749551312378,1.0315683920037169,1.3473192332945236,1.2267344391015824,1.3729515107646995,1.2715547721517728,1.2582129924764986,1.0835643567857596,1.2553054662379473,1.2177761497256925,1.3887168989409546
2022-06-13,1.2502320147432509,1.3224810555354807,1.0127347782077982,1.3472538527228843,1.2140962285264643,1.3497750119067127,1.257173262383053,1.2477694312370142,1.0691316348203754,1.2385852090032203,1.2080202845755001,1.3769207221278177
2022-06-14,1.249615180494077,1.343721241549998,1.0290001719406368,1.3465891502445515,1.2120634974319786,1.3683604613674305,1.2680126908228728,1.2610575373872621,1.0802337286399017,1.2514469453376256,1.2153084875091016,1.3894628124740116
2022-06-15,1.24903879439239,1.3453980983406177,1.0302842819721767,1.3459680348139784,1.2236302028244785,1.3813521249819172,1.2812959589136934,1.2661862951554608,1.0938337935688214,1.2672025723472717,1.2242646505206434,1.3961014943560257
2022-06-16,1.2489882342080314,1.3191273419542409,1.0101665581447183,1.345913551004279,1.2335982983426965,1.3646055177575487,1.27393138835431,1.2629387891920487,1.0863398802406412,1.2585209003215483,1.2192123263549317,1.391227629542571
2022-06-17,1.2500499980795599,1.3152146761094616,1.0071703014044588,1.3470577110079665,1.2529029072801894,1.3778898296886521,1.291290288375848,1.2795055558343003,1.1038256780063949,1.2787781350482363,1.2314016197230815,1.410144405129218
2022-06-20,1.2498882054896125,1.302917726311583,0.9977534945064995,1.3468833628169283,1.2486796551013664,1.3750068663461998,1.296490314708476,1.2828836821446499,1.1096542772616462,1.2855305466237992,1.2352392159949828,1.4147207545335798
2022-06-21,1.2497163008627936,1.3062714398928226,1.0003217145695793,1.3466981178639503,1.2271751346815227,1.3769713578280853,1.2959432160580886,1.2776521368078877,1.1090991725706698,1.2848874598070787,1.2348005029062648,1.4102773322694677
2022-06-22,1.250676944365605,1.286149158405385,0.9849123941911005,1.3477333102482387,1.211809644771267,1.358922787335053,1.2834416141795864,1.2590354456749495,1.095221555296262,1.2688102893890723,1.2259099000160485,1.3924667762589102
2022-06-23,1.250676944365605,1.2995640127303434,0.9951852744434198,1.3477333102482387,1.2455026338210402,1.3791686936995844,1.3025718040923506,1.2858164854624925,1.1160379812078736,1.2929260450160818,1.239890119352268,1.4214453986213358
2022-06-24,1.2507477286237065,1.301799821784503,0.9968974211521396,1.3478095875818177,1.2521153238957519,1.3920197631363989,1.3147817572770883,1.30137550649702,1.129360493791305,1.308360128617368,1.248798774639757,1.4387742604315243
2022-06-27,1.2488062175443402,1.316891532900081,1.0084544114359986,1.345717409289361,1.279182940471933,1.409244965405663,1.32830019352688,1.3120075298008107,1.1426830063747364,1.3237942122186541,1.2568622608261444,1.451704601033986
2022-06-28,1.2489578980974156,1.3308653394885794,1.0191553283654977,1.3458808607184591,1.2895255927731328,1.4246843855429034,1.3434235585847476,1.3320507436551137,1.1571157283401203,1.3405144694533808,1.2664482461190378,1.468256522750929
2022-06-29,1.249958989747714,1.3375727666510586,1.0242917684916573,1.3469596401505073,1.2689233320712103,1.4166204836007217,1.327571499518661,1.312085161351367,1.141850349338272,1.3228295819935738,1.256829634173693,1.4483518381896958
2022-06-30,1.2499994378952006,1.3470749551312378,1.0315683920037169,1.3470032271982666,1.2961663255653724,1.4342935507768553,1.3421046501027183,1.3255483508206087,1.1557279666126796,1.33890675241158,1.2660109215740043,1.4656069640745697
2022-07-01,1.2518398286058499,1.3448023342398308,1.0337085753896167,1.3489864378713248,1.3007849555725033,1.4317230758405988,1.3379478578969295,1.3218407876293106,1.1515646814303575,1.3340836012861783,1.2640201725810682,1.4617531794781053
2022-07-04,1.2496050684572042,1.3476537903626487,1.0362767954526964,1.3465782534826112,1.3191742910260553,1.436967630569436,1.3449140571791933,1.334874473776237,1.1593361471040258,1.3430868167202619,1.2682358015099453,1.4744310020086357
2022-07-05,1.2484118481063438,1.3515503523339576,1.042269308933216,1.3452924355737055,1.3081166679853706,1.438590767742386,1.3420191887023203,1.3322903886552526,1.1565606236491444,1.3398713826366606,1.2659296557040598,1.4732022784566063
2022-07-06,1.2487859934705965,1.3209123669918474,1.0140188882393384,1.345695615765481,1.2885148854408786,1.4100604394330902,1.3262751552081977,1.313658231901693,1.140185035265343,1.320900321543413,1.2553269358673336,1.450721777372861
2022-07-07,1.2488668897655701,1.3224137567872607,1.019583365042678,1.345782789861,1.2952347511438749,1.4129595712212337,1.3305880148328377,1.3191731923747385,1.1446258727931535,1.326045016077175,1.2582930419131209,1.46015643344436
2022-07-08,1.2482905036638832,1.3228062144834092,1.018727291688318,1.345161674430427,1.2882447334939084,1.4127822991492784,1.329411000077414,1.3143733899177181,1.143515663411201,1.3247588424437347,1.2573284720108904,1.4539454405189085
2022-07-11,1.2487455453231098,1.3046541935766907,1.0071703014044593,1.3456520287177216,1.2736690993150483,1.3911708182592248,1.3077734263364837,1.292920167927791,1.122421685154101,1.3003215434083646,1.2435957438256198,1.432097854217372
2022-07-12,1.249514060125359,1.3069979640319287,1.0170151449795986,1.3464801826251525,1.2578285919993553,1.3887088448513762,1.2976189211890592,1.278840869798631,1.1213165818344866,1.2887459807074002,1.2372595308567236,1.417362787263048
2022-07-13,1.2502825749276083,1.3042958533305855,1.0161590716252387,1.3473083365325835,1.259608869304573,1.3876032806036258,1.2997097708746796,1.2824819389111277,1.1220062486566917,1.290996784565921,1.2388604513622077,1.4235790273677456
2022-07-14,1.2512836665779068,1.2912665614353418,1.0033179713098397,1.3483871159646317,1.2633064958126359,1.3784774866988008,1.300119160931535,1.2874654838239945,1.1229046304382484,1.2913183279742813,1.2394423645918582,1.4303105892571684
2022-07-15,1.2530633850673258,1.2699818313690705,0.986196504222641,1.3503049460660506,1.2406993877931285,1.3558922945639555,1.281811999564755,1.2654673968647447,1.1245017536054602,1.2704180064308728,1.2281110977817546,1.4068559755706624
2022-07-18,1.2521634137857445,1.2955489679293306,1.0114506681762592,1.349335134253401,1.255822996239479,1.3793521262330177,1.2945458576335904,1.285298503663299,1.123694117458404,1.2852090032154386,1.2363373377911793,1.4304930015852586
2022-07-19,1.251678036015903,1.2937664991842508,1.013162814884979,1.3488120896802869,1.2547324094712726,1.3755562369524639,1.2883217330412498,1.2842660981610212,1.1232585384128009,1.2781350482315157,1.2320626651101036,1.427534004522088
2022-07-20,1.2521937498963596,1.297298865214906,1.0153029982708788,1.3493678245392204,1.2595054455590449,1.3794442286586506,1.291754042365043,1.2949846226439148,1.123721341148754,1.2819935691318372,1.2344973785843598,1.4372702125844148
2022-07-21,1.2529319285879936,1.277089318427615,0.9964693844749603,1.3501632881608316,1.2499603570216937,1.3599282983340972,1.2792617908141755,1.2809914001148295,1.124383784280609,1.2675241157556314,1.2264284498029612,1.4222660013594748
2022-07-22,1.253872348017062,1.27554359774905,0.9891927609629009,1.3511766870212407,1.2508484268357092,1.3591759596457782,1.2802335331504289,1.2753357714654072,1.1252277186814654,1.2684887459807115,1.2273566734255346,1.4162762607125872
2022-07-25,1.2540847007913678,1.2758823753052917,0.9930450910575205,1.3514055190219783,1.2438646771058617,1.3573494317839092,1.2744441849198556,1.2657094051342246,1.125418284513917,1.2627009646302292,1.2240797543863373,1.4075985420830424
2022-07-26,1.2553790415109456,1.289440986592585,1.0093104847903593,1.352800304550283,1.2551642529765583,1.3703069035303037,1.2835253601937753,1.2785326357865534,1.1265798286355257,1.2720257234726728,1.2300088334372088,1.4216131935072485
2022-07-27,1.2554700498427909,1.283667370234708,1.0093104847903593,1.3528983754077417,1.2429912059841146,1.363445339300019,1.2760600343658965,1.2775803289880008,1.1266614997065763,1.2643086816720297,1.2255672191863702,1.4214836289254835
2022-07-28,1.2552071368841264,1.2864198510732787,1.014018888239339,1.3526150595973048,1.2378911936336412,1.3657411243729367,1.2769830076939865,1.2799002134162876,1.1264255610568743,1.2652733118971102,1.2260256018102964,1.4245269963462257
2022-07-29,1.2578261544338967,1.2712405879027666,1.0046020813413796,1.3554373209397337,1.214530708650879,1.348171828434388,1.2587262210494576,1.2648132800640306,1.1287758729904418,1.2463022508038626,1.2160192967867205,1.4092285812784966
2022-08-01,1.2597980016238781,1.2760132426828537,1.0075983380816393,1.35756218951801,1.2159018563358825,1.3498819055131774,1.264489533529665,1.2696751753226299,1.1305454128632049,1.252090032154345,1.2201701091038393,1.4194180639100882
2022-08-02,1.261648504371399,1.2406573071055262,0.9806320274193014,1.359556296953008,1.1958486844460858,1.3213507548979253,1.2414338692049074,1.246524960261534,1.132206057974567,1.2292604501607756,1.2075384784322647,1.3867229920608115
2022-08-03,1.2612035747490442,1.2280436487102038,0.9686470004582624,1.3590768394276531,1.1911397813998301,1.3073408468900773,1.2268211242103426,1.2318522887439383,1.131806777182764,1.2147909967845698,1.1988398792574657,1.37080665646873
2022-08-04,1.2627406043535427,1.2323246249235207,0.9703591471669821,1.360733147242515,1.2081094063720974,1.316321002882513,1.236887681873265,1.2419601291227267,1.1331861108271744,1.224758842443734,1.2053264662476904,1.3786140798717699
2022-08-05,1.2608193173479196,1.247767662994794,0.972071293875702,1.3586627624739378,1.228957724632451,1.3310806181219434,1.2579949801987473,1.2631539879814764,1.1314619437716615,1.2456591639871424,1.2169341208010187,1.4004778327020977
2022-08-08,1.261072118269712,1.2612443171267431,0.985340430868281,1.3589351815224346,1.2267225891077005,1.3329779270320359,1.2536646163586393,1.2585891568426688,1.131688807857913,1.2411575562701005,1.2143930414083262,1.4038242848118712
2022-08-09,1.2602024830987457,1.2701627160077693,0.9943292010890603,1.357998059995605,1.2272119804572172,1.3380086848985704,1.2556949762641905,1.2608715724120727,1.1309083954012071,1.2434083601286217,1.215379423598229,1.4099815115368477
2022-08-10,1.260738421052946,1.2657885008859173,0.9874806142541809,1.3585755883784187,1.223388864715282,1.3240640092830198,1.2422560528743454,1.246198900894477,1.1313893472640608,1.228938906752416,1.2071002042548022,1.3990127460624955
2022-08-11,1.2603844997624363,1.2817756719052502,0.9990376045380401,1.3581942017105229,1.255478594603441,1.3494025944010715,1.2686154316872047,1.2748921251955534,1.1310717375433084,1.2572347266881074,1.2236404543828054,1.4266264912245439
2022-08-12,1.2604148358730516,1.2830987383856305,1.0105945948218993,1.3582268919963427,1.2545816718989917,1.3564410646807616,1.2689171136027655,1.2752181845626112,1.1310989612336586,1.2575562700964675,1.2238400059847747,1.424561782400793
2022-08-15,1.2649652524653165,1.2912346399423686,1.0165871083024187,1.3631304348692888,1.2423133445231735,1.3552101223992898,1.2665004891728795,1.2719575908920342,1.135182514786189,1.254340836012866,1.2237298196977802,1.4281439323352068
2022-08-16,1.266775307065351,1.2975992966141041,1.0208674750742184,1.3650809552565273,1.2375991536270037,1.3537032773795024,1.2638392280161133,1.2686969972214575,1.136806861643751,1.2511254019292648,1.222548061168048,1.4306265105534428
2022-08-17,1.2670786681715018,1.2993706169090247,1.0225796217829384,1.3654078581147238,1.242280865073036,1.3619958894924094,1.2756505999581984,1.2820654312708224,1.137079098547253,1.26430868167203,1.2303944629145105,1.4407767513890217
2022-08-18,1.267948303342468,1.2960330480425855,1.0123067415306195,1.3663449796415534,1.2299841645433192,1.3486437570811334,1.265136993985375,1.270001234689688,1.1378595110039589,1.2524115755627052,1.2237854613747807,1.4337713904220655
2022-08-19,1.2688482746240495,1.2915778740895407,1.0230076584601187,1.3673147914542028,1.2207133542015856,1.3490641537178316,1.2566240626616323,1.2602194536779576,1.1386671471510148,1.2427652733119015,1.2184774202092772,1.422937466043585
2022-08-22,1.2689089468452797,1.3025017768518194,1.0341366120667976,1.367380172025842,1.2462279351967467,1.3572718049612738,1.2644571643958702,1.269023056588515,1.1387215945317153,1.251446945337625,1.2236079272752745,1.4359728658019608
2022-08-23,1.2679988635268267,1.3081857956143679,1.0384169788385973,1.3663994634512528,1.2354023530445704,1.3541877729805798,1.2602956907986242,1.2644582254497074,1.1379048838212091,1.246945337620583,1.2206160097974295,1.4353410687100134
2022-08-24,1.2676955024206757,1.271960752574613,1.0195833650426789,1.3660725605930564,1.2023310090911417,1.3321067735172076,1.2378986760806912,1.2393516541862657,1.1376326469177072,1.222186495176853,1.2059575650063836,1.3988461057932349
2022-08-25,1.2668460913234532,1.2874585037997748,1.0474057490593767,1.3651572325901067,1.2084515117116092,1.3566617725313208,1.2482891313382092,1.2510897914003423,1.1368703835879017,1.2337620578778177,1.2124874606427445,1.411505979372903
2022-08-26,1.2662494811480227,1.2779284239712785,1.0384169788385975,1.3645143236356536,1.2042147544560087,1.3522488402775523,1.2464820991944816,1.2491334351979961,1.1363349843443478,1.2318327974276568,1.2111214607217464,1.4050110301223147
2022-08-29,1.2663303774429966,1.2863116285343301,1.0478337857365565,1.364601497731173,1.2040579519690493,1.3495558304285258,1.2394924129470113,1.240981951021554,1.1364075808519485,1.2237942122186536,1.2064103530614154,1.4032160240061926
2022-08-30,1.2675033737201138,1.2759149236151879,1.0362767954526972,1.365865522116199,1.1950855014709059,1.342827849716001,1.2371730536316612,1.2380474167180349,1.1374602302121564,1.2209003215434124,1.2051456801397158,1.396787015638217
2022-08-31,1.268029199637442,1.250706295911347,1.028572135263458,1.3664321537370725,1.177657593293678,1.3452766326805101,1.2372500125058152,1.2380474167180349,1.1379321075115596,1.2209003215434124,1.2053456628288075,1.380995982728041
2022-09-01,1.2681606561167742,1.2642790876309717,1.0192627637035088,1.3665738116422912,1.1696095749492896,1.3419847648798717,1.2278516026647055,1.2269613982380736,1.1380500768364106,1.209967845659168,1.1989197304647943,1.3743506877425482
2022-09-02,1.269717909795016,1.2611586949835896,1.0181697205252744,1.3682519129810327,1.1677809731500564,1.3341338750983773,1.2216981953815207,1.219462032795747,1.139447559607721,1.2025723472668852,1.1951118394041251,1.370583073428502
2022-09-05,1.2702639597860879,1.2892422288100283,1.0288268915130592,1.3688403381257863,1.163721082858255,1.3418737538486538,1.220751778485962,1.2188099140616315,1.1399375860340246,1.2019292604501648,1.1949339671367132,1.3787105900751029
2022-09-06,1.269819030163733,1.314725435430315,1.0340188466096722,1.3683608806004317,1.189427537197786,1.3582513691864049,1.2302225654244567,1.2282656357063044,1.1395383052422217,1.2112540192926087,1.2003288424312832,1.3960474296033147
2022-09-07,1.2698797023849633,1.3105649119004723,1.0271873267457077,1.368426261172071,1.1935325139564863,1.3560067177516693,1.2328351963040414,1.2308741106427659,1.1395927526229221,1.2138263665594897,1.2018812704602528,1.399353939533969
2022-09-08,1.2693943246151216,1.3058843229293993,1.0356584113770237,1.3679032165989569,1.1928042541932515,1.35117071935081,1.2269567768249758,1.2250050420357275,1.139157173577319,1.2080385852090074,1.198259020829226,1.3898837671729887
2022-09-09,1.268271888522363,1.328247136902304,1.0342921074042308,1.3666936760236301,1.2065143053865448,1.3750680428524749,1.245898350701965,1.2439164853250733,1.1381498970343613,1.226688102893895,1.2089343317158647,1.4070100539806716
2022-09-13,1.2672000126139626,1.3162856317540061,1.034838628993348,1.3655386192580028,1.2120606776674583,1.3740386849338697,1.2504704547412384,1.248481316463881,1.1371879933086542,1.2311897106109368,1.2111875146885442,1.4049712763000786
2022-09-14,1.2660573524474605,1.302763930282017,1.0274605875402663,1.3643072851587965,1.201096315759085,1.3603040718993573,1.2354478271836262,1.2334825855792273,1.1361625676387965,1.2163987138263708,1.20202023439252,1.3891781025145629
2022-09-15,1.266006792263102,1.3090047155767812,1.0230884148273292,1.364252801349097,1.2043947888176123,1.357337534056084,1.223364409365547,1.221418388998093,1.136117194821546,1.204501607717046,1.1949471476570497,1.3667819762947166
2022-09-16,1.2648439080228564,1.2621988258660501,1.0187162421143918,1.3629996737260108,1.1673126454140645,1.3197385769566532,1.1939723119702188,1.1895371091613505,1.1350736200247882,1.1755627009646346,1.1772824896407859,1.3319606670298132
2022-09-19,1.2649955885759319,1.2621988258660501,1.0222686324436534,1.3631631251551088,1.1551409805596349,1.3175397136472633,1.1904006160389051,1.1837945822840654,1.1352097384765392,1.172025723472673,1.1752136705563323,1.3256530548264571
2022-09-20,1.2664517218854567,1.260638629542359,1.025821022772915,1.3647322588744515,1.1695437694328905,1.3163622646318887,1.1910619067145158,1.1873303705062535,1.1365164756133488,1.1726688102893932,1.1761416864021077,1.3300000917981325
2022-09-21,1.266714634844121,1.2746803964555786,1.027187326745708,1.3650155746848882,1.1617504211106802,1.3136083037967663,1.1813780687444475,1.185650146246752,1.1367524142630505,1.1630225080385894,1.1704344303582364,1.3267168026605962
2022-09-22,1.2666842987335059,1.2809211817503428,1.0255477619783564,1.3649828843990686,1.1519251530523256,1.3085336267889536,1.1720130960807462,1.1799425971106452,1.1367251905727003,1.1536977491961458,1.1647927070049966,1.3229691457285677
2022-09-23,1.2654000700508,1.2684396111608145,1.030193195485852,1.363598995632704,1.140059015560727,1.3036656505139992,1.1694160502893634,1.171121706809848,1.1355727210145417,1.1511254019292647,1.1627620855609213,1.3122254824542539
2022-09-26,1.2623462349155463,1.2434764699817578,1.0209023284708605,1.36030817352686,1.1315004871184118,1.2889005345619493,1.1612285460264395,1.1571492626965971,1.1328322028526212,1.1430868167202615,1.1567677232910263,1.2993702812332828
2022-09-27,1.2623664589892896,1.2517975170414433,1.0236349364164463,1.3603299670507398,1.1678894257848167,1.302566507900115,1.1775608743812416,1.1769287253132432,1.1328503519795212,1.1591639871382677,1.1665368892695276,1.3199815632725638
2022-09-28,1.2619316414038066,1.240876142775606,1.025001240389239,1.359861406287325,1.161235203053161,1.2867601746591009,1.159268666623863,1.1529854056680362,1.1324601457511685,1.1411575562701004,1.1555035886635265,1.2943532864708738
2022-09-29,1.259696881255161,1.2382758155694542,1.032925803431438,1.3574532218986115,1.1660905081938375,1.285982204644975,1.159595313190959,1.15475307680486,1.1304546672287035,1.1414790996784605,1.1548804255715897,1.2970958797193894
2022-09-30,1.2606676367948442,1.251277451600213,1.0337455858151137,1.35849931104484,1.1647216138075716,1.2871678846428558,1.151102502446462,1.142187607935462,1.1313258253199099,1.1331189710610972,1.150161450556808,1.285890750570993
2022-10-10,1.262791164537901,1.2538777788063646,1.0411236272681954,1.3159097057725135,1.1428928196843282,1.2671825302219113,1.1252974236458744,1.1223053190265846,1.133231483644424,1.1077170418006468,1.1354660153861835,1.263328231151594
2022-10-11,1.2645000987692183,1.248677124394061,1.0389375409117267,1.318512890155842,1.1547532293259797,1.2636399504259563,1.1243174839445862,1.1255519777841654,1.1347650848674853,1.1067524115755665,1.1354873885983252,1.2660365684015802
2022-10-12,1.2636102395245088,1.2668794148371232,1.0416701488573126,1.317211297964178,1.1799035359931822,1.2802145487291523,1.144569571104541,1.150149282243873,1.1339665232838794,1.1266881028938944,1.1474397335828015,1.2941038927567021
2022-10-13,1.2644899867323467,1.2429564045405275,1.0430364528301057,1.312004929197521,1.174552349513339,1.262765055029736,1.1337902343903714,1.146322236157548,1.1347560103040353,1.1160771704180101,1.1412754600909016,1.28907171977301
2022-10-14,1.267442701498883,1.2595984986598985,1.0419434096518714,1.33022721988082,1.2032664612921162,1.2899845440118856,1.1625351322948232,1.176435443226164,1.137405782831455,1.1443729903537014,1.1597022606960932,1.322565758076217
2022-10-17,1.2655719746776184,1.2549179096888252,1.0362049329661411,1.3250208511141632,1.2007481040075132,1.2879096402250572,1.1613330311883197,1.17911027412816,1.1357269885931927,1.144051446945341,1.1588220689353472,1.3236157321611959
2022-10-18,1.265379845977056,1.2523175824826736,1.0389375409117272,1.3146081135808496,1.1949337140438507,1.2835056708626502,1.1596163187767734,1.180783271279331,1.1355545718876412,1.1418006430868204,1.157383781686051,1.3249383845730105
2022-10-19,1.2663202654061243,1.2507573861589825,1.0364781937607,1.2781635322142517,1.1762154161901435,1.2667612779534887,1.145772557621814,1.1602198857196206,1.1363985062884976,1.1228295819935727,1.1461898594387545,1.3113118038890628
2022-10-20,1.2654101820876713,1.2372356846869936,1.0315594994586454,1.272957163447595,1.1752472778351004,1.2584054740096218,1.1426741742735647,1.1562328758030584,1.1355817955779914,1.1189710610932513,1.143497082340774,1.303837298419333
2022-10-21,1.2655618626407468,1.243996535422988,1.0304664562804111,1.2586396493392886,1.171152013925093,1.2549892750245852,1.1374335780320322,1.1489233576226945,1.1357179140297424,1.1118971061093286,1.1392145065071018,1.3001446354856065
2022-10-24,1.2666842987335054,1.2169531324790102,1.0438562352137817,1.2013695929060635,1.1402945455770466,1.2181445648098166,1.110480973311891,1.116362776637436,1.1367251905726998,1.0803858520900358,1.1202473987705837,1.2730727502497747
2022-10-25,1.2658955598575128,1.2023913001245605,1.0457690607756918,1.1974648163310708,1.138273796712145,1.2098943230159418,1.1059497162446934,1.111046763415353,1.1360173746235944,1.0752411575562737,1.1167676696933342,1.2628202108653173
2022-10-26,1.265956232078743,1.1935501876236447,1.044949278392016,1.185750486606093,1.134987074535503,1.2117591202985272,1.1136942150772804,1.1203497865539982,1.1360718220042947,1.0842443729903573,1.1223996348817304,1.27938902611431
2022-10-27,1.2668764274340678,1.2008311038008697,1.0430364528301062,1.154512274006152,1.127730766966204,1.2074828222216525,1.1066540366792044,1.1117112650681134,1.1368976072782508,1.075884244372994,1.1175333776125271,1.271750417933485
2022-10-28,1.2687067061078454,1.1753478971805824,1.043856235213782,1.1245756535978753,1.0991850098313634,1.1787527162146432,1.083156462713123,1.083137693999417,1.138540103262713,1.0482315112540226,1.100945257908982,1.2340724117551052
2022-10-31,1.2696471255369135,1.1405035126181493,1.0403038448845203,1.1141629160645616,1.091784750875811,1.1565665117219897,1.0742881523835985,1.0701799117705897,1.139384037663569,1.0356913183279777,1.0933691944077393,1.2274220703164165
2022-11-01,1.2683224487067208,1.1374887711901824,1.0411236272681963,1.1351834925239521,1.141398553513463,1.1953125995522866,1.1054021445049065,1.1160305258110559,1.1381952698516102,1.0800643086816755,1.1210193701159157,1.2659374259772986
2022-11-02,1.2671393403927318,1.13642770629802,1.0430364528301064,1.1431274626321855,1.15395897143559,1.208868523599992,1.112725908980822,1.1273270539079823,1.1371335459279523,1.0909967845659196,1.1274093045983702,1.279631811125716
2022-11-03,1.2683224487067208,1.1374887711901824,1.0397573232954034,1.1403625607677381,1.1439792719078725,1.1963326860539112,1.106327966738962,1.1173595291165768,1.1381952698516102,1.0813504823151159,1.1218494112005892,1.2745765108009142
2022-11-04,1.26706855613463,1.1363642237831042,1.0394840625008448,1.1742415696189499,1.1905925006471951,1.2345766213792753,1.134546598747365,1.1595553840668609,1.1370700239838016,1.1221864951768525,1.14682502305774,1.3132683203605746
2022-11-07,1.2670584440977584,1.136355154852402,1.0471353647484851,1.1787622750300715,1.1819810458920073,1.240712705714508,1.1341887762508462,1.1595553840668609,1.1370609494203516,1.1221864951768525,1.1468213620918475,1.314635953052242
2022-11-08,1.2673516931670374,1.1366181538427669,1.0490481903103952,1.1809132400012603,1.1801070459909382,1.2347561441483017,1.1306668059558171,1.1519136150601166,1.1373241117604034,1.1147909967845695,1.1423928215002568,1.310150967959031
2022-11-09,1.2680494237111848,1.1372439100612217,1.0780138345336048,1.1737356829166044,1.175396493064878,1.2262287624472086,1.124604118977483,1.1386235820049089,1.137950256638458,1.1019292604501643,1.134736282682713,1.3005557575742581
2022-11-10,1.26712922835586,1.1364186373673175,1.0725486186424331,1.1480314208690814,1.171008809384986,1.2256903519221818,1.120816409415802,1.1316463146509248,1.137124471364502,1.0951768488746014,1.130234833460281,1.293843062218733
2022-11-11,1.2645809950641915,1.1341332668303523,1.0799266600955149,1.1711189401904798,1.1972761651657795,1.2615684459032535,1.1354389553203497,1.1642068956361833,1.134837681375085,1.126688102893894,1.1488376408389807,1.3189362291585065
2022-11-14,1.2610822303065832,1.1309954168073764,1.0692694891077301,1.1521342345704897,1.1977609782004175,1.2636216854877664,1.1341887670495634,1.1648713972889435,1.1316978824213615,1.1273311897106142,1.147959665115728,1.3154487630232896
2022-11-15,1.2596564331076734,1.1297166975783601,1.0747347049989018,1.17035981113718,1.21397095837799,1.2831468298969704,1.1458891634817208,1.1897902092674577,1.1304183689749019,1.151446945337624,1.1621747281586803,1.3405934239824338
2022-11-16,1.2576441377702052,1.127911980368614,1.080473181684632,1.162602435084275,1.2142421923725129,1.276284266786221,1.1402726754947816,1.1801549353024323,1.1194552363898276,1.1421221864951803,1.1557851192876405,1.3312607249275539
2022-11-17,1.2592519516328056,1.1293539403502706,1.0815662248628664,1.1571890199700137,1.2149062709228424,1.2678032439938416,1.1382159244135914,1.1745066712539691,1.1140974832877366,1.136655948553058,1.1530571793188902,1.326512149812558
2022-11-18,1.2585441090517864,1.1287191152011136,1.0799266600955149,1.1383704543229807,1.212174439567432,1.2621283745655376,1.1357739229116728,1.1701874105110266,1.1100003779743728,1.1324758842443763,1.1502536916892487,1.3211254153519965
2022-11-21,1.2609608858641228,1.1308865896389495,1.0755544873825775,1.1438357958751135,1.201370186367033,1.2503584776131536,1.1315261676934505,1.1592231332404803,1.0996000337173728,1.121864951768492,1.1446707196996444,1.316019242518299
2022-11-22,1.2615069358551947,1.1313763118968707,1.0744614442043432,1.1397670989139188,1.2054914028679342,1.2558542657137428,1.1314466079962877,1.15855863158772,1.0989697098230093,1.1212218649517718,1.1444753003876202,1.3088577024678314
2022-11-23,1.2637315839669687,1.133371476651364,1.0744614442043432,1.1402317045562689,1.209913833273722,1.2599750950591027,1.1329307443024017,1.1595553840668607,1.0999151956645548,1.122186495176852,1.1458733878645557,1.3096916741338858
2022-11-24,1.2653495098664407,1.1348225055637229,1.078560356122722,1.1387057186029548,1.2096533620202243,1.257651876954938,1.1307327974794978,1.1535748691920171,1.0942422806152818,1.1163987138263696,1.1429142325677593,1.3082981519810355
2022-11-25,1.2628922849066175,1.132618755403078,1.081839485657425,1.1254519777703822,1.2205488586556925,1.2737031985303662,1.1330564069417588,1.1605521365460012,1.1008606815061002,1.1231511254019324,1.1461741196824797,1.3110912470443656
2022-11-28,1.2604957321680248,1.1304694188266466,1.0826592680411007,1.1155413652974173,1.2116793803398411,1.257017285471468,1.1235748714737597,1.1456008493588927,1.0866783938829183,1.1086816720257266,1.1364444617035665,1.2997277087635253
2022-11-29,1.2569666312998014,1.127304362011564,1.0796533993009563,1.1271989408498577,1.2344329358972064,1.3055958355406005,1.144084470788653,1.1841419452189945,1.0818972565304483,1.1459807073955017,1.1581115776754756,1.3354939050877783
2022-11-30,1.2579171627657413,1.1281568414975747,1.0777405737390462,1.1279242339920328,1.2306938817034088,1.301916759157975,1.1450061785999608,1.182259422012294,1.082715398682864,1.146945337620582,1.1590467930040662,1.3325176334351096
2022-12-01,1.258665453494247,1.124763703999072,1.0668159644110962,1.135876880201885,1.2553137003256933,1.3054754525198862,1.153639004852057,1.193098887084955,1.083359468036893,1.1614147909967878,1.1680958561047887,1.3437430806195207
2022-12-02,1.2590598229322434,1.118467362729227,1.0576305871037435,1.1265566221026209,1.2484382584736715,1.29783254190483,1.1495476973465215,1.1877577267293542,1.0747276245145985,1.1540192926045048,1.163779428148068,1.3396218895371446
2022-12-05,1.2584834368305564,1.1348812476639782,1.0808127298318237,1.148707335286913,1.2620713321595862,1.3190881587511587,1.1656653840138247,1.2039197842823022,1.0959886056627002,1.176848874598074,1.177379919221842,1.3571819111561672
2022-12-06,1.2571385359266203,1.1318335232180472,1.0755639427990509,1.148636963649295,1.263513718155272,1.3194896678605967,1.170651987835183,1.2073927828303561,1.1028759657529303,1.1842443729903571,1.1813159292867252,1.3584364270219274
2022-12-07,1.2563700211243711,1.1276043166273937,1.0690029590080847,1.1390050040209723,1.257446100999943,1.314769673470844,1.1676832178588181,1.2045968425388565,1.0992825604884624,1.1803858520900354,1.1787176764937703,1.356644632299617
2022-12-08,1.258250859982507,1.1300955755967395,1.0755639427990509,1.1292261016031517,1.2526241720619544,1.317780637966249,1.1702418215167945,1.2050382335276855,1.1019776144368134,1.1832797427652768,1.181157393041797,1.3572136757544748
2022-12-09,1.25713853592662,1.1325796796030279,1.0786257352348352,1.1316646297295372,1.2554047695389428,1.3237701279245113,1.1778214579014392,1.2115386418930587,1.1121589293528056,1.1942122186495212,1.1872874447428352,1.364679861772702
2022-12-12,1.2573508887009257,1.1161029906147268,1.0515070022321749,1.1226798416375623,1.2507614836278818,1.3059414062533916,1.1668659511808306,1.2022930934846037,1.0995820109271681,1.1807073954983958,1.1793117578733772,1.3502869004025042
2022-12-13,1.254347613750031,1.11607815053351,1.0576305871037432,1.113300277890274,1.2420321814538315,1.3046179848787551,1.1635028018679805,1.1969646614503682,1.096288056101406,1.1771704180064344,1.176065330775244,1.3454277212454795
2022-12-14,1.2570273035210313,1.1121745118065225,1.0550061935873567,1.1134878000161228,1.2412926481044595,1.3027637816343212,1.1665515067206542,1.1958979296791727,1.0992825604884624,1.1803858520900357,1.1789977615606784,1.3440963126241634
2022-12-15,1.257846378507639,1.10400827160244,1.0396972314084356,1.1117141654190918,1.2382138090897101,1.296150089189446,1.166176748987829,1.1954678793996887,1.0986836596110512,1.1797427652733155,1.1789196556928263,1.342863788648397
2022-12-16,1.2575227933277446,1.1069027068061732,1.049320007635186,1.1022731674842725,1.2329674667830366,1.2988865722685452,1.1671545069199742,1.1937215125230156,1.0998814613658738,1.1810289389067559,1.1795695090460983,1.3405540389488177
2022-12-19,1.2594238562596243,1.0854018314649196,1.032261449778674,1.0797323720461753,1.2120373385962404,1.2752296808600447,1.1512200526740852,1.1708122953020568,1.082513335920946,1.1623794212218685,1.1691069126186528,1.3178763486622638
2022-12-20,1.2595452007020849,1.0713598476247623,1.0173898865191509,1.0771266205233236,1.200173452110274,1.2568231667614158,1.1337586773676276,1.153897063790029,1.080885613844242,1.1421221864951803,1.1569272832214288,1.2989039862733087
2022-12-21,1.258837358121066,1.0691378633394502,1.0187020832773441,1.068585971013577,1.1918703580487828,1.2547315764552494,1.1328424280336777,1.1502724812798002,1.0802781748557377,1.1411575562700997,1.156080933267875,1.2967429823427805
2022-12-22,1.2592519516328056,1.0579505126175257,1.0090793070505937,1.062902471302294,1.1874100432376489,1.246921440328449,1.1351148570180714,1.1449653955844932,1.0806339605490045,1.1437299035369808,1.157796825823354,1.2902759054602981
2022-12-23,1.2596362090339301,1.0535120500266868,1.0047053178566163,1.0586492802613088,1.1846540776841652,1.2422654195405234,1.1323798127609224,1.1410339249954595,1.0809637131427638,1.1405144694533795,1.155985156536625,1.2843901146245245
2022-12-26,1.2591204951534734,1.0586350651680971,1.001643525420832,1.072698335614244,1.1994196587593913,1.2473433655058888,1.1343969226635218,1.1497687693422471,1.0805211504511394,1.1434083601286207,1.157555732685165,1.2939484719125258
2022-12-27,1.2592620636696772,1.0689770573768123,1.0138906951639688,1.0835753990543255,1.2158379452937387,1.2609624631468117,1.1462438325071775,1.1615702118647695,1.0806426382488403,1.1585209003215469,1.1667875087808017,1.3083995746502868
2022-12-28,1.2611327904909415,1.0688087757846598,1.0165150886803551,1.0732815855987379,1.2105908470196056,1.2593135654183716,1.1433438669765605,1.1577884942900984,1.0822480127184586,1.154340836012865,1.164954913739426,1.3041743979063065
2022-12-29,1.2618507451088323,1.061848459911133,1.0038305200178206,1.0811650331431863,1.2127127968550284,1.2524431474492073,1.140468791369824,1.1555374239223295,1.0828641294067987,1.1504823151125436,1.1628837943860655,1.2998986698515702
2022-12-30,1.2639439367412741,1.0656672471381325,1.0099541048893892,1.0831629030607544,1.2112522606680163,1.2573128501304471,1.1448896838889469,1.158752285101873,1.084660413272804,1.1556270096463055,1.1667754941057555,1.3042954227115644
2023-01-03,1.2635697913770212,1.0636467268958314,1.0085915536614782,1.0811092108062337,1.2295108757010105,1.275163754139378,1.148006072990727,1.1692720497850808,1.0843393383788802,1.159163987138267,1.1687800007609523,1.3156970549677898
2023-01-04,1.2658045515256668,1.065527901433024,1.0123861042772098,1.0830212696391777,1.221079790890221,1.2788555950345553,1.1495983144234465,1.1698734086423266,1.0862571100425864,1.1607717041800678,1.1705794788679516,1.3165949688897147
2023-01-05,1.265127045055263,1.0649575906004813,1.012133134236161,1.0824415956943485,1.2367644344669406,1.288903226144153,1.1734819359142385,1.188211756451307,1.0856757041535896,1.1848874598070778,1.1849205744593785,1.3368372859883133
2023-01-06,1.2624574673211342,1.062710395678224,1.0047970030457463,1.0801575073147232,1.2421308017657662,1.2896628341034106,1.178577108498941,1.1921611993987509,1.083384791396945,1.1900321543408399,1.1870073446650806,1.3414289828559265
2023-01-09,1.262487803431749,1.0627359319841587,1.0156747148108436,1.0801834628644915,1.2498443865411686,1.2929921867943734,1.1865383156625382,1.1974534706395068,1.0834108244964522,1.1980707395498431,1.1918296455973258,1.3482887584943601
2023-01-10,1.2617294006663717,1.0620975243357904,1.0151687747287461,1.07953457412028,1.247473655082253,1.2918747820172953,1.1884490053818015,1.200003494921095,1.0834219900830493,1.200000000000004,1.1926947890506836,1.3507907557090895
2023-01-11,1.2603642756886921,1.060948390568727,1.0182044152213314,1.0783665743806987,1.2381180051192402,1.290588855628459,1.1884490053818015,1.1970446979980771,1.0834219900830493,1.200000000000004,1.1921786157899443,1.3481128012261703
2023-01-12,1.2607181969792016,1.0612463141379656,1.0166865949750388,1.0786693891279975,1.2410696974122015,1.2877532130325535,1.1903596951010647,1.197371353623772,1.0851638260799672,1.2019292604501646,1.1934625369812328,1.348273912055722
2023-01-13,1.2610013340116093,1.0614846529933566,1.018710355303429,1.0789116409258366,1.2594113244273408,1.2971178591836234,1.2101034888667859,1.212711209960245,1.1031627980481207,1.2218649517684925,1.2054469052420365,1.364124680661596
2023-01-16,1.259959794213824,1.060607906489597,1.0245286662475508,1.0780205003837857,1.2695795926267772,1.3098736974836576,1.230165730919051,1.2290457703950373,1.1214520760157605,1.2421221864951806,1.21703966815104,1.3829916026490832
2023-01-17,1.2600508025456694,1.0606845154074012,1.028576186904331,1.078098367033091,1.2711405752431866,1.3084960878734688,1.2288919377728755,1.2292638476626936,1.120290852017815,1.24083601286174,1.2163187104727353,1.3819985656604215
2023-01-18,1.2598586738451072,1.0605227854698145,1.0260464864938432,1.0779339818845575,1.2771026568466635,1.3122320061972352,1.2260259031939804,1.2303904741207083,1.117678098022438,1.2379421221864988,1.2145424995465555,1.381604998324716
2023-01-19,1.2601519229143863,1.0607696364271835,1.0290821269864285,1.0781848855323193,1.2869415852823127,1.3229404407301992,1.2349424552172095,1.2409251343502177,1.1258066660080557,1.2469453376205826,1.2199554018105854,1.39239995827442
2023-01-20,1.2614159275233487,1.0618336491744644,1.0374301383410383,1.0792663667726723,1.3057350887855943,1.335789966542144,1.2422667658077189,1.2493835378077265,1.1324837039962417,1.2543408360128654,1.2247861302836016,1.40322187892243
2023-01-30,1.2614159275233487,1.0618336491744644,1.0361652881357943,1.0792663667726723,1.306200028962555,1.3362809861946898,1.2499095246847722,1.2554548201175735,1.139451047983914,1.2620578778135083,1.229307258270293,1.407431536126238
2023-01-31,1.2612541349334014,1.0616974555428125,1.0293350970274773,1.079127937173907,1.2832390284861535,1.3396762613912436,1.2352609035037534,1.2486291769363174,1.126096972007542,1.2472668810289425,1.2205998878513515,1.401431962966496
2023-02-01,1.2693157566193733,1.0696665672274603,1.0349004379305504,1.089566894229877,1.2894213466418727,1.3533047993281744,1.2451328003866142,1.26121926202663,1.135096457991619,1.2572347266881065,1.2266445331093898,1.4141934163911956
2023-02-02,1.2660694247610118,1.0687554684584202,1.0435014193262089,1.0745196306309546,1.289939902644591,1.3554837038197605,1.2419483175211752,1.2606599238291551,1.1321933979967553,1.2540192926045053,1.225096457736346,1.4129888635704053
2023-02-03,1.252110197770057,1.0599757850698457,1.0298410371095748,1.0651540477218029,1.2775778925600476,1.349482009221505,1.228255041199788,1.2507666297843396,1.1197102400188426,1.2401929260450197,1.217172506985046,1.4013813488302713
2023-02-06,1.233606106177396,1.049758973561494,1.0164336249339896,1.0492208691369884,1.255507402897591,1.343459133621868,1.210103488866786,1.238485618376536,1.1031627980481207,1.2218649517684923,1.206138179470788,1.3878738241358513
2023-02-07,1.2368524380357577,1.051692610765541,1.0144098646055995,1.0538294481687722,1.2590652961319804,1.34710336046237,1.2132879717322251,1.2404280062702289,1.1015656251540489,1.2250803858520938,1.2081160318344757,1.3904302628312668
2023-02-08,1.231333673876543,1.046323917031527,1.0144098646055995,1.0477997988130463,1.2555855468051795,1.3391295729962045,1.207874350860979,1.2328592597652055,1.1019449734252347,1.2196141479099716,1.2050481219458327,1.3833323768489625
2023-02-09,1.2488638659116955,1.0610052016033222,1.0166865949750385,1.0581992629885637,1.2704460479782276,1.356918070887845,1.225070558334349,1.2511493091536434,1.1020331939534174,1.2369774919614185,1.2153802945800085,1.4027423281568856
2023-02-10,1.2410726694516276,1.0558207364753356,1.0101093739077702,1.0537153678064088,1.269577502273465,1.353650669417277,1.2174277994572957,1.2451568052109758,1.1024831186471493,1.2292604501607753,1.2110293918884825,1.3958880086183099
2023-02-13,1.2514609313983847,1.0638407987742737,1.0164336249339896,1.0522323499148278,1.2724753937919064,1.3618027401840431,1.2276181446267003,1.2543328320545442,1.102571339175332,1.2395498392282995,1.217150227244715,1.4064912373717366
2023-02-14,1.25438263007091,1.0668020482093346,1.0156747148108431,1.0520950626044687,1.2732523394932191,1.3673141869123853,1.2304841792055954,1.2575725257394887,1.1026066273866053,1.2424437299035407,1.2188707669021865,1.4104062699469901
2023-02-15,1.2452929008674976,1.0607930025967427,1.012386104277209,1.0431473032430398,1.2663969104937864,1.3637770290955118,1.2215676271823663,1.2517631252727053,1.102659559703515,1.233440514469457,1.2135947342870932,1.402461782380039
2023-02-16,1.235878538478249,1.0496442248676028,1.0121331342361604,1.0403461558122045,1.2446982592421614,1.3461996638840983,1.2123326268725936,1.2381795844645849,1.1025536950696957,1.224115755627013,1.2080432928047353,1.387722116255646
2023-02-17,1.2170498136997518,1.0379912786056262,1.0098564038667213,1.0269001145210892,1.2314427251486582,1.3388815191006223,1.1938626262530478,1.223105356403323,1.1026860258619697,1.2054662379421255,1.197058498225165,1.3723158949244867
2023-02-20,1.2511362982125485,1.058045356389703,1.0144098646055992,1.0594249061176544,1.258228071340493,1.3599324626189366,1.2272996963401566,1.2504415682567152,1.1018567528970518,1.2392282958199392,1.2168143470053336,1.3988291520860594
2023-02-21,1.2527594641417292,1.063186985358038,1.0131450144003553,1.061522134844766,1.2730605873514065,1.3716522604105668,1.228891937772876,1.255128252419538,1.1014950487315025,1.24083601286174,1.2176017535229195,1.4056268384486357
2023-02-22,1.239774136708283,1.0581672081841231,1.0161806548929406,1.0525734218342238,1.2639765688334024,1.373288254733913,1.2161540063111205,1.2479963748189102,1.1017156000519595,1.2279742765273347,1.210126730576208,1.3989902508907937
2023-02-23,1.239774136708283,1.0583121689692228,1.0139039245235015,1.058033640870829,1.268069004757774,1.3722998692313684,1.2161540063111205,1.246852378141993,1.1016979559463227,1.2279742765273347,1.2101189784471225,1.3991819018166087
2023-02-24,1.2271134424606729,1.0502281142775354,1.0171925350571356,1.0441973547952617,1.2599528125952297,1.3680620911256902,1.2037345231359087,1.239028556287902,1.1017244221047775,1.2154340836012896,1.2027158950228047,1.3884940694836199
2023-02-27,1.2222439446731306,1.046284156227982,1.014409864605599,1.0355160629550995,1.2516693219802808,1.3634196930228202,1.1992926188272932,1.2331485811607485,1.1015391589955936,1.2106109324758878,1.1997713875200533,1.383279809564608
2023-02-28,1.2306844075048706,1.0529202170158412,1.015674714810843,1.0419660126476973,1.2607199317614608,1.3715772794601973,1.2065056665405842,1.241660848066011,1.1013803620448646,1.2189710610932512,1.2046733686246922,1.3920532664197538
2023-03-01,1.2465914336108423,1.0622755344034476,1.019216295385526,1.0483771740209038,1.2717876988651913,1.381078050119747,1.2201396075441862,1.2537321621548363,1.101459760520229,1.2347266881028975,1.2140506011730303,1.403948296345704
2023-03-02,1.2449682676816616,1.061844389123742,1.0184573852623795,1.0445573504504733,1.264230792069227,1.3809201043971104,1.2187863357475497,1.2521872583143778,1.1017067779991407,1.233118971061097,1.2132110311493711,1.4010072641101372
2023-03-03,1.247889966354187,1.0634352932777862,1.0230108460012575,1.047204293523957,1.266695055406343,1.3827574025842961,1.2212640020198986,1.2533443122857497,1.1015568031012302,1.2360128617363382,1.2148532719432523,1.4032539215587627
2023-03-06,1.239774136708283,1.0592042746791877,1.0298410371095745,1.039397956677787,1.2627521988310628,1.3818940054219624,1.2142535464531021,1.2494771346772204,1.1023419658020568,1.227974276527335,1.210459056515691,1.3994963271080887
2023-03-07,1.2212700451156222,1.0454713378621077,1.0311058873148184,1.0263969289115737,1.242597620292239,1.3644533698614267,1.1982216886941066,1.229764607824099,1.1032241710838842,1.2096463022508077,1.2000066172615975,1.3795347078010503
2023-03-08,1.2160759141422437,1.0436716387483043,1.0202281755497211,1.0204957634391358,1.2338178056849491,1.3662274573683384,1.1937561320191263,1.2281891847049788,1.1038328927283452,1.2045016077170456,1.197209248583551,1.3771579483361072
2023-03-09,1.2128295822838822,1.0415101981637171,1.0202281755497211,1.0179355403691541,1.232256998846638,1.3661569817716945,1.1909382578172505,1.2258242154336088,1.1040005117318925,1.2012861736334444,1.1953643877151496,1.374283966221338
2023-03-10,1.1949747570628935,1.0261862788845162,1.027311336699087,1.0070463351415204,1.2188955698632151,1.3459072389304052,1.1753769919880377,1.2085143563095329,1.104432792319988,1.1836012861736371,1.1849929841844309,1.357135533717078
2023-03-13,1.2092586172396842,1.035880107858495,1.0343944978484527,1.0127199951127288,1.2318897346985933,1.3568265846008327,1.188004685391287,1.2193604732525216,1.1043886820558966,1.1977491961414828,1.1934727802609097,1.3665405129597863
2023-03-14,1.2011427875937803,1.0279936114584995,1.0478019100240379,1.0098374903828065,1.2254062835611292,1.3459082877486417,1.1808657462550083,1.2099734122971146,1.1047680303270826,1.1897106109324795,1.18883082876754,1.3567751139897006
2023-03-15,1.2008181544079441,1.0321607400876482,1.0470429999008914,1.0094065200219948,1.2233937368897427,1.3549414936250177,1.1805492640723225,1.2131357183182543,1.104494546689716,1.1893890675241192,1.1885203280880468,1.3605635292373035
2023-03-16,1.185885027859481,1.0198524249482575,1.0558969513375986,1.005088669464717,1.202037796174445,1.3381856330133846,1.1673848862556309,1.1976127732630055,1.1050150478059944,1.1745980707395534,1.1798762516474341,1.3435437589194341
2023-03-17,1.1927023247620403,1.026261233365033,1.0619682323227693,0.9957396917784799,1.2089197301323713,1.3478183093382021,1.1734927807448496,1.204787304127384,1.1056325915032736,1.181350482315116,1.1842096563150046,1.350078113838418
2023-03-20,1.1855603946736448,1.0210142273269063,1.0946013676180615,0.983996167640426,1.2009600562061926,1.3421244418129552,1.1672543414345773,1.1992108723758228,1.1063824659928272,1.1742765273311933,1.180276278004974,1.3441239628723638
2023-03-21,1.1995196216645994,1.029973553722415,1.0842295959350614,1.0006378167787289,1.228053236968036,1.3515469785704433,1.179548964154263,1.2129986846574456,1.105835498718094,1.1881028938906786,1.188381084515678,1.3578776790512848
2023-03-22,1.2053630190096503,1.0349441582989347,1.0682924833489886,1.00452261024393,1.2262308860968663,1.358583589682119,1.184707935184533,1.2194733541830505,1.1057825664011844,1.1938906752411609,1.1918318130512897,1.3638381450210526
2023-03-23,1.217699080071424,1.0406572195722945,1.075881584580452,1.00836280060949,1.2339189536191009,1.3633464178508807,1.1955808901726288,1.2293355826592776,1.1055531930279092,1.2061093247588457,1.1990514710839644,1.3719144159138779
2023-03-24,1.2160759141422433,1.0382335956468183,1.081446925483525,1.0027498300344921,1.226842948492406,1.3610243568532627,1.1940963364747588,1.2293458952384806,1.1050768021757225,1.2045016077170452,1.197885813662473,1.3701512514201262
2023-03-27,1.209258617239684,1.0340970379178878,1.0741107942931105,1.0021819762920148,1.2195479700466427,1.3576322949151698,1.1872089348984391,1.2255893487481442,1.1051650227039052,1.1977491961414826,1.1938948713855986,1.3681869066186974
2023-03-28,1.2066615517529946,1.0324355790558157,1.0687984234310859,1.0086829191340578,1.2104610116352594,1.3547854526208125,1.1846592244342278,1.2226204282007416,1.1053767519715438,1.1951768488746015,1.1924479209812386,1.3639009868838754
2023-03-29,1.2066615517529946,1.030246768718127,1.0725929740468176,1.005211705402614,1.2026512644943212,1.3507297696069582,1.1846592244342278,1.2199338045417474,1.1056237694504558,1.1951768488746015,1.1925545110569387,1.3613924574097584
2023-03-30,1.2206207787439491,1.0375361326659618,1.074616734375208,1.0127041147476499,1.2086802329543402,1.3556067311458135,1.198363918179364,1.2304076594696445,1.1059325412990955,1.209003215434087,1.2009653488660015,1.3709998932847
2023-03-31,1.2238671106023107,1.0418011672785794,1.0829647457298175,1.0105534408302252,1.2078174503196744,1.3642351924628089,1.201551056259628,1.2369255856044172,1.1060207618272782,1.2122186495176883,1.202920103461384,1.3770794582304
2023-04-03,1.2336061061773955,1.0521570076040905,1.0904096694733432,1.020287484675839,1.2268494182851395,1.3792798568241968,1.211112470500421,1.2484771270800623,1.1059325412990952,1.2218649517684923,1.2086251087317612,1.3906215369432906
2023-04-04,1.2400987698941186,1.054694604061289,1.096082068714301,1.0271174758047492,1.230481148660324,1.3812954711303438,1.2174867466609496,1.2521764072997743,1.1063207116230993,1.2282958199356948,1.212611505321875,1.3922179589199986
2023-04-06,1.2362031716640847,1.0529181150252303,1.0886643158607407,1.0216735587755745,1.2356274912043475,1.3796397156926927,1.2136621809646324,1.2501059467514148,1.1010752454636967,1.2244372990353731,1.2104806690769094,1.3899393586871034
2023-04-07,1.2456175340533333,1.0594994169856935,1.0891006542638915,1.0313057726152057,1.2507138886828182,1.3876354615450979,1.2229048813973988,1.259939380406338,1.109460534885558,1.233762057877817,1.2161391262911259,1.3989708264206209
2023-04-10,1.2407480362657908,1.053848541783956,1.0877916390544395,1.0269357491393873,1.2475740004067029,1.3795756916928772,1.2181241742770024,1.2530256519624328,1.105123316219078,1.228938906752415,1.2137130252809918,1.3939908080565246
2023-04-11,1.2375017044074292,1.055643669020405,1.0978274223269033,1.0252294863417164,1.2524408016600546,1.383912175138164,1.214937036196738,1.2512827484704716,1.1022318371080913,1.2257234726688138,1.2119816250834705,1.3944310965045272
2023-04-12,1.2362031716640847,1.0613569738696498,1.1126629280340234,1.0171811857398476,1.2478837762393156,1.394382821986541,1.2136621809646322,1.2529043236195048,1.1010752454636965,1.2244372990353731,1.2113459140651361,1.3971879298684535
2023-04-13,1.2280873420181808,1.0574604285229983,1.1157172968560776,1.0188822767061592,1.2475490977113386,1.3906086835301528,1.2056943357639716,1.2458989970750216,1.09384654768623,1.2163987138263699,1.2064625128663253,1.3920633435917658
2023-04-14,1.23490463892074,1.0604198783042493,1.1122265896308727,1.0158615904919839,1.2600061181556028,1.3932246063377933,1.2123873257325264,1.2509051683446606,1.0999186538193018,1.2231511254019325,1.210346425635315,1.397970122322446
2023-04-17,1.2547072632567458,1.0698039903066823,1.127062095337993,1.0296439953366534,1.2652883078992843,1.4022164640690402,1.2318288680221385,1.264242403013773,1.11755667639632,1.2427652733119006,1.221883786467259,1.412120683973813
2023-04-18,1.2569796955575987,1.0706037083156024,1.1353525249978542,1.0267411830340645,1.2620055222503503,1.4027675455641127,1.2340598646783234,1.2640363454607066,1.1195807117740104,1.2450160771704213,1.223417863262307,1.4127467677667906
2023-04-19,1.2462668004250055,1.0653011569146058,1.1331708329821013,1.0155592436964125,1.2517806062605925,1.3974890636622166,1.2235423090134514,1.2555261786429683,1.1100388307077547,1.234405144694537,1.2174578017817663,1.4043862298647134
2023-04-20,1.241072669451627,1.0634723194891404,1.1314254793694989,1.0062644240198233,1.2359036316482812,1.3962317058885076,1.2184428880850287,1.2521822777559684,1.1054124641301761,1.229260450160775,1.2143358822955852,1.398624949987176
2023-04-21,1.2173744468855876,1.0430170921528292,1.1240077265159387,0.9872559664073205,1.22734180555824,1.369311169152703,1.1951767800990996,1.2243491026879554,1.084304666619974,1.2057877813504856,1.2006512938737994,1.3718303836770207
2023-04-24,1.2008181544079435,1.0349209666421626,1.1218260345001858,0.974129988409675,1.206192598907586,1.3613468583186505,1.1789223758897518,1.2116508534229347,1.08285434865735,1.189389067524119,1.1909800209178054,1.3578923380007613
2023-04-25,1.1946501238770566,1.0268781160645972,1.1314254793694989,0.974312936871648,1.1880913485175626,1.3495715116440186,1.1728668135372498,1.1987843766448238,1.0829404439034787,1.1832797427652766,1.187347399708268,1.3466112140789201
2023-04-26,1.191728425204531,1.028808578204009,1.1340435097884027,0.9726072711740018,1.192441972767446,1.3540545113156872,1.1699983892650119,1.2000315980370504,1.0829490534280914,1.1803858520900352,1.1856088722883713,1.3514011374902462
2023-04-27,1.2030905867087966,1.0338123966181019,1.1375342170136074,0.9799202775688258,1.1985803037238068,1.3585321987120613,1.1811533725459369,1.2084559714960323,1.0845245964322443,1.1916398713826397,1.1930811218235584,1.3606080173963717
2023-04-28,1.2157512809564066,1.0482199893838557,1.1532423995270287,0.9921639337065196,1.2131245844007084,1.3790107163573544,1.1935832110589675,1.2244054702760672,1.0850153393351771,1.2041800643086846,1.2008302834703797,1.376960605615834
2023-05-04,1.2157512809564066,1.0572462989750142,1.1483089573661753,1.0009202687882555,1.2129841074500805,1.3902061511713495,1.1935832110589675,1.224509444925377,1.085979606091817,1.2041800643086846,1.2012571606510936,1.3813793918634114
2023-05-05,1.210557149983028,1.0560252703408868,1.1355352865707709,1.0108765763331569,1.19361216336541,1.3854255675900435,1.1884837901305445,1.2160715844095185,1.0879770158019997,1.1990353697749225,1.199061611057551,1.3743992732420618
2023-05-08,1.2251656433456553,1.0743089853427958,1.14258282907858,1.029097997876529,1.2151438103568422,1.4067056637991953,1.2028259114917337,1.2274744899157608,1.0874260062267769,1.2135048231511283,1.2075005655894577,1.3922358576442222
2023-05-09,1.2138034818413896,1.0627084511435407,1.1284877440629615,1.028930765315695,1.1970516825767816,1.390080002940946,1.1916709282108087,1.2158251037869583,1.0878392634081937,1.2022508038585236,1.2009651197968148,1.376758539774489
2023-05-10,1.2037398530804688,1.050483121981883,1.130690101096652,1.0077118074439968,1.1978813740773604,1.3788346178784436,1.1817908001619895,1.2096349452312267,1.0893028825923794,1.1922829581993597,1.1956371373134997,1.368387196275468
2023-05-11,1.2021166871512878,1.0479658270119652,1.1298091582831757,1.0045649309608649,1.1892218151863345,1.375792151563619,1.1801972311218571,1.2068394545438896,1.0908353779734679,1.190675241157559,1.1953426304178665,1.3672671582967533
2023-05-12,1.185560394673644,1.0378621511503583,1.1152736018608191,0.9940617662234891,1.1662064932201504,1.3629438305981043,1.1639428269125094,1.192270327162486,1.090224101725955,1.1742765273311924,1.1851968970482147,1.3516839207265745
2023-05-15,1.2060122853813218,1.0470446926768335,1.1232020871821047,1.005173622134892,1.1977946101320598,1.3703949743554513,1.1840217968181743,1.2096348805140158,1.090826768448855,1.1945337620578806,1.197726335847698,1.3688098272496472
2023-05-16,1.2004935212221073,1.0403921344385325,1.1126307734203909,0.9987785536752831,1.1909940087742663,1.359479011214887,1.178603662081725,1.2025866099881086,1.090224101725955,1.1890675241157584,1.1941731365663777,1.3611552734759993
2023-05-17,1.191728425204531,1.036298439336377,1.1183569017079862,0.9922931636226829,1.1944656634147746,1.3597705902431898,1.1699983892650114,1.198405493679935,1.0901207874306007,1.1803858520900348,1.188896500977775,1.3574781180942368
2023-05-18,1.1914037920186948,1.040431267901588,1.1236425585888432,0.9913314209225449,1.1979977391653298,1.367459131706966,1.169679675456985,1.1992836349566716,1.0897764064460864,1.1800643086816747,1.1885519498033865,1.359467608365991
2023-05-19,1.189455992903678,1.034631592812643,1.1284877440629622,0.9846576329453661,1.187516795255303,1.362547225140547,1.1677673926088266,1.1988234552986163,1.090516825562792,1.178135048231514,1.1877090795774583,1.3556469375244553
2023-05-22,1.1959486566204014,1.0346756383957694,1.1262853870292717,0.9912786826092518,1.1936419394600881,1.3592396863614922,1.174141668769355,1.2011602336753837,1.0919029590254616,1.1845659163987168,1.1922028254891284,1.3574289914259736
2023-05-23,1.1774445650277403,1.0204867595471578,1.1152736018608198,0.9770334684877553,1.1765644344342534,1.3431803383851468,1.1559749817118488,1.1850904905134134,1.0947010545246398,1.1662379421221893,1.1823571935586665,1.339326840781273
2023-05-24,1.160239006178424,1.0072820280739168,1.1126307734203913,0.9611594734966918,1.1632074730848467,1.3312815688393054,1.1390831498864482,1.1716457051030846,1.0940381211294499,1.1491961414791025,1.1717043797839168,1.3260695386554808
2023-05-25,1.1573173075058987,1.0034008386284483,1.1104284163867009,0.9579989396296226,1.1554676942138125,1.3263910528764467,1.1362147256142103,1.168303824991738,1.0926347686175544,1.1463022508038614,1.1693328465528439,1.3220748692713675
2023-05-26,1.1589404734350794,1.0106949046903118,1.1205592587416766,0.9613379982062895,1.1555009127967768,1.3394466633227535,1.1378082946543424,1.1746212568302086,1.0925831114698772,1.1479099678456621,1.1702947440639688,1.3269910142468733
2023-05-29,1.153746342461701,1.0128259599977523,1.1183569017079862,0.9557705101891152,1.1499563038935692,1.3433944140506697,1.1327088737259197,1.17126576338186,1.092841397208263,1.1427652733119,1.1672583956689604,1.3244875240876801
2023-05-30,1.1550448752050455,1.0150388807074577,1.123202087182105,0.9522696765732026,1.1436273011517906,1.3477656465550696,1.1339837289580252,1.175329131315671,1.0937540068172258,1.1440514469453404,1.1684365414348348,1.3271058145188663
2023-05-31,1.143358080514944,1.0069145401125281,1.123642558588843,0.9423266930898141,1.1334083632454999,1.3416999334429704,1.122510031869074,1.1624968363278292,1.0943394544909,1.1324758842443758,1.1615933351739334,1.3155869457609821
2023-06-01,1.1425001859564476,1.004666025300196,1.1205341054267624,0.9420043254140725,1.1380649235257152,1.343836330560815,1.1250597423332853,1.1651373742865523,1.0952692831490884,1.1350482315112569,1.1635712155377875,1.3189499367205684
2023-06-02,1.1409016053290089,1.0042749524993786,1.1200979302202905,0.9513201012542465,1.166007394655553,1.3577923896475539,1.141951574158686,1.1826309382630928,1.093736787768,1.152090032154344,1.1734020199415842,1.3325314513124655
2023-06-05,1.1420780888244835,1.0113142629140939,1.1279490839367878,0.9521785474193173,1.1606176176430871,1.3546738299134982,1.1362147256142103,1.1766897278559658,1.0948646354922842,1.1463022508038616,1.1703491108225592,1.3281677620656835
2023-06-06,1.1425181475365314,1.0074035349059187,1.123587331872067,0.9440473587636378,1.151788131285536,1.331221262580104,1.1244223147172325,1.1644772397968717,1.0952865021983142,1.134405144694537,1.1632414831078046,1.3107746730970584
2023-06-07,1.1436407462917553,1.0195267917312618,1.1371087632727015,0.9506452224632498,1.147166834031273,1.3300267625777649,1.1205977490209154,1.1605164328587871,1.0963626927749213,1.1305466237942154,1.1613247052121425,1.3095068724485566
2023-06-08,1.1431018988892478,1.03399648536151,1.1532472459121683,0.9634553021921439,1.1537976915862367,1.3309290523764865,1.130796590877761,1.1710785846936793,1.0958461212981498,1.1408360128617396,1.1674475382768306,1.3149516724490526
2023-06-09,1.1437934197224657,1.026566102145977,1.1449599169891989,0.9606571558007502,1.1561332180401538,1.340133243164323,1.1358960118061838,1.1780873768409077,1.0965090546933398,1.1459807073955017,1.1708888586269965,1.320249809179745
2023-06-12,1.1444579981855583,1.0144428453206342,1.1314384855885644,0.948924360001144,1.1624424216935667,1.3441723790127604,1.1371708670382896,1.18061516861331,1.0971461595146912,1.1472668810289424,1.171949464664891,1.3205901907097677
2023-06-13,1.1457691935316596,1.0117053357149117,1.12838525914326,0.9533363258302031,1.1657484754819583,1.35117145197393,1.1464135674710558,1.1872778557089174,1.0984031501081681,1.156591639871386,1.1782017659020294,1.3259472854386953
2023-06-14,1.1466223685856298,1.0046660253001962,1.1205341054267624,0.9469648800568079,1.1729676666018445,1.3533132519432578,1.1464135674710558,1.188004845298662,1.0992210549463894,1.156591639871386,1.1785526960407995,1.3248446734195016
2023-06-15,1.1434970536510867,1.0081856805075537,1.124459682285011,0.9564998116625377,1.1911910383797315,1.3683666881389513,1.1671299649927733,1.2043436096427815,1.0962249403811155,1.1774919614147943,1.1900460602372196,1.3442450761595566
2023-06-16,1.140991413229427,1.0062303165034663,1.1222788062526508,0.9586206538170001,1.2010762269370903,1.380447568801676,1.1789223758897511,1.2149099653369315,1.0938228830141288,1.189389067524119,1.1962173745277043,1.3548485364958471
2023-06-19,1.141332683251015,0.9917606228732182,1.106140323613184,0.9473783099869489,1.1882465060534924,1.3776783917071227,1.1693609616489584,1.2091483334748307,1.0832015345844843,1.1797427652733152,1.190539480638684,1.347192085640816
2023-06-20,1.1415661837921014,0.9812016572511453,1.0943635930384379,0.9440381703114946,1.1952967400990302,1.3770940637625786,1.1671299649927733,1.2076828153208876,1.0811349195007853,1.1774919614147943,1.189274066064513,1.3437072314051204
2023-06-21,1.1428055328178686,0.9745534196372475,1.0869486145284126,0.9355998402975372,1.1821054453954494,1.3509937545062676,1.14960070555132,1.1856199907702605,1.0648972295574366,1.1598070739549873,1.1790734168800963,1.3214718296061359
2023-06-26,1.14351501523117,0.9565640707996419,1.0668845550306971,0.9174546466565412,1.1696940203376216,1.32921439190225,1.135577297998157,1.1678548507961948,1.0519070776027575,1.1456591639871414,1.1707364579463424,1.301813909510808
2023-06-27,1.142832475187994,0.9772909292429702,1.090001840973717,0.926934780904692,1.1795741243495466,1.340435401015957,1.1438638570068442,1.1768224602565092,1.0595830764850678,1.1540192926045048,1.1755828166773379,1.313902380536756
2023-06-28,1.1430300525689132,0.9851123852593205,1.0987253451031587,0.9278010750924534,1.1763592965148097,1.3418372463174615,1.1464135674710556,1.1795977579260208,1.0619449222950095,1.1565916398713858,1.1772363602791442,1.315945542682615
2023-06-29,1.1427247057074923,0.9843302396576854,1.0978529946902145,0.9235975711178416,1.1696137467074412,1.340830956102423,1.14067671892658,1.1757054691917386,1.0566307692226409,1.1508038585209035,1.173575911785177,1.3142028359136775
2023-06-30,1.1443232863349309,0.986285603661773,1.1000338707225747,0.9356249668272019,1.179272576277497,1.3567097266202621,1.1480071365111877,1.1871014193457283,1.063421075926223,1.1581993569131863,1.1787577114882424,1.326669897440852
2023-07-03,1.1448621337374383,0.9911939498088087,1.1005502719988374,0.9462495790164153,1.1958404867613417,1.3636066728921052,1.1623492578723769,1.197533327610741,1.0767064586071446,1.172668810289392,1.1878155104166308,1.3373740607521598
2023-07-04,1.1446645563565188,0.989045674826256,1.102065485773962,0.9439131224317096,1.196660029412357,1.367706915796315,1.164580254528562,1.2001442715779693,1.0787730736908436,1.174919614147913,1.1891014400824431,1.3380583899222829
2023-07-05,1.1463619256744173,0.9848322272592253,1.1028230926615243,0.9358844882894934,1.183176799513837,1.3583552803054473,1.1559749817118483,1.1924745067668723,1.0708018440822906,1.1662379421221896,1.184534866851078,1.3300734443277848
2023-07-06,1.1467480996462143,0.9817444575993481,1.1023180214031496,0.9316092509877082,1.1721657247272967,1.3505008452714693,1.1470509950871086,1.1842220465523556,1.0625353837474951,1.157234726688106,1.1792078008703448,1.3219029447534092
2023-07-07,1.1468648499167575,0.983132879052981,1.100802807628025,0.9302918409757605,1.1720855618442532,1.3459217229841747,1.143545143198818,1.1807452778250074,1.0592878457588253,1.1536977491961447,1.1770933412080855,1.3182536248153656
2023-07-10,1.146793003596423,0.9846789897582007,1.1035806995490869,0.931700093838273,1.1745004749296382,1.34976100595014,1.148644564127241,1.185565654587827,1.0640115373787087,1.1588424437299067,1.1802132588261327,1.324747111564487
2023-07-11,1.1469366962370917,0.9883505842244289,1.1045908420658364,0.9368776910593974,1.1779850691023952,1.3606699546764127,1.1569311231359278,1.1950529317849679,1.0716875362610188,1.1672025723472699,1.1853809921530196,1.3331526670954779
2023-07-12,1.1469097538669664,0.9775498337077129,1.1038332351782743,0.9303326076587128,1.1732351305914221,1.346765363936882,1.1508755607834258,1.1855731495345458,1.0660781524624074,1.1610932475884275,1.1816471698636872,1.3224165304518791
2023-07-13,1.1467480996462143,0.9883666587908758,1.1131770534582093,0.9418154476221988,1.1912395769512956,1.3656742894385758,1.1709545306890907,1.2046865082307616,1.0846776882156979,1.1813504823151155,1.193950049303069,1.3426060227175545
2023-07-14,1.1463798872545008,0.9906811062004173,1.1081263408744606,0.9402668116507438,1.187657674518211,1.3629957386714344,1.170317103073038,1.2018492852434248,1.0840872267632125,1.1807073954983953,1.1934067345124981,1.3412668251423008
2023-07-17,1.1472061199383454,0.9856659597997364,1.1126719821998343,0.9382410173518279,1.1806811176832983,1.356741794619626,1.161393116448298,1.1956958894534648,1.0758207664284167,1.1717041800643115,1.1882907542762573,1.3326672534978723
2023-07-18,1.1479425447217724,0.9839303957009604,1.1167125522668333,0.9384229303396734,1.1823569498543351,1.354930280935078,1.1594808336001394,1.1937711664941462,1.0740493820709605,1.1697749196141507,1.1874219309882346,1.3303774514550892
2023-07-19,1.1482478915831933,0.9864319378209767,1.1295918693553924,0.9393347559962562,1.1825636933095836,1.3529044554576137,1.1588434059840866,1.1925027207235481,1.073458920618475,1.1691318327974305,1.1871565972745672,1.3295907385242656
2023-07-20,1.148220949213068,0.9782873630313298,1.12883426246783,0.9305369612346885,1.17272351883116,1.338345302296936,1.1499194193593467,1.1810120044581844,1.0651924602836793,1.1601286173633467,1.1816602431459653,1.3180825894376778
2023-07-21,1.149415394288626,0.9777010941361851,1.124541156771644,0.9318441177511316,1.1688644020929058,1.3382952774397316,1.1505568469753995,1.1816535463044766,1.0657829217361647,1.160771704180067,1.182544948746941,1.3197037521879686
2023-07-24,1.1497387027301305,0.9761462364710999,1.121763264850582,0.9321239347714034,1.1643800822908552,1.3343330862680391,1.1451387122389503,1.1778238800660603,1.0607639993900388,1.1553054662379447,1.1793367368700411,1.3143081636783944
2023-07-25,1.1467660612262978,0.9921773419804067,1.1162074810084583,0.9609385252105432,1.2038162975551048,1.363250235105936,1.18083465873791,1.2064305019959478,1.056324178970377,1.1913183279742792,1.2001742447687977,1.3444521639858062
2023-07-26,1.1469816001873008,0.9911635899740943,1.1210056579630197,0.9575620126883366,1.2008312674540782,1.3591227980456746,1.177966234465672,1.2038069948158845,1.0520680906185094,1.188424437299038,1.1985152338459286,1.3426438646611483
2023-07-27,1.1479874486719812,0.9889446356693509,1.1232784786257066,0.9555819999356979,1.1917700832580167,1.351713518532478,1.1766913792335663,1.1987344671244926,1.0509294887888356,1.1871382636655974,1.1981573936158447,1.3392175039157226
2023-07-28,1.1471701967781784,1.0031122283882024,1.1121669109414594,0.9921712062123073,1.2283012557859898,1.3746927461701341,1.2072879048041032,1.217205284162395,1.0782559327010046,1.2180064308681697,1.2165090195461152,1.3652615775837718
2023-07-31,1.1461014827632052,1.0102460164684592,1.1134295890873964,0.9953128709482719,1.2266136697838468,1.382811672613998,1.2111578802647205,1.2254353476302062,1.0828103400196996,1.2231511254019318,1.2191387170755987,1.3733529135460671
2023-08-01,1.1388445272546805,1.0076414736929193,1.1177226947835828,0.9912430432724193,1.2267121506339995,1.3803021480509987,1.2064252544824465,1.2264904839722333,1.077686631786168,1.2173633440514495,1.216036636743136,1.3702623647657208
2023-08-02,1.1301212067870667,0.9986408538822613,1.1174701591543952,0.9852911062941173,1.2125395273579784,1.3741298388471859,1.1985844291169474,1.2218478840673141,1.0694317685210335,1.2080385852090059,1.2104669223939228,1.3612313018790183
2023-08-03,1.1409501563330702,1.0059160360337804,1.1126719821998339,1.0096270800565812,1.2165840107508368,1.380541819060725,1.2084187383537683,1.2262794567038278,1.079679184988097,1.2196141479099705,1.2176423150546973,1.3704328574841673
2023-08-04,1.1472670435682388,1.0082443324441468,1.1114093040538968,1.0156843917602358,1.2179965657938991,1.3890594209213025,1.2141633482858003,1.2349315747084495,1.085656844593884,1.2263665594855333,1.2218549350162093,1.375674483962709
2023-08-07,1.1379421147925137,1.000689443808203,1.1136821247165838,1.012739674709807,1.1976607033149271,1.37987311547266,1.2055775496274508,1.2262794567038278,1.0768326804139126,1.2163987138263692,1.2161103605283414,1.3657469236161934
2023-08-08,1.133430052481679,0.9978256850497265,1.1146922672333333,1.0067726148595508,1.1974879597976331,1.3743936097825662,1.2014400330015451,1.2218478840673144,1.0725629235526362,1.2115755627009672,1.213319867084577,1.3613213137042302
2023-08-09,1.1310236192492338,0.9945369384560641,1.113934660345771,1.0056806597759802,1.2037705072772256,1.3664718105284557,1.1992448150136201,1.2129847387942871,1.0702857198932887,1.2090032154340862,1.211869101408332,1.356221754575776
2023-08-10,1.132527640019512,0.9964819701728477,1.1101466259079595,1.014832786053809,1.2036026680063534,1.366555654445461,1.2005749422420986,1.2125626842574764,1.0717089721803807,1.2106109324758867,1.212642763371248,1.3588494146517296
2023-08-11,1.1039512453842253,0.9746868804498204,1.1149448028625208,0.9828864352979985,1.1824529847757939,1.3369228033093146,1.1741942597471937,1.187028384780422,1.04466717872563,1.1800643086816742,1.1944281715273886,1.329082964407044
2023-08-14,1.0958295332247228,0.9706596010731081,1.1164600166376455,0.9719800254894034,1.1737352644952033,1.33528663492068,1.167369681806648,1.1885055756592597,1.0435347383348272,1.1713826366559508,1.1894022840878398,1.324297881185936
2023-08-15,1.0946263166085002,0.9713190513943775,1.1189853729295196,0.9863134310049387,1.1739946955000995,1.3287577909252897,1.1668940068523168,1.1815416758018813,1.0457607848706805,1.1700964630225104,1.1896335918622691,1.3214199750451154
2023-08-16,1.0856021919868308,0.9654754041258032,1.1194904441878946,0.9855073365381369,1.1640534398424986,1.3159078613231765,1.1594679853260372,1.1724675032604488,1.0463397200503346,1.1604501607717066,1.1840126051639126,1.3117665365569855
2023-08-17,1.089512645989554,0.9684123854741145,1.1184803016711449,0.9828628624687143,1.1788170647149212,1.3241473951486835,1.162670864211498,1.1800644849230435,1.045997251352511,1.1646302250803882,1.1864165566972311,1.3175895927621488
2023-08-18,1.0744724382867719,0.9581549973870371,1.1164600166376453,0.9756982403010047,1.1597175038446277,1.301828052175617,1.1501805173911686,1.1604389489613405,1.0465435704657058,1.1485530546623817,1.176837668197609,1.3008236132152973
2023-08-21,1.0588306222758783,0.9457364763927926,1.1207531223338316,0.9523659416974012,1.1480218368292407,1.2845219964003594,1.1376851228704485,1.144189849294124,1.047530206476102,1.131832797427655,1.1670022476616728,1.283979665801835
2023-08-22,1.0657491178191583,0.952095875856852,1.1189853729295198,0.9658801330712798,1.147901127053864,1.2921756607276675,1.143168299804396,1.1498875855410702,1.0469268092466035,1.139228295819938,1.1713085407733055,1.2914123363871863
2023-08-23,1.0492048893460977,0.941397765836131,1.1242886211424559,0.9520225387210441,1.1253008132597562,1.2692351046270374,1.129673541649862,1.1287848587005294,1.0468208070306104,1.121543408360131,1.160351369998583,1.272180022387833
2023-08-24,1.0561233848893776,0.9440062764137331,1.1273190486927052,0.9576123454824325,1.149304900661735,1.2736540421444125,1.135260628655084,1.1321612949950157,1.0465680325155502,1.128938906752414,1.164830134268448,1.2775934375379583
2023-08-25,1.054017755810988,0.9418092417956647,1.1232784786257062,0.9648453629937465,1.1401089438281238,1.260317244717213,1.1334086392058973,1.1178114407434478,1.046054329468815,1.126688102893893,1.163208016837892,1.2696138336516538
2023-08-28,1.0699603759759373,0.9552282500606297,1.1237835498840811,0.9838589710517205,1.1506713641285036,1.2744199063894799,1.150114803687711,1.1311061586529887,1.0447089167273653,1.14372990353698,1.1731660906246135,1.2850789213753075
2023-08-29,1.0765780673651615,0.9632604544507475,1.1268139774343304,0.9743981830499119,1.1729781344367822,1.3002236492675718,1.15722824919829,1.1574845672036647,1.04338796603576,1.1508038585209028,1.1769263512849555,1.3050467675481292
2023-08-30,1.0762772632111057,0.9598084383548691,1.130602011872142,0.9543800932078467,1.176825216063854,1.3023695765447407,1.1569049107659908,1.15769559447207,1.0454509322393162,1.1504823151125427,1.177659844216204,1.3029216885681398
2023-08-31,1.0705619842840486,0.9533425476962311,1.1348951175683284,0.9434619766584161,1.1687267910996701,1.2964974055111889,1.150761480552309,1.151575803688313,1.0456629366713024,1.1443729903537003,1.1740031839173468,1.294962343262602
2023-09-01,1.067671992026871,0.9625529165208786,1.1336324394223913,0.9482455769988288,1.173287424500708,1.3006120592743977,1.158198264495187,1.1528419672987456,1.0445132203286092,1.1517684887459831,1.1780390427749363,1.3002284488202909
2023-09-04,1.0650048540742987,0.9795434898746624,1.1379255451185777,0.9602287857002704,1.1856811991698792,1.3216706847674906,1.1766501681823414,1.1705682578447998,1.0419039350118582,1.1704180064308707,1.188306840402231,1.3204373007902903
2023-09-05,1.0657966606539684,0.970678842907471,1.1384306163769524,0.9515451680700242,1.1766508675881526,1.3117167351246173,1.1680455612918261,1.1614940853033673,1.0426785665902685,1.161736334405147,1.1833716135532333,1.3112617297977853
2023-09-06,1.0649631800437895,0.969570762036572,1.13767300948939,0.9517713689311739,1.1712074343842034,1.312696322448625,1.1648424449599761,1.1610720307665565,1.0418631649287837,1.1585209003215458,1.181036253140118,1.309942174175663
2023-09-07,1.0636212762614017,0.9666158797141748,1.1374204738602025,0.9476065200310629,1.1611576642612391,1.2972221594134163,1.1479088093674967,1.143767794757313,1.0405503682537933,1.1414790996784587,1.1700171882084156,1.2918037547498324
2023-09-08,1.0644964309020895,0.9595980341984816,1.1455016139942005,0.9475340461561796,1.1610984599441867,1.2948354779031155,1.1412176747686678,1.1433457402205023,1.041406539998352,1.1347266881028961,1.16624953030713,1.2874791449984653
2023-09-11,1.0644964309020895,0.9673546002947743,1.1477744346568874,0.9557580386311763,1.1799587348993963,1.3102039761804862,1.150220356044214,1.1574845672036647,1.041406539998352,1.1437299035369797,1.1718015258042,1.2997245695358186
2023-09-12,1.0646881314424304,0.9655077988432759,1.148026970286075,0.9495306598871448,1.1772069457892582,1.3091671566914258,1.148610729733282,1.1559560809768652,1.0415940823804934,1.142122186495179,1.1708976296257219,1.297150212225841
2023-09-13,1.06580499546007,0.9710482031977706,1.150804862207137,0.9441355993196042,1.17150617592629,1.301182163818285,1.1405632168586752,1.145673287263947,1.0426867206068828,1.1340836012861757,1.1664442719402974,1.288365565624222
2023-09-14,1.0663634274688898,0.9850838942291571,1.159643609228697,0.9512029713005588,1.1732295200054572,1.3054095876721283,1.1395992759527087,1.144658374924619,1.0432330397200775,1.1331189710610954,1.166093443492398,1.2893722450130225
2023-09-15,1.0658133302661716,0.9858226148097564,1.14853204154445,0.946684562572122,1.1755996991155855,1.305999895340044,1.1341211952076988,1.1420029599202164,1.0426948746234976,1.1276527331189732,1.16247764047409,1.2869097931236417
2023-09-18,1.0646297877997177,0.9865613353903557,1.1424711864439516,0.9465421076597503,1.173014047180651,1.3076567615885586,1.1383180601728238,1.145382866911837,1.0415370042641896,1.131832797427655,1.1645467802384406,1.2912977224182558
2023-09-19,1.064504765708191,0.9943179014866486,1.151309933465512,0.9495730600893826,1.1672308739893327,1.3057700398078178,1.1367011311100783,1.1419355941372444,1.041414694014967,1.1302250803858545,1.1634995665422416,1.2882223840613383
2023-09-20,1.064071355790898,0.9972727838090457,1.1601486804870722,0.9492731362277195,1.1609090122623484,1.2996959650717599,1.1308801864841944,1.1346854062094636,1.040990685150995,1.124437299035372,1.1597351741937245,1.2813087266620402
2023-09-21,1.0648798319827715,0.9902549382933524,1.1566131816784482,0.9432629672952002,1.1513853509482905,1.2895907627599952,1.119561683044976,1.12414719319712,1.041781624762635,1.1131832797427674,1.1531232581161166,1.2698910766391402
2023-09-22,1.0640880254031015,0.9954259823575475,1.1518150047238869,0.9627715259816196,1.1757158497119067,1.3086687168262194,1.1438156189861581,1.1466700391069127,1.0410069931842245,1.137299035369777,1.1677688934962522,1.2945306773154042
2023-09-25,1.0638629856383532,0.9932098206157497,1.1568657173076355,0.9509098644705524,1.1707089601108547,1.3026406390568661,1.1347608162347835,1.1386418419523645,1.0407868347356237,1.1282958199356934,1.1621234521421895,1.2864401775023502
2023-09-26,1.0626210995291867,0.9884081368418542,1.1561081104200732,0.9502366851372912,1.1614781385516515,1.2971612309022376,1.1279697141712526,1.1332274226496708,1.0395718862600116,1.1215434083601308,1.1574079024091173,1.2793077720905728
2023-09-27,1.0601373273108539,0.9843451736485581,1.139188223264515,0.9490568956252413,1.1709349849842723,1.3001709132869628,1.1312035722967435,1.1374897550052259,1.0371419893087874,1.124758842443732,1.1583167255538898,1.2844416976988742
2023-09-28,1.0649548452376876,0.9828677324873596,1.1202480510754573,0.9443865833435167,1.1711225004352204,1.3034784289788381,1.126676170921056,1.1360568406617062,1.0418550109121687,1.1202572347266901,1.1576406434065336,1.2830403119736
2023-10-09,1.065880008714986,0.9810209310358614,1.112419446570647,0.93588253666178,1.1601626549766373,1.2981463799279973,1.123442312795565,1.131062223770703,1.0427601067564165,1.117041800643089,1.1560492759508771,1.2784892399304422
2023-10-10,1.065096536941418,0.9703094826171715,1.098024915706963,0.9343811208275633,1.158966511891109,1.2878028026552366,1.1147108958567393,1.1237186876903205,1.041993629194621,1.1083601286173654,1.1503184724267157,1.2702688400158573
2023-10-11,1.063096183476989,0.9669852400044748,1.0997926651112753,0.9317070433993809,1.1542015189468136,1.2869267076998145,1.117297982357132,1.1244968937063933,1.0400366652070578,1.1109324758842465,1.15105614504602,1.272744651615568
2023-10-12,1.0629378221610548,0.9765886075522658,1.1086314121328351,0.9439080332044033,1.1723319516712145,1.2991123500121335,1.1289398716088994,1.134884508597721,1.0398817388913757,1.122508038585211,1.1581837425657313,1.2840368681674765
2023-10-13,1.0638463160261498,0.9751111663910672,1.1124194465706467,0.938892581380788,1.1539068472173708,1.2917014285974064,1.117621368169681,1.1260318689533941,1.040770526702394,1.1112540192926066,1.1516126851759791,1.2752094182305105
2023-10-16,1.0639630033115748,0.9821290119067604,1.1263089061759555,0.9378841038497667,1.143697536654726,1.2848565414919302,1.1037157782300697,1.113029385189976,1.0408846829350018,1.097427652733121,1.1430661021415527,1.2631051786487943
2023-10-17,1.0634212409149584,0.9806515707455619,1.1313596187597041,0.9452762498200773,1.1527780467943314,1.286608001127387,1.107596407980659,1.1161424127966628,1.0403546718550367,1.1012861736334427,1.1452446762352655,1.2651581723217904
2023-10-18,1.0632128707624138,0.97215628406867,1.1422186508147636,0.9439394611433195,1.1447672671517344,1.2738893754825862,1.0985416052292842,1.1044266684723534,1.0401508214396655,1.0922829581993592,1.139537364547517,1.2516570460511403
2023-10-19,1.0612541913284934,0.955535071005186,1.148279505915262,0.9292352646715019,1.1262184586462116,1.2517338873506503,1.0736408976630036,1.0850557175972102,1.0382346275351766,1.0675241157556292,1.1231996734362584,1.2302181170618176
2023-10-20,1.062104341550876,0.947039784328294,1.1609062873746339,0.9315692426259936,1.1196359077527265,1.2426965572474382,1.06781995303712,1.0781282112720985,1.039066337229891,1.061736334405147,1.119905800786409,1.2203188403811163
2023-10-23,1.0631211878952942,0.9359589756193046,1.154592896644948,0.9145886361245256,1.1150860633015582,1.221222226381892,1.0555312921602542,1.0564897349754405,1.0400611272569023,1.0495176848874619,1.1126018302872356,1.1989011155909806
2023-10-24,1.0626044299169832,0.9437155417155972,1.1553505035325102,0.928423547703673,1.1215166567402475,1.2304434809606661,1.057148221223,1.0640780937283894,1.0395555782267818,1.0511254019292626,1.1134081185259026,1.2086501429517045
2023-10-25,1.0638879900566587,0.9522108283924889,1.1508048622071365,0.9287856487799929,1.131099382733522,1.2388373662412668,1.0636159374739818,1.070177152639675,1.0408112967854684,1.0575562700964651,1.1180332409074232,1.214326316735497
2023-10-26,1.0651882198085376,0.9559044312954855,1.1591385379703216,0.9334062887816498,1.1430745556775987,1.2440230631875044,1.06781995303712,1.0748211004342896,1.0420833233773843,1.0617363344051467,1.1212312644674618,1.2206678422812098
2023-10-27,1.0646881314424304,0.9599673944887817,1.1614113586330086,0.9345389304166926,1.1666742096335732,1.2610198494482876,1.085282786914771,1.0945644290857177,1.0415940823804934,1.0790996784565936,1.1320224892720787,1.2408765046674373
2023-10-30,1.0661550573163452,0.944823622586496,1.1639367149248827,0.9249190197410104,1.1614575980998703,1.2600262308403085,1.0899529163378334,1.1019042787333249,1.0430291893047066,1.0842443729903557,1.1358845738719376,1.2479384475513486
2023-10-31,1.0664884495604168,0.9477785049088931,1.1667146068459444,0.9258998458489013,1.161483731934858,1.2593034987634053,1.0876394371956133,1.0992331535896878,1.0433553499693005,1.0816720257234747,1.1344097351400133,1.2449842534341178
2023-11-01,1.066713489325165,0.9466704240379944,1.162421501149758,0.9244301635539031,1.1594580205466118,1.2595241723488577,1.087074351050789,1.0976472453640034,1.0435755084179015,1.0810289389067544,1.134100819284625,1.243815618735676
2023-11-02,1.0675303003231402,0.9499946666506912,1.1649468574416326,0.9244129310039862,1.1518732669045237,1.2581525860638776,1.0821666498186,1.0895161973892946,1.0443746020461564,1.0755627009646322,1.1310074258065683,1.2368364299943917
2023-11-03,1.0674552870682241,0.9448236225864961,1.1641892505540703,0.9281544836119355,1.162248736907455,1.2629972597718226,1.0903749272321648,1.0983921632737041,1.044301215896623,1.0845659163987158,1.136656032379415,1.2466006328467643
2023-11-06,1.067146899242458,0.9378057770708029,1.158380931082759,0.9476507183702333,1.1787589308290822,1.2694611281902326,1.1057292942770318,1.1162101960335489,1.0439995172818735,1.1000000000000019,1.1462298964599307,1.2647797855394345
2023-11-07,1.0674386174560204,0.9385444976514021,1.1538352897573854,0.9482243053814421,1.1703880122854513,1.2664606657596924,1.1021738946169772,1.1153614086135077,1.0442849078633931,1.0964630225080405,1.1441438550776377,1.262863223233163
2023-11-08,1.0675469699353437,0.9381751373611025,1.1492896484320116,0.9417620468951429,1.168960913323817,1.2634944007113218,1.0986184949569224,1.1131431297993843,1.0443909100793862,1.092926045016079,1.1419758385388625,1.262538053341155
2023-11-09,1.0676053135780563,0.9474091446185936,1.1417135795563886,0.9424541260295936,1.1656518941765601,1.2680114488794902,1.0995881494096647,1.1132350893730378,1.04444798819569,1.0938906752411595,1.1426055563849444,1.26248473392215
2023-11-10,1.0676469876085652,0.9444542622961964,1.150047255319574,0.9389828401141991,1.1628064639441535,1.2590035688482852,1.0908612593349847,1.1043998902510295,1.0444887582787643,1.0852090032154358,1.1371824182126151,1.2555689609979175
2023-11-13,1.0689638869726477,0.9463010637476946,1.146006685252575,0.9339620670192542,1.1583698001213865,1.2581152417174806,1.0892451685804143,1.1027637422654724,1.0457770929039099,1.0836012861736353,1.1367326567982063,1.2588812837793746
2023-11-14,1.068872204105528,0.9426074608446983,1.1510573978363237,0.9410918089872482,1.1578851533310968,1.256115257229902,1.0892451685804143,1.1027637422654724,1.0456873987211466,1.0836012861736353,1.1366936586953167,1.259430702370151
2023-11-15,1.0688471996872229,0.945931703457395,1.155855574790885,0.9441992405814537,1.1727360731267447,1.2645077108818632,1.097325622353266,1.1109444821932577,1.0456629366713022,1.0916398713826383,1.1417424896252677,1.267038796186504
2023-11-16,1.0694806449509586,0.9466704240379943,1.1513099334655112,0.9390069976934323,1.1553739212163472,1.2558428383233466,1.0856897689203595,1.0991642166972468,1.0462826419340305,1.0800643086816737,1.1347490427132567,1.2540617502494014
2023-11-17,1.06958066262418,0.9429768211349978,1.1545928966449477,0.9383199738779846,1.157662142067671,1.2528596560443566,1.0840736781657891,1.0975280687116897,1.0463804901334086,1.078456591639873,1.1337780209227069,1.2566544555726533
2023-11-20,1.0689972261970548,0.9444542622961964,1.141966115185576,0.939028974590032,1.168091769417474,1.2559730732195402,1.087629077825844,1.1011275942799152,1.0458097089703695,1.0819935691318343,1.1357616869481537,1.2618093195425348
2023-11-21,1.0684888030248458,0.9503640269409908,1.1404509014104514,0.9398080367334529,1.1693653783268243,1.261393448180307,1.0892451685804143,1.1027637422654724,1.0453123139568639,1.083601286173635,1.13655818234604,1.2611216994371905
2023-11-22,1.0672302473034758,0.9474091446185935,1.1361577957142648,0.9337243770245106,1.1603002665195907,1.2514110136144765,1.0766396606947655,1.090001787978127,1.044081057448022,1.07106109324759,1.1281308605995854,1.2474354670394148
2023-11-23,1.0658550042966808,0.9547963504245864,1.135147653197515,0.9351772676526607,1.1630267189753267,1.2586772974031406,1.0827808055621329,1.096219150323244,1.0427356447065723,1.0771704180064323,1.1314102827343568,1.2564654234046033
2023-11-24,1.0666551456824525,0.9577512327469836,1.1361577957142648,0.9303418112532157,1.1568679442266623,1.2544794506605024,1.074700351789281,1.0880384103954586,1.0435184303015976,1.069131832797429,1.1266840081355722,1.247008822999784
2023-11-27,1.0664967843665185,0.9544269901342868,1.1480269702860744,0.9206798902398381,1.1499695409066657,1.2461801340249266,1.0669431161673433,1.0801849000647845,1.0433635039859155,1.061414790996786,1.1217376251279316,1.2413196855387671
2023-11-28,1.066396766693297,0.9522108283924887,1.1515624690946984,0.9176070934947328,1.1517434826113464,1.2455361213182072,1.0682359887709996,1.0814938184532301,1.0432656557865372,1.0627009646302263,1.122511107872874,1.2441232747290762
2023-11-29,1.0659966960004112,0.9474091446185934,1.159391073599509,0.9097813886618614,1.1466127132422377,1.2380397416974802,1.0595090986963196,1.0726586193312218,1.0428742629890246,1.0540192926045027,1.1168404863761554,1.2361134891327894
2023-11-30,1.0667801677739792,0.9507333872312902,1.1588860023411343,0.9124797177209045,1.142315834752997,1.2410869270320135,1.0608019712999759,1.0739675377196674,1.0436407405508201,1.055305466237943,1.117986521429792,1.236281281217111
2023-12-01,1.067605313578056,0.955165710714886,1.1588860023411343,0.9185592840789734,1.1463254285324613,1.238329816326925,1.0562769171871789,1.0693863233601075,1.0444479881956898,1.0508038585209012,1.1154710313685254,1.2387390894143313
2023-12-04,1.0668135069983862,0.957381872456684,1.1725229263172554,0.915643222859675,1.1445411319665808,1.232953914686369,1.0485196815652413,1.0615328130294337,1.0436733566172796,1.0430868167202583,1.1102249363549248,1.2321063102572114
2023-12-05,1.0666968197129612,0.9440849020058967,1.1566131816784473,0.9039789779824818,1.1217021931807172,1.2100458290430804,1.0271872836049127,1.0399356596200802,1.0435592003846716,1.0218649517684897,1.0966236779366096,1.2096008887458514
2023-12-06,1.066546793203129,0.9429768211349977,1.1561081104200726,0.9010629167631835,1.1248571666407283,1.2098376433668212,1.028803374359483,1.0415718076056373,1.0434124280856045,1.0234726688102904,1.0975971854068076,1.2120436940880541
2023-12-07,1.0671385644363558,0.9433461814252972,1.157623324195197,0.9059230187953473,1.1206966018198936,1.207007116659887,1.0258944110012564,1.0386267412316346,1.0439913632652587,1.0205787781350493,1.0959786976071848,1.210097594245526
2023-12-08,1.067688661639074,0.943715541715597,1.159391073599509,0.8991188759503179,1.115671776302679,1.2093486291153486,1.028156938057655,1.0409173484114145,1.0445295283618385,1.0228295819935702,1.0976549385516006,1.2128509597543042
2023-12-11,1.0692306007679049,0.9533189092633878,1.1508048622071363,0.9136991820468094,1.1300311440007718,1.2183422257688885,1.0359141736795925,1.0487708587420883,1.046038021435585,1.0305466237942131,1.103257975299247,1.2246711980786942
2023-12-12,1.0691305830946833,0.9577512327469835,1.1462592208817624,0.9098111004210785,1.1340128841530257,1.2236559219859366,1.038499918886905,1.0513886955189797,1.045940173236207,1.0331189710610942,1.104869000274272,1.2269362167637798
2023-12-13,1.0706475178052088,0.9496253063603913,1.143733864589888,0.899118875950318,1.123289731015341,1.2043114938307544,1.019753266133889,1.0324093788865174,1.0474242042601092,1.0144694533762066,1.0935292220131447,1.209221231535736
2023-12-14,1.069614001848587,0.9525801886827885,1.1611588230038208,0.895230794324587,1.118669634891736,1.2014766543783055,1.014581775719264,1.0271737053327348,1.046413106199868,1.0093247588424445,1.089779601444407,1.2052710989175455
2023-12-15,1.0705891741624964,0.9463010637476943,1.1591385379703212,0.895230794324587,1.114836324169775,1.1981303371237333,1.0123192486628656,1.024883098152955,1.0473671261438053,1.0070739549839238,1.0887188930443934,1.1993239891205925
2023-12-18,1.071480998415388,0.9451929828767954,1.155603039161697,0.8942587739181542,1.1118939970132298,1.1962496794726647,1.0077941945500686,1.020301883793395,1.048239605921594,1.002572347266882,1.0861617279983948,1.1895293929817607
2023-12-19,1.0713726459360646,0.9422381005543983,1.1588860023411336,0.8923147331052886,1.1065450246735724,1.195815785232527,1.008440630851897,1.020956342987618,1.0481336037056008,1.0032154340836024,1.0865358156507283,1.190031545343339
2023-12-20,1.0706141785808019,0.941499379973799,1.162674036778945,0.8680142229444693,1.0901769506973158,1.18913372434784,0.9984208681735607,1.010812225477164,1.0473915881936497,0.9932475884244383,1.079750709809143,1.177748918061362
2023-12-21,1.0710225840797896,0.9341121741678061,1.1629265724081326,0.8680142229444693,1.0987306840761455,1.1948218638896768,1.008440630851897,1.020956342987618,1.0477911350077773,1.0032154340836024,1.086417040489418,1.18574164923389
2023-12-22,1.072497844759806,0.9326347330066075,1.168482356250256,0.865098161725171,1.096582795947089,1.1964302063388708,1.0103799397573814,1.0229197205702865,1.049234395948605,1.0051446945337632,1.0882691848112438,1.1833858493379394
2023-12-25,1.0733980038187991,0.9318960124260083,1.170250105654568,0.860238059693007,1.099944538557799,1.1974461369599285,1.013288903115608,1.0258647869442892,1.0501150297430084,1.0080385852090044,1.0905144708319905,1.1835928914776386
2023-12-26,1.0742481540411815,0.9256168874909142,1.1735330688340044,0.8495458352222465,1.088788920982538,1.1905570955542184,1.0068245400973268,1.0169636973300593,1.0509467394377228,1.0016077170418018,1.0866857354687345,1.1732536742090065
2023-12-27,1.075323344028312,0.93004921097451,1.176816032013441,0.8573219984737086,1.0935333089724897,1.1942815955128077,1.0100567216064675,1.020234015216919,1.051998607581038,1.004823151125403,1.0892139255009103,1.1770952596196227
2023-12-28,1.0763151859544249,0.9234007257491164,1.177321103271816,0.876762406602364,1.1135882454867292,1.2116893555449504,1.0372070462832494,1.0444902212250369,1.0529689355582046,1.031832797427654,1.1071826293430742,1.2016812613470458
2023-12-29,1.077298693074436,0.928941130103611,1.173785604463192,0.876762406602364,1.1187961907197193,1.2155533880813767,1.0404392277923902,1.0506357065964242,1.0539311095187565,1.0350482315112552,1.1096574596651099,1.2093237575149853
2024-01-02,1.0763735295971375,0.9266570674507957,1.178331245788566,0.8660701821316035,1.116900815680802,1.210935984313959,1.0262736142812674,1.040876009406422,1.0530260136745087,1.0202572347266894,1.0997619742314864,1.2004676617702124
2024-01-03,1.076081811383575,0.926405925317634,1.1775736389010036,0.8670422025380363,1.1126464659413622,1.2169063578511399,1.0232079084505905,1.0385225934709494,1.052740623092989,1.0170418006430881,1.0975631511267887,1.2000809532036099
2024-01-04,1.0769402964120594,0.9271450007380816,1.1745432113507543,0.8592660392865741,1.1054251035106617,1.213488661490808,1.0141034756424547,1.0291185501241893,1.0535804868043184,1.0073954983922844,1.0916673879175596,1.1917405874520268
2024-01-05,1.0780821648480043,0.9281280428021719,1.1778261745301908,0.8524618964415447,1.0898923436384877,1.2107969063215513,1.0089761855368908,1.019203863480325,1.0546975870805522,1.0019292604501622,1.0885762774355348,1.1814603976171456
2024-01-08,1.0777987814405434,0.9278840761585289,1.1742906757215668,0.8359375495321875,1.0686447721591805,1.1956014805265516,0.9939568640688228,0.9986418683256095,1.0544203505156473,0.986816720257236,1.0786101355036235,1.1605196990384106
2024-01-09,1.077973812368681,0.9280347614384259,1.1740381400923794,0.8339935087193219,1.0684453144059602,1.2005391316828204,0.9965050588580532,1.0011760919047505,1.054591584864559,0.9893890675241169,1.0803671763533598,1.1641904691522973
2024-01-10,1.0778321206649508,0.9279127781166046,1.1694924987670057,0.8301054270935908,1.0624946839592533,1.194303251921786,0.9914122646285314,0.997237649808095,1.0544529665821067,0.9842443729903548,1.0769397125121638,1.1583888524169514
2024-01-11,1.0781071692663098,0.9281495692707284,1.1694924987670057,0.837881590345053,1.074848136314388,1.193430904040899,0.9974622152533503,1.0067962149736391,1.0547220491303966,0.9903536977491973,1.0810604584763919,1.1683038878550092
2024-01-12,1.077748772603933,0.9278410232214154,1.173280533204817,0.8291334066871581,1.0667616675558482,1.1937662223626582,0.9939567182608197,1.0029532778236117,1.0543714264159583,0.986816720257236,1.0786001489797223,1.163959375230445
2024-01-15,1.0773820411354544,0.9275253016825836,1.1800989951928778,0.8281613862807253,1.0582927124875918,1.1953952015362932,0.9926332457047552,1.0009700410022322,1.0540126496849052,0.9855305466237955,1.0776098604339295,1.161801031902762
2024-01-16,1.0766235737801917,0.926872332136363,1.1811091377096272,0.8388536107514859,1.059999026175952,1.2020206868033048,0.9997581825417878,1.004050686029126,1.053270634172954,0.9926045016077184,1.0819473392433643,1.1654246802048722
2024-01-17,1.077432049972065,0.927568354619697,1.1694924987670055,0.8233012842485615,1.0336846423108068,1.1773011337829096,0.9754686251428134,0.9781855194853842,1.0540615737845942,0.9684887459807087,1.0665005017418636,1.1366432414987808
2024-01-18,1.0771903405951133,0.9273602654236487,1.1657044643291938,0.8310774475000238,1.0444199515027734,1.1868414973410533,0.9900423595821981,0.9860073000333036,1.0538251073027638,0.9829581993569144,1.075965062399307,1.1439928690575356
2024-01-19,1.0790656719680156,0.9289747505654028,1.1725229263172545,0.8223292638421288,1.0349460712576632,1.1858218791721467,0.9923093849394358,0.9829906923928419,1.055659761041104,0.9852090032154354,1.0781926057606999,1.1378419434130218
2024-01-22,1.0795824299463264,0.929419630915575,1.1679772849918808,0.8048328965263388,0.9945886810356803,1.1622910825812838,0.9729566589400473,0.9473320257216129,1.0561653100712245,0.9630225080385865,1.0638308734724824,1.1010512441313312
2024-01-23,1.0789323150703871,0.9288599427331004,1.1697450343961926,0.821357243435696,1.0049981417598357,1.1674193845721923,0.9790133710216432,0.9630642065206488,1.0555292967752667,0.9700964630225093,1.0682632919944017,1.1112822697639888
2024-01-24,1.078540579183603,0.9285226947257116,1.1682298206210682,0.8621821005058726,1.0188963512237428,1.1914365492793852,0.9931794768071385,0.9778513296740694,1.0551460579943688,0.9864951768488758,1.0789430349922966,1.12947426779172
2024-01-25,1.0799574962209069,0.929742527943926,1.1629265724081321,0.865098161725171,1.0477124608747588,1.2194556552926439,1.0089360281957735,1.0091155329127306,1.0565322408188926,1.004501607717043,1.0913263385808536,1.1583155122478201
2024-01-26,1.080732633188373,0.9304098484691843,1.1679772849918808,0.865098161725171,1.035272223361617,1.2255799977699298,1.0073735448908598,0.9970745897735165,1.057290564364073,1.0025723472668822,1.0903820469744814,1.1520216227375362
2024-01-29,1.0811160342690556,0.9307399209870543,1.170250105654568,0.8505178556286793,1.02919866716992,1.2224741085115436,0.9996253764553179,0.9767951065916822,1.0576656491283563,0.9929260450160784,1.0842420759783098,1.134517621666184
2024-01-30,1.083999877180274,0.9332226403605961,1.1735330688340044,0.8398256311579188,1.0102801434670776,1.203265880929921,0.9857289676059833,0.9552481557109834,1.0604869388770928,0.9749196141479111,1.0736014959496707,1.1116927862550054
2024-01-31,1.084274925781633,0.9334594315147202,1.175048282609129,0.8310774475000238,0.9958022351067196,1.1985079770327434,0.9803418887877516,0.928208844801871,1.0607560214253828,0.9681672025723483,1.069248923457637,1.0958151178891218
2024-02-01,1.0832580794372149,0.9213944419337562,1.1788363170469407,0.828968328944966,0.9982294567355757,1.1917859643205826,0.9791174733670385,0.9244064417052772,1.0597612313983715,0.9668810289389078,1.0679955474140825,1.0921054141139572
2024-02-02,1.0831580617639933,0.924208934310797,1.1816142089680024,0.8288917899511572,0.9885566906819365,1.1862618932761946,0.9713184924152725,0.8973671307961648,1.0596633831989934,0.9572347266881039,1.0615630478697298,1.0731030236946857
2024-02-05,1.084474961128076,0.9263198035935777,1.1725229263172547,0.8298995533696396,0.973611241480549,1.1937145579572306,0.9765919614095653,0.8758201799154659,1.0609517178241394,0.9636655948553066,1.066358363866911,1.063122181617533
2024-02-06,1.0827996651016165,0.9410958885730423,1.1699975700253804,0.8286175252233425,1.036245548127052,1.2251899242879734,1.0021823361352722,0.9556706449439383,1.0593127604845554,0.9967845659163999,1.0876884113250616,1.117034970423894
2024-02-07,1.0822829071233055,0.9565755966467671,1.1722703906880674,0.8282220737553304,1.0777689437147808,1.2410725021161058,1.0093175966390546,1.0215789652848997,1.0588072114544347,1.0061093247588435,1.0935858646794219,1.150054676880635
2024-02-08,1.0842749257816329,0.9569274081938972,1.177321103271816,0.829746475382022,1.088313340820807,1.2450546710898196,1.0152231804614225,1.0266488360803583,1.0645575937582288,1.0131832797427662,1.0990043952400712,1.1634168658271822
2024-02-19,1.0839415335375615,0.9815542164930048,1.1727754619464423,0.8294913454026595,1.0917552370883252,1.26261160304777,1.0206069520444006,1.0194665191201253,1.073679477297255,1.0218649517684897,1.1045194556194877,1.1724088083160307
2024-02-20,1.0842915953938366,0.9970339245667296,1.1722703906880676,0.8297592318809902,1.0949811642777865,1.2706526089865378,1.0232398044986954,1.0194665191201253,1.0777336477590445,1.0257234726688111,1.10716451122696,1.1765300288927245
2024-02-21,1.084983384300285,0.9945712437368188,1.1722703906880676,0.8302886265881676,1.1206110120591342,1.283826609076922,1.0335286179671936,1.018832785270693,1.0939503296062025,1.0411575562700974,1.117442781266715,1.1843236647286586
2024-02-22,1.0854668030541885,1.014976313470365,1.1715127838005053,0.8306585650582433,1.126317387432225,1.3001200936242752,1.039111945026068,1.028338793012178,1.1027343656067465,1.0495176848874608,1.1230255370045874,1.1980221904914168
2024-02-23,1.0868503808670855,1.0086437056220232,1.1692399631378183,0.8317173544725981,1.1284430503748546,1.2980004428145278,1.04019499585742,1.0334086638076365,1.103747908222194,1.0504823151125413,1.1242174332070511,1.201421496969386
2024-02-26,1.086950398540307,0.9843687088700457,1.1745432113507546,0.831793893466407,1.1240169127394142,1.2753453003093573,1.0320840591743339,1.031296217642862,1.091923244375308,1.0392282958199368,1.1170324410757626,1.190336758090653
2024-02-27,1.0872671211721752,0.9903495051712574,1.1732805332048175,0.8320362669468016,1.1407479370502396,1.2855477648573954,1.0415985585249663,1.058124283935497,1.1057749934530887,1.052411575562702,1.125664801566883,1.2114002999095344
2024-02-28,1.087358804039295,0.9882386358884769,1.17302799757563,0.8321064276911263,1.1168723985218407,1.2773161670553101,1.0333711427895995,1.0287612822451329,1.0936124820677202,1.0408360128617373,1.1182740012280232,1.1865964493244177
2024-02-29,1.0877838791504861,0.9945712437368188,1.1735330688340049,0.8324317184148136,1.145036528581487,1.2909989717272823,1.0461308591577299,1.0650953562792524,1.1121940966842554,1.0585209003215443,1.1298492491758474,1.2151611170549683
2024-03-01,1.0871087598562414,0.9928121860011683,1.1785837814177536,0.832532584495668,1.1491808076267633,1.2945128098903718,1.0521292886682585,1.0727001624724404,1.121315980223282,1.0672025723472678,1.135128770015905,1.222215708514769
2024-03-04,1.0871504338867504,1.0023110977736813,1.1932308479106248,0.8239497743462282,1.1514753692743305,1.2988109430781487,1.0513282567030886,1.0722776732394854,1.1203024376078345,1.0662379421221875,1.1345305592743646,1.225471179040391
2024-03-05,1.0871921079172593,1.0096991402634137,1.2093931281786205,0.8411153946451079,1.1644130173367913,1.3113963569225588,1.0583978024447145,1.0732568383628793,1.130100016223826,1.0755627009646311,1.1405011615722218,1.228423078508698
2024-03-06,1.0886923730155813,1.0089955171691534,1.2182318752001808,0.832532584495668,1.1534419214413094,1.3068398830227856,1.055335278160261,1.070479439428545,1.1253701506850715,1.0710610932475892,1.1382666542407591,1.2261198887164269
2024-03-07,1.0896592105233887,1.0156799365646254,1.2336365485806142,0.8353935212121479,1.1383761272298603,1.3057472653747648,1.05093045885778,1.059998446157662,1.1189510474539048,1.0649517684887468,1.1347754005849635,1.2150449096849996
2024-03-08,1.0892174657999938,1.0216607328658374,1.2326264060638645,0.833963052853908,1.1360442932008572,1.30962437250714,1.0532681331302411,1.0691640140346181,1.1223295228387296,1.0681672025723483,1.1366471392431983,1.2241315484575301
2024-03-11,1.088509007281342,1.0104027633576738,1.2371720473892382,0.832532584495668,1.1597894472422956,1.3146890768606183,1.0663023017663897,1.0876964565137799,1.1385462046858876,1.0836012861736346,1.1462055513268268,1.2446028912107225
2024-03-12,1.0874504869064148,0.985424143511436,1.2321213348054896,0.8268107110627081,1.1819422113441367,1.3056273448865023,1.0675540089538822,1.0852277953737417,1.1402354423782999,1.0852090032154351,1.1467800614045087,1.2412818402040355
2024-03-13,1.0871420990806484,0.979091535663094,1.2298485141428028,0.8182279009132681,1.168240936030004,1.2964186956646604,1.0617111208447965,1.08100303401797,1.1331406440701681,1.0784565916398723,1.1423686639846191,1.2361425110214672
2024-03-14,1.0865336582352179,0.982257839587265,1.2316162635471148,0.8167974325550281,1.165880893604205,1.2950284352443258,1.0580400754979917,1.076474328665359,1.1287486260698962,1.0742765273311905,1.1394562528736774,1.2322927201490317
2024-03-15,1.0872254471416665,0.9801469703044844,1.2371720473892385,0.821088837629748,1.1663985278219358,1.2956351095805398,1.06061569554299,1.085862835470112,1.1317892539162384,1.0771704180064317,1.1415881298830024,1.239007273795812
2024-03-18,1.0882506282921864,0.9741661740032725,1.2273231578509287,0.821088837629748,1.1833287776408719,1.2988530436149994,1.0702162995997029,1.0983575449048675,1.1422625276091944,1.0871382636655955,1.1483570764133513,1.251656215571285
2024-03-19,1.089134117738976,0.9734625509090122,1.229848514142803,0.8139364958385481,1.1708691502414565,1.292444329187864,1.062935916609229,1.0884274946521504,1.134492034224098,1.0797427652733127,1.1440428192687662,1.24167878339867
2024-03-20,1.088934082392533,0.975573420191793,1.2323738704346774,0.821088837629748,1.176016375984627,1.2948780554908847,1.0638855317818994,1.0903868122444733,1.1355055768395454,1.080707395498393,1.144572016325628,1.2456460311787172
2024-03-21,1.089134117738976,0.9769806663803136,1.2571223620950458,0.8253802427044681,1.1798035684107204,1.2952438240432835,1.063252455000119,1.0872239350067454,1.1348298817625804,1.0800643086816726,1.1442474646050205,1.2435279312320575
2024-03-22,1.089409166340335,0.9790915356630941,1.249041221961048,0.8225193059879882,1.1659382481002518,1.288106729296634,1.0534397648825233,1.0734611333870354,1.1243566080696241,1.0700964630225085,1.1380269385644572,1.231055505488406
2024-03-25,1.0888757387498205,0.9826096511343955,1.2515665782529226,0.8268107110627081,1.153836721603076,1.287011792997029,1.0474255354556101,1.061832016861077,1.1179375048384577,1.0639871382636663,1.1339057558871652,1.2184611589088326
2024-03-26,1.0887507166582937,0.9766288548331835,1.254091934544797,0.838254457928628,1.1517933748819724,1.287503974515317,1.050907457755402,1.0610459757191613,1.1160204459371554,1.0675241157556277,1.1361153223487088,1.218013847821148
2024-03-27,1.0892007961877903,0.9762770432860535,1.2601527896452953,0.841115394645108,1.1350129262318478,1.2800230253177032,1.0388789989015752,1.0417399989452745,1.1164817985218478,1.0553054662379429,1.1285009484415094,1.1969099383166943
2024-03-28,1.0890674392901616,0.9734625509090126,1.2700016791836053,0.8325325844956681,1.1456383638291612,1.2819314076349269,1.0442601515467083,1.051637962224959,1.1163451014597165,1.0607717041800648,1.1319529051423742,1.2071904973457215
2024-03-29,1.0903009905932262,0.9804987818516149,1.2944976352147866,0.8311021161374281,1.1591883942046244,1.289133459798735,1.0493247658009512,1.0614644507121718,1.117609549284429,1.065916398713827,1.1357597077262669,1.2167286223020977
2024-04-01,1.0899259243186459,0.9787397241159643,1.2901040535746633,0.8435513796056228,1.1784189512661434,1.300709079238078,1.0676839924725818,1.082788148081056,1.1172250887971853,1.0845659163987145,1.1475263333903911,1.2374077497524885
2024-04-02,1.0903259950115318,0.9861277666056966,1.2998424378755502,0.8483741785534719,1.1666475783922874,1.3016982514665318,1.0638855317818996,1.0785243326847573,1.1176351799835784,1.080707395498393,1.1452453111044574,1.2342546682892603
2024-04-03,1.0914678634474768,0.9991447938495106,1.3170005435485417,0.8619007581392506,1.163126374792753,1.3041324524556803,1.059453994309437,1.075959174180344,1.1188056485780757,1.0762057877813511,1.142862803260483,1.232567131751372
2024-04-08,1.0928597760664753,1.0026629093208117,1.321637869406107,0.8635711538005507,1.1491377447811022,1.2994690741948856,1.0502743809736217,1.0628090333713218,1.1202324241640687,1.0668810289389075,1.1375044010522013,1.2190254693727707
2024-04-09,1.0939016268291988,0.99738573611386,1.314681880619759,0.8623506782109298,1.15587356902876,1.2939736078218458,1.0483751506282806,1.066640309978591,1.1213003699619675,1.0649517684887466,1.1367039837053858,1.2231977616959218
2024-04-10,1.0940183141146238,1.0012556631322913,1.3197829390630809,0.8660773360821485,1.1430519028136845,1.2911369587963253,1.040145152465136,1.055780495842454,1.121419979891332,1.0565916398713833,1.1313984444200627,1.2111926940548052
2024-04-11,1.0942266842671684,1.0153281250174957,1.3383322424933422,0.864059698842051,1.1384714777644265,1.296418040153483,1.0391955372924655,1.0579528664084779,1.1216335690509118,1.055627009646303,1.1308648846049338,1.214241585943027
2024-04-12,1.0956852753349815,1.0128654441875848,1.3350861143930464,0.8657873046272043,1.1287132692778379,1.2877283217281044,1.0303324623475405,1.0503714350699744,1.1231286931679705,1.0466237942122194,1.1256809145048003,1.2051453107570034
2024-04-15,1.0955269140190476,1.036085006298172,1.3656924650529771,0.8743213897493498,1.1533575080401344,1.3166374028602732,1.0534397648825238,1.069655467211473,1.1229663654066897,1.0700964630225087,1.1407632472335962,1.223565639670482
2024-04-16,1.094918473173617,1.0410103679579934,1.3721847212535685,0.8541410145557317,1.1272299520257374,1.312614486230177,1.043310536374038,1.048804517264714,1.1223426850607168,1.0598070739549845,1.1339284950097803,1.2027868656880147
2024-04-17,1.0952101913871795,1.052620149013287,1.3874878965835338,0.8714173618462959,1.1499788838941847,1.328329632290145,1.0578713023549864,1.0712409478736158,1.1226417098841284,1.0745980707395504,1.1435446146771018,1.2291737333756951
2024-04-18,1.0960936808339692,1.0557864529374579,1.3916614898553423,0.881578930982506,1.1572783286603978,1.3317821228405635,1.0597705327003275,1.0732669931282153,1.1235473279207469,1.0765273311897112,1.14514543215194,1.229822760572432
2024-04-19,1.0968271437709265,1.0635263069743204,1.401863606741986,0.8778080191298903,1.1562293324022697,1.3282949224128222,1.0509074577554025,1.0648410102416126,1.1242991617624676,1.0675241157556277,1.1397056972502777,1.2218143566425699
2024-04-22,1.0975022630651712,1.0329187023740007,1.361518871781168,0.8632855075547615,1.1554210579086965,1.3138584520801548,1.0486988049625678,1.0589314393389035,1.124991190639506,1.065273311897107,1.1385445056508,1.2127047330463436
2024-04-23,1.099085876224511,1.0160317481117556,1.3392597076648545,0.8417253700062481,1.14328804014222,1.300944886631127,1.0408420824900757,1.048317753221322,1.1266144682523125,1.0572347266881037,1.1340467441255406,1.2030627278273132
2024-04-24,1.0960936808339692,1.0163835596588855,1.3397234402506109,0.8448428491510034,1.1443367220977905,1.3048171176232495,1.045230121356724,1.0571844957442946,1.1235473279207469,1.0617363344051454,1.1357089941340308,1.2129146979310632
2024-04-25,1.0968854874136391,1.0230679790543575,1.348534359379985,0.8556634743898643,1.1475020391575017,1.3106805772256405,1.048381045611831,1.0579327520964241,1.12435896672715,1.0649517684887466,1.138100838572564,1.2148627645673955
2024-04-26,1.0950184908468386,1.0128654441875844,1.3350861143930457,0.8619241242676806,1.172801043285765,1.31854210116744,1.0641019543644068,1.078736603807521,1.122445207857315,1.0810289389067533,1.147634863477207,1.2345916298406245
2024-04-29,1.090350999429837,1.0009038515851607,1.3193192064773238,0.8635952016514649,1.1778868518451995,1.3217653168771366,1.0774224916277078,1.0969074146640867,1.1176608106827277,1.0948553054662389,1.1544851105122425,1.2529038599366416
2024-04-30,1.0935432301668222,1.005477401697852,1.3253477300921586,0.8612995732818564,1.1705818009926257,1.3194096873459347,1.0718604490986656,1.0899831402981872,1.109964214298326,1.0890675241157566,1.1521753062261546,1.2456360343398547
2024-05-06,1.1079368032507964,1.0155977098854263,1.3152038806171344,0.8690952820336956,1.1814421550201366,1.3340971499408136,1.0868549752487775,1.1070409903299745,1.1263498684804683,1.105144694533763,1.1631287790867373,1.2642302274970325
2024-05-07,1.108581514803459,1.0165014515235993,1.3187084208395632,0.8718022352693063,1.1923940903233057,1.335284312074042,1.0875274697378616,1.107257148531399,1.127005294647754,1.1057877813504833,1.1641225694115076,1.2652851574887278
2024-05-08,1.0992331972898504,1.0141192769813452,1.316956150728349,0.8697532331711727,1.1872381146863815,1.3321550688347665,1.078863470418262,1.0950641425204433,1.1175016152221116,1.0964630225080396,1.1583174958662037,1.2541467165109514
2024-05-09,1.110515649461447,1.0211402128274338,1.3142025834107263,0.8789506824551407,1.2022536701270214,1.3413778254548467,1.0892851243300647,1.11141572926659,1.1289715731496113,1.1077170418006441,1.1650318794332515,1.270406474666562
2024-05-10,1.1111603610141099,1.024554124035542,1.3439911753013694,0.8836879871968552,1.2021104065347736,1.3458623661037243,1.089872550250194,1.1096229756837692,1.129626999316897,1.1083601286173645,1.1653526352402015,1.267958081148993
2024-05-13,1.1101932936851158,1.0242981281750159,1.335980797650104,0.8792073071718148,1.198626421001395,1.345526087925268,1.0889620105813436,1.1060660695415732,1.1286438600659685,1.107395498392284,1.1652546945947182,1.2619345393129835
2024-05-14,1.1082591590271278,1.020911214604371,1.3339782032372876,0.8801877272319949,1.2067337985028685,1.3410770115855795,1.0871505919888735,1.1044650952981887,1.1266775815641115,1.1054662379421232,1.164302281786776,1.2601251009327965
2024-05-15,1.099877908842513,1.0156644940222526,1.3442414996029712,0.8727603006326254,1.1853325238784411,1.3341848781089003,1.0792086382728987,1.095084085892658,1.1181570413893973,1.0971061093247598,1.1590156980480597,1.2511013871479624
2024-05-16,1.103746178158489,1.019091325386522,1.3560067417782673,0.8778304075599949,1.1860369553248287,1.3386863907766624,1.082857115834338,1.0942455006902443,1.1220895983931116,1.1009646302250815,1.1612361271142515,1.252134173673344
2024-05-17,1.1169627649880738,1.03100421064794,1.3557564174766654,0.8903121119531453,1.1978017527252816,1.354335250674764,1.0953543334509626,1.1091254785856164,1.1355258348224684,1.1141479099678469,1.169229733079863,1.268828359543718
2024-05-20,1.1195416111987244,1.0371987566853347,1.3892998738913391,0.9040843579053747,1.2019706425594583,1.3624724551339957,1.0978236157461927,1.1125379678874556,1.1381475394916112,1.116720257234728,1.1714255387479755,1.2750471972574549
2024-05-21,1.1156733418827485,1.0371471675299841,1.3720274970807982,0.8951595162052454,1.1888262725399263,1.3624046872132423,1.09403038701341,1.1063549677903388,1.134214982487897,1.1128617363344064,1.1687479247935553,1.2696265166565042
2024-05-22,1.1182521880933993,1.0380887249873831,1.3747810643984208,0.8912938096749623,1.187379118119033,1.3636415245044207,1.0965592061685987,1.106993122497947,1.13683668715704,1.1154340836012875,1.1705748673027099,1.2726977646884818
2024-05-23,1.10632502436914,1.0258481710167497,1.3432402023965633,0.8756616345022984,1.1706995939297726,1.3475622364093727,1.084863417575852,1.0909307412812979,1.1247113030622546,1.1035369774919628,1.163418007827956,1.2533358978133835
2024-05-24,1.0931084375395552,1.017056655431302,1.3314749602212672,0.8696350313116891,1.1526644106145036,1.3360136322996519,1.0719032194055111,1.0788931868975566,1.1112750666328979,1.0903536977491974,1.1550894185188159,1.239783409206781
2024-05-27,1.1027791108294953,1.0298857147380678,1.336231121951706,0.8799677220969361,1.1632824876804415,1.3528659856389564,1.0813862912374679,1.0900489724848847,1.1092102763345368,1.1000000000000014,1.1611016056269217,1.253503771331589
2024-05-28,1.0953649279738746,1.0255482654077726,1.3352298247452976,0.8740210993854158,1.158133864691539,1.3471682780395444,1.074115936166301,1.0799658585886458,1.10985022153306,1.0926045016077186,1.156685781627297,1.2437642947669825
2024-05-29,1.095687283750206,1.0261336971461077,1.3442414996029712,0.8793777511431559,1.1671346021842297,1.347937305781529,1.0744320385606998,1.0823257363090422,1.1104564854053447,1.0929260450160787,1.157142762046465,1.2448239532496634
2024-05-30,1.0911743028815672,1.0196730611348597,1.330974311618063,0.86475923498355,1.1590798230905883,1.339450563437079,1.07000660503912,1.0799658585886458,1.110902762977999,1.0884244372990368,1.1544691137387502,1.2409382516391814
2024-05-31,1.0866613220129286,1.0177763482883135,1.337482743459716,0.8641881055682518,1.1598643016508738,1.336959026504489,1.06558117151754,1.079751324250428,1.11070909535213,1.083922829581995,1.1515237517728067,1.2397594067137636
2024-06-03,1.0882731008945852,1.0151903286292063,1.3257175012844202,0.8494511313023695,1.152560497696987,1.3335620107143538,1.0671616834895328,1.0709554163834962,1.1119047824335808,1.0855305466237954,1.153044392760545,1.2347863681903812
2024-06-04,1.0963319953028685,1.0211854406436296,1.3382337163645224,0.8576190989979803,1.1658247135473787,1.3414372370703882,1.0750642433494966,1.0861873543969633,1.1121742330434852,1.0935691318327985,1.1582792845725287,1.245535786362932
2024-06-05,1.0921413702105613,1.0139564942444443,1.3327265817292773,0.8412998485701493,1.1572855018431896,1.3319412361495946,1.0709549122223154,1.0737443627803283,1.1125026259743063,1.089389067524117,1.1557596395020968,1.2349859982227083
2024-06-06,1.0921413702105613,1.0160587745096508,1.3512505800478283,0.8458376039561802,1.149845073149397,1.3347028080622618,1.0709549122223154,1.06559205792805,1.1122836973537589,1.089389067524117,1.1556686630467958,1.2290011935603993
2024-06-07,1.084727187354941,1.0152891396029535,1.3515009043494304,0.8494865381649892,1.147678569739024,1.3336918095876438,1.0636845571511488,1.060228699472604,1.112696293600175,1.081993569131834,1.1511328698699073,1.224080293662091
2024-06-11,1.0766682929466573,1.0021044292718355,1.3109483674898994,0.8322321180306648,1.1350719816231765,1.3163722702618568,1.0557819972911848,1.0628031115312182,1.112696293600175,1.0739549839228308,1.146001519781334,1.2190296931577087
2024-06-12,1.075378869841332,1.0059645146401557,1.3184580965379606,0.8349562796454514,1.1338314657962658,1.3214429088013875,1.0545175877135906,1.0660211266044861,1.1125447276321037,1.0726688102893902,1.1451156045790931,1.2215518994166095
2024-06-13,1.0711882447490246,1.0000459137440152,1.3189587451411648,0.8238505000403877,1.1239385677188194,1.3136681880528844,1.0504082565864095,1.0602286994726042,1.1126541919423774,1.0684887459807086,1.1424832436028927,1.2154302560426085
2024-06-14,1.0776353602756512,1.005066301177062,1.3194593937443688,0.8299933717070452,1.1402038499135925,1.3202630085224796,1.0567303044743805,1.0655920579280505,1.112831018905127,1.0749196141479112,1.1466816000418274,1.2217370341827982
2024-06-17,1.074411802512338,0.9971217547837525,1.321461988157185,0.8199894207187711,1.127232250675209,1.3098269898137702,1.0535692805303951,1.0617304398401293,1.113310977804019,1.07170418006431,1.1448213649309553,1.2172597511747398
2024-06-18,1.0779577160519824,0.9990220884041743,1.3227136096651952,0.8245429689554797,1.1268453981577284,1.3123232830234381,1.0570464068687793,1.0675228669720112,1.1136225300717209,1.0752411575562713,1.1472164860222211,1.2223546434394914
2024-06-19,1.0747341582886691,0.9986006512000538,1.3279704199988382,0.8311273752289158,1.130075702289751,1.3117696797931202,1.0538853829247936,1.0559380127082474,1.1138498790238278,1.07202572347267,1.1452517661347268,1.2144472731864906
2024-06-20,1.0673199754330482,0.9959892646717889,1.3394853378725322,0.8252155431209223,1.120987239601317,1.3083393418838853,1.0466150278536266,1.0392043343272555,1.1148182171531715,1.064630225080387,1.1409096269893708,1.2029366399835943
2024-06-21,1.0653858407750603,0.995241531614197,1.3457434454125834,0.8229283603517402,1.11704762812733,1.3073571138507378,1.0447184134872354,1.041135143371216,1.1142372142755654,1.0627009646302263,1.1394312929742318,1.2019723154109272
2024-06-24,1.0599057925774276,0.9887535854445597,1.3242155554748076,0.8135123472660147,1.102756259289665,1.2988344966671495,1.0393446727824598,1.0179654348436884,1.114936101795005,1.0572347266881041,1.1362006185804043,1.1837387754309552
2024-06-25,1.0531363212744695,0.9868568868237507,1.3272194470940322,0.8159776516626475,1.0931291891756545,1.2963429784215998,1.0327065225000902,1.008525923962103,1.1152897557205046,1.0504823151125415,1.1319907246980954,1.1756245198229294
2024-06-26,1.0599057925774273,0.9904551310437955,1.319459393744369,0.8213006192406458,1.1077923190678909,1.301069660366653,1.0393446727824598,1.0233287932991344,1.1161317888764557,1.0572347266881041,1.136698386037429,1.1905504576198043
2024-06-27,1.053781032827132,0.9875451249343559,1.3121999889979097,0.8153220778104486,1.0929942341635623,1.2972470534238394,1.0333387272888872,1.0053079088888353,1.117319055626347,1.0511254019292617,1.133240936145728,1.176918885754451
2024-06-28,1.0560375232614512,0.9918693725138532,1.3259678255860219,0.8262666109388428,1.0984366211680965,1.3029274190994342,1.035551444049677,1.007024183594578,1.11812740745606,1.0533762057877825,1.1350248685794804,1.1787513816304764
2024-07-01,1.052542589310126,1.0048409466067405,1.326468474189226,0.8423365092677598,1.100380387677365,1.3166064120694527,1.0399768775712568,1.0196817095494308,1.116215992192051,1.0578778135048243,1.1371590683080968,1.189026829470821
2024-07-02,1.0535192095971249,1.0077820289377677,1.3282207443004403,0.8420832015546434,1.0963650559302096,1.3185085000820738,1.038396365599264,1.0098131299914097,1.117251692973871,1.0562700964630238,1.1365441984199038,1.1844832904646274
2024-07-03,1.0552024900917896,1.0040695030441589,1.33673177055491,0.8387938140485707,1.0933714250662063,1.314467623120029,1.0364997512328726,1.000588153448042,1.1190368032644875,1.054340836012863,1.1360250446355016,1.178726630334723
2024-07-04,1.054622869921457,0.9999722720749671,1.342989878094961,0.8361667358749363,1.076521396553435,1.3088873509084546,1.0317582153168943,0.985356215434575,1.1184221190606431,1.049517684887461,1.1326573457853053,1.1676188263745668
2024-07-05,1.0537812296741245,0.9927789120692343,1.3469950669205935,0.8398898188077526,1.0841858797000794,1.3003379377047175,1.026384474612119,0.9928649172721996,1.1175295639153346,1.0440514469453388,1.1287562253608103,1.168125696486434
2024-07-08,1.051661249051127,0.9883262555089614,1.3477460398253995,0.8375209693057684,1.0621644341606697,1.2932461004110312,1.0187980171465534,0.9752731015383361,1.115281335388945,1.0363344051446957,1.1228420205374743,1.1534705566592534
2024-07-09,1.0529951694431257,0.997476972639579,1.3422389051901544,0.8512884799424666,1.0747833037864283,1.3061775232094923,1.0304938057393,0.9941521233015067,1.1166959510909433,1.0482315112540206,1.1311458302643622,1.1701639714794463
2024-07-10,1.0536780096437917,0.9854471951840527,1.351000255746226,0.8463809533916166,1.0757776506985304,1.2946072289442132,1.0279649865841116,0.9881451618314069,1.1174200996050616,1.0456591639871395,1.1297737470265201,1.1626224109099312
2024-07-11,1.0536224296274583,0.9901502025786699,1.3560067417782669,0.8614495193172471,1.0983535410677545,1.304830337278288,1.0425056967264454,1.0093840613149738,1.1173611572841449,1.0604501607717056,1.1393383951190923,1.1807964689354429
2024-07-12,1.0544799498794575,0.9926476927325687,1.3632661465247262,0.8616492895242418,1.0961926147034002,1.3083432928371987,1.045666720670431,1.004664305874181,1.1182705530925723,1.0636655948553069,1.1417820887451695,1.1805216319062426
2024-07-15,1.0548928300007903,1.00115522881288,1.3622648493183183,0.8695816795964855,1.1041084851463432,1.3167416273753019,1.047879437431221,0.9969410696983386,1.1187084103336666,1.0659163987138278,1.1434105768745442,1.1790760203521895
2024-07-16,1.0548848899984569,1.0008311949135085,1.3780352803192468,0.8724420892205502,1.1065297279201405,1.3197675690420771,1.055781997291185,1.000588153448042,1.118699990002107,1.073954983922831,1.1485809378855554,1.184548420396452
2024-07-17,1.0551389700731233,1.00070155176944,1.3958083057329917,0.8632944847573852,1.1058881828386253,1.3203121645474725,1.057362509263178,0.9930794516104174,1.1189694406120116,1.075562700964632,1.149723256510273,1.1818303700071602
2024-07-18,1.054813429977457,1.0039236076892477,1.395057332828186,0.8621637357138203,1.1063135705333453,1.325909241133798,1.0640006595455478,0.9980137413894281,1.1242040097619956,1.0823151125401946,1.1539121638284575,1.1885646544370536
2024-07-19,1.0555439101921227,1.0035009164102924,1.3580093361910834,0.85282750845508,1.102485920714556,1.3285570631810226,1.0712710146167146,0.9962974666836854,1.1318857365072497,1.0897106109324775,1.1589626412703897,1.1902213224280678
2024-07-22,1.05785445087112,0.9928875668220565,1.3570080389846753,0.8399288795454231,1.0935411932335404,1.3154000339784855,1.0621040451791564,0.993723054625071,1.1222000810458421,1.0803858520900338,1.1540269961328273,1.1842495040508212
2024-07-23,1.0590057512094522,0.9825327349747417,1.35024928284142,0.8220312437962932,1.0694032721406097,1.297119767003517,1.0399768775712572,0.9636882472745724,1.0988209126907205,1.0578778135048248,1.140104046006757,1.1582069391427579
2024-07-24,1.0590216312141187,0.9809990938070143,1.3680223082551652,0.8187474074190423,1.0624735576405977,1.2928787293162258,1.033022624894489,0.951459789996155,1.091473174064825,1.0508038585209019,1.1355366068113386,1.1486436980783565
2024-07-25,1.0591804312607853,0.9735258821515893,1.3334775546340834,0.8036264707096219,1.053950131487049,1.2836752123549844,1.0267005770065178,0.950172583966848,1.0847934116776474,1.0443729903536993,1.1314350591281506,1.1439178025841128
2024-07-26,1.0596488913984516,0.969135103199923,1.3392350135709303,0.8089340342653634,1.0648402832790695,1.2817915740983803,1.031442112922496,0.9662626593331866,1.0835375306062627,1.0491961414791011,1.1347703601450696,1.1510166512798694
2024-07-29,1.0594662713447853,0.9693365148241104,1.348497012730206,0.8137101308303745,1.0498004867589286,1.2793503266230408,1.025120065034525,0.9598266291866513,1.0833507935808242,1.0427652733118986,1.1305189051292888,1.1449884828518153
2024-07-30,1.059625071391452,0.9639950727080175,1.3502492828414203,0.8078779721203052,1.044245986828987,1.271626027444482,1.017849709963358,0.9589684918337799,1.0835131736029446,1.0353697749196158,1.1257759663444955,1.1418418584206964
2024-07-31,1.0603952516177841,0.9776658841200251,1.360762903508706,0.8249797364371845,1.0859846741959305,1.293784478780846,1.0421895943320472,1.002518962492003,1.0843007167102285,1.0601286173633457,1.142255708718029,1.1759389798160507
2024-08-01,1.0506580122117242,0.9729217363682351,1.371777172779196,0.8246048211690261,1.075006806193419,1.2881963761611095,1.0342870344720831,0.9928649172721999,1.0861356109601894,1.0520900321543423,1.1378321000974811,1.167581018509007
2024-08-02,1.0390982052313997,0.9663274377218414,1.378035280319247,0.8154754697282579,1.0704440363059755,1.279465199436332,1.0229073482737352,0.978705650949822,1.0877675301824998,1.0405144694533777,1.1310045763332768,1.1548750588805443
2024-08-05,1.0265750810027148,0.9554911457935245,1.343240202396563,0.7968074770920202,1.0604979140599822,1.2651174143357653,1.0114552365512328,0.9585394231573443,1.0881815992389068,1.0279742765273325,1.1229983241401393,1.13514793704618
2024-08-06,1.0265750810027148,0.9519895845264063,1.3334775546340834,0.8008879463239861,1.0594569073356543,1.2604811744753572,1.0113365289915155,0.9694806744064545,1.0865659180188088,1.0279742765273325,1.122331373953228,1.1404467256175368
2024-08-07,1.0243273407565405,0.9523989035309608,1.3397356621741345,0.8040676274690102,1.0585545786705344,1.2610231330303476,1.0094112822353252,0.9699097430828901,1.0881166472300585,1.0257234726688116,1.1214976409707085,1.139618267545836
2024-08-08,1.0256117637543543,0.955042436266328,1.3389846892693285,0.7934501402608279,1.061840292515295,1.2645233007855414,1.0105055101645863,0.9720550864650687,1.0871423670973361,1.027009646302252,1.1219397334010177,1.1409889285784034
2024-08-09,1.0217584947609126,0.9521634795114484,1.3507499314446243,0.7933569837910042,1.062973200745668,1.260711420014325,1.0068987355279129,0.963259178598137,1.0856403518927222,1.0231511254019303,1.1187905901806319,1.1336710399109604
2024-08-12,1.0204740717630987,0.9542018567901425,1.3610132278103082,0.7900940635609359,1.0624986000861882,1.263410332090711,1.0055056469242167,0.9636882472745728,1.080590333204777,1.02186495176849,1.1158650618461465,1.1338839705071824
2024-08-13,1.022079600510366,0.9546763871737733,1.3702752269695837,0.7956926208213244,1.06722230019996,1.2640386337286758,1.0070876256009382,0.9658335906567511,1.0838785286527157,1.0234726688102906,1.1182766412729845,1.136918576401806
2024-08-14,1.014373062523483,0.9496527696749791,1.365769389540747,0.7877176357510063,1.0554086550586288,1.2573871163298322,0.9994941279526748,0.9514597899961553,1.0849096417931805,1.0157556270096475,1.1136430544779479,1.1263759481960227
2024-08-15,1.0265750810027146,0.9612583921353578,1.3625151736199201,0.7953196272478078,1.061621359116791,1.2727535330082806,1.0115171658957587,0.959397560510216,1.0838054576427616,1.0279742765273325,1.12122737292349,1.137796234163173
2024-08-16,1.0272172925016214,0.9637110528430163,1.3650184166359407,0.7956012091552567,1.0549659207150492,1.2760009767824863,1.0121499573664474,0.9533905990401161,1.0836187206173231,1.0286173633440527,1.1215709538478178,1.1360180033100145
2024-08-19,1.0301072442467025,0.9695801902483359,1.3800378747320634,0.8040675705488883,1.0471434875612071,1.2837720042496563,1.0149975189845462,0.955106873745859,1.0840977416825783,1.0315112540192939,1.1236625157145448,1.139993706822322
2024-08-20,1.0249695522554472,0.9630072639416314,1.3800378747320634,0.7965195461994427,1.0314869099798871,1.2750691255569904,1.0099351872190372,0.9375150580119955,1.0839191236582457,1.0263665594855318,1.120225879903166,1.1267381102743166
2024-08-21,1.0201529660136452,0.9560510271362893,1.3860456579705125,0.7965714953576407,1.0240052958464996,1.2658587248542472,1.0051892511888725,0.9355842489680348,1.0827256304956607,1.0215434083601298,1.116573960210598,1.1200078686497288
2024-08-22,1.0172630142685641,0.9560494216310619,1.382541117748084,0.7938798006042862,1.016395142754345,1.2658565990861217,1.0023416895707737,0.9235703260278353,1.0849664748009227,1.0186495176848887,1.1156004599534464,1.1135999111691852
2024-08-23,1.0217584947609124,0.9593110411295317,1.3777849560176452,0.7948255297784812,1.0162119461930925,1.2701751442077769,1.006771229865594,0.9237848603660532,1.0865983940232329,1.0231511254019303,1.1192296900346417,1.1157711252142863
2024-08-26,1.0220796005103656,0.9571518629106472,1.3862959822721148,0.7965118484687046,1.0093298149403307,1.2673162857270983,1.0070876256009382,0.9248575320571425,1.086614632025445,1.0234726688102902,1.1194474229728375,1.1152300694015789
2024-08-27,1.0166208027696568,0.9565342206049812,1.3852946850657066,0.7886160591182333,0.9998348962703555,1.2664984968442095,1.001708898100085,0.9149889524991215,1.085883921925903,1.018006430868168,1.1155590112028029,1.1089308256148498
2024-08-28,1.0101986877805877,0.9506734584450443,1.3837927392560943,0.7870396152219449,0.9987458881193871,1.2587385586151028,0.9953809833931988,0.9152034868373394,1.0862492769756737,1.0115755627009655,1.1114808753204304,1.1059129262384007
2024-08-29,1.0069876302860532,0.9404526159088671,1.3855450093673087,0.7851058125596877,1.011922406442595,1.2452056588717328,0.9922170260397558,0.9289336844832816,1.0856484708938283,1.0083601286173642,1.1091151723974795,1.1073865234989346
2024-08-30,1.021437389011459,0.9490329504988849,1.382290793446482,0.7848784977584059,1.0304897395633819,1.2565664451631056,1.0064548341302497,0.9460964315407094,1.0853074728473755,1.0228295819935702,1.1185249669675907,1.1242572637353276
2024-09-02,1.0222559143386398,0.931886261122048,1.3745307400968185,0.7840412940274636,1.0105596672448878,1.2438677612506177,0.9874710900095911,0.9257156694100139,1.0879136722024083,1.0035369774919625,1.1069407872808674,1.1049523943809632
2024-09-03,1.0236520219263585,0.9273404744824283,1.377033983112839,0.7703080866480017,1.009774775497632,1.2393236644286931,0.9912678388337227,0.9362278519826884,1.08939944940481,1.007395498392284,1.1100991526477253,1.108895360434143
2024-09-04,1.0240182140805143,0.9190754078649378,1.3675216596519613,0.7678111398517358,0.9969775954980928,1.2327193789381141,0.9846235283914923,0.9310539705834395,1.0897891614578992,1.0006430868167213,1.105793508752611,1.1047057347727611
2024-09-05,1.02467430835671,0.9203151678575613,1.377284307414441,0.7665626664536029,0.9988008545901924,1.2345032143776025,0.9868382985389024,0.9343474459721383,1.090487395553017,1.0028938906752423,1.107569298859373,1.1092792053807776
2024-09-06,1.0250176135012312,0.9157693812179416,1.3810391719384718,0.7690596132498687,0.9935106919300648,1.2251105779034663,0.9779792179492617,0.9233163073128354,1.090852750602788,0.9938906752411587,1.1017519833315665,1.0957778836971215
2024-09-09,1.0255745307356763,0.9029585279608313,1.37102619987439,0.7553264058704068,0.9773720658389841,1.205568946735253,0.9650069928001449,0.9136571698732088,1.0914454376835276,0.9807073954983933,1.0932230351775116,1.0846862820052772
2024-09-10,1.0264747531146423,0.9033717812917058,1.3800378747320634,0.7603202994629384,0.977804570699791,1.206828577471852,0.9650069928001449,0.913443498879319,1.092403479814038,0.9807073954983933,1.0936068761610673,1.0856715715495042
2024-09-11,1.028053956779439,0.8975862346594626,1.3872972794785225,0.7428416718890778,0.9737357653533159,1.1935098878554955,0.9627922226527349,0.9136776109507656,1.0940841130429844,0.9784565916398725,1.0927739195573294,1.0820000620409715
2024-09-12,1.0264137210889497,0.8934537013507172,1.3845437121608999,0.7478355654816093,0.9693766013633373,1.1917953706467903,0.9593118695639474,0.9101076103991718,1.0923385278051898,0.9749196141479111,1.089706390866299,1.0794921425958446
2024-09-13,1.027893747711996,0.8913874346963446,1.4045696562890635,0.7453386186853436,0.9622509956519137,1.187673678329094,0.9545659335337827,0.9027385987568457,1.093913614019758,0.9700964630225091,1.0871002906035194,1.071440953322058
2024-09-18,1.0281531338211896,0.8967597279977133,1.4040690076858595,0.754077932472274,0.9601360427968976,1.1964751578311075,0.9577298908872259,0.9058390785087996,1.0941896600573626,0.9733118971061104,1.089371970823175,1.0746229983626088
2024-09-19,1.026749397230259,0.9025452746299567,1.401816088971441,0.754077932472274,0.9705391457679562,1.2018365897289578,0.9662725757415221,0.9166166411511498,1.0926957638538548,0.9819935691318338,1.094607180782355,1.0851450580586994
2024-09-20,1.0275046685482052,0.9041982879534548,1.41758651997237,0.7603202994629384,0.9676275220453537,1.2039056937991102,0.969120137359621,0.914555001396019,1.093499544963351,0.984887459807075,1.0968647103774327,1.0823870802944977
2024-09-23,1.0277335386445525,0.9070910612695763,1.4296020864492682,0.7715565600461346,0.9672138933573239,1.211173792686511,0.9719676989777198,0.9157914267876243,1.0937431149965313,0.9877813504823162,1.0988961859937343,1.084982473469083
2024-09-24,1.0265739301563928,0.9566814609745189,1.4260975462268397,0.8027683949994573,1.0089822934148431,1.2728183973436333,1.0175286848673004,0.9600158724653831,1.092509026828416,1.0340836012861747,1.1293066802399927,1.139850076728165
2024-09-25,1.0290533562001556,0.9690790609007547,1.4368614911957278,0.8177500757770522,1.0201477523441869,1.2916036561973032,1.0323992844284828,0.9706762722834675,1.106727406745234,1.0491961414791007,1.1403002031080987,1.1538189349342114
2024-09-26,1.0282370528565168,1.0261080205614388,1.4396150585133505,0.8489619107303747,1.0799375417973036,1.3548340703804742,1.0849209764956382,1.02204938821397,1.1630304252924937,1.102572347266882,1.1747449719522745,1.2110791863512353
2024-09-27,1.0238122309938014,1.0699128736341381,1.4288511135444626,0.8601981713135708,1.158561741289685,1.4025629480892832,1.1573755998894852,1.1025657704588523,1.2407014569028703,1.1762057877813517,1.2197948764112119,1.2903172379201073
2024-09-30,1.020257115497206,1.1463647398459247,1.4286007892428605,0.8826706924799631,1.245610478243004,1.5182067774067978,1.2032335421564004,1.2107350608698648,1.3641610879342112,1.2932475884244388,1.2909281721846932,1.4296049691892105
2024-10-08,1.0640314728031115,1.216574719207081,1.430353059354075,0.9502252546755756,1.3107848676432234,1.5541299290859316,1.2195758633370377,1.2643672665004833,1.4248733790183046,1.350803858520902,1.3251914947528278,1.5190683515270877
2024-10-09,0.9652520692341485,1.1027400073602511,1.4118290610355235,0.8926114594760859,1.1977715773109852,1.4243409286026705,1.1856136575973975,1.164943896094169,1.2925952029132965,1.2254019292604517,1.2524872462172005,1.376929356411005
2024-10-10,0.9814620226403374,1.1094893881412284,1.4208407358931974,0.8904595897479057,1.2245013098247317,1.4686247299498039,1.1938810649020504,1.1835754175844906,1.3143023907869391,1.2459807073955,1.2663341093835532,1.3853569281621838
2024-10-11,0.9538544457454221,1.0723925190381263,1.436611166894126,0.872488358281179,1.188816727194794,1.4371880956557803,1.183726822247063,1.1502825864834043,1.277332336439642,1.210932475884246,1.2452332412049951,1.3390361564861177
2024-10-14,0.9698111186296392,1.0990750668571543,1.4516306249902486,0.897007430885197,1.2067669773520222,1.465156283682796,1.188201155105379,1.1739807058461633,1.2987003495027587,1.231189710610934,1.2576503074136782,1.3723531515625986
2024-10-15,0.942203541734724,1.0693877861906034,1.4516306249902486,0.8777613001162013,1.1656536844610301,1.425666595022583,1.1803066214560531,1.141809432079189,1.2617302951554616,1.1961414790996798,1.2363042272509042,1.3352843157636334
2024-10-16,0.9358715286854313,1.067391161017432,1.4729081906264223,0.8841304397758887,1.1573180488672015,1.429491125063956,1.1785253133198248,1.137428884474595,1.25325092489232,1.1881028938906766,1.2313890531477303,1.3327912423316919
2024-10-17,0.9249804662406482,1.056939314208508,1.4781650009600653,0.8802462961933308,1.1403098863246184,1.4086653133834526,1.1764782910309046,1.1260387345602183,1.2386664080397167,1.174276527331191,1.223480018939635,1.3197406097221356
2024-10-18,0.9637323861023184,1.1017558518536974,1.4881779730241471,0.9155491887269888,1.1786576885617712,1.4468078170894487,1.187312029429278,1.1750704921848703,1.290560154050143,1.2234726688102908,1.2536745201318138,1.3757004968437432
2024-10-21,0.9637323861023184,1.106415803747638,1.5069522956443,0.9183190626481201,1.1930436843555827,1.44265040764759,1.1871752316445576,1.1811242132117656,1.290560154050143,1.2234726688102908,1.2536073724862893,1.3815191163908742
2024-10-22,0.9698111186296391,1.1125962736298691,1.506451647041096,0.9131087805400122,1.2050064905670912,1.4496340637417768,1.1876033581668395,1.1876292431755149,1.2987003495027587,1.2311897106109337,1.2576278816220128,1.3892363211358347
2024-10-23,0.9736103264592146,1.1146400118625697,1.5159639705019738,0.9202635569550105,1.2107672273891523,1.4545903260317772,1.187742509958765,1.192281747392708,1.3037879716606435,1.2360128617363357,1.2600629289648801,1.3917882219924667
2024-10-24,0.9624659834924598,1.1038207549493557,1.5006941881042493,0.9112430317497975,1.1919431625721915,1.440866121292696,1.1849452635548674,1.1786344016889414,1.2888642799975143,1.22186495176849,1.2516120103136554,1.3782788250730438
2024-10-25,0.9698111186296391,1.1182594418369618,1.5014451610090553,0.915512101588246,1.2033181071218986,1.4449287380106932,1.1869686527666372,1.1876292431755149,1.2987003495027585,1.2311897106109337,1.257298285424892,1.3963076004061914
2024-10-28,0.9713308017614691,1.124212819868097,1.5062013227394944,0.9178624289351303,1.2085852092465676,1.4494873541525257,1.187583422906145,1.189490244862392,1.3007353983659122,1.2331189710610944,1.2585816341334461,1.4037412483433014
2024-10-29,0.9629725445364031,1.10923941098757,1.5189678621211984,0.9115887282578247,1.1978509682552145,1.4350781478916148,1.1861403056506474,1.179254735584567,1.2895426296185655,1.2225080385852103,1.252597758796292,1.385044795765602
2024-10-30,0.9523347626135916,1.1020738054183437,1.5369912118365454,0.9078723393808956,1.1890152926200062,1.4175369904792388,1.1833876638320542,1.166227723776426,1.2752972875764876,1.2090032154340848,1.24445587107257,1.3760975075572521
2024-10-31,0.9523347626135916,1.1066220167220422,1.5277292126772697,0.9164583317247601,1.1870386685379797,1.4140573655530242,1.1833132698165014,1.166227723776426,1.2752972875764876,1.2090032154340848,1.244415107210052,1.3817766029210037
2024-11-01,0.9543610067893653,1.09979785292404,1.5147123489939636,0.9087934322982486,1.19792130895878,1.4236363327246766,1.1852981884873572,1.168709059358929,1.278010686060693,1.211575562700966,1.246770861711303,1.3732556538271918
2024-11-04,0.9677848744538655,1.117380939201934,1.5034477554218717,0.928520086912871,1.2149377756570856,1.4367647948169944,1.1899752715115375,1.1851479075930118,1.295986951018553,1.228617363344053,1.2575117025910125,1.3952106636307227
2024-11-05,0.994379329260894,1.1497424489012686,1.5034477554218717,0.9691393394202409,1.2583056906531083,1.4648286515972473,1.1984220262820604,1.217715437113364,1.3316003061237476,1.2623794212218664,1.2782004912191929,1.4356186586480253
2024-11-06,0.9877940356896298,1.1436472440784635,1.5004438638026472,0.9676119073526517,1.2593863855806018,1.4527835187251197,1.1966886790040907,1.2096510964702292,1.3227817610500803,1.254019292604503,1.2733153192315856,1.4280079195818436
2024-11-07,1.0224934671997528,1.1771422915912295,1.4669004073879734,0.9997563843288515,1.299030733071945,1.500609678609974,1.2084368237810184,1.2521439683205937,1.369248710092096,1.2980707395498408,1.300606903936534,1.4698312994418998
2024-11-08,1.008816319013281,1.166878610155347,1.4764127308488508,0.9935944216900695,1.2977506502145109,1.48065926167667,1.2045740591516567,1.2353949531386983,1.3509332703237105,1.2807073954983939,1.290373181944774,1.4570156183388379
2024-11-11,1.0141352099746865,1.1782704238399249,1.4781650009600653,0.9976214460660523,1.2941968107365132,1.4744894195110125,1.2076423043183016,1.2419084590427685,1.358055941344749,1.2874598070739565,1.2946007167265972,1.4712399346603326
2024-11-12,1.0024843059639885,1.1673376778650506,1.4536332194030652,0.9733019134778004,1.2890798363596465,1.457898295772691,1.200857998982349,1.2276407794433761,1.3424539000605689,1.2726688102893906,1.286410467468791,1.4575888303397195
2024-11-13,1.0090695995352528,1.171614019563186,1.4508796520854428,0.9745170511704624,1.2916296032443384,1.467349742631844,1.20515382091118,1.235705120086511,1.3512724451342362,1.281028938906754,1.2914768948005888,1.46292845743487
2024-11-14,0.9910866824752621,1.1462877960816402,1.4218420330996056,0.9571036370491266,1.2645046378186295,1.449917059694039,1.1934751960121592,1.2136832667917965,1.3271910335869141,1.2581993569131849,1.2776942102234867,1.431305028189527
2024-11-15,0.9736103264592147,1.1236981121950949,1.4225930060044119,0.9329536473970275,1.2484426014297565,1.4354031794872748,1.1823977863779473,1.1922817473927079,1.3037879716606435,1.236012861736336,1.2645469856325724,1.4030985618531082
2024-11-18,0.9693045575856959,1.1146322621809184,1.4413673286245652,0.9283890783617967,1.2248707996445343,1.4434201934025768,1.1783843291801332,1.187008909279889,1.2980219998817073,1.2305466237942138,1.260910777483287,1.3917785454013423
2024-11-19,0.9743701680251298,1.1277861562027471,1.4663997587847692,0.9394669295234094,1.2559774297981532,1.4422836063713886,1.1824778437414254,1.1932122482361465,1.3048054960922204,1.2369774919614163,1.264748734579815,1.4082030722244252
2024-11-20,0.9769029732448469,1.1353530960899891,1.4661494344831674,0.9421899862067213,1.264002171007985,1.4456112235263816,1.1848316112031647,1.1963139177142754,1.3081972441974772,1.2401929260450175,1.2670772618898536,1.417651483998187
2024-11-21,0.9781693758547052,1.1365902818095739,1.4851740814049226,0.9440821231437888,1.268610444861235,1.4480026218935194,1.1861192816712118,1.1978647524533397,1.3098931182501052,1.241800643086818,1.2683891517058294,1.4191962881453646
2024-11-22,0.9477757132181012,1.0973590863690101,1.5044490526282797,0.9110809079058858,1.2212085628105271,1.405778379470766,1.161174367073538,1.160644718715794,1.2691921409870257,1.2032154340836025,1.2448398993590153,1.370210503346897
2024-11-25,0.9422035417347238,1.0950456610811428,1.4809185682776878,0.9046558243124234,1.216200083537929,1.399822029557747,1.1572137795739388,1.1538210458639107,1.2682220110491638,1.1961414790996798,1.240864786201408,1.3673218594494534
2024-11-26,0.9401772975589501,1.0903249685061287,1.4628952185623407,0.9038215713030485,1.2217532686052168,1.4024397346928266,1.155587887292978,1.1513397102814076,1.2679690038502696,1.1935691318327988,1.2391646505485479,1.3614273964339252
2024-11-27,0.9563872509651388,1.1107723701300418,1.476663055150453,0.9243289514577747,1.2414949128144235,1.4212184189478698,1.1677059448217537,1.1711903949414317,1.267416136267501,1.214147909967847,1.2517674719562488,1.3869589155321473
2024-11-28,0.9490421158279595,1.1027337617658948,1.4691533261023917,0.9187646445637994,1.2317450131650447,1.4147164831328,1.162488050900923,1.1621955534548583,1.2683344586931167,1.2048231511254033,1.2463620573913,1.3769215578889968
2024-11-29,0.9599331782727427,1.1173296747823007,1.482670838388902,0.9306750037647932,1.2489597586743606,1.4254898442516724,1.1709836047616142,1.1755327322108122,1.2690559977418145,1.218649517684889,1.2552275095089467,1.3951466526364167
2024-12-02,0.9675315939318937,1.1297750842402532,1.4699042990071978,0.9361126110050805,1.2554748178767745,1.4325672625968826,1.1775270521319092,1.1848377406451986,1.2719140420256183,1.2282958199356928,1.2623197726365538,1.4106865346764554
2024-12-03,0.9685447160197805,1.1310780325712324,1.4846734328017184,0.9379074774081403,1.2611656000281817,1.440856636869047,1.1781663834184701,1.1860784084364502,1.271661034826724,1.2295819935691334,1.2630124136333885,1.4123134528936576
2024-12-04,0.963225825058375,1.124952468691278,1.4841727841985144,0.9307182428633652,1.2574941601459455,1.4417315145832925,1.1747393135505224,1.1795649025323798,1.2727948819032495,1.2228295819935708,1.2593012684469076,1.4046648061822078
2024-12-05,0.961452861404573,1.12669792113194,1.4836721355953102,0.9375245658088732,1.2523700107579996,1.4375164880760456,1.173556922936834,1.1773937338976896,1.273076001013132,1.22057877813505,1.2580217626429908,1.4068442543655741
2024-12-06,0.9741168875031582,1.1427261691446018,1.477664352356861,0.9480736697893554,1.2656076591742267,1.4560864691053224,1.1826098496856035,1.1929020812883337,1.2726730636223005,1.2366559485530566,1.2678047098435288,1.426857825173893
2024-12-09,0.973357045937243,1.138918653367925,1.4859250543097284,0.9422525505199791,1.2573509981112323,1.4575472623805286,1.181479992766907,1.1919715804448952,1.2727855112662534,1.2356913183279763,1.2672561605043489,1.422103594609198
2024-12-10,0.9812087421183657,1.1470745195515604,1.4921831618497796,0.9528146406228378,1.2671451613179245,1.4654265616955922,1.1899132381274862,1.2015867558270943,1.2768711089965434,1.2456591639871402,1.2750167802321313,1.4322873654892352
2024-12-11,0.9786759368986486,1.149889328338642,1.5046993769298818,0.9501468453239182,1.2752478478588998,1.4629671572011307,1.1874441085833516,1.1984850863489653,1.276955444729508,1.2424437299035387,1.2730757363966811,1.4358020587312934
2024-12-12,0.98931371882146,1.16053662300115,1.5149626732955652,0.9634063412446802,1.2944624850749697,1.4749454202413586,1.198184482592947,1.2115120981571064,1.2786515300257981,1.2559485530546641,1.282054777109624,1.449096736070751
2024-12-13,0.9647455081902051,1.1366598303131485,1.5021961339138612,0.9379247568404027,1.2592378556452053,1.4444471584285434,1.1749455922034477,1.1814259042192572,1.2832618834278684,1.2247588424437317,1.2648010137048873,1.4192831294457864
2024-12-16,0.9586667756628843,1.1284162573602292,1.4886786216273509,0.9308529212080222,1.251357384247217,1.4453251782669654,1.1691645894362614,1.1739818974717482,1.2842739122234448,1.2170418006430885,1.2604183963449003,1.4089898440613537
2024-12-17,0.9614528614045729,1.1234586308506174,1.4869263515161366,0.9273963023429509,1.2503412715535367,1.4485190338342466,1.1715632333311774,1.1773937338976896,1.2823997848242292,1.2205787781350497,1.2618804935860264,1.4027995349824742
2024-12-18,0.9657586302780918,1.1296153702533278,1.4849237571033203,0.9334138970339936,1.256377841658818,1.4573731105621381,1.1757694164483554,1.1830553386841394,1.2823248197282604,1.226045016077172,1.2652417094301516,1.4104871088138233
2024-12-19,0.967278313409922,1.128998110245546,1.473158514928024,0.9299598701193349,1.2497976168313925,1.4499194163183589,1.1773330580339767,1.1858616955252028,1.2827464983930836,1.2279742765273327,1.266602697233898,1.4097163709974927
2024-12-20,0.9642389471462616,1.1282284860558587,1.4749107850392384,0.933340006461843,1.2492436646655796,1.4424297260210603,1.1750936625425386,1.1852479692191227,1.2868414667603696,1.2241157556270112,1.265832130853435,1.4087553846062206
2024-12-23,0.9652520692341484,1.1204763551635708,1.4896799188337588,0.9298422596917948,1.2417454395818661,1.4494137478077498,1.175960257401978,1.176109526958286,1.2861292983486678,1.2254019292604519,1.2663499172328843,1.399075735251806
2024-12-24,0.9771562537668184,1.1332181443395646,1.4821701897856976,0.9400505294490298,1.253977542538636,1.4659982673427918,1.1904630472466102,1.1903812025929479,1.2851172695530915,1.240514469453378,1.2753218554947585,1.4149856899578332
2024-12-25,0.9779160953327335,1.1302510792466576,1.4859250543097282,0.939583919559604,1.245728390926022,1.4708115649452151,1.1913887572366932,1.1856046718819324,1.2826996452081032,1.2414790996784586,1.2749571947711786,1.4112808828396206
2024-12-26,0.9781693758547051,1.1334514812092482,1.4869263515161364,0.9445863937304818,1.244821393431593,1.468047694586218,1.1916973272333875,1.1904964147884955,1.2827183864820955,1.2418006430868187,1.2751627745775989,1.4152770445687621
2024-12-27,0.9766496927228748,1.133399951217151,1.4881779730241467,0.9511768550183383,1.2429057403972854,1.4665776010491192,1.1898459072532217,1.1910400913941948,1.285445241847954,1.2398713826366579,1.2750584368140478,1.4152127019690737
2024-12-30,0.9814620226403371,1.138166963166093,1.4826708383889016,0.956677609235965,1.2422835178478469,1.4800429329564309,1.1957087371904134,1.1937650900388015,1.282774610304072,1.2459807073955003,1.2777684389881843,1.4211650013787709
2024-12-31,0.9652520692341483,1.114167382424049,1.4839224598969116,0.9320761130171372,1.22353699608597,1.463719195259088,1.175960257401978,1.1652248026114373,1.2847705559842366,1.2254019292604519,1.2659014284527885,1.391198076224417
2025-01-02,0.9366313702513461,1.0809891250405448,1.496188350675412,0.8942565209435608,1.1986085813794847,1.4247617284754364,1.141091847775522,1.1295481303030683,1.2865978301984717,1.1890675241157573,1.2441004497114283,1.3497702543616135
2025-01-03,0.9265001493724782,1.0627127178900955,1.509205214358718,0.8751396093310889,1.1953360361126313,1.4099342567587616,1.12874904790775,1.1113708882822593,1.290121189708997,1.176205787781352,1.2373890365449367,1.3269495338225858
2025-01-06,0.9224476610209309,1.0595162067651156,1.4994425665962385,0.8749210993196584,1.1910391089441397,1.4058599358806103,1.1243386436764806,1.1075567082348616,1.2901399309829893,1.17106109324759,1.234148841528669,1.3229582303632916
2025-01-07,0.9292862351141667,1.066897410357743,1.5019458096122589,0.8849644976556794,1.1968420344413258,1.4098764407263846,1.1309634020989536,1.1178294195376333,1.2879753138368955,1.1797427652733135,1.2388101959353452,1.3321747236840196
2025-01-08,0.9277665519823365,1.063042005336673,1.5094555386603203,0.8820074747682569,1.1860936509021949,1.4092510525821182,1.1294853739882937,1.1144742744043694,1.288396992501719,1.1778135048231526,1.2377569159394222,1.3273606965162976
2025-01-09,0.9257403078065629,1.0596440935148246,1.5182168892163919,0.8831889778309902,1.1903611176470617,1.3988267609996339,1.1270120937700205,1.112832138813413,1.2855389482179151,1.1752411575562716,1.2350366737876772,1.3231179153468733
2025-01-10,0.9148492453617798,1.0443593399842988,1.5282298612804737,0.8723592997319806,1.1726534942740512,1.3838409709036057,1.1158495734550773,1.0975771310292906,1.2847049615252641,1.161414790996786,1.225998278412929,1.3040327042352642
2025-01-13,0.9110500375322043,1.0425102121011718,1.531984725804504,0.8682905163880471,1.1764852753713169,1.3761240103312582,1.1113937223539894,1.0962558549348875,1.283111953235931,1.156591639871384,1.2223353801532009,1.3017238023644317
2025-01-14,0.9358715286854309,1.0763794680464045,1.5189678621211977,0.8965322109443287,1.212001270492011,1.4048686898337885,1.1388615991428293,1.131030814763806,1.2837866390996486,1.1881028938906768,1.2425739339126871,1.3440144352239627
2025-01-15,0.9300460766800819,1.0692223370145992,1.5274788883756674,0.8906847708599112,1.199635285129698,1.4023201746711342,1.1325666882102816,1.1227566859417866,1.2852484584710366,1.180707395498394,1.238499154256078,1.3350777286933242
2025-01-16,0.9305526377240252,1.0729097738673359,1.5324853744077083,0.8937515385974253,1.1943082047924107,1.4057741942775637,1.1331063751922321,1.1249661420226922,1.2850235631831308,1.1813504823151142,1.2388172065404783,1.3396820234668483
2025-01-17,0.9338452845096572,1.0767394558882837,1.5367408875349429,0.895420937691592,1.2003176686638002,1.404711600894558,1.1366852154812983,1.1316032944170173,1.2844144717783856,1.1855305466237958,1.2412123725369635,1.344463931772674
2025-01-20,0.9386576144271196,1.0825147982443757,1.533736995915718,0.8985822180750848,1.2117727929044717,1.4064538978161676,1.141463796943856,1.1373638194810551,1.2845175487853424,1.1916398713826384,1.2450899764956,1.3516752765868185
2025-01-21,0.9399240170369781,1.0840927517672867,1.533736995915718,0.8978788224350811,1.2061318250520885,1.4039510750477124,1.1427909828696707,1.140238464440529,1.2847986678952248,1.1932475884244391,1.246206870604075,1.3536455783027683
2025-01-22,0.9308059182459969,1.0753688654170248,1.5472545082022284,0.8884542189801368,1.192480936476683,1.3894841596772556,1.1336587954764912,1.132497628513119,1.2856513958618676,1.1816720257234745,1.239284127455961,1.342752552623557
2025-01-23,0.9335920039876857,1.077804078431043,1.5487564540118408,0.8948212371809722,1.1913466924552822,1.4017383367890714,1.1362687605560282,1.1317789345747509,1.284114611394511,1.185209003215436,1.240917236568527,1.3457932659972764
2025-01-24,0.9416969806907802,1.0901077465388702,1.556516507361504,0.901579162797038,1.199602367269582,1.410960118060412,1.1443117756575762,1.1438535272404653,1.2827839809410682,1.1954983922829603,1.2468667012263779,1.3611561635942895
2025-01-27,0.9361248092074029,1.081211852582319,1.5525113185358712,0.8950401380363215,1.193201802803448,1.4152087016206578,1.13938711452387,1.1334266888641558,1.2873943343431382,1.1884244372990376,1.2442324619099914,1.3500483617021497
2025-02-05,0.9310591987679689,1.076449487788956,1.6118381780155555,0.8927147696070623,1.189637841295433,1.398364375924604,1.1342316179171918,1.132785515399281,1.2870476207742834,1.181993569131835,1.2400587103389997,1.344101864933961
2025-02-06,0.9424568222566954,1.094107227057804,1.6025761788562798,0.9069836558168665,1.210736998565281,1.4072370784703967,1.1459044972129944,1.153571902574381,1.288312656768754,1.1964630225080408,1.2496544076350349,1.3661500897238914
2025-02-07,0.9566405314871105,1.1103530026246964,1.6070820162851167,0.915409115603596,1.2267678205769488,1.4219021224245296,1.1600430950355278,1.1717454994310152,1.2875348938980795,1.214469453376208,1.2606368055058261,1.3864352749410909
2025-02-10,0.9576536535749972,1.1156001593146907,1.631613797842117,0.919628679367144,1.2263332951704458,1.4230957416062675,1.1609220851222701,1.177682601858098,1.2868383910399346,1.2157556270096483,1.2605937572030115,1.3929871040539537
2025-02-11,0.9536011652234501,1.111492621050457,1.6481352017478519,0.9158643189752228,1.2223185306346334,1.421933792941451,1.1561083232537106,1.1728026344364275,1.281392896658385,1.2106109324758862,1.2572717887281115,1.3878582523020853
2025-02-12,0.9632258250583746,1.1240016700053597,1.6366202838741581,0.926064847416116,1.2357029214121793,1.4319817859034905,1.1675281866734588,1.186715654225768,1.294325945814565,1.222829581993571,1.2648928805189878,1.4034775973986862
2025-02-13,0.9606930198386577,1.1199146115633634,1.6446306615254236,0.9216292273687182,1.2424529693830304,1.4319465257797395,1.1645195148180667,1.1821497626563215,1.2909225118260967,1.2196141479099698,1.2628124017278786,1.3983743176477108
2025-02-14,0.9682914354978087,1.128395331448703,1.653392012081495,0.9229122244513394,1.2453911960027697,1.4393065404579601,1.1734789044222762,1.1915981828901558,1.3011328137915021,1.2292604501607736,1.267696330899866,1.4089637150538825
2025-02-17,0.9700643991516106,1.1294274599532683,1.6256060146036682,0.9237264387123152,1.2354504870181353,1.4387799000976702,1.1755874962985575,1.191755250209884,1.3035152175834301,1.2315112540192945,1.2687406489905093,1.4102524758025985
2025-02-18,0.9627192640144313,1.1164434904275948,1.640875797001393,0.9108070342961184,1.2098320296408542,1.4330045445282844,1.1666861810524327,1.1768495643914756,1.2936452590168714,1.2221864951768506,1.262252840071403,1.3940401241301112
2025-02-19,0.9680381549758369,1.1281703545486952,1.6516397419702809,0.9182137639422048,1.2257097113639241,1.4343216902087095,1.1731319610582471,1.1898153364909811,1.300792470392655,1.2289389067524132,1.267102775654123,1.408682799066372
2025-02-20,0.9649987887121765,1.1274364342944654,1.6568965523039239,0.9235234864068228,1.2344427231711737,1.4281379027479557,1.1694486581977817,1.1895059323500574,1.2967083496064928,1.2250803858520916,1.263848214013286,1.407766394168963
2025-02-21,0.9786759368986482,1.1429277948428531,1.6441300129222196,0.9274878668412652,1.243962153138432,1.4377684632365855,1.1860235210698762,1.2085024419511048,1.3150868931442226,1.2424437299035385,1.2741032254209104,1.4271095838305803
2025-02-24,0.975383290113016,1.1392724358323332,1.6473842288430462,0.9242681374358124,1.2420269971830036,1.4331463543593645,1.182033276304372,1.2046080437322448,1.3106624289592135,1.238263665594857,1.270088403205859,1.42254534285246
2025-02-25,0.9649987887121764,1.1289212716236512,1.6476345531446481,0.9145311635046304,1.2256000818497181,1.419498353375376,1.1694486581977817,1.1916813731643556,1.2967083496064926,1.2250803858520916,1.262681399101583,1.4096204269368005
2025-02-26,0.9733570459372424,1.1414771953724787,1.6318641221437196,0.9278602274839979,1.2336326040469934,1.432089679403293,1.1795777410640615,1.204287621374599,1.3079396817684386,1.2356913183279756,1.2692878838436683,1.4252983019492473
2025-02-27,0.9766496927228744,1.1424263363018854,1.6251053660004642,0.927453208118822,1.2443245025765866,1.4407399521826931,1.1835679858295658,1.2046731320060415,1.3123641459534474,1.2398713826366572,1.2716478330936996,1.4264834407855536
2025-02-28,0.9581602146189403,1.1159740042898076,1.6130897995235662,0.9071021690520044,1.2335008653850268,1.4223327713096952,1.1611612267617342,1.1764981431830954,1.2875190778376275,1.2163987138263677,1.257378946936347,1.3934539032247009
2025-03-03,0.9548675678333082,1.1161444468816317,1.6148420696347805,0.9067026698113356,1.2476472920646378,1.415122076194528,1.15717098199623,1.1755167130376971,1.2887311827059933,1.212218649517686,1.2560646276086378,1.3928878419168806
2025-03-04,0.9538544457454213,1.119738881020089,1.6268576361116787,0.9172867045091049,1.2620770196319537,1.4130082459825337,1.1559432143760748,1.1802872786255263,1.288674531031173,1.2109324758842455,1.2552429245987415,1.3965445499865399
2025-03-05,0.9581602146189402,1.1244979249110798,1.6388732025885768,0.9234009995353649,1.2646789155335896,1.4198997025028401,1.1611612267617342,1.1844993510381148,1.2882213176326098,1.2163987138263677,1.2584660973913115,1.4021434721159158
2025-03-06,0.9720906433273836,1.144588917173596,1.6358693109693523,0.9336482280697824,1.2836822798399747,1.4335650940971565,1.1780430315388675,1.2029239166952161,1.287003306623971,1.2340836012861747,1.2689680425621304,1.422529703094521
2025-03-07,0.9695578381076666,1.1386675830665989,1.6336163922549338,0.9323064680497837,1.2908629120668758,1.4319730119421576,1.1749736124884795,1.19867353816859,1.2843595617990191,1.2308681672025734,1.2659415679570938,1.4163139824053395
2025-03-10,0.9655053497561195,1.136574441861373,1.6381222296837705,0.9293556524825464,1.2867156761223615,1.4284927631470294,1.170062542007859,1.1954453851638422,1.2821690303726303,1.2257234726688113,1.261903145372214,1.4144752186152636
2025-03-11,0.9685447160197799,1.1410925090254331,1.6283595819212908,0.9375975125833894,1.298748672416888,1.4356491231344828,1.1737458448683245,1.2004213252343798,1.279109839932329,1.229581993569133,1.2630822582503758,1.4208930708291159
2025-03-12,0.9660119108000629,1.1391763212960717,1.6336163922549338,0.93842384541418,1.2914454109121047,1.4321130403007563,1.1706764258179365,1.1992638985099173,1.2837552772676015,1.2263665594855317,1.2629353261383778,1.418575675470409
2025-03-13,0.9609463003606289,1.1293191163710687,1.6458822830334339,0.9367344692606883,1.2908595657377762,1.4329979823367396,1.1645375877171609,1.1908731316229841,1.2839252322920627,1.2199356913183292,1.2590286282915215,1.4106492693874202
2025-03-14,0.9865276330797706,1.15672605675264,1.6704140645904342,0.9521146238297876,1.3261627938862086,1.4637921449658537,1.1955387201260785,1.2179569446286453,1.2836891836469775,1.2524115755627023,1.2790459856561498,1.4409596857470028
2025-03-17,0.9834882668161102,1.1545592809161052,1.6714153617968421,0.9486249622172312,1.3243755564999031,1.4628942744303972,1.1918188115867692,1.2162876485861767,1.2776803977172595,1.2485530546623809,1.2756016240719605,1.4394493049055659
2025-03-18,0.9857677915138555,1.158538619943743,1.6839315768769445,0.9472053105660291,1.328053373129716,1.4623889181600473,1.1944900858531458,1.2203821633136456,1.2806417996177115,1.251446945337622,1.2777554275223155,1.4426024598880884
2025-03-19,0.9872874746456858,1.1563783770123637,1.7022052508938936,0.9484181838382655,1.330142232746631,1.4649201567660513,1.1962044374073026,1.2188470097260624,1.2826160675513463,1.2533762057877829,1.278606045051195,1.4404431470443546
2025-03-20,0.9789292174206197,1.1471216034039724,1.7039575210051083,0.945640770185757,1.3249570940415285,1.4545829530453374,1.1866437246788142,1.2093428066758476,1.2717575939163555,1.2427652733118986,1.2727634395179366,1.4304235640682355
2025-03-21,0.9622127029704874,1.1260684210988783,1.6956968190522408,0.934785087575703,1.3099327802245464,1.4372223257751247,1.1673423763883155,1.189506252617556,1.2500406466463736,1.22154340836013,1.259524352351186,1.40805615898642
2025-03-24,0.9665184718440064,1.1265431279633973,1.6971987648618532,0.9321706430848414,1.3183508737453997,1.4463991958373694,1.1721236506687436,1.191444523759221,1.255634405791672,1.2270096463022522,1.2626537986527864,1.41040436441809
2025-03-25,0.9670250328879498,1.123599284466416,1.695696819052241,0.9314863658535472,1.3174987360057948,1.450265830735128,1.1727990699981015,1.18968466973429,1.2562924951028835,1.2276527331189724,1.2636945866123266,1.4090950188583142
2025-03-26,0.9629725445364026,1.1212883770406905,1.7009536293858838,0.9261810573559233,1.3162054162362933,1.4455087078610909,1.1683209440641105,1.1871918783885922,1.2510277806131909,1.2225080385852103,1.2611085135069497,1.4067593680386123
2025-03-27,0.9665184718440063,1.124417753858771,1.7052091425131186,0.926800060362624,1.3149919959331449,1.4494969744636526,1.1723546109015979,1.1909315764557622,1.2556344057916717,1.227009646302252,1.264083835137549,1.4098725845411593
2025-03-28,0.961706141926544,1.116604177603142,1.736750004514976,0.9233386871843992,1.3118118460034396,1.4421410514921174,1.1669049255867474,1.1830952093949756,1.249382557335162,1.2209003215434096,1.2601960431207353,1.4003568838507647
2025-03-31,0.9556274093992232,1.1079137906103171,1.7552740028335274,0.9124090705464546,1.2996035182767187,1.4352793727072892,1.1593994896511919,1.1736462484205112,1.2472917376087997,1.2131832797427664,1.2553797493898127,1.3905598413834874
2025-04-01,0.9551208483552797,1.110450630883968,1.7662882721040174,0.9144222662483045,1.3045929963906746,1.4382211006332113,1.1587849126622434,1.176662906787668,1.2472275750966686,1.212540192926046,1.2549546453137295,1.3941146850502406
2025-04-02,0.9543610067893645,1.1119019706728548,1.7595295159607622,0.9147082272917165,1.2981369360226256,1.4393664487724627,1.1578630471788207,1.1769205578568036,1.2481625145591502,1.2115755627009657,1.2547319143302034,1.3959367688569508
2025-04-03,0.9492953963499307,1.1043504335318157,1.775800595564895,0.9150113464296444,1.2914589066120432,1.4383558522043656,1.1517172772893367,1.1685152452099765,1.2528555440178808,1.2051446945337632,1.2526230448506674,1.3864561953580241
2025-04-07,0.8824293385494019,1.0099672570758194,1.7214802221172514,0.8471019379633314,1.1612094064535083,1.3486670487521228,1.0705931147481453,1.069049930767968,1.2567327929652305,1.120257234726689,1.2012346250561394,1.2679628840306685
2025-04-08,0.8912941568184114,1.0221192432762884,1.7334957885941493,0.8569273408592202,1.1805771635932563,1.373924936820527,1.0813482120547429,1.0778995710055779,1.2556878606248099,1.1315112540192938,1.208075617298667,1.2832190889833515
2025-04-09,0.9004122556093925,1.03412177510537,1.7552740028335267,0.8762802282268535,1.2163998962412121,1.382845407346036,1.0924105978558143,1.0955611491478807,1.2564303125508982,1.1430868167202584,1.2157766352786517,1.2982876615207775
2025-04-10,0.9163689284936095,1.0522449937684977,1.7933232966770376,0.8856224555465696,1.2431496465740584,1.400311360541779,1.1117697730076894,1.1165035622361694,1.2576585663545503,1.1633440514469464,1.229179285242271,1.32104044726014
2025-04-11,0.9191550142352981,1.0585051545219204,1.8206086455516601,0.8907830798066594,1.2528997097977523,1.4002124140658905,1.1151499464469057,1.1221853619977253,1.2580893717931447,1.1668810289389078,1.2315899891730533,1.328899762923885
2025-04-14,0.9211812584110717,1.0652558119967108,1.8341261578381705,0.8929611061814109,1.252334029976194,1.4072168197202044,1.1150197797509356,1.1280265373207248,1.2569711108674317,1.1694533762057888,1.232781103967905,1.3373748724493375
2025-04-15,0.9219410999769868,1.0650993379902063,1.8336255092349665,0.8906575385565414,1.2553977704450603,1.4111036946701003,1.115496700307345,1.1260921543514268,1.2569986090869163,1.1704180064308694,1.23340201145341,1.3371784272367095
2025-04-16,0.9242206246747321,1.0620774205805972,1.87818323492013,0.8913398473321072,1.2619738009383008,1.4191649708280214,1.1173654274773956,1.1223590443661797,1.2580802057199831,1.1733118971061105,1.2356563007529997,1.3333845625473886
2025-04-17,0.9249804662406472,1.0624635791919246,1.8937033416194569,0.8920248369623895,1.2645405067778368,1.4189657675952465,1.1174754200583599,1.123136038239992,1.2572735912817639,1.1742765273311908,1.2359489375321577,1.3338693651814162
2025-04-18,0.9275132714603642,1.0634339344578616,1.8982091790482938,0.8949888565731486,1.2641581936100221,1.4209421522994208,1.1187842514514872,1.1248841815102004,1.2567327929652305,1.177491961414792,1.237766871438619,1.3350875972111298
2025-04-21,0.9280198325043076,1.0715893054890508,1.9335049055741818,0.8979677145487903,1.2888757359834535,1.4179717875630808,1.1186093955692449,1.1338297279368272,1.2556511963321637,1.1781350482315123,1.2377463654929433,1.3453262536632078
2025-04-22,0.9287796740702227,1.0713491212011639,1.9980885753875088,0.89835827351402,1.2890522088248926,1.4208735099158278,1.1192955436374359,1.1327252417999565,1.2561186660634045,1.1790996784565926,1.2385387502213785,1.3450247144199954
2025-04-23,0.9297927961581094,1.0733408844608716,1.8774322620153239,0.8967963519885832,1.2807253671150347,1.4173699211962314,1.119470178964584,1.1344954569359624,1.2549362426255601,1.180385852090033,1.2388830064718936,1.347525272600859
2025-04-24,0.9297927961581094,1.0709875530275585,1.8979588547466912,0.8957856610354716,1.2745481439386404,1.4207332118718792,1.1190263504323636,1.1320869840257237,1.2538546459924933,1.180385852090033,1.2384559021639456,1.3445707838386163
2025-04-25,0.9297927961581094,1.0725954796421844,1.8849419910633851,0.898519407905827,1.2755231975107018,1.4193498559438162,1.1195004897916412,1.1337660155185316,1.2550095712108529,1.180385852090033,1.2389121987395677,1.3465894544968053
2025-04-28,0.9282731130262792,1.0684778153623964,1.8686709114592521,0.8964417375067154,1.2685055372164957,1.4192412218703667,1.118325585655767,1.13011509223611,1.2546612604307126,1.1784565916398724,1.2375597107983298,1.3414199349514029
2025-04-29,0.9265001493724773,1.067814200146053,1.8816877751425585,0.8948067602333136,1.2665717517183503,1.4155017374588916,1.1178190528748184,1.129350709208508,1.2563569839656055,1.1762057877813514,1.2368105418099689,1.3405867995624028
2025-04-30,0.9257403078065621,1.069311947723134,1.8701728572688645,0.8912565164693871,1.2696907414106844,1.4088995499295844,1.1177016769635075,1.1318226195490382,1.2573377537938948,1.175241157556271,1.2365881461540258,1.3424671460034192
2025-05-06,0.9351116871195151,1.0815475558843457,1.9054685837947527,0.8903058428518198,1.281341794782051,1.414872138173422,1.1237060037318436,1.1487337727677553,1.2566502983067762,1.1871382636655956,1.2438285793241084,1.3598759610271725
2025-05-07,0.9411904196468359,1.0869253539787205,1.9202377175892735,0.9031918484720436,1.289377169709474,1.4253505229318972,1.127621324223391,1.1535076115289313,1.256301987526636,1.1948553054662387,1.24854201228821,1.3665525249376684
2025-05-08,0.9470158716521849,1.0924053943462975,1.8917007472066405,0.9125634889231153,1.2913219819240094,1.430916655033957,1.132519863358053,1.1595795866701173,1.2588684880118794,1.2022508038585216,1.2541989451189215,1.3762309315008054
2025-05-09,0.9457494690423265,1.0890927617485269,1.8851923153649872,0.9242780394869552,1.2960218426508585,1.43342361302369,1.1315325814117796,1.1538996300375013,1.2551708690542058,1.200643086816721,1.253046520944643,1.3708044861931563
2025-05-12,0.957147092531053,1.1001764149817035,1.8463920486166707,0.9266209495997232,1.303344908049457,1.4447118044368168,1.1443634596589176,1.1683931528710234,1.2702974596025292,1.2151125401929268,1.261869829580264,1.3885332168066415
2025-05-13,0.9581602146189399,1.1011809997524151,1.8353777793461805,0.9406784102763308,1.3037475225135788,1.4499020649523384,1.1455747467292103,1.1675460503444166,1.271642045429047,1.2163987138263674,1.26232549842666,1.3887945239662658
2025-05-14,0.9710775212394965,1.1115003546044893,1.8216099427580683,0.9488785956710186,1.3277903331259095,1.4696134537012078,1.1610186568754408,1.1775133695181008,1.2887855147171465,1.232797427652734,1.2721091275655405,1.4023765900777394
2025-05-15,0.9624659834924587,1.1009952552222695,1.7677902179136291,0.9465356855582507,1.31867313935046,1.4612890017505011,1.1507227167779537,1.1641780206777645,1.2773565351917466,1.2218649517684896,1.2649765478612847,1.3865521027677532
2025-05-16,0.9568938120090814,1.0963385066937168,1.7965775125978638,0.9383355001635629,1.309553035837463,1.4510557087558411,1.1440606378913445,1.1611338324886673,1.2699613131458998,1.214790996784567,1.2602350576648003,1.381205563362016
2025-05-19,0.9553741288772511,1.0976397612815108,1.807842106169956,0.934821134994411,1.3105312984463222,1.4504697276814733,1.1422437072859055,1.1640894458804567,1.2679444344061233,1.212861736334406,1.2592883950559663,1.381883850321945
2025-05-20,0.9604397393166852,1.1027804272962374,1.8045878902491295,0.9383355001635628,1.3115246290739317,1.4556614214883166,1.1483001426373685,1.1691562116949525,1.2746673635387116,1.2192926045016088,1.263467545925696,1.3891177627770357
2025-05-21,0.9644922276682324,1.10665317294013,1.8621624796175993,0.9441927754454827,1.3211889403350416,1.4647701274124085,1.1531452909185387,1.1706340183908472,1.280045706844782,1.224437299035371,1.266610842989033,1.395018653606114
2025-05-22,0.9639856666242891,1.102860437928728,1.8649160469352215,0.9523929608401703,1.310874499867358,1.4652159713284174,1.1525396473833924,1.1611338324886673,1.2793734139315232,1.2237942122186507,1.2662080010003731,1.388976916768525
2025-05-23,0.9566405314871098,1.0925974448651172,1.8659173441416297,0.9430213203890987,1.3009143849843647,1.4531718875052293,1.1437578161237711,1.1507891856174046,1.2696251666892704,1.214469453376207,1.2608113106077468,1.3756793904529847
2025-05-26,0.951321640525704,1.090973852843082,1.8586579393951703,0.9359925900507948,1.302958733969957,1.445900831331959,1.137398559004735,1.1526892227978407,1.2625660911000527,1.2077170418006442,1.256594227650272,1.3720211056054228
2025-05-27,0.9460027495642983,1.0865298355102577,1.8438888056006497,0.9418498653327148,1.3012866662972333,1.43874085925023,1.131039301885699,1.1497336094060513,1.2600668890822386,1.2009646302250816,1.252188083634549,1.366207080964004
2025-05-28,0.9449896274764116,1.0854713874984472,1.8461417243150682,0.9406784102763308,1.2971434351455982,1.4385006954964787,1.1298280148154065,1.1476224569833446,1.2601312795820312,1.1996784565916412,1.2514090599400551,1.364171915105109
2025-05-29,0.9510683600037323,1.0951720983097573,1.8273674016949149,0.9395069552199469,1.311418973752187,1.4441409169117683,1.137095737237162,1.1645116763649979,1.258677894015286,1.207395498392284,1.2556616118518722,1.3778132383403026
2025-05-30,0.9492953963499305,1.0919833315252374,1.8446397785054558,0.9465356855582508,1.3093361679782962,1.4446163833696533,1.13497598486415,1.1575448733700657,1.2599013135113437,1.2051446945337634,1.2547453385538019,1.372507440446029
2025-06-03,0.948788835305987,1.0942151146349928,1.8719251273800788,0.9629360563476262,1.3199793783403626,1.4461187397650168,1.1343703413290036,1.1594449105505018,1.2598369230115511,1.204501607717043,1.2543179549918215,1.3754250344293364
2025-06-04,0.9530946041795059,1.1002110143107178,1.8709238301736708,0.9641075114040103,1.3318970298622852,1.4508603476155273,1.1395183113777472,1.1691562116949525,1.2606648008660262,1.2099678456591652,1.2580630433777202,1.3843726246491066
2025-06-05,0.9556274093992229,1.1026042623039845,1.8731767488880893,0.9570787810657064,1.3320891508263868,1.4490620650791215,1.1425465290534786,1.1734688929839288,1.2612811099354688,1.2131832797427664,1.26031500515061,1.3895354839697103
2025-06-06,0.9561339704431663,1.1024732197665423,1.8726761002848853,0.9594216911784743,1.334601079963006,1.4496793777484729,1.143152172588625,1.1738851920643703,1.2623389538606313,1.2138263665594866,1.2611386609117514,1.3887109953866106
2025-06-09,0.9584134951409117,1.1071436751181238,1.85239983185512,0.9629360563476262,1.3476870562811119,1.4514798493631693,1.1458775684967832,1.1794965282479004,1.2627896873591788,1.2167202572347278,1.2631227957984037,1.3955643019408153
2025-06-10,0.9525880431355627,1.1011343353578322,1.85365145336313,0.9676218765731621,1.3378635415615534,1.4468182421755251,1.138912667842601,1.1708695269619667,1.2629368656444189,1.209324758842445,1.2585751565897003,1.3867361809061278
2025-06-11,0.960693019838657,1.1077844188959058,1.8594089122999768,0.9711362417423139,1.3422194736913478,1.455996643402031,1.1486029644049414,1.1797423048885933,1.2628724751446263,1.219614147909969,1.264974547307055,1.3967019555214906
2025-06-12,0.9611995808826003,1.10838555654836,1.8766812891105178,0.9746506069114658,1.3398328289507127,1.4555669719929298,1.1492086079400876,1.1812113914339175,1.2625965158598014,1.2202572347266891,1.265264182719921,1.3975619973810642
2025-06-13,0.9546142873113361,1.0997690981237664,1.8994608005563036,0.966450421516778,1.3304930355800821,1.4472799413654849,1.141335241983186,1.1720101684459951,1.262863276501799,1.2118971061093258,1.2601700264574551,1.3862246644077443
2025-06-16,0.9571470925310531,1.1034762979952109,1.8932026930162524,0.9781649720806178,1.3347109158076844,1.4507972911418456,1.1443634596589174,1.1757763109447585,1.2631484344294515,1.215112540192927,1.2622899541342711,1.3920630471629774
2025-06-17,0.9568938120090814,1.1028931362511267,1.8771819377137215,0.9758220619678499,1.3343926138505338,1.4511548622803512,1.1440606378913443,1.1743578261951557,1.2645650254248866,1.214790996784567,1.2626557889213108,1.3904249029363813
2025-06-18,0.9576536535749965,1.102487131794225,1.87818323492013,0.9863651574753057,1.333184985451291,1.4516429736250827,1.1449691031940639,1.1738760056985749,1.2647122037101266,1.2157556270096475,1.2633161543109257,1.390683972969377
2025-06-19,0.9498019573938739,1.0932199106065192,1.8686709114592523,0.9851937024189218,1.3135333645181233,1.4423329157001983,1.1355816283992963,1.162946532603189,1.2647673955670915,1.2057877813504834,1.257123533193166,1.3776378912884029
2025-06-20,0.9510683600037324,1.0926301024952993,1.861411506712793,0.9957367979263775,1.3114329735590653,1.4484539689655338,1.1370957372371622,1.159603897227171,1.2649973616377792,1.207395498392284,1.2582206625105161,1.3750717247704463
2025-06-23,0.9543610067893645,1.0995688961011763,1.8684205871576505,1.0086228035466012,1.3198070750358777,1.4545714948496113,1.1410324202156132,1.1651103714126607,1.2647306009957817,1.211575562700966,1.2607281440366958,1.3835015772801897
2025-06-24,0.9657586302780911,1.1128280299455302,1.8453907514102623,1.010965713659369,1.3359457784498368,1.4664297731485565,1.154659399756405,1.1818104268118668,1.264243072925924,1.2260450160771719,1.2695676299682406,1.4027127516517015
2025-06-25,0.9822218642062516,1.128780861528114,1.8503972374423032,1.0215088091668247,1.368267018435625,1.484566951623716,1.1743428146486594,1.2033994981182075,1.2837717657139855,1.2469453376205804,1.282419961114034,1.4269042575261295
2025-06-26,0.978422656376676,1.1259498628917326,1.8536514533631296,1.0320519046742804,1.358926325338298,1.4827171937133838,1.169800488135062,1.1984340312901451,1.2788061709523275,1.2421221864951784,1.279585608313267,1.4221178009373123
2025-06-27,0.9725972043713269,1.1218292540665167,1.8338758335365681,1.0039369833210652,1.3674491769601174,1.4699637749100232,1.1628355874808798,1.1971884774814732,1.2711922589844518,1.2347266881028953,1.275368262017871,1.418686680408345
2025-06-30,0.9774095342887892,1.1288445275504413,1.8308719419173438,1.0027655282646812,1.3703561776649322,1.474228421572418,1.1685892010647694,1.2057171247877259,1.2774820123492185,1.2408360128617377,1.2789171215903967,1.4296810198846084
2025-07-01,0.9789292174206194,1.1310075374894755,1.8516488589503133,1.0107292340651741,1.3797758683078274,1.4792892769376502,1.1704061316702083,1.2086458151997954,1.2794682502538817,1.2427652733118986,1.2802962666749729,1.432801719144013
2025-07-02,0.9799423395085064,1.1283001540353932,1.850897886045507,1.0083611201629143,1.3799860690589465,1.4847864629955987,1.171617418740501,1.20560614473584,1.2807924088569906,1.2440514469453392,1.2813891903584658,1.4293719067521329
2025-07-03,0.9857677915138553,1.1345509972598207,1.8636644254272112,1.010190400158399,1.3836432648440062,1.4882902876902862,1.1785823193946832,1.2117118098453716,1.288406320824866,1.251446945337622,1.2860267150943911,1.4372907035958213
2025-07-04,0.9900735603873742,1.1362458842203444,1.8541521019663334,1.0086202788509715,1.3939214345960467,1.4972514442953784,1.1837302894434265,1.213516682052711,1.2940339948880784,1.256913183279744,1.2895204349647977,1.4394378483939752
2025-07-07,0.9855145109918836,1.133413335977718,1.8411352382830273,1.0082428908742629,1.3913490718454415,1.4956117713884283,1.17827949762711,1.209456868590546,1.2880752811740888,1.2511254019292617,1.285878986061426,1.435849472669617
2025-07-08,0.9941260487389213,1.145596077876317,1.851899183251915,1.0130786689735904,1.4023251720140608,1.5020847488867288,1.188575437724597,1.2231693252050913,1.2993306293005136,1.262057877813506,1.2922095904323225,1.4512830157341896
2025-07-09,0.9933662071730063,1.1451335091148267,1.8308719419173434,1.0048645306669695,1.3994750220215837,1.503754758174342,1.1876669724218776,1.2199697068003972,1.298337510348182,1.2610932475884258,1.2916094675980088,1.4506970167070241
2025-07-10,0.9984318176124403,1.15080465607155,1.84514042710866,1.0132589237519163,1.4045257724483682,1.5134158972777774,1.1937234077733405,1.2265544848625025,1.304958303363726,1.2675241157556283,1.2952157239601043,1.457881433114317
2025-07-11,1.0019777449200442,1.1561839735238642,1.8463920486166703,1.0181705222968263,1.423703652298969,1.514181467459441,1.1979629125193647,1.234205407501345,1.3095928584746068,1.2720257234726702,1.2978324403164652,1.4646961492307151
2025-07-14,1.0017244643980725,1.156145473707948,1.8624128039192012,1.0209230074985172,1.425169062178426,1.5172660649241507,1.1976600907517916,1.2328947757170623,1.3092618188238296,1.27170418006431,1.2973635436815605,1.464647376255644
2025-07-15,1.0017244643980725,1.1551329153200136,1.8614115067127928,1.0118692013509536,1.4140021474893965,1.5084235564670256,1.1976600907517916,1.2326846709495576,1.3092618188238296,1.27170418006431,1.2978926286342332,1.4633646302518584
2025-07-16,0.9994449397003272,1.1538734484012523,1.8529004804583233,1.0090940230403844,1.4126298825215322,1.50442075471739,1.1949346948436332,1.23117705172683,1.306282461966835,1.268810289389069,1.2961545293799945,1.4617690914896573
2025-07-17,1.0078031969253933,1.163735326948598,1.851648858950313,1.0173413269859948,1.4253320422291196,1.5087775672540804,1.204927813173547,1.2436723341111506,1.3172067704424826,1.2794212218649532,1.302628122626456,1.4742624799669715
2025-07-18,1.0154016125845444,1.1693275578244922,1.853150804759925,1.0310802832484596,1.4363475975142312,1.5193879806428094,1.2140124662007414,1.2503514333166812,1.3271379599657989,1.2890675241157572,1.3084753987290634,1.4813469225964317
2025-07-21,1.0217336256338367,1.1779203557758666,1.863914749728813,1.0444625069914664,1.4428437130407554,1.527079789383829,1.2215830103900698,1.2606550683172075,1.3354139512352285,1.2971061093247602,1.3130398726618264,1.4922325933536005
2025-07-22,1.0328779686005918,1.1896485098278782,1.8709238301736706,1.04827009247929,1.4459335088973444,1.5456709451587352,1.2349071681632884,1.274446544394612,1.3499796958694257,1.311254019292606,1.321349943301767,1.5070902479059376
2025-07-23,1.0323714075566481,1.1882118411254396,1.8894478284922218,1.0442877233986,1.4516136645086344,1.54620126554307,1.234301524628142,1.2718286639188106,1.349317616567871,1.3106109324758857,1.3207532232266759,1.505270223442384
2025-07-24,1.0389567011279124,1.199977234083745,1.8584076150935687,1.0578270450893947,1.4588779072378937,1.55330000163514,1.2421748905850438,1.2856457280141724,1.3579246474880784,1.318971061093249,1.3247802418522097,1.5201750536033602
2025-07-25,1.033384529644535,1.1961409757216965,1.8546527505695378,1.0574165572954135,1.4516846841237554,1.5451469079170028,1.2355128116984346,1.2824070964841716,1.3506417751709798,1.311897106109326,1.3206371138858946,1.5153151411854249
2025-07-28,1.0361706153862236,1.19900814191415,1.849395940235895,1.0618696422993084,1.4565355139500775,1.5435007130216565,1.2388438511417392,1.2848386409200545,1.3542832113295291,1.3154340836012874,1.3232862886925147,1.5189473721948996
2025-07-29,1.0414895063476293,1.206317666605653,1.843137832695844,1.06030797278984,1.4526708438226255,1.5455591406443043,1.2452031082607753,1.2914339993799226,1.3612350439958503,1.32218649517685,1.3266902793395343,1.5282073454461464
2025-07-30,1.0407296647817141,1.2010899542008606,1.8466423729182726,1.0550151419186298,1.4522429649595001,1.5486312744983661,1.244294642958056,1.2904918053142271,1.3602419250435187,1.3212218649517697,1.3266481337570508,1.5215846881494468
2025-07-31,1.0212270645898933,1.1828289354547907,1.8398836167750174,1.0393926364691728,1.436864914788169,1.5225836877981425,1.2209773668549238,1.26630882429471,1.3347518719336742,1.2964630225080398,1.3121576051665107,1.4984509616397477
2025-08-01,1.015654893106516,1.1796509473243517,1.8355533044073373,1.0259303086251266,1.432610945142988,1.5151772791441478,1.2143152879683143,1.2593994011462766,1.3274689996165756,1.2893890675241169,1.3078924546918154,1.494424970029807
2025-08-04,1.0204672230239782,1.1873183920242283,1.8583938998241707,1.0416685133145838,1.453861593685664,1.5224061937440987,1.2200689015522042,1.2653666302290145,1.3337587529813424,1.2954983922829593,1.3115038945210182,1.504138369439868
2025-08-05,1.0283189192051008,1.195549824680662,1.8694681279050596,1.0466136511711028,1.463268403782549,1.5355579478234425,1.2294563763469715,1.2751026355745343,1.3440209821554354,1.3054662379421231,1.3177267522155043,1.5145662494231753
2025-08-06,1.0311050049467896,1.202538760343592,1.8895401663016709,1.0621533847706492,1.4882051124869367,1.5401680635393353,1.232787415790276,1.278557347148751,1.3476624183139847,1.3090032154340845,1.3199226437789666,1.5234200887663336
2025-08-07,1.030851724424818,1.2015271589574126,1.8902323055567265,1.0621561991730446,1.491428850511292,1.5425566956878085,1.2324845940227032,1.2782432824601861,1.3473313786632077,1.3086816720257246,1.3201128105209348,1.522138555127377
2025-08-08,1.028318919205101,1.1984899825468422,1.8840030522612266,1.0649187629659307,1.4924173739093767,1.5391385154559163,1.2294563763469715,1.2751026355745343,1.3440209821554354,1.3054662379421231,1.3183858503951367,1.5182909489548588
2025-08-11,1.0331312491225633,1.2074056580731716,1.9116886224634486,1.070169251792765,1.503578426058667,1.538956327600252,1.235209989930861,1.2810698646572722,1.3503107355202022,1.3115755627009655,1.3214467506938294,1.529585652834384
2025-08-12,1.0397165426938277,1.2154527312555437,1.9186100150140042,1.0672647098361798,1.506675160625235,1.5488113122975093,1.2430833558877632,1.2892355465599665,1.3589177664404097,1.319935691318329,1.3263927310588552,1.5397799794923421
2025-08-13,1.048581360962837,1.229665790516115,1.9469877244712825,1.0888702679943414,1.5282340991188168,1.55136770349955,1.253682117752823,1.3002278106597467,1.3705041542176115,1.3311897106109334,1.3335571360590366,1.5577856028571926
2025-08-14,1.0468083973090352,1.222257293994328,1.9255314075645602,1.0781053874038844,1.5235481607446268,1.549538491324624,1.2515623653798111,1.2980293578397906,1.3681868766621712,1.3289389067524127,1.331998343738653,1.5484002484710926
2025-08-15,1.0566863376659312,1.2387120014619846,1.9656754843577824,1.091558396828872,1.5507585320715225,1.555387702577422,1.2633724143151637,1.3102778806938316,1.3810974230424817,1.3414790996784576,1.3394893150057874,1.5692456737809921
2025-08-18,1.0647913143690257,1.2521320425682867,1.994745333070116,1.102079522809292,1.5653307926379683,1.5590994960163134,1.2730627108775046,1.3203279507279166,1.3916906918673524,1.3517684887459818,1.3444903334749811,1.5862466727405342
2025-08-19,1.0592191428856486,1.2472792912163955,1.9961296115802272,1.0872258398452552,1.5600597216212237,1.5492554458794925,1.2664006319908956,1.3134185275794834,1.3844078195502543,1.3446945337620593,1.3403120135000801,1.5800990298211934
2025-08-20,1.0741626936819786,1.2608610433183949,2.0189702069970603,1.096848362839635,1.5725084212685645,1.5672737284042597,1.284267116277711,1.3319483442048274,1.403939158946109,1.3636655948553067,1.3514148348313553,1.5973048901852438
2025-08-21,1.0777086209895825,1.2592774066246315,2.0002824471105605,1.0974767568191135,1.57474515255154,1.574404168401961,1.2885066210237353,1.33634524984474,1.40857371405699,1.3681672025723488,1.3543363742238594,1.595298681294399
2025-08-22,1.1032899537087242,1.2847041006661077,2.035581549118394,1.1146991144964196,1.5879874074049165,1.6000616653707551,1.3190916195486229,1.3680657833898207,1.4420087187854873,1.4006430868167217,1.3734785617454175,1.627510147378563
2025-08-25,1.1250720785982904,1.3072358667245947,2.062574980065561,1.153492133968914,1.6336480578515848,1.6243813920313828,1.3451342915599134,1.395075346606424,1.4704781287523265,1.4282958199356928,1.3902259368092111,1.6560542128015143
2025-08-26,1.1189933460709696,1.3022566415202967,2.062574980065561,1.141001262033396,1.6190579454845968,1.6152888170095097,1.337866569138158,1.3875377940808602,1.4625331771336736,1.4205787781350496,1.3857434750191044,1.6497463481797103
2025-08-27,1.1022768316208373,1.2832585052528733,2.0258915995476166,1.1234119112889172,1.5959307176633202,1.5891815644846623,1.3178803324783304,1.3668095246355598,1.4406845601823783,1.3993569131832813,1.3734763027604047,1.6256788142312464
2025-08-28,1.1235523954664601,1.3068572279623798,2.0542693090048947,1.1378337617542638,1.6202244302800077,1.606732753781297,1.3433173609544746,1.3931909584750328,1.4684918908476632,1.4263665594855321,1.3891098272645603,1.6555745393674712
2025-08-29,1.1341901773892715,1.314538167045711,2.052192891239728,1.1642984867287827,1.6385929655992484,1.6120248604647065,1.3560358751925468,1.4063816753947693,1.4823955561803055,1.4398713826366576,1.397130853112648,1.6653050339560977
2025-09-01,1.1379893852188472,1.3232103317131534,2.0933198395969423,1.1897346516519232,1.643562759653534,1.6108266615325646,1.3605782017061443,1.4110926457232469,1.4873611509419637,1.4446945337620598,1.400391509983805,1.676291249372303
2025-09-02,1.1314040916475827,1.3075911461127243,2.0368209440287295,1.1754326996939306,1.6491268413241693,1.6130348814338136,1.3527048357492424,1.4029269638205526,1.4787541200217562,1.4363344051446962,1.3955210873249326,1.6565042937260128
2025-09-03,1.1210195902467432,1.2949567066197099,2.052554813680637,1.1510314495498535,1.6205542062793807,1.5950364100475665,1.3402891432787436,1.3900503115893814,1.465181494339891,1.4231511254019311,1.3884260518294913,1.6404985236263765
2025-09-04,1.097464501703375,1.2687589141264792,1.9674488823816836,1.1089479232758093,1.6055610390480843,1.5778496541759022,1.312126718894441,1.3608422955528219,1.4343948068176113,1.393247588424439,1.37126960498023,1.607310201817842
2025-09-05,1.1222859928566016,1.3041252981565234,2.1054778297825067,1.1447822584341112,1.6229373750142326,1.5947745206174613,1.3418032521166092,1.3991771559938506,1.466836692593777,1.4247588424437316,1.3890436377961481,1.6521136307592925
2025-09-08,1.1225392733785733,1.305373260916802,2.07973149762484,1.1554280580628289,1.6202956662510875,1.5950626287262788,1.3414741153445138,1.4057136427666828,1.4671677322445542,1.4250803858520917,1.3891183107154375,1.6536945956327223
2025-09-09,1.1157006992853373,1.2942311846178918,2.034675416348924,1.1410732409749276,1.6127613449016305,1.590751082325344,1.335152612589635,1.394569162587364,1.45822966167357,1.4163987138263683,1.3839597243246018,1.6395794058159074
2025-09-10,1.1182335045050544,1.2979201553526134,2.056130693146979,1.1386023919900408,1.61082302849587,1.594093604537409,1.3373086186930356,1.3958442495656578,1.461540058181342,1.4196141479099698,1.385537973359663,1.6442527288799726
2025-09-11,1.1491337281856018,1.3320537620998474,2.163407077137256,1.1505699579812738,1.6482099961316785,1.6185345906041175,1.3659168177698668,1.4378391655986607,1.5019268955761604,1.4588424437299055,1.4089184211195755,1.687494430466314
2025-09-12,1.1392557878287055,1.3261761554058646,2.141951800339201,1.1606838453295474,1.6537477428482552,1.6080346117738076,1.357003763019811,1.433504564616788,1.4890163491958497,1.4463022508038605,1.401836709464753,1.6800484633118562
2025-09-15,1.141282032004479,1.3271842766018018,2.1719891878564783,1.156371977693342,1.6507554870029064,1.6047258922395078,1.3587498237280895,1.4331482898395695,1.4916646664020672,1.4488745980707414,1.4036964325736836,1.6813255881185134
2025-09-16,1.1390025073067336,1.3308891225235133,2.1877230575083857,1.1473915310375353,1.6391419134046272,1.5997494903766627,1.3571600112865836,1.4374373851676951,1.4886853095450723,1.4459807073955002,1.4023618918668095,1.6860190224501492
2025-09-17,1.1473607645317998,1.3427058959405618,2.230633611104497,1.1532739383162833,1.6383352974133574,1.6072235399518555,1.36446073858972,1.4503347410197514,1.49960961802072,1.4565916398713845,1.4091775269219295,1.7009889432556857
2025-09-18,1.1324172137354696,1.3242085803133765,2.193444464654534,1.1351719373781395,1.6169370174237687,1.5836758085172358,1.3520198390344422,1.434293835503929,1.480078278624865,1.4376205787781369,1.3977883243334994,1.6775558672135844
2025-09-19,1.1349500189551867,1.3236078983341009,2.189868585188191,1.140465440456743,1.6146912549628953,1.587361925801414,1.3536055717788265,1.4363543938050272,1.483388675132637,1.4408360128617381,1.399033534135185,1.6767949013101426
2025-09-22,1.1387492267847623,1.3281693069855172,2.2041721030535615,1.1470335489868884,1.6186335870626065,1.5861072069339925,1.3571010273204598,1.4411625428581574,1.4883542698942953,1.4456591639871403,1.402300043047028,1.6825734606396188
2025-09-23,1.1395090683506772,1.326518261320181,2.2120390378795154,1.1334390596848196,1.6105657091115224,1.589692544234983,1.3574109419508804,1.4421241726687832,1.4893473888466267,1.4466237942122206,1.4023511154028296,1.6804818555978611
2025-09-24,1.149893569751517,1.3438497414567832,2.259955822728506,1.144935078639488,1.6221817886158163,1.5988021444603921,1.3660139132053957,1.4552664467473384,1.5029200145284918,1.459807073954986,1.409536781898785,1.7024380085958821
2025-09-25,1.1579985464546114,1.3485691409119336,2.2964297932852,1.1590480291664444,1.6308505743167914,1.6027164629731214,1.3728185845336736,1.4655238313940158,1.5135132833533624,1.4700964630225102,1.4152840405456868,1.7084167164546082
2025-09-26,1.1468542034878564,1.3336538838339018,2.237785370037182,1.1487730962011022,1.6289456522185213,1.59597925912626,1.3635734062340161,1.4514199275048343,1.4989475387191653,1.4559485530546643,1.4075412588264993,1.6895215232091985
2025-09-29,1.1663568036796774,1.352112950431101,2.297860145071737,1.1684369703922364,1.6627120725567834,1.6098060770339584,1.3826538140888982,1.4761017593109016,1.5244375918290098,1.4807073954983945,1.4217590250995993,1.7129061439810178
2025-09-30,1.1696494504653097,1.3575612832466561,2.3007208486448105,1.2042318492661337,1.6680591416196366,1.6123316579138167,1.3862592920468952,1.4802688218236144,1.5287411072891135,1.4848874598070763,1.4250254897511545,1.7198082912840538
2025-10-09,1.1886454896131868,1.3734136665720205,2.313594014723644,1.2473330502974143,1.6676337263189087,1.6310758538443377,1.4044673678165742,1.504309567089264,1.5535690810974032,1.5090032154340858,1.4393058231311615,1.7389738742342482
2025-10-10,1.164077278981932,1.3424675920251075,2.2134693896660522,1.2163869131313003,1.6574484313616258,1.6172528338052605,1.3810798962886055,1.4732168698790238,1.521458234972015,1.4778135048231535,1.4213306994635997,1.7095526075750853
2025-10-13,1.157238704888696,1.334230641920321,2.1841471780420427,1.2278865361328974,1.643275296724627,1.6128505690328574,1.3746820154220283,1.4645622015833897,1.5125201644010304,1.4691318327974299,1.416490395711,1.7011923417487176
2025-10-14,1.1453345203560261,1.3094879509914517,2.0983260708498213,1.1961303165850694,1.6501777696580047,1.6186229380934676,1.3635056935537895,1.4494966678835826,1.496961300814502,1.454019292604504,1.407941485563126,1.6809572252521416
2025-10-15,1.1607846321963,1.3299709135655668,2.1476732074853486,1.2047818174250857,1.6634357583753612,1.6332188486930121,1.378084293747318,1.4690498073663112,1.5171547195119113,1.473633440514472,1.419169128044111,1.703143027866519
2025-10-16,1.1645838400258754,1.3287690015314344,2.155540142311302,1.193113416125884,1.6749289130079223,1.6444249419298984,1.3816917299511893,1.4738579564194412,1.5221203142735693,1.478456591639874,1.42198083739188,1.704824966513121
2025-10-17,1.1400156293946206,1.2941869740711776,2.0847377288777196,1.1632027179233912,1.655853544278772,1.622367524279342,1.3586616558608369,1.4341713659175983,1.490009468148181,1.4472668810289415,1.4043955721709196,1.6669329477690447
2025-10-20,1.1440681177461678,1.3035143598258596,2.124787578900756,1.1576514871462649,1.6461849589580988,1.629199848494597,1.3624949730379947,1.4414989310549196,1.4862825752786606,1.4524115755627034,1.406884663293611,1.679375181498734
2025-10-21,1.1617977542841866,1.3265837251566113,2.189868585188191,1.173942826870034,1.6693513079951963,1.642132783842208,1.3806162336866246,1.465114779595091,1.486498821597684,1.4749196141479124,1.4200480455363693,1.7034236220863916
2025-10-22,1.1579985464546112,1.321061306073138,2.173419539643015,1.161159627743724,1.6511735486585133,1.6419388358103355,1.376784938753367,1.4569159798830478,1.4867799418124144,1.4700964630225106,1.4173692378720235,1.6979714932390397
2025-10-23,1.1625575958501018,1.3247738466116077,2.1727043637497463,1.1645279270388864,1.6559632834781302,1.6518827198811548,1.3813723220243768,1.4623807377509381,1.4863474491743676,1.475884244372993,1.4205524335387514,1.70422284164541
2025-10-24,1.1769945856024888,1.3485906127728107,2.2506585361160143,1.1824221676038649,1.6814089638034417,1.6598426868322527,1.3960587260805042,1.483927893548718,1.4862501383308073,1.4942122186495206,1.4310997405637889,1.7280334836174847
2025-10-27,1.191178294832904,1.3653419382169443,2.2949994414986623,1.20263627962712,1.6903914557554616,1.673085400400979,1.4103679308284371,1.50416755906849,1.4867583171805119,1.5122186495176877,1.4416429948522749,1.7471221480053731
2025-10-28,1.185099562305583,1.3600194309954123,2.292138737925588,1.187320940053595,1.6776693594285434,1.6657915113709056,1.4047049675466639,1.496500339275054,1.4767923893477557,1.5045016077170446,1.4383989024544193,1.7409811780682503
2025-10-29,1.2002963936238848,1.3822854379849938,2.360080447786097,1.2125897756112685,1.6729311424321722,1.6722072233699894,1.420150675772042,1.5219296800711792,1.4957296715364423,1.523794212218652,1.449950264372866,1.7630618411103405
2025-10-30,1.1904184532669886,1.366933232052867,2.316454718296718,1.1989998304547542,1.6562900524758697,1.664413148161156,1.4104236263156413,1.5056694785140754,1.483420438113796,1.5112540192926072,1.4432660238013644,1.7466495205451926
2025-10-31,1.1734486582948847,1.3518701570567366,2.2642468780881164,1.188608740199613,1.6670595948087312,1.6491934683905616,1.393409369762414,1.4886346804539605,1.4622738063364291,1.4897106109324785,1.4309884204164431,1.7298599819401272
2025-11-03,1.1752216219486866,1.356759219073433,2.2713986370208015,1.1830750687933398,1.6713158264800543,1.6578352309787883,1.3946961643610438,1.4900683286747143,1.4644831559251092,1.4919614147909994,1.43202856147114,1.736577346750618
2025-11-04,1.166610084201649,1.3453149648894756,2.2256273798516166,1.1631375295328699,1.6654744768425926,1.6581688450074024,1.3868467366298938,1.4716214360292423,1.45375202935152,1.481028938906755,1.4257035114391123,1.7219293294112636
2025-11-05,1.1681297673334792,1.3496380418677332,2.247082656649672,1.1632630251725804,1.664545341848538,1.659379960622566,1.388243118761493,1.4743412430872562,1.4556457575703887,1.4829581993569159,1.4268384941616226,1.7274626307098009
2025-11-06,1.1858594038714982,1.3668778080142814,2.2892780343525145,1.1840271116383922,1.6693145135404035,1.6756780423061644,1.4042374139745342,1.4980593880952802,1.4777392534571898,1.5054662379421249,1.4395592255398655,1.74952858532614
2025-11-07,1.1833265986517811,1.364820184683859,2.277835220060218,1.1806500444859929,1.6608166140587344,1.67464405516991,1.4020076366228715,1.4953215524336096,1.4745830397590751,1.5022508038585234,1.4378355193424595,1.7468949403775562
2025-11-10,1.1863659649154417,1.3669120717742753,2.258525470941968,1.1869520343246303,1.6820371959440117,1.6831511145765268,1.4049446529458292,1.498069315622353,1.4783704961968127,1.506109324758845,1.4400346826143635,1.7495724410586704
2025-11-11,1.1752216219486866,1.357126345765248,2.226342555744885,1.1725625357546248,1.675013114352113,1.6725341262967939,1.3930867315291497,1.4854440847916048,1.4644831559251088,1.4919614147909992,1.4319893439006472,1.7370472487696578
2025-11-12,1.17572818299263,1.3564699075787605,2.2227666762785425,1.166962526733955,1.6718531196168904,1.6780938157547671,1.3936857248802454,1.481835024436751,1.465114398664732,1.4926045016077196,1.4326005274330937,1.7362070439137256
2025-11-13,1.1876323675253,1.3725741887724987,2.2756896923804124,1.1899063659094817,1.687021590918835,1.6882381759214962,1.4063262058172792,1.5006397846783894,1.47994860304587,1.5077170418006456,1.4410709912880595,1.756819640101461
2025-11-14,1.1696494504653094,1.3519246956963482,2.2120390378795145,1.1752712972497659,1.6732803420093685,1.670635673081268,1.3871480803726697,1.476142287903717,1.4575394857892574,1.4848874598070765,1.427907689521313,1.7303894221277694
2025-11-17,1.1617977542841866,1.3471415950642434,2.205602454840098,1.1733925333791042,1.6693889411362386,1.659288965977692,1.3777087726897572,1.4709805979172228,1.4477552233251023,1.4749196141479124,1.4222641479400198,1.7242673157966149
2025-11-18,1.1549591801909507,1.3354625040552137,2.182001650362237,1.1572976025556032,1.6641378831840061,1.6466045199325405,1.3696651385117413,1.45901257838498,1.445522771400673,1.466237942122189,1.4172741003662057,1.7093187202080986
2025-11-19,1.1585051074985544,1.3357561270822809,2.186292705721848,1.1710047206147502,1.665448913594264,1.6537672979264655,1.373833093228688,1.4576311418858716,1.4450827053211375,1.4707395498392306,1.4197122819548182,1.7096945415698561
2025-11-20,1.1531862165371487,1.328584908153079,2.164122253030524,1.1635485135239125,1.6541835294806708,1.6496281888006923,1.3675821480058499,1.4483639204276184,1.4458475820784256,1.463987138263668,1.4161019791645,1.7005157748690511
2025-11-21,1.1248187980763182,1.2908207146808142,2.0768707940517652,1.1203994953888654,1.6193810606910792,1.6184317577162592,1.3342081885114008,1.4047417557993471,1.4454494270540839,1.4279742765273336,1.3950450375990968,1.6521796795764543
2025-11-24,1.1230458344225165,1.2923991865715259,2.0797314976248393,1.133225054949804,1.637054946664952,1.6114774835454568,1.3321304181069815,1.4136652883190661,1.4456170712748593,1.4257234726688128,1.3937904168640065,1.6542000369761738
2025-11-25,1.1331770553013845,1.3060740477106272,2.1176358199680703,1.1413315037455092,1.6487655085193076,1.6219616632954372,1.343360805256936,1.431234142323919,1.4456485045662548,1.4385852090032178,1.4013467365302967,1.6717031088110876
2025-11-26,1.1405221904385638,1.311780591175139,2.1648374289237924,1.1332824343580685,1.637137836858498,1.623214983587754,1.3513995349037327,1.4335348255864593,1.4440558844688873,1.4479099678456617,1.4061792405465554,1.6790071712927759
2025-11-27,1.139509068350677,1.310390843819138,2.154109790524765,1.1327838758678193,1.6364176201291734,1.6230796859614396,1.350272749143951,1.4303975302284497,1.4439720623584995,1.446623794212221,1.405397128522234,1.6772283709410187
2025-11-28,1.142801715136309,1.317814711047932,2.1705588360699406,1.1455801759009763,1.6549031329377624,1.6248214378275585,1.3539536420679184,1.4481755372571699,1.4445483393674154,1.4508038585209027,1.408058044502085,1.6867305136009463
2025-12-01,1.1559723022788375,1.3295277155641136,2.189588702557636,1.1626878827228078,1.6627451348929674,1.637980794431718,1.369415500994877,1.4621887898562786,1.4450407942659436,1.4675241157556294,1.4179866221446422,1.701722516617576
2025-12-02,1.1506534113174318,1.322378444469646,2.177877115784869,1.1523211073973048,1.653631031023879,1.63349354184825,1.363114509425882,1.4494304554003734,1.4446740725329972,1.4607717041800667,1.4139279927755426,1.6925718419408193
2025-12-03,1.1453345203560261,1.3141488891821753,2.174052924185598,1.1473723040642518,1.6406010004234375,1.6270682540618384,1.3568135178568872,1.4414826404934162,1.4447998056985787,1.4540192926045041,1.410055689662142,1.6820384627788092
2025-12-04,1.1483738866196864,1.31763745420823,2.1664045409870556,1.152031443209565,1.6433252595227474,1.6276645449281824,1.3604140844677413,1.4460840070184966,1.4433224410029946,1.4578778135048256,1.411724067670119,1.6865036345732933
2025-12-05,1.158758388020526,1.3302363856492019,2.1836134031837755,1.1814317222417576,1.6565616993031007,1.6374015227497256,1.3727160203881599,1.4651169321904207,1.4440768399964845,1.471061093247591,1.4196787736313103,1.7026295754374339
2025-12-08,1.1673699257675638,1.3419181145689654,2.1773990918349604,1.1959313487393535,1.6537393215804774,1.6420086057055543,1.3829176257855802,1.4780844196701932,1.4439196735395075,1.4819935691318353,1.4259473401213782,1.7175815474069311
2025-12-09,1.161291193240243,1.3354689393299584,2.162102325437876,1.1765046766020264,1.6468867026710645,1.630614086515358,1.3757164925638716,1.4667901563813592,1.4447264613519897,1.4742765273311922,1.4218109198260656,1.7093269570066294
2025-12-10,1.1597715101084127,1.335922945745353,2.173813912210644,1.1856021840149538,1.6416999800221748,1.6258041206834803,1.3739162092584445,1.4749471243121839,1.4449464943917578,1.4723472668810313,1.420781175119599,1.7099080603042303
2025-12-11,1.151159972361375,1.3247181192352886,2.1773990918349604,1.1756951554420536,1.6368268748389767,1.6167857495506148,1.3637146038610244,1.4618075326974151,1.445931404188814,1.461414790996787,1.4148387980348902,1.6955664972486004
2025-12-12,1.1577452659326393,1.3321718795467563,2.20536349290463,1.1863031359310867,1.6403358100937846,1.6200245843114078,1.3715158315178753,1.4747721132600238,1.4455227714006738,1.4697749196141503,1.4195350721120754,1.7051069014139346
2025-12-15,1.1509066918394033,1.325815069725552,2.235000977798981,1.1902635514916815,1.6400859427688959,1.6213396734676728,1.3634145566434532,1.4653088118855502,1.4449045833365637,1.4610932475884268,1.4142612933527166,1.6969705336797658
2025-12-16,1.1390025073067336,1.307751948849008,2.208470648579038,1.1701514738268006,1.6173623250368305,1.6054365425251786,1.3493123374176077,1.4462585717112297,1.4446321614778037,1.4459807073955009,1.405377749932367,1.6738507301915342
2025-12-17,1.1590116685424976,1.3288790884161223,2.225201486825849,1.1926389853280899,1.649775321462794,1.6215691306056057,1.3730160676057308,1.4728703204587488,1.4456065935110614,1.4713826366559508,1.4205701193628038,1.70089230946228
2025-12-18,1.151159972361375,1.323485528532192,2.2271135826254844,1.1922340687506423,1.653542736371434,1.624733491877657,1.3637146038610244,1.4639107943461558,1.4464867256701328,1.461414790996787,1.4151419045169313,1.6939888487884158
2025-12-19,1.1562255828008092,1.3304030534495714,2.2259185227507126,1.2072344224720377,1.6652299470263627,1.6294126243270963,1.3697155482124481,1.4739187531130133,1.4472620801912197,1.4678456591639897,1.4191816739322378,1.7028429010758275
2025-12-22,1.1668633647236206,1.341818298726745,2.2732428937916915,1.2187994228359724,1.665119136883641,1.6341922262250819,1.382317531350438,1.4892405395482935,1.44650768119773,1.4813504823151151,1.4267200251052723,1.7174537886063945
2025-12-23,1.1693961699433375,1.343477032007946,2.3038364265858604,1.2140999957818035,1.65206100536369,1.6366122832549503,1.3853180035261494,1.4914810647298962,1.448990911217967,1.4845659163987162,1.4295578408714567,1.7195768761815078
2025-12-24,1.1737019388168566,1.3532029188989438,2.3045534625107233,1.2314585188602567,1.6711554080573263,1.6397011756087962,1.3904188062248597,1.5042214827163232,1.4520077749457896,1.4900321543408386,1.4324762343142725,1.7320254776831803
2025-12-25,1.175981463514602,1.3595374641990903,2.286388552414186,1.2399482403883688,1.6953293131923517,1.6438014149098776,1.3931192311830003,1.5123132977813927,1.4548278159415842,1.4929260450160797,1.433950680216594,1.7401333480521852
2025-12-26,1.1805405129100923,1.364863072516416,2.306465558310359,1.2644390731031532,1.7040117775994046,1.6505683523260035,1.3985200810992815,1.5199946261589925,1.460467897933173,1.4987138263665618,1.4376680368635635,1.746949834449713
2025-12-29,1.1752216219486866,1.360044090518132,2.2856715164893227,1.2581133958964965,1.7004719795508103,1.6457882281528227,1.3922190895302868,1.5132701799084676,1.453887802276319,1.4919614147909992,1.4330787858907763,1.7407818019388788
2025-12-30,1.1777544271684037,1.363624159925381,2.237869121498434,1.2601783744308823,1.6975120631373188,1.647335114863708,1.3952195617059988,1.5183040153082754,1.4570211811605354,1.4951768488746005,1.4348364425180276,1.7453640943198878
2025-12-31,1.1726888167289697,1.3591686457432979,2.2230503790512586,1.2729298955008492,1.6888246082477427,1.643541652230389,1.389218617354575,1.5105590322452402,1.4507544233921028,1.4887459807073977,1.4311461077731538,1.739661280668092
2026-01-05,1.1957373442283945,1.3867443466695881,2.26941870219242,1.3042517035167691,1.7263191465419827,1.665943019633645,1.4165229141535527,1.5402482054491964,1.4792681712384703,1.5180064308681696,1.4474800558264451,1.7749566646066433
2026-01-06,1.214733383376272,1.4077973025181407,2.2890176841386842,1.3544855214305274,1.7609766190953466,1.6923856802144663,1.4390264554713914,1.5647173042436657,1.5027685128700918,1.542122186495179,1.4608365920092883,1.8019032927885439
2026-01-07,1.2101743339807811,1.4092108860485861,2.2749159776163723,1.3455996012504712,1.750158521934178,1.6902210809973712,1.43362560555511,1.558844720532993,1.4971284308785024,1.5363344051446965,1.4572205812260062,1.8037126021355538
2026-01-08,1.2005496741458566,1.4060331664119217,2.2732428937916906,1.3456871520461333,1.7330886736355393,1.679884568017,1.4222238112874053,1.546447043810462,1.485221591118481,1.5241157556270117,1.4507788228613128,1.7996452953815045
2026-01-09,1.2061218456292337,1.4220363121073367,2.2926028637630007,1.3798686949985435,1.7429260206956616,1.6867746267571853,1.428824850073971,1.5536246461235061,1.4921150246637565,1.5311897106109345,1.4547726754875205,1.8201284436813085
2026-01-12,1.2132137002444414,1.4411962855786056,2.336820079129572,1.4254265093146508,1.7564834397314122,1.691111849888716,1.4372261721659643,1.5627597763401082,1.500888485539562,1.5401929260450182,1.4601962038156562,1.8446521582997883
2026-01-13,1.2089079313709223,1.4271125529623867,2.340644270728843,1.3910343159856637,1.7491000250817559,1.6880454486459626,1.432125369467254,1.5572134472800283,1.4955617414363942,1.5347266881028958,1.4572561610835444,1.8266257534114387
2026-01-14,1.2013095157117715,1.4254886651307612,2.3714768154979664,1.3925463352382867,1.7340970742517576,1.6743118350055937,1.4231239529401187,1.5474258077622407,1.4861616047837458,1.525080385852092,1.4521449264511312,1.8245472660995996
2026-01-15,1.2035890404095166,1.4252309880208296,2.3583311568754723,1.3806163742700563,1.715836133487961,1.6721361414496039,1.425824377898259,1.5503620996175766,1.4889816457795402,1.527974276527333,1.4540295778931,1.8242174535392037
2026-01-16,1.1995365520579695,1.4204408169999798,2.3559410371259273,1.3676780466273402,1.6974211370430765,1.662177739025105,1.4210236224171202,1.5451420252080899,1.4839682395647942,1.5228295819935709,1.451471066560796,1.8180862974984509
2026-01-19,1.200043113101913,1.4214764584590236,2.3915538213941394,1.375679586425212,1.7080853574822035,1.6641197835412593,1.4216237168522627,1.5457945345092758,1.4845949153416376,1.5234726688102913,1.4518010370326597,1.819411861734056
2026-01-20,1.1964971857943092,1.416959672273831,2.409718731490677,1.3640106278693713,1.6931524063244572,1.6688958966218546,1.4174230558062662,1.5412269694009748,1.4802081849037347,1.5189710610932494,1.4496010573913658,1.8136306232806492
2026-01-21,1.1980168689261395,1.422019248018596,2.4802272641022376,1.3772768908716693,1.6846321822501482,1.6656429708261773,1.4192233391116933,1.5431844973045326,1.477807745956229,1.5209003215434103,1.4506931723449499,1.8201066025841313
2026-01-22,1.1972570273602243,1.4276719104201947,2.4716228330038774,1.389038937294501,1.7012384662940607,1.666451697113315,1.4183231974589796,1.5422057333527537,1.4776688432044383,1.5199356913183297,1.4500865698434915,1.8273417002620738
2026-01-23,1.1914315753548752,1.4378692782190368,2.5375901380913035,1.414689331293131,1.7169271067443874,1.6578693210240916,1.4114221114548424,1.5347018763891163,1.4781710300762974,1.5125401929260467,1.4460503134833784,1.8403937714527503
2026-01-26,1.193457819530649,1.4322225625767837,2.6109668144023166,1.4235243353150704,1.7166053570492377,1.6695637914690562,1.4138224891954119,1.5373119135938598,1.477882539745655,1.5151125401929277,1.4474129864581389,1.8331662853004351
2026-01-27,1.1929512584867055,1.4344295899870496,2.6133569341518608,1.4203082953314992,1.6973438364380617,1.6652038904078341,1.4132223947602696,1.536659404292674,1.4780214424974458,1.5144694533762075,1.4470987909367061,1.8359911592725042
2026-01-28,1.196750466316281,1.4409188590277369,2.6960550774860974,1.4458465946421262,1.6877221347377012,1.677400669644246,1.417723103023837,1.5415532240515677,1.4782565086927841,1.5192926045016093,1.4499560071508615,1.8442970675387649
2026-01-29,1.207641528761064,1.4443944339629695,2.8451985498576686,1.451245517488608,1.7419309502698923,1.6988933848183942,1.4306251333793978,1.5555821740270634,1.4791754038200156,1.5331189710610948,1.4582337485842607,1.8487456127298425
2026-01-30,1.1932045390086772,1.4329012389404416,2.6312828322734436,1.385953648614217,1.7146987151300273,1.6795060700033773,1.4135224419778405,1.5369856589432669,1.4790258162411638,1.5147909967845676,1.4477151142415656,1.8340349538028007
2026-02-02,1.1650904010698184,1.3877302672725884,2.561586580317909,1.3009718492474105,1.6313535405765562,1.6369459992017614,1.3802172008274392,1.500771392727452,1.479057870722346,1.479099678456593,1.4272611337970151,1.7762185888749995
2026-02-03,1.1813003544760072,1.414990014511162,2.60963602109263,1.3760882129062264,1.701457244123967,1.6503937559167428,1.3994202227519947,1.5216516903653992,1.4795814272483268,1.4996784565916412,1.4393777501347529,1.8111095694315815
2026-02-04,1.1921914169207903,1.4276274422353994,2.5970328890861456,1.37828499014315,1.7077811893107468,1.680219778687296,1.4123222531075557,1.535680640340895,1.4794211548424145,1.5135048231511268,1.4472776357252932,1.8272847834257757
2026-02-05,1.1850995623055829,1.4110785850700567,2.550558839812235,1.3348995554437149,1.6779352284031304,1.672619214266304,1.4039209310155627,1.5265455101242933,1.4803186803155242,1.5045016077170434,1.4424632913268451,1.806103154390985
2026-02-06,1.1775011466464318,1.4056007271053037,2.5434695780585876,1.3259725020181343,1.6689979660453413,1.6633565435847393,1.3949195144884272,1.5167578706065055,1.480703334089714,1.4948553054662395,1.4370640967737665,1.799091796799618
2026-02-09,1.1972570273602243,1.4321928003573947,2.615937587095872,1.352654793592251,1.6838309488322671,1.6840393921101446,1.4183231974589794,1.5422057333527537,1.481622229216945,1.5199356913183295,1.4518872880148859,1.8331281912928512
2026-02-10,1.1987767104920544,1.4327743741380194,2.608060629591819,1.352762128002038,1.6859280005157689,1.6884927209717209,1.420123480764406,1.544163261256311,1.4815901747357627,1.52186495176849,1.452980455349118,1.833872573817546
2026-02-11,1.1962439052723375,1.4327035763258469,2.5781281910764196,1.3672052448712624,1.68219567273709,1.6921186511576287,1.4171230085886943,1.5409007147503817,1.4822740036676556,1.5186495176848887,1.4514067690630568,1.8337819565030735
2026-02-12,1.1972570273602243,1.4407212989019715,2.6143621955950613,1.3812948441791713,1.6772076013429285,1.6904633617751237,1.4183231974589792,1.5422057333527535,1.4828937236371837,1.519935691318329,1.45238702964094,1.8440442014191152
2026-02-13,1.1830733181298092,1.4194343438788914,2.5718266250731774,1.3590440955145382,1.6703437402040737,1.667789986813725,1.401520553274993,1.5239354729195498,1.4834707042984687,1.501929260450162,1.4422893582355805,1.816798067134783
2026-02-24,1.1944709416185357,1.433690081937214,2.5954574975853353,1.3888384398574154,1.6627754242260009,1.6834309026732637,1.4150226780656963,1.5386169321962315,1.483641661531442,1.516398713826368,1.4506927755170316,1.8350446295500362
2026-02-25,1.2030824793655734,1.4477592162656516,2.634054589355193,1.4281174435060364,1.6668213779751417,1.6908787667400933,1.4252242834631164,1.5497095903163909,1.482402221592386,1.5273311897106123,1.456483271161671,1.8530523494311228
2026-02-26,1.199283271535998,1.4476214229707882,2.627753023351951,1.4346139490720946,1.6563917637397845,1.6858583517742998,1.4207235751995488,1.5448157705574972,1.480959769939174,1.5225080385852106,1.4531567261616924,1.8528759815752571
2026-02-27,1.196750466316281,1.4535248118480788,2.6001836720877667,1.4595241175121954,1.661392025657028,1.6926225103145252,1.4177231030238369,1.5415532240515677,1.481900034720527,1.519292604501609,1.4516843899083365,1.8604319953831923
2026-03-02,1.2002963936238848,1.4555292488869578,2.711132579464642,1.5049768871360625,1.6445759610229138,1.7070499701839281,1.4218273818682232,1.5461207891598687,1.4831928987948872,1.523794212218651,1.4547717632910253,1.862997564797257
2026-03-03,1.1848462817836112,1.4301101417434239,2.67361318316479,1.41100264708918,1.6373762315637301,1.7054706136101467,1.4038608042569594,1.5262192554737004,1.4830753656972182,1.5041800643086831,1.443490232791889,1.830462502555164
2026-03-04,1.1676232062895358,1.411059785997825,2.60736057830619,1.414333163476664,1.6098189470516988,1.6783069981811287,1.3838525651322908,1.5040339392333817,1.4843682297715788,1.4823151125401945,1.4314039211408331,1.8060790926101475
2026-03-05,1.1787675492562906,1.4210011123404127,2.603561145769496,1.4135973626032843,1.619293519734926,1.684195766081862,1.3968065666957257,1.5183891438594703,1.48373782497499,1.4964630225080402,1.4393579505294551,1.8188034447873769
2026-03-06,1.1820601960419228,1.4266946798973046,2.581951873217049,1.405837320062911,1.6401306425646163,1.6851066115749915,1.400643057874958,1.5226304543171785,1.4841224787491798,1.500643086816722,1.4419195416697106,1.8260908988193791
2026-03-09,1.172435536206998,1.4198284860825614,2.5807645505493326,1.3849588700824274,1.6129581582569823,1.6796935655180294,1.3900427897928855,1.5102327775946471,1.4823167429758997,1.488424437299037,1.4341734829917505,1.8173025475264908
2026-03-10,1.18611268439347,1.4360092442498016,2.601661429501149,1.4003055387545396,1.6287415759749708,1.6831243358165098,1.4046082409736123,1.5278505287266653,1.4824022215923864,1.505787781350484,1.4442448488653554,1.83801303004355
2026-03-11,1.1932045390086776,1.443345546434203,2.60593579110493,1.3875642206976389,1.6203159112324408,1.6942231466847688,1.4121372345892622,1.5369856589432673,1.4822953733217783,1.5147909967845679,1.4493843571165714,1.8474030942518842
2026-03-12,1.1888987701351585,1.442499341519292,2.597387067897369,1.3672711302816487,1.603555962120175,1.7010101306789054,1.4075667535982104,1.5314393298831874,1.4823381126300215,1.5093247588424454,1.446262945388018,1.846319998397229
2026-03-13,1.1845930012616395,1.432166085714955,2.5650918913354706,1.3279131540922424,1.5684914737868787,1.6938726678939136,1.403024642610904,1.5258930008231075,1.4826907119230286,1.503858520900323,1.44325784239118,1.8330939980165235
2026-03-16,1.1853528428275548,1.4312993066742512,2.5323217857064857,1.3073296650863855,1.5494620431166384,1.6880651250178769,1.4036950096811056,1.5268717647748864,1.4816863381793106,1.5048231511254035,1.4434222328451691,1.8319845684098817
2026-03-17,1.176741305080517,1.4125344986209316,2.525910243300815,1.2781315114954253,1.5319952275053916,1.6816345544095321,1.3934972254227387,1.5030654802620342,1.4817077078334324,1.4938906752411591,1.4371387194587086,1.8079666438412374
2026-03-18,1.1807937934320643,1.4211540179477364,2.518548842760971,1.2841934462745133,1.5350121357932522,1.680624968760548,1.3982961827207938,1.5130466833320537,1.483182213967827,1.4990353697749212,1.4406803314829704,1.8189991555738871
2026-03-19,1.1648371205478472,1.4014796370184006,2.4045658666601537,1.2250610049419857,1.4819199594636856,1.666831810049317,1.379400288359702,1.4828875356715723,1.48399426082445,1.4787781350482332,1.429314650383803,1.7938170276377603
2026-03-20,1.1590116685424978,1.3916630008347353,2.3499490239451792,1.1991113610846855,1.4529170917431655,1.6558572230474944,1.3725017872437477,1.4665304572353788,1.483556182914956,1.47138263665595,1.4248569995141607,1.781252272021441
2026-03-23,1.1220327123346296,1.3448314744735232,2.123170394411262,1.1385672048694193,1.3854867630270995,1.6112515499834106,1.3287113018989953,1.4144284777533997,1.482989887080732,1.424437299035371,1.3973628980194468,1.7213104882109167
2026-03-24,1.134443457911243,1.3629408166833674,2.2081826974197876,1.1751206975044142,1.4189055394121133,1.6289973697066011,1.343408108624289,1.4356979013938684,1.4826052333065423,1.4401929260450175,1.4064916154648672,1.7444894524693257
2026-03-25,1.1509066918394033,1.3821176871521834,2.28939556789162,1.205052220378628,1.4461866397568193,1.6403353239896838,1.3629038726476375,1.4627628825708547,1.4830753656972184,1.4610932475884257,1.418916759684952,1.7690347943174243
2026-03-26,1.1367229826089884,1.3674193305216795,2.2440398419848364,1.1829584491066125,1.4233474598753422,1.6294537557612736,1.346107522104445,1.4417454630923427,1.4836523463585032,1.4430868167202588,1.408645577632517,1.750221704418963
2026-03-27,1.1417885930484224,1.3781663128713337,2.2544882814607448,1.2049651943931043,1.4493461470424833,1.6339578627848537,1.3521062187270136,1.454791028715315,1.4845605566586737,1.4495176848874614,1.4127569277722862,1.7639772520739727
2026-03-30,1.1397623488726487,1.378341874207632,2.2929575358947707,1.2216419767072846,1.4484162498629392,1.6375772172606167,1.3498882322685886,1.4549256963278479,1.4855008214400265,1.4469453376205803,1.4116105761269657,1.7642019609503121
2026-03-31,1.1303909695596959,1.3587725917484592,2.303168510837135,1.210923926692296,1.4418898004151093,1.624583157733879,1.3406975432907595,1.436138560649876,1.4859282145224597,1.4350482315112556,1.4048090842731953,1.739154353288599
2026-04-01,1.1483738866196866,1.3757005831774702,2.38034448423873,1.2269264420095636,1.455192895278698,1.6406760142340953,1.3582922695159247,1.4595711469956174,1.4846567201022212,1.4578778135048247,1.4177373636776154,1.762490825347103
2026-04-02,1.1369762631309601,1.3590983975614392,2.3124296276453267,1.204645324038186,1.450953279065846,1.6334836073078403,1.3470913899746966,1.43927571640368,1.484923840778742,1.443408360128619,1.409396760492228,1.74227724576894
2026-04-03,1.1281114448619505,1.3458917769719387,2.33380143566423,1.1913105770091414,1.4361423649446876,1.6175667967943643,1.3384394719188493,1.4270643905455007,1.4856290393647569,1.4321543408360145,1.403071190792178,1.725687848254697
2026-04-07,1.1260852006861768,1.3504368831761946,2.33593861646612,1.197456449248491,1.4390785971599758,1.6184243747744582,1.336407508264761,1.4282716312211918,1.4854473973047229,1.4295819935691334,1.4014905056341644,1.7304451099049027
2026-04-08,1.165596962113762,1.403566093228663,2.4014788277240897,1.2674214384238776,1.5135651382230209,1.6516962029248234,1.3753954394394268,1.4912316912009898,1.4846780897563432,1.4797427652733137,1.4307052382730692,1.7949352646163357
2026-04-09,1.157998546454611,1.3945393537623765,2.352798598347699,1.2576947017676376,1.4948118183580288,1.6418503858760625,1.3679465671025088,1.4805023375581143,1.4848597318163772,1.4700964630225097,1.4251792750187944,1.7833063688279962
2026-04-10,1.17572818299263,1.4143321556123856,2.367996328494475,1.2631238671730611,1.5169953273229966,1.6538421922958064,1.385415126048136,1.4985612674118203,1.484881101470499,1.492604501607719,1.4382796773836555,1.8058052465921668
2026-04-13,1.178260988212347,1.4187416690970955,2.3565980308843932,1.2687838695651736,1.5138224106338654,1.6558863434284707,1.3871615298470008,1.4995103024128034,1.4852657552446888,1.4958199356913202,1.4402877532111866,1.8104969324372078
2026-04-14,1.193457819530649,1.4382438867730183,2.377257445302666,1.292640742020091,1.5272083393424012,1.6676483924123782,1.399203847942583,1.5216461888535469,1.48554356074827,1.5151125401929277,1.4515413312835819,1.8337746514311866
2026-04-15,1.1888987701351583,1.4322798347163461,2.3898430655804646,1.278820871561366,1.5357303950331658,1.6704972316808038,1.3960759116459898,1.514180579281272,1.477491864206109,1.5093247588424454,1.4487697910648605,1.828559560619916
2026-04-16,1.2020693572776868,1.4547240991649437,2.397679395187396,1.3034131895368692,1.5357728346564874,1.6784639558333445,1.406697461398848,1.5360700936858558,1.4938594775292275,1.5260450160771724,1.4587575664548296,1.853045867190278
2026-04-17,1.2002963936238848,1.4598074669057202,2.381531806906447,1.3076913782833874,1.5101622101702514,1.667214418804825,1.4055354545628476,1.538443875227417,1.4916561449665,1.5237942122186514,1.4577473784280963,1.8551629136089711
2026-04-20,1.2068816871951489,1.4658497251670681,2.38319405864125,1.329849167994488,1.507513582746444,1.6761313977613952,1.4106358222127302,1.548805807528486,1.499839951628059,1.5321543408360145,1.462483260135119,1.8641539698112393
2026-04-21,1.2096677729368377,1.4699362027748277,2.3770199807691226,1.325966425908751,1.5033065680969193,1.6841651195108225,1.412794346430762,1.548328628376352,1.503302331369488,1.5356913183279761,1.4644879482352462,1.8683813678058554
2026-04-22,1.2185325912058471,1.4880670794562836,2.3755951935678623,1.327523553551767,1.5014147971929455,1.6887801558229294,1.4200573015932176,1.565734572621836,1.5143189941831252,1.5469453376205806,1.4713604263752897,1.887482346552652
2026-04-23,1.2159997859861302,1.4803657757183624,2.350898882079352,1.303778867723186,1.4999822216886727,1.6909935892846162,1.4180855523722522,1.5565670702156567,1.5111713762363717,1.5437299035369794,1.4695254310399641,1.8789232479823854
2026-04-24,1.211187456068668,1.4693058177914426,2.333326506597143,1.2974215646674931,1.4966616925387386,1.6897306997862214,1.414546027181276,1.5485671492183926,1.5051909021375398,1.5376205787781367,1.4662974677230112,1.8689991787074507
2026-04-27,1.211187456068668,1.4698645787209053,2.3501864884787222,1.2887064134565611,1.4888353484528436,1.6879389563533138,1.413826972030367,1.5528297820612373,1.5051909021375398,1.5376205787781367,1.4654647742720586,1.8690754086409396
2026-04-28,1.2081480898050074,1.4624945122204043,2.311004840444066,1.2619015110512932,1.4742940205186696,1.6971712012756985,1.4108821504984215,1.5419071819877557,1.5014137606014353,1.533762057877815,1.4637591869297562,1.8624028976979379
2026-04-29,1.2210653964255642,1.4847397691369035,2.2884457097574464,1.2958406863499976,1.5034840623323962,1.710143279514593,1.4241556997381732,1.564289925082007,1.5174666121298785,1.5501607717041819,1.4734811893295354,1.887754589855039
2026-04-30,1.2218252379914794,1.4856973999331344,2.298181755632725,1.2995873416612835,1.5073135978020495,1.71341264624365,1.4248958826511815,1.5655329713515749,1.5184108975139046,1.5511254019292622,1.473921458592324,1.890941916989566
2026-05-06,1.2380351913976682,1.5102170687902925,2.354933949262957,1.339480516874329,1.532932187308882,1.7280778523198104,1.4420991325196637,1.5974697696007387,1.5385556523731272,1.5717041800643103,1.4853920197291206,1.9226539158789022
2026-05-07,1.244113923924989,1.5181624308464117,2.391632602988925,1.3495026285969631,1.5379847495779082,1.719567199261687,1.4486082044348203,1.6119987891399943,1.5461099354453356,1.5794212218649535,1.489806336833848,1.9327691382439292
2026-05-08,1.237528630353725,1.512005821198852,2.36737417086498,1.3622511210658148,1.548324685932412,1.709434051462989,1.4416357547654577,1.6075455422585836,1.5379261287837764,1.5710610932475901,1.4854168968474202,1.9249311725024216
2026-05-11,1.257791072111461,1.5366848029217355,2.455077733159242,1.3670507188056564,1.553719956141104,1.726710705191364,1.4643146944976648,1.63404001366876,1.5631070723578047,1.5967845659164004,1.5000564766021032,1.9563499280111334
2026-05-12,1.2570312305455458,1.5333095130525687,2.4507236555985337,1.3541739076567403,1.5467997377868978,1.7258587842322435,1.4634798403760005,1.6288846856900936,1.5621627869737784,1.5958199356913199,1.4997364618121387,1.9520528541544737
2026-05-13,1.2707083787320177,1.5509012408144385,2.517900852249458,1.3696765027540858,1.538441991633463,1.7305597790713092,1.4788626161486924,1.6514869735228832,1.5791599238862475,1.613183279742767,1.5096819860273214,1.9744488427626061
2026-05-14,1.2514590590621684,1.5238300328305971,2.463785888280658,1.3125078555992635,1.5279252015044718,1.7090362150962133,1.4572435924606582,1.6168900300704374,1.5552380274909205,1.588745980707397,1.4960122621374272,1.9399845494412515
2026-05-15,1.2355023861779513,1.5102835891947528,2.4693839880015687,1.267652388090206,1.5105296056256652,1.6945450075897586,1.4393321259175818,1.5915812686980932,1.5354080344263734,1.5684887459807089,1.4848374598105654,1.9227386028545457
2026-05-18,1.2289170926066872,1.5049016560593895,2.4401494672368145,1.2533696521094904,1.496286141852601,1.6854577932075168,1.4315803195051706,1.5891262653029958,1.5272242277648143,1.5601286173633455,1.4803100768659736,1.9158868760190164
2026-05-19,1.233222861480206,1.5125287401441716,2.4395274561567133,1.2451846798698225,1.494059289560689,1.691661398967197,1.4365961615149785,1.5986548839636308,1.5325751782742951,1.5655948553054675,1.483934919405645,1.925596899422533
2026-05-20,1.2337294225241497,1.5145169595578276,2.4457475669577247,1.243781890442045,1.4896359125636205,1.6912269837807652,1.4371862605749561,1.6031882365493986,1.533204701863646,1.566237942122188,1.484432256788765,1.928128097036631
2026-05-21,1.2177727496399324,1.4842006587755985,2.3922546140690257,1.215954184173237,1.4697837935496463,1.669881746771177,1.418598140185668,1.569981900194832,1.5133747087990987,1.5459807073954996,1.472543343832837,1.8895324834533433
2026-05-22,1.2314498978264041,1.5013760306143742,2.454455722079141,1.2484951884085667,1.4881043413094925,1.6735115945195382,1.4345308148050577,1.5933630654813296,1.511094082263778,1.5633440514469465,1.4825212628134643,1.9113984102826234
2026-05-25,1.2504459369742817,1.523706277289028,2.509192697128042,1.2591672331307704,1.485546014427407,1.6954378035705782,1.4566595295542104,1.6176368734573998,1.5107913639621275,1.5874598070739565,1.4961238671584451,1.9398269965427133
2026-05-26,1.2593107552432914,1.523623300747123,2.5222549298101664,1.2690144749364691,1.474742496914774,1.7009234979931553,1.466986263103815,1.6201868947568838,1.5113751778295959,1.5987138263665612,1.5027190309766743,1.9397213592959117
2026-05-27,1.2491795343644234,1.508626770205833,2.5228769408902676,1.2314257692763049,1.4699631196483427,1.686441607996678,1.455184281904267,1.6006750097018585,1.5121535963195545,1.585852090032156,1.495774943156932,1.9206293103675383
2026-05-28,1.2491795343644234,1.5153875949584308,2.5738818494585622,1.234191393463538,1.4605229421657682,1.682143274997573,1.455184281904267,1.6039841429174266,1.5133969036299046,1.585852090032156,1.4962668794062632,1.929236500985219
2026-05-29,1.246900009666678,1.5010271483935491,2.5210109076499645,1.1982466186113898,1.4641863599933396,1.689741936628749,1.4525288361343687,1.5830841400041096,1.514283435799024,1.5829581993569146,1.4949792300297762,1.910954249120687
2026-06-01,1.2329695809582346,1.4953662247995374,2.465651921520962,1.186162117740853,1.4537251397652118,1.695743358421871,1.4365536576060332,1.5672742009761609,1.5143374926386044,1.5652733118971076,1.484979387884876,1.9022913066937934
2026-06-02,1.25019265645231,1.509818191425733,2.532207107091785,1.2061708682037267,1.4710096044074676,1.7085712867718503,1.4562529593776057,1.5816522216812468,1.5140780198086181,1.5871382636655962,1.4973236172617677,1.9202824422392635
2026-06-03,1.2575377915894892,1.5222164642365257,2.5782359270192696,1.2143252621127314,1.476693823480688,1.7152428594100084,1.4646509004301287,1.590991531129982,1.5139050379219607,1.5964630225080396,1.5025334379359327,1.933743995294921
2026-06-04,1.247659851232593,1.516178755564739,2.550245428414718,1.197425154204938,1.4568101648813347,1.7051610245444175,1.453361857301785,1.5840725085024165,1.5143374926386044,1.5839228295819947,1.4956236940054486,1.923909981237105
2026-06-05,1.2266375679089419,1.4950240361479137,2.4737380655622765,1.181612967207016,1.4411343265277188,1.6899566929987826,1.4293160237392892,1.5603245027556543,1.51429424716694,1.557234726688104,1.4804864187670341,1.8989439009685303
2026-06-08,1.200296393623885,1.45699694302626,2.380436403547104,1.122645968135969,1.416398994074458,1.6675036247498347,1.4018268054818928,1.517756177575998,1.5133104126865757,1.5237942122186505,1.4610262316308382,1.8544946327651186
2026-06-09,1.222331799035423,1.4870974472291703,2.470628010161771,1.1453548516255858,1.4138914242597003,1.6785864198352847,1.4245258580710571,1.5510455599353203,1.5126184851399462,1.5517684887459817,1.4768522006600564,1.8881264267701823
2026-06-10,1.2116940171126116,1.467151650052439,2.4071828799914536,1.1310037989555455,1.431742790184262,1.6713018145367258,1.4134769344935096,1.5348421930110754,1.5118941234895682,1.5382636655948563,1.468857604760425,1.8685329002601745
2026-06-11,1.2033357598875456,1.4591045067758308,2.3823024367874077,1.14148365880269,1.4270546998431217,1.6667178853761448,1.404686217975475,1.525913274158701,1.510380531981316,1.5276527331189722,1.4621901001317401,1.8596735890919363
2026-06-12,1.2203055548596493,1.4743147140751245,2.392254614069026,1.1845647565844637,1.4598836372757154,1.692127055792511,1.4222442369226183,1.547088829570747,1.510650816179218,1.5491961414791007,1.4746669053476142,1.8815446965661577
2026-06-15,1.245886887578791,1.5135194974710526,2.516034819009155,1.2212492110397655,1.4602967890857912,1.7026739643855007,1.4466883777331936,1.5921704213051675,1.5109427231129524,1.5816720257234735,1.4933290010673064,1.9276562928608083
2026-06-16,1.2436073628810458,1.5207169464832362,2.5570875502958312,1.217420521078934,1.4421283272149739,1.686558907596142,1.4447281290214455,1.59905877933333,1.512229275894967,1.5787781350482326,1.4921982701789658,1.9320018309813645
2026-06-17,1.2557648279356872,1.5327273099930598,2.601872348063114,1.2267534880919588,1.445975674278538,1.6898546527095588,1.4564227042039817,1.6192218051268488,1.5126509192436945,1.5942122186495187,1.5011173024796707,1.947084207136654
2026-06-18,1.2623501215069513,1.5391136790640372,2.6553653009518134,1.2287900978935986,1.4417177979590547,1.682130409766863,1.4628611096221396,1.6295766521466872,1.5135482627807297,1.602572347266882,1.5061966636111237,1.9540601881358994
2026-06-22,1.2894511373579232,1.5658122740570382,2.72378651976294,1.2653472439807374,1.4574903605646106,1.7139229027541292,1.487281706025784,1.6638736966502174,1.543620498906496,1.636977491961416,1.525736027397217,1.9909430986449073
2026-06-23,1.2517123395841399,1.5295452386243886,2.6186666472258455,1.1883482086160548,1.4541527828022542,1.6763917036719242,1.4531788751214905,1.6214926237601726,1.4984428414055988,1.5890675241157568,1.4985468793381025,1.9426576906609454
2026-06-24,1.2580443526334322,1.538635838084248,2.648523179070701,1.1943475400368597,1.448135699451346,1.6726702475997148,1.4590423213993238,1.6414982546200758,1.5060229852815883,1.5971061093247598,1.5033565743355635,1.9543264160572589
2026-06-25,1.27856007491314,1.5543573622896056,2.7337386970445583,1.1751716322896169,1.4446490666249299,1.6805330114950037,1.4776080150209439,1.6669540027899308,1.5305826514397944,1.6231511254019304,1.5181436009095177,1.974737153470542
2026-06-26,1.2428475213151304,1.5123680890987488,2.6217767026263514,1.1398347602535879,1.4261735140024387,1.6443915027945217,1.4456746147812987,1.6203928866264243,1.4878306399792138,1.5778135048231523,1.493069511366594,1.923934766150733
2026-06-29,1.2560181084576587,1.5220654304297319,2.6348389353084753,1.1447200968221607,1.4437064773362165,1.6687050400515846,1.4548972673668572,1.6375643620909799,1.5035973392412718,1.594533762057879,1.5030914329066702,1.943086507271564
2026-06-30,1.271214939775961,1.545735242159713,2.7144563535614226,1.1628477505274422,1.4535322218824973,1.6649541711794016,1.4651635051680563,1.6573776030116212,1.5217896845436467,1.613826366559487,1.5137759216748352,1.9682674723835563
2026-07-01,1.2658960488145552,1.5368819131762752,2.658475356352319,1.1658778775972134,1.4678746151971533,1.6699571558341137,1.4608560092903196,1.6504429686893969,1.5154223636878157,1.6070739549839244,1.5093060835219247,1.9646852413521965
2026-07-02,1.2284105315627436,1.4842387209173509,2.5104367192882444,1.1606248869601499,1.461912195354237,1.6462527188689797,1.4353257247701854,1.6015703077518155,1.4705479119419578,1.559485530546625,1.4827401642899054,1.911919902633484
2026-07-03,1.234995825134008,1.4893997930805145,2.5110587303683456,1.1852850855933847,1.4826200315821316,1.6585328489655904,1.439910368129692,1.6101560454840937,1.4681950352828506,1.5678456591639889,1.4875093903853536,1.920760544162527
2026-07-06,1.2352491056559796,1.4791599795035748,2.4693839880015687,1.1687103351937393,1.4925093854889213,1.674735681756122,1.4402423982834989,1.6104862661661044,1.468802961836814,1.5681672025723488,1.487938800489816,1.9166370141797533
2026-07-07,1.2223317990354228,1.4589363990273352,2.445747566957725,1.1302091941741368,1.4668010690168904,1.654534322425401,1.431883997290427,1.5936450113835594,1.4687505543752652,1.5517684887459822,1.4785817170928843,1.8901460466566347
2026-07-08,1.2152399444202153,1.441736426825268,2.4053168467511505,1.1014698025804208,1.4549668905567672,1.657307664848779,1.427518863478804,1.5843988322872604,1.4692851104830607,1.5427652733118986,1.473649815184554,1.8753019696415907
2026-07-09,1.2451270460128758,1.4836859900342039,2.5129247636086496,1.1106639126148299,1.4424142492293281,1.6784071103748834,1.4468218483992714,1.6233648727645211,1.4689916286983888,1.5807073954983937,1.4952774690955564,1.9167135635214294
2026-07-10,1.223091640601338,1.4549364055053686,2.4022067913506446,1.1313099359740675,1.4602735930755104,1.6636304602529286,1.4327016176095762,1.5946356734295914,1.4691069251137956,1.5527331189710623,1.4794469751668127,1.8862886296627204
2026-07-13,1.2015627962337434,1.4097229402962548,2.333163561459417,1.066022213858591,1.4310993661742757,1.649349374823158,1.4184889715998017,1.5665669154586832,1.4690335546676276,1.5254019292604513,1.4637926956938112,1.8396083392988796
2026-07-14,1.2251178847771114,1.4368451949766399,2.4053168467511505,1.0824862034689997,1.4628036550793888,1.6816197244040212,1.4342077332601055,1.5923080367904023,1.469274628990751,1.555305466237943,1.4811062418641017,1.876302539706977
2026-07-15,1.225371165299083,1.4273243260383184,2.381058414627206,1.0642925737485536,1.4827291137309961,1.6912310215032726,1.4344684455359162,1.5815862099117868,1.469494740329255,1.5556270096463032,1.481378717483968,1.8706256410019575
2026-07-16,1.2038423209314886,1.3951232364564128,2.315747251216585,1.0490937822732138,1.4779035450631988,1.6633841208899371,1.4201801975292905,1.5487740779674857,1.4691802955599638,1.5282958199356922,1.465635900363309,1.8316395626602664
2026-07-17,1.1623043153281298,1.3268077360148234,2.1540243703902857,0.9935500062246682,1.4352788275203787,1.628840091097499,1.3927625893019995,1.4781567166110998,1.469421369883087,1.4755627009646313,1.4353894564722383,1.7558300468719465
2026-07-20,1.1777544271684035,1.327282650651298,2.162732525511702,0.9867636891674001,1.4371362561797203,1.6686669441433295,1.4021120101887494,1.461414646852431,1.4694528143600158,1.4951768488745991,1.4468498262262235,1.766341753765842
2026-07-21,1.2124538586785263,1.3830885309059855,2.307039096095169,1.0302757922112549,1.4815264291685006,1.6920248259687463,1.4232397126186562,1.5334423550059444,1.4695471477908035,1.5392282958199366,1.4724635503089498,1.8248704743178008
2026-07-22,1.2068816871951489,1.3674656572585087,2.2305317332427275,1.045297627297219,1.4919694897936837,1.6991619469965136,1.420274124713039,1.5232089101316748,1.4703332597140317,1.5321543408360137,1.468718347780792,1.8122479627563348
2026-07-23,1.2124538586785263,1.3714598940518983,2.23737385512384,1.0707041192001399,1.5223948978011943,1.7061109198679527,1.4234622731518498,1.522618519081236,1.4699978519601211,1.5392282958199366,1.4726529746769912,1.819166084636974
2026-07-24,1.19067173378896,1.3421960555575059,2.1820148689948375,1.032297448591398,1.4729423456797588,1.6797412610452453,1.4104450889740177,1.4848334918531636,1.4700712224062888,1.5115755627009655,1.4568083642718823,1.7815497655480934
2026-07-27,1.2038423209314886,1.3692046347713833,2.2467040213253573,1.058023876182799,1.4828795513751243,1.6882325665057984,1.4186831955472945,1.5204537518962946,1.4697253331600686,1.5282958199356924,1.4663399275077698,1.8122535346304551
2026-07-28,1.1719289751630544,1.322606055307809,2.0868471737393612,1.032609387565508,1.4791417205169708,1.667417990154706,1.398242820034558,1.4686961364745077,1.4696309997292811,1.487781350482316,1.4429790539277048,1.76085603092829
2026-07-29,1.1795273908222055,1.3336299254144068,2.1160816945041154,1.0507359461229504,1.502510101907358,1.6782563365826502,1.4031372139252771,1.4838495067690993,1.4695785922677327,1.49742765273312,1.4485719621340607,1.7768095184523987
2026-07-30,1.1663568036796772,1.3059365439656734,2.0339762319307635,1.034115210159987,1.5212904647100052,1.6792308881054945,1.3947583798415817,1.4437029153392724,1.4698511110677852,1.4807073954983936,1.4389745703190941,1.7495913401264491
2026-07-31,1.1785142687343186,1.3290907834860808,2.094933317780676,1.0577105807492362,1.5216467018858975,1.685008158102539,1.4031763129758332,1.4759776260965842,1.4710774456680211,1.4961414790996794,1.4484542498037112,1.7747371906393172
2026-08-03,1.1765194853379486,1.3193211616930856,2.0681868413363267,1.0496922236002453,1.51867190786287,1.6672968108216217,1.3941983993485625,1.460233864751554,1.4709411862679949,1.4787781350482327,1.4383146358838137,1.7587882768084635
2026-08-04,1.1768045253666046,1.3000434095587574,2.185746935475444,1.0244288728517437,1.5343525868756949,1.6641588451573057,1.4029752084284859,1.495854124794685,1.4712975570065252,1.4954983922829594,1.4482116689378155,1.788716398038972
2026-08-05,1.1768799771388958,1.296428831033571,2.214359445160097,1.0117971974774929,1.5736406148881092,1.678684643860418,1.4134122604985493,1.537968686392641,1.4713918904373124,1.5157556270096475,1.4600188384264332,1.8181381423816951
2026-08-06,1.1770057300927148,1.320526021201481,2.201919223558074,1.0168498676271933,1.5710583204305308,1.6884919057878458,1.4126605337911926,1.5413142356784597,1.4715491128219584,1.5141479099678468,1.4591520820733233,1.8238037234658873
2026-08-07,1.1776009607407902,1.3181163021846902,2.230531733242727,1.0080076948652177,1.5992100953314803,1.6993598986532477,1.4198768799003132,1.5718177732844558,1.4722932987759478,1.5276527331189724,1.467255834915259,1.8458197746714424
2026-08-10,1.177726713694609,1.332976236121568,2.213737434079996,1.0143235325523432,1.616582103887003,1.7083624788734184,1.4212527580099643,1.5768036019041967,1.4724505211605934,1.5302250803858535,1.4688008972454116,1.8520985470866624
2026-08-11,1.1774668242567168,1.3289600377602497,2.2174695005606027,1.010534029940068,1.6045983931756953,1.6962705489876508,1.4158407326272058,1.5669593400702924,1.4721255948989922,1.5202572347266894,1.4629306107924969,1.8433328500236863
2026-08-12,1.177584193680281,1.3265503187434586,2.2523021210462675,1.010534029940068,1.608126642901957,1.6983813339237663,1.4193153155915235,1.5765500193755695,1.4722723357913283,1.5266881028938921,1.4667019623832946,1.855311704259385
2026-08-13,1.1779782196022468,1.3145017236595036,2.241727932684548,1.0143235325523432,1.6128762111477228,1.6898576814100597,1.4162820537979872,1.5662499217529133,1.4727649659298847,1.5205787781350497,1.4633767014131405,1.843657920703787
2026-08-14,1.1783890125847216,1.3237389798905357,2.267230386968695,1.0067445273277926,1.5933767719403031,1.6904910691665065,1.4159822872852532,1.5675195674085078,1.4732785590530606,1.5196141479099692,1.4630238237855795,1.8498621743635284
2026-08-17,1.1786992032041412,1.3269519385795905,2.3362736168599225,1.0054813597903676,1.612029248181209,1.7065836112728672,1.4323924939543378,1.599458466359718,1.4736663742685199,1.543729903536979,1.4771084820676295,1.8835695741251053
2026-08-18,1.179252516200944,1.3414102526803366,2.3157472512165844,1.0130603650149181,1.6109368420059125,1.7101910756767984,1.4294593244113667,1.595955644816902,1.4670112097485573,1.539228295819937,1.474801438365013,1.8811745311801757
2026-08-19,1.1791351467773796,1.3494426494029732,2.1757947581938257,1.0294815430014441,1.5786440386908227,1.6887858929505262,1.3998936633156758,1.5366402416325973,1.4262523856632099,1.49646302250804,1.450157565642551,1.819758469076407
2026-08-20,1.1788501067487238,1.3582782857978737,2.184502913315242,1.0332710456137193,1.5938210661289798,1.6902860194043852,1.3995832229037886,1.5422838268994283,1.4236256045557838,1.4961414790996796,1.4498303869417486,1.826660678619531
2026-08-21,1.1790177773538155,1.360286384978533,2.214359445160097,1.0294815430014441,1.5882003965539133,1.695331231979091,1.4056726631092633,1.547052754874199,1.4238280901518519,1.504823151125403,1.4549606374175432,1.8342581552973722
2026-08-24,1.179311200912726,1.3815722362935203,2.1502923039096786,1.044639553450545,1.5639953118378884,1.6951310126757093,1.3932089623727792,1.5259021512281958,1.424182439944971,1.4877813504823163,1.4452192055346051,1.8164376631967538
2026-08-25,1.179411803275781,1.3691220213734334,2.126655882865835,1.0370605482259945,1.5760923866439738,1.6892647694610645,1.390643883943141,1.5227083343675516,1.4243039313026118,1.4842443729903547,1.4432070444854421,1.8102159629980255
2026-08-26,1.1786237514318498,1.3815722362935203,2.13474202690715,1.0471658885253952,1.5946216772132846,1.7046304589420556,1.3989256135506838,1.5348544034515683,1.4233522490010917,1.4958199356913195,1.4495746278673283,1.8231450482668856
2026-08-27,1.1780033701930106,1.3871949139993662,2.1733067138734214,1.0345342131511444,1.6118955362311342,1.7167983536043423,1.4079395254111478,1.559417099887738,1.4226030522956399,1.5083601286173642,1.4565609256963803,1.8500672129761964
2026-08-28,1.1778189325274095,1.390006252852289,2.1415841487882625,1.0320078780762942,1.6077066400776694,1.7159294840863202,1.4050741139151317,1.5525328541638943,1.4223803181399648,1.5045016077170428,1.4542340970195382,1.842181711108266
2026-08-31,1.177835699587919,1.4012516082639803,2.1496702928295774,1.0471658885253954,1.6008413090194982,1.7220436622158286,1.4064168137156792,1.557839238552633,1.4224005666995716,1.5064308681672032,1.4553612585177012,1.8504881968892375
2026-09-01,1.178447697296504,1.3911620130931004,2.122301805305127,1.05985009554366,1.6130655443405475,1.7234121106530458,1.4061839211471852,1.5492649111701797,1.4231396391252202,1.5061093247588433,1.4554773523273419,1.8413232952944345
2026-09-02,1.1782716431611575,1.368900849212914,2.074406952137338,1.057195399537148,1.5928047756147223,1.7010124459201723,1.3882110513145172,1.5259028452698464,1.4229270292493486,1.4855305466237951,1.4434581961093624,1.81304420953113
2026-09-03,1.1788081890974513,1.3731473101128109,2.071296896736832,1.0574944289975876,1.5958416233884836,1.7035830406372847,1.3885331817038626,1.5290209655865115,1.4235749831567668,1.4858520900321555,1.4439085794614577,1.81591605700878
2026-09-04,1.17873273732516,1.3640173279090793,2.0557466197343035,1.0639252281386207,1.6100900729366951,1.7044232477941788,1.3871230438472808,1.5175823743494121,1.423483864638536,1.4842443729903545,1.442934211385342,1.8057718286072189
2026-09-07,1.1787411208554144,1.3632060460582607,2.123545827465329,1.0529703376626898,1.5994053394228034,1.6951521515233245,1.3923872162877742,1.5302325904108096,1.4234939889183393,1.490032154340837,1.4463143323513237,1.8198705102093065
2026-09-08,1.1786405184923592,1.375956653864794,2.099909406421485,1.0568852402107591,1.6101962079248997,1.703079737310001,1.3893824963562078,1.530255282044586,1.4233724975606985,1.4868167202572355,1.4443923011586057,1.8222948464908915
2026-09-09,1.1786489020226139,1.3860732041039951,2.098043373181182,1.0518032462165199,1.6279423390877943,1.7139948879822389,1.393288632267244,1.5321116428932844,1.423382621840502,1.4909967845659173,1.4468328855775487,1.8272586492711065
2026-09-10,1.1784309302359945,1.3772921644885356,2.088713206979665,1.0516429246120562,1.623621953078346,1.706501784707469,1.3872791924041117,1.5245762765783775,1.4231193905656132,1.484565916398715,1.4429816283456829,1.818362112533463
2026-09-11,1.1781039725560658,1.3549323706005265,2.078139018617945,1.0422443360280573,1.5793805122505984,1.6863743104172229,1.3758612566641601,1.50540385707861,1.4227245436532805,1.47234726688103,1.4356956500542863,1.7942898563368808
2026-09-14,1.1783303278729396,1.3508030096974986,2.0551246086542023,1.0577757673685861,1.5840066482531594,1.679650724134728,1.3677485128489313,1.4996799065996635,1.4229978992079724,1.4636655948553063,1.4307266553456885,1.7887754985650228
2026-09-15,1.1785818337805773,1.345548979972256,2.0327322097705607,1.0454783666965477,1.574828080606023,1.6690788917145996,1.3590348250473894,1.4939159154957182,1.4233016276020747,1.4543408360128627,1.4253798602077872,1.7786207463221542
2026-09-16,1.1787746549764326,1.3533819403070875,2.071296896736832,1.0429979909748477,1.5735217381074555,1.6740703843033933,1.3671475688626182,1.5103844764473098,1.423534486037553,1.4630225080385861,1.4305784134599153,1.797355984886579
2026-09-17,1.1789758597025428,1.3468171210902675,2.0644547748557196,1.045994675997901,1.5726238299235342,1.6644285199934021,1.3617390729857992,1.504556361264964,1.4237774687528348,1.4572347266881038,1.4272804288247234,1.7885085939430125
2026-09-18,1.1793112009127265,1.3582706664420154,2.1092395726230024,1.0461508878670764,1.584002319866267,1.6724119973950435,1.3767626726436302,1.527449068334219,1.4241824399449712,1.4733118971061103,1.4368908328068664,1.8111717774847296
2026-09-21,1.1793279679732356,1.3712697000840497,2.126033871785734,1.0668871499474648,1.5887864142421666,1.6883147334378705,1.3845749444657023,1.5358793367263055,1.424202688504578,1.4816720257234737,1.441791081543018,1.825735000494108
2026-09-22,1.1796381585926552,1.3683407911984427,2.1272778939459362,1.0641231936004507,1.5900116206537667,1.6905311591761343,1.3860773044314856,1.534566431741966,1.424577286857304,1.4832797427652746,1.4428814374150096,1.8261644352350994
2026-09-23,1.1792608997311986,1.3594792980332662,2.114215661263812,1.0603182238974693,1.5797171280051336,1.6799164417137133,1.3791664485888833,1.5276130484394599,1.4241216942661505,1.4758842443729916,1.4383804131844897,1.8171283053389833
2026-09-24,1.1796884597741826,1.346292811340312,2.0601006972950118,1.0517112927864318,1.5573887315566053,1.6642837084018314,1.3566310491021367,1.498719209172594,1.4246380325361243,1.4517684887459819,1.4244872476270978,1.7879638491282648
2026-09-28,1.1794285703362903,1.3248064791359848,1.9649330020395357,1.0506065154093451,1.510699115853885,1.6428266943615986,1.327184793772788,1.4618833836484706,1.4243241798622186,1.4202572347266893,1.4058102580153478,1.743748926248547
2026-09-29,1.1799567327423293,1.3246421602690046,1.9667990352798392,1.0557782327286378,1.5207525130072663,1.6399171538812358,1.3268843217796316,1.4652547145435577,1.4249620094898332,1.4199356913183294,1.405871109978003,1.7450620655565812
2026-09-30,1.1798561303792743,1.3328531436915614,1.96182294663903,1.0787131390007545,1.5228969405521986,1.651960279522088,1.3316918736701375,1.4675171725349931,1.4248405181321924,1.4250803858520915,1.4088794060495735,1.7496998579158431
